config,prompt,correct,tokens,forwards
acc85/semi70,gsm8k/0,1,184,35
acc85/semi70,gsm8k/1,0,208,35
acc85/semi70,gsm8k/2,0,380,32
acc85/semi70,gsm8k/3,1,177,17
acc85/semi70,gsm8k/4,1,262,47
acc85/semi70,gsm8k/5,1,137,18
acc85/semi70,gsm8k/6,1,140,14
acc85/semi70,gsm8k/7,1,253,35
acc85/semi70,gsm8k/8,0,482,81
acc85/semi70,gsm8k/9,0,199,44
acc85/semi70,gsm8k/10,1,384,64
acc85/semi70,gsm8k/11,0,431,78
acc85/semi70,gsm8k/12,1,153,17
acc85/semi70,gsm8k/13,1,330,28
acc85/semi70,gsm8k/14,1,345,57
acc85/semi70,gsm8k/15,1,194,31
acc85/semi70,gsm8k/16,1,204,16
acc85/semi70,gsm8k/17,1,139,14
acc85/semi70,gsm8k/18,1,172,26
acc85/semi70,gsm8k/19,1,244,26
acc85/semi70,gsm8k/20,1,223,24
acc85/semi70,gsm8k/21,1,251,32
acc85/semi70,gsm8k/22,0,298,45
acc85/semi70,gsm8k/23,1,305,48
acc85/semi70,gsm8k/24,1,191,26
acc85/semi70,gsm8k/25,0,247,31
acc85/semi70,gsm8k/26,1,240,38
acc85/semi70,gsm8k/27,1,201,48
acc85/semi70,gsm8k/28,1,228,35
acc85/semi70,gsm8k/29,1,180,27
acc85/semi70,gsm8k/30,1,185,26
acc85/semi70,gsm8k/31,1,341,53
acc85/semi70,gsm8k/32,1,118,16
acc85/semi70,gsm8k/33,1,268,35
acc85/semi70,gsm8k/34,1,308,58
acc85/semi70,gsm8k/35,1,163,24
acc85/semi70,gsm8k/36,1,229,30
acc85/semi70,gsm8k/37,1,200,43
acc85/semi70,gsm8k/38,0,346,59
acc85/semi70,gsm8k/39,1,306,40
acc85/semi70,gsm8k/40,1,271,55
acc85/semi70,gsm8k/41,1,265,26
acc85/semi70,gsm8k/42,1,347,36
acc85/semi70,gsm8k/43,1,217,29
acc85/semi70,gsm8k/44,1,308,38
acc85/semi70,gsm8k/45,1,142,24
acc85/semi70,gsm8k/46,1,214,33
acc85/semi70,gsm8k/47,1,131,21
acc85/semi70,gsm8k/48,1,153,24
acc85/semi70,gsm8k/49,1,331,67
acc85/semi70,gsm8k/50,0,294,81
acc85/semi70,gsm8k/51,1,151,22
acc85/semi70,gsm8k/52,1,173,24
acc85/semi70,gsm8k/53,1,132,22
acc85/semi70,gsm8k/54,1,325,56
acc85/semi70,gsm8k/55,1,199,39
acc85/semi70,gsm8k/56,1,357,25
acc85/semi70,gsm8k/57,1,141,18
acc85/semi70,gsm8k/58,1,200,20
acc85/semi70,gsm8k/59,1,244,45
acc85/semi70,gsm8k/60,1,178,25
acc85/semi70,gsm8k/61,1,193,19
acc85/semi70,gsm8k/62,1,244,30
acc85/semi70,gsm8k/63,1,136,23
acc85/semi70,gsm8k/64,1,489,81
acc85/semi70,gsm8k/65,1,202,23
acc85/semi70,gsm8k/66,1,309,42
acc85/semi70,gsm8k/67,1,275,52
acc85/semi70,gsm8k/68,1,333,68
acc85/semi70,gsm8k/69,1,192,19
acc85/semi70,gsm8k/70,1,416,55
acc85/semi70,gsm8k/71,1,359,42
acc85/semi70,gsm8k/72,1,247,25
acc85/semi70,gsm8k/73,1,241,26
acc85/semi70,gsm8k/74,1,153,27
acc85/semi70,gsm8k/75,1,364,64
acc85/semi70,gsm8k/76,1,215,29
acc85/semi70,gsm8k/77,0,3997,563
acc85/semi70,gsm8k/78,1,240,37
acc85/semi70,gsm8k/79,1,294,38
acc85/semi70,gsm8k/80,1,227,36
acc85/semi70,gsm8k/81,1,346,40
acc85/semi70,gsm8k/82,1,144,13
acc85/semi70,gsm8k/83,1,254,43
acc85/semi70,gsm8k/84,0,172,28
acc85/semi70,gsm8k/85,1,189,28
acc85/semi70,gsm8k/86,0,4009,568
acc85/semi70,gsm8k/87,1,191,20
acc85/semi70,gsm8k/88,1,186,24
acc85/semi70,gsm8k/89,1,159,16
acc85/semi70,gsm8k/90,1,225,19
acc85/semi70,gsm8k/91,1,427,45
acc85/semi70,gsm8k/92,1,207,31
acc85/semi70,gsm8k/93,1,140,24
acc85/semi70,gsm8k/94,0,196,37
acc85/semi70,gsm8k/95,1,272,32
acc85/semi70,gsm8k/96,1,1959,446
acc85/semi70,gsm8k/97,1,208,41
acc85/semi70,gsm8k/98,1,189,33
acc85/semi70,gsm8k/99,1,177,20
acc85/semi70,gsm8k/100,1,246,54
acc85/semi70,gsm8k/101,1,233,43
acc85/semi70,gsm8k/102,1,299,62
acc85/semi70,gsm8k/103,1,160,19
acc85/semi70,gsm8k/104,1,131,31
acc85/semi70,gsm8k/105,1,403,42
acc85/semi70,gsm8k/106,1,254,34
acc85/semi70,gsm8k/107,1,326,59
acc85/semi70,gsm8k/108,1,193,30
acc85/semi70,gsm8k/109,1,369,50
acc85/semi70,gsm8k/110,1,198,17
acc85/semi70,gsm8k/111,1,146,22
acc85/semi70,gsm8k/112,1,260,47
acc85/semi70,gsm8k/113,1,237,31
acc85/semi70,gsm8k/114,1,197,20
acc85/semi70,gsm8k/115,1,173,21
acc85/semi70,gsm8k/116,1,372,66
acc85/semi70,gsm8k/117,1,297,34
acc85/semi70,gsm8k/118,1,322,45
acc85/semi70,gsm8k/119,1,326,34
acc85/semi70,gsm8k/120,1,111,20
acc85/semi70,gsm8k/121,1,452,99
acc85/semi70,gsm8k/122,1,179,18
acc85/semi70,gsm8k/123,1,651,148
acc85/semi70,gsm8k/124,1,222,19
acc85/semi70,gsm8k/125,1,152,19
acc85/semi70,gsm8k/126,1,274,67
acc85/semi70,gsm8k/127,1,219,25
acc85/semi70,gsm8k/128,1,591,55
acc85/semi70,gsm8k/129,1,221,45
acc85/semi70,gsm8k/130,1,335,68
acc85/semi70,gsm8k/131,0,512,79
acc85/semi70,gsm8k/132,1,206,44
acc85/semi70,gsm8k/133,1,250,40
acc85/semi70,gsm8k/134,1,194,22
acc85/semi70,gsm8k/135,1,356,49
acc85/semi70,gsm8k/136,1,611,57
acc85/semi70,gsm8k/137,0,212,31
acc85/semi70,gsm8k/138,1,363,81
acc85/semi70,gsm8k/139,1,278,40
acc85/semi70,gsm8k/140,1,235,27
acc85/semi70,gsm8k/141,1,217,34
acc85/semi70,gsm8k/142,1,162,20
acc85/semi70,gsm8k/143,1,285,40
acc85/semi70,gsm8k/144,1,556,89
acc85/semi70,gsm8k/145,1,178,36
acc85/semi70,gsm8k/146,1,309,33
acc85/semi70,gsm8k/147,1,157,27
acc85/semi70,gsm8k/148,1,282,59
acc85/semi70,gsm8k/149,1,355,66
acc85/semi70,gsm8k/150,1,221,29
acc85/semi70,gsm8k/151,1,402,85
acc85/semi70,gsm8k/152,1,235,38
acc85/semi70,gsm8k/153,1,210,38
acc85/semi70,gsm8k/154,1,165,16
acc85/semi70,gsm8k/155,0,188,27
acc85/semi70,gsm8k/156,1,271,27
acc85/semi70,gsm8k/157,1,209,30
acc85/semi70,gsm8k/158,1,252,32
acc85/semi70,gsm8k/159,1,314,45
acc85/semi70,gsm8k/160,1,152,26
acc85/semi70,gsm8k/161,1,215,34
acc85/semi70,gsm8k/162,0,245,36
acc85/semi70,gsm8k/163,1,247,34
acc85/semi70,gsm8k/164,1,396,39
acc85/semi70,gsm8k/165,0,307,45
acc85/semi70,gsm8k/166,1,172,20
acc85/semi70,gsm8k/167,1,144,19
acc85/semi70,gsm8k/168,0,403,106
acc85/semi70,gsm8k/169,1,281,40
acc85/semi70,gsm8k/170,1,450,58
acc85/semi70,gsm8k/171,1,219,39
acc85/semi70,gsm8k/172,1,218,39
acc85/semi70,gsm8k/173,1,319,40
acc85/semi70,gsm8k/174,0,263,44
acc85/semi70,gsm8k/175,1,224,40
acc85/semi70,gsm8k/176,1,237,41
acc85/semi70,gsm8k/177,1,146,18
acc85/semi70,gsm8k/178,1,306,46
acc85/semi70,gsm8k/179,1,273,38
acc85/semi70,gsm8k/180,1,138,22
acc85/semi70,gsm8k/181,1,198,35
acc85/semi70,gsm8k/182,1,235,27
acc85/semi70,gsm8k/183,1,249,33
acc85/semi70,gsm8k/184,1,316,65
acc85/semi70,gsm8k/185,1,207,32
acc85/semi70,gsm8k/186,1,268,45
acc85/semi70,gsm8k/187,1,186,26
acc85/semi70,gsm8k/188,1,300,32
acc85/semi70,gsm8k/189,1,223,35
acc85/semi70,gsm8k/190,1,324,33
acc85/semi70,gsm8k/191,1,275,47
acc85/semi70,gsm8k/192,1,249,50
acc85/semi70,gsm8k/193,1,202,36
acc85/semi70,gsm8k/194,1,111,14
acc85/semi70,gsm8k/195,1,402,64
acc85/semi70,gsm8k/196,1,259,34
acc85/semi70,gsm8k/197,1,479,45
acc85/semi70,gsm8k/198,0,290,47
acc85/semi70,gsm8k/199,1,137,18
acc85/semi70,gsm8k/200,0,342,53
acc85/semi70,gsm8k/201,1,211,20
acc85/semi70,gsm8k/202,1,116,29
acc85/semi70,gsm8k/203,1,192,31
acc85/semi70,gsm8k/204,1,207,30
acc85/semi70,gsm8k/205,1,367,47
acc85/semi70,gsm8k/206,1,305,48
acc85/semi70,gsm8k/207,1,296,31
acc85/semi70,gsm8k/208,1,184,17
acc85/semi70,gsm8k/209,1,196,33
acc85/semi70,gsm8k/210,1,379,87
acc85/semi70,gsm8k/211,1,189,23
acc85/semi70,gsm8k/212,1,157,24
acc85/semi70,gsm8k/213,1,228,37
acc85/semi70,gsm8k/214,1,116,14
acc85/semi70,gsm8k/215,1,375,80
acc85/semi70,gsm8k/216,1,297,37
acc85/semi70,gsm8k/217,1,245,36
acc85/semi70,gsm8k/218,1,357,70
acc85/semi70,gsm8k/219,1,196,23
acc85/semi70,gsm8k/220,1,199,24
acc85/semi70,gsm8k/221,1,222,20
acc85/semi70,gsm8k/222,1,155,19
acc85/semi70,gsm8k/223,1,292,47
acc85/semi70,gsm8k/224,1,168,24
acc85/semi70,gsm8k/225,1,449,113
acc85/semi70,gsm8k/226,1,127,19
acc85/semi70,gsm8k/227,1,268,38
acc85/semi70,gsm8k/228,1,235,41
acc85/semi70,gsm8k/229,0,364,77
acc85/semi70,gsm8k/230,0,334,88
acc85/semi70,gsm8k/231,1,204,25
acc85/semi70,gsm8k/232,1,210,25
acc85/semi70,gsm8k/233,1,202,24
acc85/semi70,gsm8k/234,1,189,28
acc85/semi70,gsm8k/235,1,212,35
acc85/semi70,gsm8k/236,0,179,36
acc85/semi70,gsm8k/237,1,210,24
acc85/semi70,gsm8k/238,1,230,44
acc85/semi70,gsm8k/239,1,151,25
acc85/semi70,gsm8k/240,1,220,42
acc85/semi70,gsm8k/241,1,164,16
acc85/semi70,gsm8k/242,1,355,61
acc85/semi70,gsm8k/243,1,248,35
acc85/semi70,gsm8k/244,0,135,25
acc85/semi70,gsm8k/245,1,210,22
acc85/semi70,gsm8k/246,1,198,26
acc85/semi70,gsm8k/247,1,339,54
acc85/semi70,gsm8k/248,1,174,17
acc85/semi70,gsm8k/249,1,190,22
acc85/semi70,gsm8k/250,1,296,38
acc85/semi70,gsm8k/251,1,251,27
acc85/semi70,gsm8k/252,1,269,59
acc85/semi70,gsm8k/253,1,217,27
acc85/semi70,gsm8k/254,1,246,20
acc85/semi70,gsm8k/255,1,298,40
acc85/semi70,gsm8k/256,1,358,39
acc85/semi70,gsm8k/257,1,309,41
acc85/semi70,gsm8k/258,1,220,25
acc85/semi70,gsm8k/259,1,666,175
acc85/semi70,gsm8k/260,1,232,40
acc85/semi70,gsm8k/261,1,417,79
acc85/semi70,gsm8k/262,1,281,27
acc85/semi70,gsm8k/263,1,190,25
acc85/semi70,gsm8k/264,1,280,39
acc85/semi70,gsm8k/265,1,269,37
acc85/semi70,gsm8k/266,1,360,52
acc85/semi70,gsm8k/267,1,187,30
acc85/semi70,gsm8k/268,1,181,24
acc85/semi70,gsm8k/269,1,198,25
acc85/semi70,gsm8k/270,1,405,81
acc85/semi70,gsm8k/271,1,262,38
acc85/semi70,gsm8k/272,1,167,18
acc85/semi70,gsm8k/273,1,224,30
acc85/semi70,gsm8k/274,1,297,35
acc85/semi70,gsm8k/275,1,225,32
acc85/semi70,gsm8k/276,0,1451,321
acc85/semi70,gsm8k/277,1,150,26
acc85/semi70,gsm8k/278,1,187,27
acc85/semi70,gsm8k/279,1,209,33
acc85/semi70,gsm8k/280,1,340,55
acc85/semi70,gsm8k/281,1,189,33
acc85/semi70,gsm8k/282,1,242,25
acc85/semi70,gsm8k/283,1,216,47
acc85/semi70,gsm8k/284,1,240,27
acc85/semi70,gsm8k/285,1,305,30
acc85/semi70,gsm8k/286,1,173,27
acc85/semi70,gsm8k/287,1,485,119
acc85/semi70,gsm8k/288,1,332,56
acc85/semi70,gsm8k/289,0,178,26
acc85/semi70,gsm8k/290,1,162,24
acc85/semi70,gsm8k/291,1,243,32
acc85/semi70,gsm8k/292,1,226,28
acc85/semi70,gsm8k/293,1,377,64
acc85/semi70,gsm8k/294,1,624,101
acc85/semi70,gsm8k/295,1,206,26
acc85/semi70,gsm8k/296,0,476,92
acc85/semi70,gsm8k/297,1,206,25
acc85/semi70,gsm8k/298,1,255,32
acc85/semi70,gsm8k/299,1,349,43
acc85/semi70,gsm8k/300,1,240,35
acc85/semi70,gsm8k/301,1,95,14
acc85/semi70,gsm8k/302,1,275,25
acc85/semi70,gsm8k/303,0,284,30
acc85/semi70,gsm8k/304,1,163,24
acc85/semi70,gsm8k/305,1,191,27
acc85/semi70,gsm8k/306,1,197,25
acc85/semi70,gsm8k/307,1,198,29
acc85/semi70,gsm8k/308,1,290,34
acc85/semi70,gsm8k/309,1,199,26
acc85/semi70,gsm8k/310,1,317,31
acc85/semi70,gsm8k/311,1,182,23
acc85/semi70,gsm8k/312,1,242,27
acc85/semi70,gsm8k/313,1,252,48
acc85/semi70,gsm8k/314,1,235,31
acc85/semi70,gsm8k/315,1,343,49
acc85/semi70,gsm8k/316,1,227,45
acc85/semi70,gsm8k/317,1,240,26
acc85/semi70,gsm8k/318,1,249,26
acc85/semi70,gsm8k/319,1,125,20
acc85/semi70,gsm8k/320,1,422,76
acc85/semi70,gsm8k/321,1,174,18
acc85/semi70,gsm8k/322,1,327,42
acc85/semi70,gsm8k/323,1,161,23
acc85/semi70,gsm8k/324,1,302,42
acc85/semi70,gsm8k/325,1,216,25
acc85/semi70,gsm8k/326,1,382,52
acc85/semi70,gsm8k/327,1,242,30
acc85/semi70,gsm8k/328,1,155,21
acc85/semi70,gsm8k/329,1,144,24
acc85/semi70,gsm8k/330,1,223,22
acc85/semi70,gsm8k/331,1,260,38
acc85/semi70,gsm8k/332,1,233,44
acc85/semi70,gsm8k/333,1,211,19
acc85/semi70,gsm8k/334,1,378,61
acc85/semi70,gsm8k/335,1,201,25
acc85/semi70,gsm8k/336,1,240,33
acc85/semi70,gsm8k/337,1,303,67
acc85/semi70,gsm8k/338,0,275,34
acc85/semi70,gsm8k/339,1,532,88
acc85/semi70,gsm8k/340,1,207,38
acc85/semi70,gsm8k/341,1,191,23
acc85/semi70,gsm8k/342,1,238,24
acc85/semi70,gsm8k/343,1,264,47
acc85/semi70,gsm8k/344,1,132,19
acc85/semi70,gsm8k/345,1,479,47
acc85/semi70,gsm8k/346,1,295,55
acc85/semi70,gsm8k/347,1,145,19
acc85/semi70,gsm8k/348,1,439,37
acc85/semi70,gsm8k/349,1,258,30
acc85/semi70,gsm8k/350,1,322,50
acc85/semi70,gsm8k/351,1,669,101
acc85/semi70,gsm8k/352,1,135,21
acc85/semi70,gsm8k/353,1,198,23
acc85/semi70,gsm8k/354,1,250,30
acc85/semi70,gsm8k/355,1,326,39
acc85/semi70,gsm8k/356,1,422,54
acc85/semi70,gsm8k/357,1,250,48
acc85/semi70,gsm8k/358,1,195,16
acc85/semi70,gsm8k/359,1,291,33
acc85/semi70,gsm8k/360,0,411,51
acc85/semi70,gsm8k/361,1,208,40
acc85/semi70,gsm8k/362,1,227,36
acc85/semi70,gsm8k/363,1,166,32
acc85/semi70,gsm8k/364,1,139,28
acc85/semi70,gsm8k/365,1,255,62
acc85/semi70,gsm8k/366,0,181,26
acc85/semi70,gsm8k/367,1,176,20
acc85/semi70,gsm8k/368,0,321,76
acc85/semi70,gsm8k/369,1,205,37
acc85/semi70,gsm8k/370,1,333,66
acc85/semi70,gsm8k/371,1,260,31
acc85/semi70,gsm8k/372,1,375,46
acc85/semi70,gsm8k/373,1,119,17
acc85/semi70,gsm8k/374,0,655,173
acc85/semi70,gsm8k/375,1,424,71
acc85/semi70,gsm8k/376,1,227,20
acc85/semi70,gsm8k/377,1,244,18
acc85/semi70,gsm8k/378,1,461,119
acc85/semi70,gsm8k/379,1,242,52
acc85/semi70,gsm8k/380,1,268,34
acc85/semi70,gsm8k/381,1,176,24
acc85/semi70,gsm8k/382,1,356,55
acc85/semi70,gsm8k/383,1,206,18
acc85/semi70,gsm8k/384,1,152,22
acc85/semi70,gsm8k/385,1,185,20
acc85/semi70,gsm8k/386,1,329,37
acc85/semi70,gsm8k/387,1,195,20
acc85/semi70,gsm8k/388,1,219,28
acc85/semi70,gsm8k/389,1,377,81
acc85/semi70,gsm8k/390,1,425,109
acc85/semi70,gsm8k/391,1,339,48
acc85/semi70,gsm8k/392,1,325,48
acc85/semi70,gsm8k/393,1,158,20
acc85/semi70,gsm8k/394,1,192,23
acc85/semi70,gsm8k/395,1,174,24
acc85/semi70,gsm8k/396,1,239,26
acc85/semi70,gsm8k/397,1,151,22
acc85/semi70,gsm8k/398,1,166,20
acc85/semi70,gsm8k/399,0,278,72
acc85/semi70,gsm8k/400,1,223,24
acc85/semi70,gsm8k/401,1,379,52
acc85/semi70,gsm8k/402,1,347,57
acc85/semi70,gsm8k/403,1,395,44
acc85/semi70,gsm8k/404,1,154,18
acc85/semi70,gsm8k/405,0,494,108
acc85/semi70,gsm8k/406,1,296,67
acc85/semi70,gsm8k/407,1,428,66
acc85/semi70,gsm8k/408,1,136,21
acc85/semi70,gsm8k/409,1,356,35
acc85/semi70,gsm8k/410,1,539,95
acc85/semi70,gsm8k/411,1,165,28
acc85/semi70,gsm8k/412,1,245,64
acc85/semi70,gsm8k/413,1,174,15
acc85/semi70,gsm8k/414,0,225,59
acc85/semi70,gsm8k/415,1,283,32
acc85/semi70,gsm8k/416,1,196,20
acc85/semi70,gsm8k/417,1,254,36
acc85/semi70,gsm8k/418,1,137,19
acc85/semi70,gsm8k/419,1,236,47
acc85/semi70,gsm8k/420,1,265,29
acc85/semi70,gsm8k/421,1,129,18
acc85/semi70,gsm8k/422,1,196,20
acc85/semi70,gsm8k/423,1,195,22
acc85/semi70,gsm8k/424,1,114,30
acc85/semi70,gsm8k/425,1,214,25
acc85/semi70,gsm8k/426,1,204,34
acc85/semi70,gsm8k/427,1,524,67
acc85/semi70,gsm8k/428,1,299,28
acc85/semi70,gsm8k/429,1,235,38
acc85/semi70,gsm8k/430,1,109,13
acc85/semi70,gsm8k/431,1,719,169
acc85/semi70,gsm8k/432,1,135,12
acc85/semi70,gsm8k/433,1,508,87
acc85/semi70,gsm8k/434,1,432,61
acc85/semi70,gsm8k/435,1,278,47
acc85/semi70,gsm8k/436,1,294,34
acc85/semi70,gsm8k/437,1,1425,286
acc85/semi70,gsm8k/438,0,304,40
acc85/semi70,gsm8k/439,1,600,102
acc85/semi70,gsm8k/440,1,133,20
acc85/semi70,gsm8k/441,1,329,50
acc85/semi70,gsm8k/442,1,147,21
acc85/semi70,gsm8k/443,1,240,35
acc85/semi70,gsm8k/444,1,141,15
acc85/semi70,gsm8k/445,1,312,62
acc85/semi70,gsm8k/446,1,317,64
acc85/semi70,gsm8k/447,1,202,33
acc85/semi70,gsm8k/448,1,194,25
acc85/semi70,gsm8k/449,1,203,16
acc85/semi70,gsm8k/450,1,243,25
acc85/semi70,gsm8k/451,1,374,44
acc85/semi70,gsm8k/452,0,237,55
acc85/semi70,gsm8k/453,1,260,40
acc85/semi70,gsm8k/454,1,289,66
acc85/semi70,gsm8k/455,1,213,39
acc85/semi70,gsm8k/456,1,129,11
acc85/semi70,gsm8k/457,1,177,26
acc85/semi70,gsm8k/458,1,253,46
acc85/semi70,gsm8k/459,1,365,59
acc85/semi70,gsm8k/460,1,224,19
acc85/semi70,gsm8k/461,1,314,46
acc85/semi70,gsm8k/462,1,266,39
acc85/semi70,gsm8k/463,1,275,41
acc85/semi70,gsm8k/464,1,230,35
acc85/semi70,gsm8k/465,0,3957,838
acc85/semi70,gsm8k/466,1,253,31
acc85/semi70,gsm8k/467,1,148,16
acc85/semi70,gsm8k/468,1,177,16
acc85/semi70,gsm8k/469,1,222,34
acc85/semi70,gsm8k/470,1,204,27
acc85/semi70,gsm8k/471,1,267,39
acc85/semi70,gsm8k/472,1,483,97
acc85/semi70,gsm8k/473,1,331,29
acc85/semi70,gsm8k/474,1,255,43
acc85/semi70,gsm8k/475,0,370,92
acc85/semi70,gsm8k/476,1,163,32
acc85/semi70,gsm8k/477,1,222,27
acc85/semi70,gsm8k/478,1,285,23
acc85/semi70,gsm8k/479,0,3958,584
acc85/semi70,gsm8k/480,1,421,48
acc85/semi70,gsm8k/481,0,334,61
acc85/semi70,gsm8k/482,1,194,25
acc85/semi70,gsm8k/483,0,3699,578
acc85/semi70,gsm8k/484,1,281,40
acc85/semi70,gsm8k/485,1,154,24
acc85/semi70,gsm8k/486,0,747,139
acc85/semi70,gsm8k/487,1,159,28
acc85/semi70,gsm8k/488,1,271,40
acc85/semi70,gsm8k/489,1,301,52
acc85/semi70,gsm8k/490,0,576,140
acc85/semi70,gsm8k/491,1,324,51
acc85/semi70,gsm8k/492,1,364,46
acc85/semi70,gsm8k/493,1,184,21
acc85/semi70,gsm8k/494,1,164,30
acc85/semi70,gsm8k/495,1,215,29
acc85/semi70,gsm8k/496,1,220,45
acc85/semi70,gsm8k/497,1,234,23
acc85/semi70,gsm8k/498,1,160,23
acc85/semi70,gsm8k/499,1,283,53
acc85/semi70,gsm8k/500,1,142,14
acc85/semi70,gsm8k/501,1,184,30
acc85/semi70,gsm8k/502,1,373,44
acc85/semi70,gsm8k/503,1,250,25
acc85/semi70,gsm8k/504,1,211,44
acc85/semi70,gsm8k/505,1,267,30
acc85/semi70,gsm8k/506,1,126,25
acc85/semi70,gsm8k/507,1,239,27
acc85/semi70,gsm8k/508,1,142,18
acc85/semi70,gsm8k/509,1,490,81
acc85/semi70,gsm8k/510,1,186,18
acc85/semi70,gsm8k/511,1,153,34
acc85/semi70,math500/0,0,385,59
acc85/semi70,math500/1,1,650,70
acc85/semi70,math500/2,1,397,28
acc85/semi70,math500/3,1,612,63
acc85/semi70,math500/4,1,712,96
acc85/semi70,math500/5,1,330,68
acc85/semi70,math500/6,1,878,177
acc85/semi70,math500/7,1,818,130
acc85/semi70,math500/8,1,318,24
acc85/semi70,math500/9,0,3927,996
acc85/semi70,math500/10,1,2174,609
acc85/semi70,math500/11,0,4011,657
acc85/semi70,math500/12,0,838,121
acc85/semi70,math500/13,1,272,27
acc85/semi70,math500/14,0,354,63
acc85/semi70,math500/15,1,836,98
acc85/semi70,math500/16,1,307,42
acc85/semi70,math500/17,0,3835,788
acc85/semi70,math500/18,0,3722,1024
acc85/semi70,math500/19,1,3298,610
acc85/semi70,math500/20,1,140,17
acc85/semi70,math500/21,1,1347,195
acc85/semi70,math500/22,0,3945,638
acc85/semi70,math500/23,1,554,57
acc85/semi70,math500/24,1,621,91
acc85/semi70,math500/25,0,1436,224
acc85/semi70,math500/26,0,4018,704
acc85/semi70,math500/27,1,317,38
acc85/semi70,math500/28,1,248,41
acc85/semi70,math500/29,1,325,38
acc85/semi70,math500/30,1,251,27
acc85/semi70,math500/31,1,234,28
acc85/semi70,math500/32,0,2684,579
acc85/semi70,math500/33,1,1053,134
acc85/semi70,math500/34,1,692,67
acc85/semi70,math500/35,1,408,36
acc85/semi70,math500/36,1,1000,92
acc85/semi70,math500/37,1,289,50
acc85/semi70,math500/38,0,185,21
acc85/semi70,math500/39,1,626,68
acc85/semi70,math500/40,1,264,28
acc85/semi70,math500/41,1,1333,218
acc85/semi70,math500/42,1,305,34
acc85/semi70,math500/43,0,3988,505
acc85/semi70,math500/44,1,370,49
acc85/semi70,math500/45,1,471,72
acc85/semi70,math500/46,1,2613,507
acc85/semi70,math500/47,1,455,55
acc85/semi70,math500/48,1,246,34
acc85/semi70,math500/49,1,329,33
acc85/semi70,math500/50,0,3970,461
acc85/semi70,math500/51,1,734,104
acc85/semi70,math500/52,1,320,25
acc85/semi70,math500/53,1,314,50
acc85/semi70,math500/54,1,209,34
acc85/semi70,math500/55,1,312,53
acc85/semi70,math500/56,1,238,20
acc85/semi70,math500/57,1,344,32
acc85/semi70,math500/58,1,245,15
acc85/semi70,math500/59,1,391,34
acc85/semi70,math500/60,0,4019,735
acc85/semi70,math500/61,1,2941,665
acc85/semi70,math500/62,1,1053,132
acc85/semi70,math500/63,1,1237,176
acc85/semi70,math500/64,0,1190,187
acc85/semi70,math500/65,1,203,35
acc85/semi70,math500/66,1,405,47
acc85/semi70,math500/67,0,397,57
acc85/semi70,math500/68,1,847,164
acc85/semi70,math500/69,1,432,63
acc85/semi70,math500/70,1,352,38
acc85/semi70,math500/71,0,733,120
acc85/semi70,math500/72,1,443,39
acc85/semi70,math500/73,1,313,27
acc85/semi70,math500/74,1,446,49
acc85/semi70,math500/75,1,587,105
acc85/semi70,math500/76,1,513,105
acc85/semi70,math500/77,1,233,20
acc85/semi70,math500/78,1,1159,183
acc85/semi70,math500/79,1,198,13
acc85/semi70,math500/80,0,4025,923
acc85/semi70,math500/81,0,505,73
acc85/semi70,math500/82,1,3111,566
acc85/semi70,math500/83,1,821,139
acc85/semi70,math500/84,1,862,93
acc85/semi70,math500/85,1,496,80
acc85/semi70,math500/86,1,240,29
acc85/semi70,math500/87,1,628,73
acc85/semi70,math500/88,0,3986,543
acc85/semi70,math500/89,1,1119,180
acc85/semi70,math500/90,1,194,29
acc85/semi70,math500/91,1,488,81
acc85/semi70,math500/92,0,1216,166
acc85/semi70,math500/93,1,589,61
acc85/semi70,math500/94,0,552,138
acc85/semi70,math500/95,1,565,35
acc85/semi70,math500/96,0,3967,553
acc85/semi70,math500/97,1,365,103
acc85/semi70,math500/98,0,127,26
acc85/semi70,math500/99,0,1146,111
acc85/semi70,math500/100,0,3855,970
acc85/semi70,math500/101,0,3918,663
acc85/semi70,math500/102,0,259,35
acc85/semi70,math500/103,0,3965,773
acc85/semi70,math500/104,0,3990,793
acc85/semi70,math500/105,0,408,49
acc85/semi70,math500/106,1,421,44
acc85/semi70,math500/107,1,678,110
acc85/semi70,math500/108,1,2632,526
acc85/semi70,math500/109,1,2397,300
acc85/semi70,math500/110,0,3959,581
acc85/semi70,math500/111,1,381,39
acc85/semi70,math500/112,1,958,100
acc85/semi70,math500/113,1,270,16
acc85/semi70,math500/114,1,683,67
acc85/semi70,math500/115,0,406,47
acc85/semi70,math500/116,1,213,13
acc85/semi70,math500/117,1,227,13
acc85/semi70,math500/118,1,1350,150
acc85/semi70,math500/119,0,3916,650
acc85/semi70,math500/120,1,606,103
acc85/semi70,math500/121,1,245,28
acc85/semi70,math500/122,1,334,51
acc85/semi70,math500/123,0,3805,655
acc85/semi70,math500/124,0,689,81
acc85/semi70,math500/125,1,320,36
acc85/semi70,math500/126,0,4003,671
acc85/semi70,math500/127,0,334,48
acc85/semi70,math500/128,0,306,69
acc85/semi70,math500/129,1,3233,495
acc85/semi70,math500/130,1,940,137
acc85/semi70,math500/131,1,423,29
acc85/semi70,math500/132,1,395,42
acc85/semi70,math500/133,1,405,54
acc85/semi70,math500/134,1,732,102
acc85/semi70,math500/135,1,534,53
acc85/semi70,math500/136,0,3973,793
acc85/semi70,math500/137,1,398,34
acc85/semi70,math500/138,1,1145,348
acc85/semi70,math500/139,1,1442,217
acc85/semi70,math500/140,1,650,104
acc85/semi70,math500/141,1,451,98
acc85/semi70,math500/142,0,516,108
acc85/semi70,math500/143,1,679,50
acc85/semi70,math500/144,1,262,29
acc85/semi70,math500/145,1,3184,403
acc85/semi70,math500/146,1,253,34
acc85/semi70,math500/147,0,4022,685
acc85/semi70,math500/148,1,266,44
acc85/semi70,math500/149,1,1021,133
acc85/semi70,math500/150,0,2203,190
acc85/semi70,math500/151,1,1607,271
acc85/semi70,math500/152,1,2666,407
acc85/semi70,math500/153,1,1184,251
acc85/semi70,math500/154,0,3930,845
acc85/semi70,math500/155,1,632,100
acc85/semi70,math500/156,0,3857,498
acc85/semi70,math500/157,1,433,38
acc85/semi70,math500/158,1,532,53
acc85/semi70,math500/159,0,535,64
acc85/semi70,math500/160,1,614,68
acc85/semi70,math500/161,1,189,22
acc85/semi70,math500/162,1,566,66
acc85/semi70,math500/163,1,3063,533
acc85/semi70,math500/164,1,1535,234
acc85/semi70,math500/165,1,396,89
acc85/semi70,math500/166,0,3851,926
acc85/semi70,math500/167,1,209,17
acc85/semi70,math500/168,0,3205,1024
acc85/semi70,math500/169,1,575,70
acc85/semi70,math500/170,0,1762,164
acc85/semi70,math500/171,1,237,20
acc85/semi70,math500/172,1,439,33
acc85/semi70,math500/173,1,4018,771
acc85/semi70,math500/174,1,422,43
acc85/semi70,math500/175,0,1255,158
acc85/semi70,math500/176,0,527,74
acc85/semi70,math500/177,1,3035,634
acc85/semi70,math500/178,1,274,32
acc85/semi70,math500/179,1,1110,110
acc85/semi70,math500/180,1,468,71
acc85/semi70,math500/181,1,429,66
acc85/semi70,math500/182,1,206,25
acc85/semi70,math500/183,1,717,89
acc85/semi70,math500/184,1,2635,564
acc85/semi70,math500/185,1,183,20
acc85/semi70,math500/186,1,765,113
acc85/semi70,math500/187,0,463,52
acc85/semi70,math500/188,1,1739,282
acc85/semi70,math500/189,0,3572,694
acc85/semi70,math500/190,1,552,93
acc85/semi70,math500/191,1,180,14
acc85/semi70,math500/192,1,1254,160
acc85/semi70,math500/193,1,436,66
acc85/semi70,math500/194,1,2574,485
acc85/semi70,math500/195,1,477,60
acc85/semi70,math500/196,1,255,30
acc85/semi70,math500/197,1,1524,227
acc85/semi70,math500/198,1,349,63
acc85/semi70,math500/199,1,259,21
acc85/semi70,math500/200,1,387,50
acc85/semi70,math500/201,1,641,61
acc85/semi70,math500/202,1,824,143
acc85/semi70,math500/203,1,640,63
acc85/semi70,math500/204,0,3984,826
acc85/semi70,math500/205,1,1274,118
acc85/semi70,math500/206,1,386,45
acc85/semi70,math500/207,0,296,39
acc85/semi70,math500/208,1,354,56
acc85/semi70,math500/209,1,453,58
acc85/semi70,math500/210,1,1012,158
acc85/semi70,math500/211,1,376,30
acc85/semi70,math500/212,1,443,54
acc85/semi70,math500/213,1,1275,172
acc85/semi70,math500/214,1,844,112
acc85/semi70,math500/215,1,303,39
acc85/semi70,math500/216,0,4017,160
acc85/semi70,math500/217,0,4051,974
acc85/semi70,math500/218,1,283,26
acc85/semi70,math500/219,0,3352,689
acc85/semi70,math500/220,1,367,52
acc85/semi70,math500/221,1,802,116
acc85/semi70,math500/222,0,3933,977
acc85/semi70,math500/223,1,2181,369
acc85/semi70,math500/224,1,1314,162
acc85/semi70,math500/225,1,293,28
acc85/semi70,math500/226,1,452,89
acc85/semi70,math500/227,1,350,72
acc85/semi70,math500/228,0,1690,193
acc85/semi70,math500/229,0,312,65
acc85/semi70,math500/230,1,1391,147
acc85/semi70,math500/231,1,865,107
acc85/semi70,math500/232,1,1569,297
acc85/semi70,math500/233,1,420,48
acc85/semi70,math500/234,0,1383,183
acc85/semi70,math500/235,1,552,46
acc85/semi70,math500/236,1,2133,392
acc85/semi70,math500/237,1,792,75
acc85/semi70,math500/238,1,765,97
acc85/semi70,math500/239,0,3960,649
acc85/semi70,math500/240,0,3580,1024
acc85/semi70,math500/241,1,892,97
acc85/semi70,math500/242,0,434,56
acc85/semi70,math500/243,1,304,38
acc85/semi70,math500/244,1,966,117
acc85/semi70,math500/245,1,1367,117
acc85/semi70,math500/246,1,259,54
acc85/semi70,math500/247,1,638,97
acc85/semi70,math500/248,1,2884,486
acc85/semi70,math500/249,1,1401,187
acc85/semi70,math500/250,1,519,35
acc85/semi70,math500/251,1,1143,224
acc85/semi70,math500/252,1,703,72
acc85/semi70,math500/253,1,223,26
acc85/semi70,math500/254,1,382,41
acc85/semi70,math500/255,1,387,51
acc85/semi70,math500/256,1,406,41
acc85/semi70,math500/257,1,323,34
acc85/semi70,math500/258,1,455,51
acc85/semi70,math500/259,0,279,23
acc85/semi70,math500/260,1,684,51
acc85/semi70,math500/261,1,348,44
acc85/semi70,math500/262,1,188,18
acc85/semi70,math500/263,1,363,44
acc85/semi70,math500/264,0,3808,914
acc85/semi70,math500/265,1,316,29
acc85/semi70,math500/266,1,408,53
acc85/semi70,math500/267,1,777,187
acc85/semi70,math500/268,1,251,19
acc85/semi70,math500/269,1,439,74
acc85/semi70,math500/270,1,342,38
acc85/semi70,math500/271,1,3603,563
acc85/semi70,math500/272,1,1020,142
acc85/semi70,math500/273,1,295,38
acc85/semi70,math500/274,0,3944,1024
acc85/semi70,math500/275,1,201,16
acc85/semi70,math500/276,1,1060,150
acc85/semi70,math500/277,1,229,49
acc85/semi70,math500/278,1,530,67
acc85/semi70,math500/279,0,429,79
acc85/semi70,math500/280,1,471,66
acc85/semi70,math500/281,1,2383,744
acc85/semi70,math500/282,0,3943,549
acc85/semi70,math500/283,1,289,32
acc85/semi70,math500/284,0,4012,732
acc85/semi70,math500/285,1,3488,666
acc85/semi70,math500/286,0,4008,796
acc85/semi70,math500/287,1,880,177
acc85/semi70,math500/288,0,1253,126
acc85/semi70,math500/289,1,649,72
acc85/semi70,math500/290,1,903,82
acc85/semi70,math500/291,1,519,92
acc85/semi70,math500/292,0,3956,376
acc85/semi70,math500/293,1,441,42
acc85/semi70,math500/294,1,1725,277
acc85/semi70,math500/295,1,1613,296
acc85/semi70,math500/296,0,3097,511
acc85/semi70,math500/297,1,854,109
acc85/semi70,math500/298,1,1074,89
acc85/semi70,math500/299,1,527,80
acc85/semi70,math500/300,1,501,112
acc85/semi70,math500/301,0,431,68
acc85/semi70,math500/302,0,3982,664
acc85/semi70,math500/303,0,4009,945
acc85/semi70,math500/304,1,1063,105
acc85/semi70,math500/305,0,578,66
acc85/semi70,math500/306,0,4020,890
acc85/semi70,math500/307,1,879,147
acc85/semi70,math500/308,0,4018,831
acc85/semi70,math500/309,0,4046,911
acc85/semi70,math500/310,1,395,31
acc85/semi70,math500/311,1,893,92
acc85/semi70,math500/312,1,283,50
acc85/semi70,math500/313,1,389,64
acc85/semi70,math500/314,1,378,44
acc85/semi70,math500/315,1,955,169
acc85/semi70,math500/316,1,745,133
acc85/semi70,math500/317,1,1562,248
acc85/semi70,math500/318,0,442,49
acc85/semi70,math500/319,1,253,21
acc85/semi70,math500/320,1,832,146
acc85/semi70,math500/321,1,313,37
acc85/semi70,math500/322,1,236,17
acc85/semi70,math500/323,1,2002,622
acc85/semi70,math500/324,0,3572,716
acc85/semi70,math500/325,1,427,34
acc85/semi70,math500/326,0,407,44
acc85/semi70,math500/327,0,3982,563
acc85/semi70,math500/328,1,3550,768
acc85/semi70,math500/329,0,161,23
acc85/semi70,math500/330,1,540,77
acc85/semi70,math500/331,1,806,86
acc85/semi70,math500/332,0,4023,909
acc85/semi70,math500/333,1,1764,279
acc85/semi70,math500/334,1,473,44
acc85/semi70,math500/335,1,1190,143
acc85/semi70,math500/336,1,264,19
acc85/semi70,math500/337,1,521,69
acc85/semi70,math500/338,1,471,56
acc85/semi70,math500/339,1,831,109
acc85/semi70,math500/340,0,3993,520
acc85/semi70,math500/341,1,576,71
acc85/semi70,math500/342,1,418,51
acc85/semi70,math500/343,1,421,69
acc85/semi70,math500/344,1,813,78
acc85/semi70,math500/345,1,233,22
acc85/semi70,math500/346,1,692,61
acc85/semi70,math500/347,0,484,37
acc85/semi70,math500/348,1,341,24
acc85/semi70,math500/349,0,4033,1024
acc85/semi70,math500/350,1,425,56
acc85/semi70,math500/351,0,3995,587
acc85/semi70,math500/352,0,3852,829
acc85/semi70,math500/353,1,483,89
acc85/semi70,math500/354,0,880,110
acc85/semi70,math500/355,0,4016,574
acc85/semi70,math500/356,1,892,136
acc85/semi70,math500/357,1,590,89
acc85/semi70,math500/358,1,484,62
acc85/semi70,math500/359,1,2417,375
acc85/semi70,math500/360,1,515,87
acc85/semi70,math500/361,1,1617,287
acc85/semi70,math500/362,1,267,46
acc85/semi70,math500/363,1,345,36
acc85/semi70,math500/364,1,3143,578
acc85/semi70,math500/365,1,2644,667
acc85/semi70,math500/366,1,709,94
acc85/semi70,math500/367,1,313,39
acc85/semi70,math500/368,1,529,66
acc85/semi70,math500/369,1,391,92
acc85/semi70,math500/370,1,205,14
acc85/semi70,math500/371,0,4008,749
acc85/semi70,math500/372,1,2436,581
acc85/semi70,math500/373,1,495,47
acc85/semi70,math500/374,1,228,24
acc85/semi70,math500/375,1,735,73
acc85/semi70,math500/376,1,944,105
acc85/semi70,math500/377,1,864,181
acc85/semi70,math500/378,1,889,99
acc85/semi70,math500/379,0,917,106
acc85/semi70,math500/380,1,936,196
acc85/semi70,math500/381,1,2957,613
acc85/semi70,math500/382,1,807,114
acc85/semi70,math500/383,0,447,37
acc85/semi70,math500/384,1,192,18
acc85/semi70,math500/385,0,348,54
acc85/semi70,math500/386,1,379,41
acc85/semi70,math500/387,1,264,19
acc85/semi70,math500/388,1,543,68
acc85/semi70,math500/389,1,526,72
acc85/semi70,math500/390,1,999,128
acc85/semi70,math500/391,1,1006,136
acc85/semi70,math500/392,0,3755,737
acc85/semi70,math500/393,1,419,53
acc85/semi70,math500/394,0,1412,203
acc85/semi70,math500/395,1,619,75
acc85/semi70,math500/396,0,3843,910
acc85/semi70,math500/397,1,235,17
acc85/semi70,math500/398,0,968,166
acc85/semi70,math500/399,1,196,23
acc85/semi70,math500/400,0,4002,1023
acc85/semi70,math500/401,0,4028,534
acc85/semi70,math500/402,0,504,100
acc85/semi70,math500/403,0,1564,363
acc85/semi70,math500/404,1,304,27
acc85/semi70,math500/405,1,277,44
acc85/semi70,math500/406,1,436,66
acc85/semi70,math500/407,1,219,22
acc85/semi70,math500/408,0,1413,210
acc85/semi70,math500/409,0,4011,764
acc85/semi70,math500/410,1,739,112
acc85/semi70,math500/411,1,182,34
acc85/semi70,math500/412,1,3237,631
acc85/semi70,math500/413,1,234,23
acc85/semi70,math500/414,1,480,49
acc85/semi70,math500/415,1,1030,103
acc85/semi70,math500/416,1,613,67
acc85/semi70,math500/417,1,402,53
acc85/semi70,math500/418,1,401,33
acc85/semi70,math500/419,1,1832,227
acc85/semi70,math500/420,0,426,40
acc85/semi70,math500/421,1,3967,886
acc85/semi70,math500/422,0,3966,676
acc85/semi70,math500/423,1,3699,659
acc85/semi70,math500/424,1,399,32
acc85/semi70,math500/425,1,1313,203
acc85/semi70,math500/426,1,441,50
acc85/semi70,math500/427,0,411,44
acc85/semi70,math500/428,1,1008,105
acc85/semi70,math500/429,1,938,91
acc85/semi70,math500/430,1,120,20
acc85/semi70,math500/431,1,1367,173
acc85/semi70,math500/432,0,3992,522
acc85/semi70,math500/433,0,421,80
acc85/semi70,math500/434,1,544,65
acc85/semi70,math500/435,1,681,100
acc85/semi70,math500/436,1,1044,122
acc85/semi70,math500/437,1,733,91
acc85/semi70,math500/438,1,599,109
acc85/semi70,math500/439,1,805,143
acc85/semi70,math500/440,1,421,32
acc85/semi70,math500/441,0,226,28
acc85/semi70,math500/442,0,301,24
acc85/semi70,math500/443,1,183,18
acc85/semi70,math500/444,0,3887,806
acc85/semi70,math500/445,1,3799,672
acc85/semi70,math500/446,1,990,95
acc85/semi70,math500/447,1,493,97
acc85/semi70,math500/448,0,852,112
acc85/semi70,math500/449,1,268,22
acc85/semi70,math500/450,1,886,109
acc85/semi70,math500/451,1,869,160
acc85/semi70,math500/452,1,540,52
acc85/semi70,math500/453,1,389,65
acc85/semi70,math500/454,1,1309,116
acc85/semi70,math500/455,1,395,47
acc85/semi70,math500/456,1,1760,198
acc85/semi70,math500/457,1,138,28
acc85/semi70,math500/458,0,3258,507
acc85/semi70,math500/459,1,913,136
acc85/semi70,math500/460,0,3897,649
acc85/semi70,math500/461,1,624,71
acc85/semi70,math500/462,0,3968,602
acc85/semi70,math500/463,1,254,24
acc85/semi70,math500/464,1,998,143
acc85/semi70,math500/465,1,610,101
acc85/semi70,math500/466,0,1430,238
acc85/semi70,math500/467,1,356,79
acc85/semi70,math500/468,1,261,31
acc85/semi70,math500/469,1,368,28
acc85/semi70,math500/470,0,4020,395
acc85/semi70,math500/471,1,261,40
acc85/semi70,math500/472,1,333,28
acc85/semi70,math500/473,1,800,104
acc85/semi70,math500/474,1,684,71
acc85/semi70,math500/475,1,3018,475
acc85/semi70,math500/476,1,399,60
acc85/semi70,math500/477,1,1416,297
acc85/semi70,math500/478,0,3996,717
acc85/semi70,math500/479,1,735,127
acc85/semi70,math500/480,1,884,150
acc85/semi70,math500/481,0,3970,611
acc85/semi70,math500/482,1,1199,205
acc85/semi70,math500/483,1,1120,115
acc85/semi70,math500/484,1,721,70
acc85/semi70,math500/485,0,3710,709
acc85/semi70,math500/486,1,556,169
acc85/semi70,math500/487,1,263,22
acc85/semi70,math500/488,1,191,25
acc85/semi70,math500/489,1,1224,206
acc85/semi70,math500/490,0,3980,722
acc85/semi70,math500/491,0,546,123
acc85/semi70,math500/492,1,460,56
acc85/semi70,math500/493,1,1364,149
acc85/semi70,math500/494,1,2370,386
acc85/semi70,math500/495,1,721,104
acc85/semi70,math500/496,1,903,85
acc85/semi70,math500/497,0,4021,873
acc85/semi70,math500/498,0,4011,694
acc85/semi70,math500/499,1,1048,208
acc85/semi90,gsm8k/0,1,177,31
acc85/semi90,gsm8k/1,1,249,44
acc85/semi90,gsm8k/2,1,554,68
acc85/semi90,gsm8k/3,1,177,18
acc85/semi90,gsm8k/4,1,265,34
acc85/semi90,gsm8k/5,1,143,22
acc85/semi90,gsm8k/6,1,139,19
acc85/semi90,gsm8k/7,1,234,25
acc85/semi90,gsm8k/8,1,446,61
acc85/semi90,gsm8k/9,0,201,34
acc85/semi90,gsm8k/10,1,404,62
acc85/semi90,gsm8k/11,0,500,75
acc85/semi90,gsm8k/12,1,135,20
acc85/semi90,gsm8k/13,1,325,27
acc85/semi90,gsm8k/14,1,379,76
acc85/semi90,gsm8k/15,1,185,35
acc85/semi90,gsm8k/16,1,213,22
acc85/semi90,gsm8k/17,1,136,16
acc85/semi90,gsm8k/18,1,174,28
acc85/semi90,gsm8k/19,1,232,23
acc85/semi90,gsm8k/20,1,223,25
acc85/semi90,gsm8k/21,1,244,29
acc85/semi90,gsm8k/22,1,275,46
acc85/semi90,gsm8k/23,1,322,45
acc85/semi90,gsm8k/24,1,191,23
acc85/semi90,gsm8k/25,0,443,81
acc85/semi90,gsm8k/26,1,215,41
acc85/semi90,gsm8k/27,1,193,46
acc85/semi90,gsm8k/28,1,235,32
acc85/semi90,gsm8k/29,1,188,21
acc85/semi90,gsm8k/30,1,187,26
acc85/semi90,gsm8k/31,1,382,67
acc85/semi90,gsm8k/32,1,141,20
acc85/semi90,gsm8k/33,1,269,31
acc85/semi90,gsm8k/34,1,441,95
acc85/semi90,gsm8k/35,1,192,21
acc85/semi90,gsm8k/36,1,226,30
acc85/semi90,gsm8k/37,1,196,55
acc85/semi90,gsm8k/38,0,335,65
acc85/semi90,gsm8k/39,1,294,50
acc85/semi90,gsm8k/40,1,257,50
acc85/semi90,gsm8k/41,1,268,33
acc85/semi90,gsm8k/42,1,335,36
acc85/semi90,gsm8k/43,1,212,27
acc85/semi90,gsm8k/44,1,305,48
acc85/semi90,gsm8k/45,1,148,26
acc85/semi90,gsm8k/46,1,231,42
acc85/semi90,gsm8k/47,1,126,16
acc85/semi90,gsm8k/48,1,167,35
acc85/semi90,gsm8k/49,1,342,79
acc85/semi90,gsm8k/50,0,549,155
acc85/semi90,gsm8k/51,1,176,28
acc85/semi90,gsm8k/52,1,186,21
acc85/semi90,gsm8k/53,1,131,22
acc85/semi90,gsm8k/54,1,365,57
acc85/semi90,gsm8k/55,1,192,32
acc85/semi90,gsm8k/56,1,294,28
acc85/semi90,gsm8k/57,1,150,19
acc85/semi90,gsm8k/58,1,161,19
acc85/semi90,gsm8k/59,1,170,24
acc85/semi90,gsm8k/60,1,189,18
acc85/semi90,gsm8k/61,1,193,19
acc85/semi90,gsm8k/62,1,239,30
acc85/semi90,gsm8k/63,1,140,30
acc85/semi90,gsm8k/64,1,459,78
acc85/semi90,gsm8k/65,1,206,26
acc85/semi90,gsm8k/66,1,278,37
acc85/semi90,gsm8k/67,1,254,45
acc85/semi90,gsm8k/68,1,363,75
acc85/semi90,gsm8k/69,1,189,18
acc85/semi90,gsm8k/70,1,387,50
acc85/semi90,gsm8k/71,1,362,50
acc85/semi90,gsm8k/72,1,211,22
acc85/semi90,gsm8k/73,1,261,36
acc85/semi90,gsm8k/74,1,152,25
acc85/semi90,gsm8k/75,1,356,50
acc85/semi90,gsm8k/76,1,238,25
acc85/semi90,gsm8k/77,1,1628,459
acc85/semi90,gsm8k/78,1,278,37
acc85/semi90,gsm8k/79,1,283,32
acc85/semi90,gsm8k/80,1,285,63
acc85/semi90,gsm8k/81,1,359,48
acc85/semi90,gsm8k/82,0,152,16
acc85/semi90,gsm8k/83,1,268,47
acc85/semi90,gsm8k/84,1,173,29
acc85/semi90,gsm8k/85,1,189,28
acc85/semi90,gsm8k/86,1,316,68
acc85/semi90,gsm8k/87,1,196,23
acc85/semi90,gsm8k/88,1,713,193
acc85/semi90,gsm8k/89,1,160,18
acc85/semi90,gsm8k/90,1,212,17
acc85/semi90,gsm8k/91,1,415,48
acc85/semi90,gsm8k/92,1,221,40
acc85/semi90,gsm8k/93,1,139,18
acc85/semi90,gsm8k/94,1,213,41
acc85/semi90,gsm8k/95,1,260,31
acc85/semi90,gsm8k/96,0,247,67
acc85/semi90,gsm8k/97,1,217,45
acc85/semi90,gsm8k/98,1,210,38
acc85/semi90,gsm8k/99,1,196,20
acc85/semi90,gsm8k/100,1,198,47
acc85/semi90,gsm8k/101,1,260,48
acc85/semi90,gsm8k/102,1,388,104
acc85/semi90,gsm8k/103,1,150,18
acc85/semi90,gsm8k/104,1,147,43
acc85/semi90,gsm8k/105,1,418,45
acc85/semi90,gsm8k/106,1,282,41
acc85/semi90,gsm8k/107,1,349,55
acc85/semi90,gsm8k/108,1,214,32
acc85/semi90,gsm8k/109,1,350,42
acc85/semi90,gsm8k/110,1,198,17
acc85/semi90,gsm8k/111,1,148,20
acc85/semi90,gsm8k/112,1,213,33
acc85/semi90,gsm8k/113,1,239,36
acc85/semi90,gsm8k/114,1,197,23
acc85/semi90,gsm8k/115,1,172,19
acc85/semi90,gsm8k/116,1,378,53
acc85/semi90,gsm8k/117,1,307,48
acc85/semi90,gsm8k/118,1,339,47
acc85/semi90,gsm8k/119,1,317,38
acc85/semi90,gsm8k/120,1,111,21
acc85/semi90,gsm8k/121,1,423,103
acc85/semi90,gsm8k/122,1,177,13
acc85/semi90,gsm8k/123,0,364,73
acc85/semi90,gsm8k/124,1,184,22
acc85/semi90,gsm8k/125,1,151,17
acc85/semi90,gsm8k/126,1,278,54
acc85/semi90,gsm8k/127,1,239,32
acc85/semi90,gsm8k/128,1,644,73
acc85/semi90,gsm8k/129,1,269,62
acc85/semi90,gsm8k/130,1,359,77
acc85/semi90,gsm8k/131,0,608,114
acc85/semi90,gsm8k/132,0,209,30
acc85/semi90,gsm8k/133,1,253,31
acc85/semi90,gsm8k/134,1,192,26
acc85/semi90,gsm8k/135,1,365,51
acc85/semi90,gsm8k/136,0,671,97
acc85/semi90,gsm8k/137,0,246,44
acc85/semi90,gsm8k/138,1,291,69
acc85/semi90,gsm8k/139,1,252,30
acc85/semi90,gsm8k/140,1,234,27
acc85/semi90,gsm8k/141,1,187,36
acc85/semi90,gsm8k/142,1,162,21
acc85/semi90,gsm8k/143,1,273,32
acc85/semi90,gsm8k/144,1,479,67
acc85/semi90,gsm8k/145,1,177,33
acc85/semi90,gsm8k/146,1,314,33
acc85/semi90,gsm8k/147,1,177,25
acc85/semi90,gsm8k/148,1,291,56
acc85/semi90,gsm8k/149,1,1622,534
acc85/semi90,gsm8k/150,1,210,23
acc85/semi90,gsm8k/151,1,336,67
acc85/semi90,gsm8k/152,1,255,44
acc85/semi90,gsm8k/153,1,192,36
acc85/semi90,gsm8k/154,1,168,17
acc85/semi90,gsm8k/155,0,179,23
acc85/semi90,gsm8k/156,1,282,29
acc85/semi90,gsm8k/157,0,224,31
acc85/semi90,gsm8k/158,1,242,29
acc85/semi90,gsm8k/159,1,306,38
acc85/semi90,gsm8k/160,1,153,21
acc85/semi90,gsm8k/161,1,221,39
acc85/semi90,gsm8k/162,1,211,27
acc85/semi90,gsm8k/163,1,250,43
acc85/semi90,gsm8k/164,1,386,36
acc85/semi90,gsm8k/165,1,305,41
acc85/semi90,gsm8k/166,1,164,29
acc85/semi90,gsm8k/167,1,177,20
acc85/semi90,gsm8k/168,1,574,146
acc85/semi90,gsm8k/169,1,285,37
acc85/semi90,gsm8k/170,1,482,90
acc85/semi90,gsm8k/171,1,269,39
acc85/semi90,gsm8k/172,1,221,36
acc85/semi90,gsm8k/173,1,309,35
acc85/semi90,gsm8k/174,1,236,44
acc85/semi90,gsm8k/175,1,243,46
acc85/semi90,gsm8k/176,1,286,30
acc85/semi90,gsm8k/177,1,147,15
acc85/semi90,gsm8k/178,1,308,46
acc85/semi90,gsm8k/179,1,247,43
acc85/semi90,gsm8k/180,1,119,20
acc85/semi90,gsm8k/181,1,223,34
acc85/semi90,gsm8k/182,1,230,31
acc85/semi90,gsm8k/183,1,245,33
acc85/semi90,gsm8k/184,1,382,72
acc85/semi90,gsm8k/185,1,225,26
acc85/semi90,gsm8k/186,0,193,27
acc85/semi90,gsm8k/187,1,170,28
acc85/semi90,gsm8k/188,1,312,37
acc85/semi90,gsm8k/189,1,210,35
acc85/semi90,gsm8k/190,1,328,34
acc85/semi90,gsm8k/191,1,256,52
acc85/semi90,gsm8k/192,1,242,54
acc85/semi90,gsm8k/193,1,172,30
acc85/semi90,gsm8k/194,1,110,14
acc85/semi90,gsm8k/195,1,355,59
acc85/semi90,gsm8k/196,1,237,38
acc85/semi90,gsm8k/197,1,479,39
acc85/semi90,gsm8k/198,0,282,44
acc85/semi90,gsm8k/199,1,132,19
acc85/semi90,gsm8k/200,1,247,32
acc85/semi90,gsm8k/201,1,229,27
acc85/semi90,gsm8k/202,1,120,20
acc85/semi90,gsm8k/203,1,178,26
acc85/semi90,gsm8k/204,1,264,31
acc85/semi90,gsm8k/205,1,402,44
acc85/semi90,gsm8k/206,1,209,40
acc85/semi90,gsm8k/207,1,301,32
acc85/semi90,gsm8k/208,1,188,17
acc85/semi90,gsm8k/209,0,175,33
acc85/semi90,gsm8k/210,1,426,74
acc85/semi90,gsm8k/211,1,195,23
acc85/semi90,gsm8k/212,1,158,30
acc85/semi90,gsm8k/213,1,271,39
acc85/semi90,gsm8k/214,1,108,12
acc85/semi90,gsm8k/215,1,393,70
acc85/semi90,gsm8k/216,0,312,42
acc85/semi90,gsm8k/217,1,246,40
acc85/semi90,gsm8k/218,1,362,82
acc85/semi90,gsm8k/219,1,213,27
acc85/semi90,gsm8k/220,1,189,20
acc85/semi90,gsm8k/221,1,218,19
acc85/semi90,gsm8k/222,1,158,19
acc85/semi90,gsm8k/223,1,286,45
acc85/semi90,gsm8k/224,1,205,35
acc85/semi90,gsm8k/225,0,324,97
acc85/semi90,gsm8k/226,1,117,23
acc85/semi90,gsm8k/227,1,351,37
acc85/semi90,gsm8k/228,1,261,40
acc85/semi90,gsm8k/229,0,339,54
acc85/semi90,gsm8k/230,1,437,114
acc85/semi90,gsm8k/231,1,227,24
acc85/semi90,gsm8k/232,1,209,27
acc85/semi90,gsm8k/233,1,202,24
acc85/semi90,gsm8k/234,1,190,36
acc85/semi90,gsm8k/235,1,268,38
acc85/semi90,gsm8k/236,1,188,32
acc85/semi90,gsm8k/237,1,207,24
acc85/semi90,gsm8k/238,1,246,40
acc85/semi90,gsm8k/239,1,151,23
acc85/semi90,gsm8k/240,1,235,44
acc85/semi90,gsm8k/241,1,180,20
acc85/semi90,gsm8k/242,1,271,54
acc85/semi90,gsm8k/243,1,271,54
acc85/semi90,gsm8k/244,1,141,20
acc85/semi90,gsm8k/245,1,248,29
acc85/semi90,gsm8k/246,1,197,27
acc85/semi90,gsm8k/247,1,345,50
acc85/semi90,gsm8k/248,1,169,16
acc85/semi90,gsm8k/249,1,174,22
acc85/semi90,gsm8k/250,1,295,42
acc85/semi90,gsm8k/251,1,292,33
acc85/semi90,gsm8k/252,1,306,76
acc85/semi90,gsm8k/253,1,236,23
acc85/semi90,gsm8k/254,1,248,21
acc85/semi90,gsm8k/255,1,292,45
acc85/semi90,gsm8k/256,1,291,29
acc85/semi90,gsm8k/257,1,312,42
acc85/semi90,gsm8k/258,1,241,37
acc85/semi90,gsm8k/259,1,964,204
acc85/semi90,gsm8k/260,1,186,41
acc85/semi90,gsm8k/261,1,407,73
acc85/semi90,gsm8k/262,1,285,30
acc85/semi90,gsm8k/263,1,193,25
acc85/semi90,gsm8k/264,1,300,48
acc85/semi90,gsm8k/265,1,269,38
acc85/semi90,gsm8k/266,1,377,66
acc85/semi90,gsm8k/267,1,185,31
acc85/semi90,gsm8k/268,1,217,28
acc85/semi90,gsm8k/269,1,199,24
acc85/semi90,gsm8k/270,0,1505,452
acc85/semi90,gsm8k/271,1,250,33
acc85/semi90,gsm8k/272,1,169,18
acc85/semi90,gsm8k/273,1,213,34
acc85/semi90,gsm8k/274,1,294,33
acc85/semi90,gsm8k/275,1,256,42
acc85/semi90,gsm8k/276,0,283,81
acc85/semi90,gsm8k/277,1,148,25
acc85/semi90,gsm8k/278,1,163,29
acc85/semi90,gsm8k/279,1,200,28
acc85/semi90,gsm8k/280,1,276,52
acc85/semi90,gsm8k/281,1,190,33
acc85/semi90,gsm8k/282,1,264,33
acc85/semi90,gsm8k/283,0,4030,451
acc85/semi90,gsm8k/284,1,220,28
acc85/semi90,gsm8k/285,1,244,25
acc85/semi90,gsm8k/286,1,170,23
acc85/semi90,gsm8k/287,1,747,172
acc85/semi90,gsm8k/288,1,335,55
acc85/semi90,gsm8k/289,1,230,48
acc85/semi90,gsm8k/290,1,166,24
acc85/semi90,gsm8k/291,1,243,33
acc85/semi90,gsm8k/292,1,255,29
acc85/semi90,gsm8k/293,1,406,60
acc85/semi90,gsm8k/294,1,636,143
acc85/semi90,gsm8k/295,1,195,33
acc85/semi90,gsm8k/296,0,460,74
acc85/semi90,gsm8k/297,1,197,27
acc85/semi90,gsm8k/298,1,251,27
acc85/semi90,gsm8k/299,0,317,38
acc85/semi90,gsm8k/300,1,243,41
acc85/semi90,gsm8k/301,1,94,15
acc85/semi90,gsm8k/302,1,277,31
acc85/semi90,gsm8k/303,0,272,29
acc85/semi90,gsm8k/304,1,159,23
acc85/semi90,gsm8k/305,1,190,27
acc85/semi90,gsm8k/306,1,195,25
acc85/semi90,gsm8k/307,1,248,41
acc85/semi90,gsm8k/308,1,289,37
acc85/semi90,gsm8k/309,1,198,23
acc85/semi90,gsm8k/310,1,300,32
acc85/semi90,gsm8k/311,1,171,27
acc85/semi90,gsm8k/312,1,244,32
acc85/semi90,gsm8k/313,1,292,40
acc85/semi90,gsm8k/314,1,201,24
acc85/semi90,gsm8k/315,1,329,49
acc85/semi90,gsm8k/316,1,233,43
acc85/semi90,gsm8k/317,1,214,30
acc85/semi90,gsm8k/318,1,243,23
acc85/semi90,gsm8k/319,1,139,24
acc85/semi90,gsm8k/320,1,468,96
acc85/semi90,gsm8k/321,1,174,20
acc85/semi90,gsm8k/322,1,329,40
acc85/semi90,gsm8k/323,1,163,25
acc85/semi90,gsm8k/324,1,305,46
acc85/semi90,gsm8k/325,1,220,19
acc85/semi90,gsm8k/326,1,361,42
acc85/semi90,gsm8k/327,1,248,31
acc85/semi90,gsm8k/328,1,157,19
acc85/semi90,gsm8k/329,1,144,23
acc85/semi90,gsm8k/330,1,223,24
acc85/semi90,gsm8k/331,1,279,43
acc85/semi90,gsm8k/332,1,239,41
acc85/semi90,gsm8k/333,1,186,19
acc85/semi90,gsm8k/334,1,383,63
acc85/semi90,gsm8k/335,1,193,25
acc85/semi90,gsm8k/336,1,223,31
acc85/semi90,gsm8k/337,0,408,73
acc85/semi90,gsm8k/338,1,268,31
acc85/semi90,gsm8k/339,1,471,62
acc85/semi90,gsm8k/340,1,236,38
acc85/semi90,gsm8k/341,1,187,30
acc85/semi90,gsm8k/342,1,243,26
acc85/semi90,gsm8k/343,1,284,52
acc85/semi90,gsm8k/344,1,137,23
acc85/semi90,gsm8k/345,1,483,46
acc85/semi90,gsm8k/346,1,311,55
acc85/semi90,gsm8k/347,1,138,16
acc85/semi90,gsm8k/348,1,422,55
acc85/semi90,gsm8k/349,1,255,28
acc85/semi90,gsm8k/350,1,290,45
acc85/semi90,gsm8k/351,1,551,50
acc85/semi90,gsm8k/352,1,132,17
acc85/semi90,gsm8k/353,1,204,26
acc85/semi90,gsm8k/354,1,250,30
acc85/semi90,gsm8k/355,1,305,37
acc85/semi90,gsm8k/356,1,479,76
acc85/semi90,gsm8k/357,0,295,75
acc85/semi90,gsm8k/358,1,187,18
acc85/semi90,gsm8k/359,1,287,37
acc85/semi90,gsm8k/360,1,451,51
acc85/semi90,gsm8k/361,1,277,56
acc85/semi90,gsm8k/362,1,217,29
acc85/semi90,gsm8k/363,1,197,32
acc85/semi90,gsm8k/364,1,139,29
acc85/semi90,gsm8k/365,1,236,56
acc85/semi90,gsm8k/366,0,184,30
acc85/semi90,gsm8k/367,1,179,23
acc85/semi90,gsm8k/368,0,397,79
acc85/semi90,gsm8k/369,1,210,39
acc85/semi90,gsm8k/370,1,231,48
acc85/semi90,gsm8k/371,1,326,29
acc85/semi90,gsm8k/372,1,374,61
acc85/semi90,gsm8k/373,1,117,19
acc85/semi90,gsm8k/374,1,335,71
acc85/semi90,gsm8k/375,1,415,90
acc85/semi90,gsm8k/376,1,222,19
acc85/semi90,gsm8k/377,1,216,23
acc85/semi90,gsm8k/378,0,408,96
acc85/semi90,gsm8k/379,1,270,50
acc85/semi90,gsm8k/380,0,257,34
acc85/semi90,gsm8k/381,1,161,21
acc85/semi90,gsm8k/382,1,347,71
acc85/semi90,gsm8k/383,1,208,18
acc85/semi90,gsm8k/384,1,167,20
acc85/semi90,gsm8k/385,1,194,28
acc85/semi90,gsm8k/386,1,324,41
acc85/semi90,gsm8k/387,1,184,21
acc85/semi90,gsm8k/388,0,213,37
acc85/semi90,gsm8k/389,1,771,263
acc85/semi90,gsm8k/390,1,1592,467
acc85/semi90,gsm8k/391,1,327,49
acc85/semi90,gsm8k/392,1,297,52
acc85/semi90,gsm8k/393,1,153,20
acc85/semi90,gsm8k/394,1,192,21
acc85/semi90,gsm8k/395,1,148,18
acc85/semi90,gsm8k/396,1,239,27
acc85/semi90,gsm8k/397,1,151,23
acc85/semi90,gsm8k/398,1,185,16
acc85/semi90,gsm8k/399,0,308,84
acc85/semi90,gsm8k/400,1,221,22
acc85/semi90,gsm8k/401,0,3992,626
acc85/semi90,gsm8k/402,1,398,58
acc85/semi90,gsm8k/403,1,344,41
acc85/semi90,gsm8k/404,1,152,20
acc85/semi90,gsm8k/405,0,593,227
acc85/semi90,gsm8k/406,1,328,47
acc85/semi90,gsm8k/407,1,372,53
acc85/semi90,gsm8k/408,1,142,24
acc85/semi90,gsm8k/409,1,352,35
acc85/semi90,gsm8k/410,1,427,41
acc85/semi90,gsm8k/411,1,159,25
acc85/semi90,gsm8k/412,1,237,42
acc85/semi90,gsm8k/413,1,173,19
acc85/semi90,gsm8k/414,0,284,91
acc85/semi90,gsm8k/415,1,287,33
acc85/semi90,gsm8k/416,1,223,21
acc85/semi90,gsm8k/417,1,231,27
acc85/semi90,gsm8k/418,1,128,22
acc85/semi90,gsm8k/419,1,273,63
acc85/semi90,gsm8k/420,1,274,31
acc85/semi90,gsm8k/421,1,137,26
acc85/semi90,gsm8k/422,1,193,17
acc85/semi90,gsm8k/423,1,194,25
acc85/semi90,gsm8k/424,1,135,30
acc85/semi90,gsm8k/425,0,200,21
acc85/semi90,gsm8k/426,1,195,33
acc85/semi90,gsm8k/427,1,512,79
acc85/semi90,gsm8k/428,1,301,34
acc85/semi90,gsm8k/429,1,242,35
acc85/semi90,gsm8k/430,1,109,10
acc85/semi90,gsm8k/431,0,2061,666
acc85/semi90,gsm8k/432,1,135,13
acc85/semi90,gsm8k/433,1,518,79
acc85/semi90,gsm8k/434,1,452,50
acc85/semi90,gsm8k/435,1,289,37
acc85/semi90,gsm8k/436,1,302,34
acc85/semi90,gsm8k/437,0,3951,606
acc85/semi90,gsm8k/438,0,313,30
acc85/semi90,gsm8k/439,0,555,79
acc85/semi90,gsm8k/440,1,133,23
acc85/semi90,gsm8k/441,1,390,69
acc85/semi90,gsm8k/442,1,167,20
acc85/semi90,gsm8k/443,1,242,29
acc85/semi90,gsm8k/444,1,140,19
acc85/semi90,gsm8k/445,1,339,52
acc85/semi90,gsm8k/446,1,319,59
acc85/semi90,gsm8k/447,1,202,31
acc85/semi90,gsm8k/448,1,194,25
acc85/semi90,gsm8k/449,1,186,19
acc85/semi90,gsm8k/450,1,279,29
acc85/semi90,gsm8k/451,1,371,41
acc85/semi90,gsm8k/452,0,412,132
acc85/semi90,gsm8k/453,1,269,46
acc85/semi90,gsm8k/454,1,303,65
acc85/semi90,gsm8k/455,1,260,50
acc85/semi90,gsm8k/456,1,125,14
acc85/semi90,gsm8k/457,1,176,28
acc85/semi90,gsm8k/458,1,254,56
acc85/semi90,gsm8k/459,1,335,55
acc85/semi90,gsm8k/460,1,224,18
acc85/semi90,gsm8k/461,1,301,52
acc85/semi90,gsm8k/462,1,276,27
acc85/semi90,gsm8k/463,1,262,43
acc85/semi90,gsm8k/464,0,279,34
acc85/semi90,gsm8k/465,0,3957,576
acc85/semi90,gsm8k/466,1,252,29
acc85/semi90,gsm8k/467,1,177,19
acc85/semi90,gsm8k/468,1,174,17
acc85/semi90,gsm8k/469,1,233,32
acc85/semi90,gsm8k/470,1,204,25
acc85/semi90,gsm8k/471,1,252,38
acc85/semi90,gsm8k/472,1,410,75
acc85/semi90,gsm8k/473,1,304,21
acc85/semi90,gsm8k/474,1,247,41
acc85/semi90,gsm8k/475,0,325,95
acc85/semi90,gsm8k/476,1,181,37
acc85/semi90,gsm8k/477,1,228,32
acc85/semi90,gsm8k/478,1,288,29
acc85/semi90,gsm8k/479,1,493,79
acc85/semi90,gsm8k/480,1,439,48
acc85/semi90,gsm8k/481,0,232,51
acc85/semi90,gsm8k/482,1,191,21
acc85/semi90,gsm8k/483,0,4002,755
acc85/semi90,gsm8k/484,1,282,37
acc85/semi90,gsm8k/485,1,154,25
acc85/semi90,gsm8k/486,0,2090,584
acc85/semi90,gsm8k/487,1,151,27
acc85/semi90,gsm8k/488,1,271,47
acc85/semi90,gsm8k/489,1,298,61
acc85/semi90,gsm8k/490,1,602,179
acc85/semi90,gsm8k/491,1,315,44
acc85/semi90,gsm8k/492,1,376,48
acc85/semi90,gsm8k/493,1,182,22
acc85/semi90,gsm8k/494,1,157,28
acc85/semi90,gsm8k/495,0,218,29
acc85/semi90,gsm8k/496,1,159,29
acc85/semi90,gsm8k/497,1,232,21
acc85/semi90,gsm8k/498,1,168,27
acc85/semi90,gsm8k/499,1,302,68
acc85/semi90,gsm8k/500,1,135,14
acc85/semi90,gsm8k/501,1,189,30
acc85/semi90,gsm8k/502,1,385,52
acc85/semi90,gsm8k/503,1,219,28
acc85/semi90,gsm8k/504,1,248,60
acc85/semi90,gsm8k/505,1,261,32
acc85/semi90,gsm8k/506,1,131,20
acc85/semi90,gsm8k/507,1,247,32
acc85/semi90,gsm8k/508,1,171,19
acc85/semi90,gsm8k/509,1,327,48
acc85/semi90,gsm8k/510,1,210,23
acc85/semi90,gsm8k/511,1,168,26
acc85/semi90,math500/0,1,341,54
acc85/semi90,math500/1,1,719,88
acc85/semi90,math500/2,1,408,28
acc85/semi90,math500/3,1,365,44
acc85/semi90,math500/4,0,870,174
acc85/semi90,math500/5,1,350,63
acc85/semi90,math500/6,1,769,127
acc85/semi90,math500/7,0,2359,419
acc85/semi90,math500/8,1,328,22
acc85/semi90,math500/9,0,3927,768
acc85/semi90,math500/10,1,1101,324
acc85/semi90,math500/11,0,3270,601
acc85/semi90,math500/12,1,747,106
acc85/semi90,math500/13,1,295,22
acc85/semi90,math500/14,0,310,43
acc85/semi90,math500/15,1,820,110
acc85/semi90,math500/16,1,295,48
acc85/semi90,math500/17,1,1984,521
acc85/semi90,math500/18,0,3594,1024
acc85/semi90,math500/19,1,1385,275
acc85/semi90,math500/20,1,153,16
acc85/semi90,math500/21,0,1375,171
acc85/semi90,math500/22,1,1579,323
acc85/semi90,math500/23,1,538,43
acc85/semi90,math500/24,0,3967,616
acc85/semi90,math500/25,0,1667,231
acc85/semi90,math500/26,0,4018,864
acc85/semi90,math500/27,1,328,43
acc85/semi90,math500/28,1,264,54
acc85/semi90,math500/29,1,386,80
acc85/semi90,math500/30,1,231,23
acc85/semi90,math500/31,1,276,36
acc85/semi90,math500/32,1,500,125
acc85/semi90,math500/33,1,854,100
acc85/semi90,math500/34,1,652,50
acc85/semi90,math500/35,1,411,35
acc85/semi90,math500/36,1,943,90
acc85/semi90,math500/37,1,289,53
acc85/semi90,math500/38,1,184,22
acc85/semi90,math500/39,1,642,61
acc85/semi90,math500/40,1,264,26
acc85/semi90,math500/41,1,1249,216
acc85/semi90,math500/42,1,306,36
acc85/semi90,math500/43,0,3988,831
acc85/semi90,math500/44,1,462,61
acc85/semi90,math500/45,1,408,72
acc85/semi90,math500/46,1,2830,536
acc85/semi90,math500/47,1,567,57
acc85/semi90,math500/48,1,270,34
acc85/semi90,math500/49,1,214,21
acc85/semi90,math500/50,1,2109,347
acc85/semi90,math500/51,1,747,102
acc85/semi90,math500/52,1,337,37
acc85/semi90,math500/53,1,312,54
acc85/semi90,math500/54,1,209,31
acc85/semi90,math500/55,1,317,54
acc85/semi90,math500/56,1,328,40
acc85/semi90,math500/57,1,328,30
acc85/semi90,math500/58,1,245,16
acc85/semi90,math500/59,1,390,33
acc85/semi90,math500/60,0,4019,712
acc85/semi90,math500/61,1,3343,782
acc85/semi90,math500/62,1,889,103
acc85/semi90,math500/63,1,1031,124
acc85/semi90,math500/64,1,2220,232
acc85/semi90,math500/65,1,227,52
acc85/semi90,math500/66,1,410,47
acc85/semi90,math500/67,0,409,51
acc85/semi90,math500/68,1,908,165
acc85/semi90,math500/69,1,624,100
acc85/semi90,math500/70,1,343,29
acc85/semi90,math500/71,0,742,111
acc85/semi90,math500/72,1,444,42
acc85/semi90,math500/73,1,312,26
acc85/semi90,math500/74,1,459,65
acc85/semi90,math500/75,1,546,103
acc85/semi90,math500/76,1,390,65
acc85/semi90,math500/77,1,196,14
acc85/semi90,math500/78,1,1508,193
acc85/semi90,math500/79,1,196,14
acc85/semi90,math500/80,0,3705,1024
acc85/semi90,math500/81,1,536,72
acc85/semi90,math500/82,0,3986,774
acc85/semi90,math500/83,1,624,141
acc85/semi90,math500/84,1,2898,479
acc85/semi90,math500/85,1,434,82
acc85/semi90,math500/86,1,244,35
acc85/semi90,math500/87,1,673,98
acc85/semi90,math500/88,0,2881,632
acc85/semi90,math500/89,1,1291,163
acc85/semi90,math500/90,1,216,33
acc85/semi90,math500/91,1,726,146
acc85/semi90,math500/92,1,836,87
acc85/semi90,math500/93,1,549,45
acc85/semi90,math500/94,0,514,95
acc85/semi90,math500/95,1,552,35
acc85/semi90,math500/96,0,3967,604
acc85/semi90,math500/97,0,289,69
acc85/semi90,math500/98,1,129,17
acc85/semi90,math500/99,0,1130,126
acc85/semi90,math500/100,0,3855,837
acc85/semi90,math500/101,0,3918,566
acc85/semi90,math500/102,0,234,38
acc85/semi90,math500/103,0,3965,704
acc85/semi90,math500/104,0,3990,712
acc85/semi90,math500/105,1,333,39
acc85/semi90,math500/106,1,429,51
acc85/semi90,math500/107,1,617,109
acc85/semi90,math500/108,1,2693,721
acc85/semi90,math500/109,1,3028,380
acc85/semi90,math500/110,0,3959,724
acc85/semi90,math500/111,1,361,34
acc85/semi90,math500/112,1,741,78
acc85/semi90,math500/113,1,307,18
acc85/semi90,math500/114,1,752,81
acc85/semi90,math500/115,1,424,46
acc85/semi90,math500/116,1,213,13
acc85/semi90,math500/117,1,227,13
acc85/semi90,math500/118,1,1722,268
acc85/semi90,math500/119,1,3739,779
acc85/semi90,math500/120,1,768,135
acc85/semi90,math500/121,1,245,25
acc85/semi90,math500/122,1,305,34
acc85/semi90,math500/123,0,3805,602
acc85/semi90,math500/124,1,683,83
acc85/semi90,math500/125,1,333,33
acc85/semi90,math500/126,0,2371,402
acc85/semi90,math500/127,0,431,61
acc85/semi90,math500/128,1,502,172
acc85/semi90,math500/129,0,668,82
acc85/semi90,math500/130,1,1250,230
acc85/semi90,math500/131,1,423,30
acc85/semi90,math500/132,1,381,40
acc85/semi90,math500/133,1,388,44
acc85/semi90,math500/134,1,730,93
acc85/semi90,math500/135,1,491,57
acc85/semi90,math500/136,0,3973,760
acc85/semi90,math500/137,1,398,32
acc85/semi90,math500/138,0,782,279
acc85/semi90,math500/139,1,1430,240
acc85/semi90,math500/140,1,574,75
acc85/semi90,math500/141,1,467,164
acc85/semi90,math500/142,1,449,78
acc85/semi90,math500/143,1,671,47
acc85/semi90,math500/144,1,262,23
acc85/semi90,math500/145,0,4015,648
acc85/semi90,math500/146,1,257,33
acc85/semi90,math500/147,1,3301,634
acc85/semi90,math500/148,1,242,23
acc85/semi90,math500/149,1,997,121
acc85/semi90,math500/150,0,1806,176
acc85/semi90,math500/151,1,1000,167
acc85/semi90,math500/152,1,2304,357
acc85/semi90,math500/153,1,1168,211
acc85/semi90,math500/154,0,3930,757
acc85/semi90,math500/155,1,661,97
acc85/semi90,math500/156,0,3857,652
acc85/semi90,math500/157,1,409,39
acc85/semi90,math500/158,1,627,60
acc85/semi90,math500/159,1,444,46
acc85/semi90,math500/160,1,518,56
acc85/semi90,math500/161,1,187,20
acc85/semi90,math500/162,1,591,75
acc85/semi90,math500/163,1,2785,557
acc85/semi90,math500/164,0,4049,605
acc85/semi90,math500/165,0,3995,776
acc85/semi90,math500/166,0,3851,1014
acc85/semi90,math500/167,1,209,15
acc85/semi90,math500/168,0,3397,956
acc85/semi90,math500/169,1,339,32
acc85/semi90,math500/170,0,1897,179
acc85/semi90,math500/171,1,280,19
acc85/semi90,math500/172,1,441,36
acc85/semi90,math500/173,1,3116,558
acc85/semi90,math500/174,1,409,50
acc85/semi90,math500/175,1,2075,303
acc85/semi90,math500/176,0,497,88
acc85/semi90,math500/177,0,3305,1024
acc85/semi90,math500/178,1,290,35
acc85/semi90,math500/179,1,967,98
acc85/semi90,math500/180,1,570,89
acc85/semi90,math500/181,1,561,85
acc85/semi90,math500/182,1,231,23
acc85/semi90,math500/183,1,717,67
acc85/semi90,math500/184,0,4021,830
acc85/semi90,math500/185,1,180,14
acc85/semi90,math500/186,1,619,118
acc85/semi90,math500/187,0,462,55
acc85/semi90,math500/188,1,1957,307
acc85/semi90,math500/189,1,2768,419
acc85/semi90,math500/190,1,537,100
acc85/semi90,math500/191,1,180,15
acc85/semi90,math500/192,1,678,90
acc85/semi90,math500/193,1,475,65
acc85/semi90,math500/194,1,1502,290
acc85/semi90,math500/195,1,498,76
acc85/semi90,math500/196,1,288,39
acc85/semi90,math500/197,1,805,78
acc85/semi90,math500/198,1,353,64
acc85/semi90,math500/199,1,254,28
acc85/semi90,math500/200,1,385,45
acc85/semi90,math500/201,1,838,91
acc85/semi90,math500/202,1,724,127
acc85/semi90,math500/203,1,591,60
acc85/semi90,math500/204,0,3984,878
acc85/semi90,math500/205,1,803,65
acc85/semi90,math500/206,1,403,47
acc85/semi90,math500/207,0,246,45
acc85/semi90,math500/208,1,376,58
acc85/semi90,math500/209,1,574,82
acc85/semi90,math500/210,1,1004,191
acc85/semi90,math500/211,1,355,31
acc85/semi90,math500/212,1,369,43
acc85/semi90,math500/213,1,1122,116
acc85/semi90,math500/214,1,765,99
acc85/semi90,math500/215,1,337,32
acc85/semi90,math500/216,0,4017,152
acc85/semi90,math500/217,0,3763,1024
acc85/semi90,math500/218,1,283,28
acc85/semi90,math500/219,0,3352,722
acc85/semi90,math500/220,1,335,74
acc85/semi90,math500/221,1,911,133
acc85/semi90,math500/222,0,3933,1010
acc85/semi90,math500/223,0,1591,231
acc85/semi90,math500/224,0,1076,143
acc85/semi90,math500/225,1,293,27
acc85/semi90,math500/226,1,410,88
acc85/semi90,math500/227,1,348,83
acc85/semi90,math500/228,0,1667,173
acc85/semi90,math500/229,1,319,69
acc85/semi90,math500/230,1,1132,161
acc85/semi90,math500/231,1,1009,108
acc85/semi90,math500/232,1,1897,337
acc85/semi90,math500/233,1,417,39
acc85/semi90,math500/234,1,712,127
acc85/semi90,math500/235,1,599,41
acc85/semi90,math500/236,1,4023,680
acc85/semi90,math500/237,1,1037,126
acc85/semi90,math500/238,1,683,101
acc85/semi90,math500/239,0,3960,606
acc85/semi90,math500/240,0,3516,1024
acc85/semi90,math500/241,1,1710,280
acc85/semi90,math500/242,1,485,63
acc85/semi90,math500/243,1,352,46
acc85/semi90,math500/244,1,749,106
acc85/semi90,math500/245,1,1495,138
acc85/semi90,math500/246,0,244,94
acc85/semi90,math500/247,1,711,104
acc85/semi90,math500/248,0,4019,645
acc85/semi90,math500/249,1,1511,206
acc85/semi90,math500/250,1,510,34
acc85/semi90,math500/251,1,801,147
acc85/semi90,math500/252,1,651,59
acc85/semi90,math500/253,1,220,29
acc85/semi90,math500/254,1,385,42
acc85/semi90,math500/255,1,363,53
acc85/semi90,math500/256,1,404,42
acc85/semi90,math500/257,1,375,41
acc85/semi90,math500/258,1,423,43
acc85/semi90,math500/259,0,279,22
acc85/semi90,math500/260,1,702,52
acc85/semi90,math500/261,1,317,48
acc85/semi90,math500/262,1,188,18
acc85/semi90,math500/263,1,500,71
acc85/semi90,math500/264,0,3808,1000
acc85/semi90,math500/265,1,295,28
acc85/semi90,math500/266,1,350,45
acc85/semi90,math500/267,1,624,126
acc85/semi90,math500/268,1,251,20
acc85/semi90,math500/269,1,444,85
acc85/semi90,math500/270,1,343,33
acc85/semi90,math500/271,1,884,99
acc85/semi90,math500/272,1,929,123
acc85/semi90,math500/273,1,335,49
acc85/semi90,math500/274,0,3176,1024
acc85/semi90,math500/275,1,201,11
acc85/semi90,math500/276,1,882,123
acc85/semi90,math500/277,1,253,52
acc85/semi90,math500/278,1,506,67
acc85/semi90,math500/279,0,1024,259
acc85/semi90,math500/280,1,459,65
acc85/semi90,math500/281,1,3177,1024
acc85/semi90,math500/282,0,732,90
acc85/semi90,math500/283,1,291,28
acc85/semi90,math500/284,0,4012,701
acc85/semi90,math500/285,1,2870,506
acc85/semi90,math500/286,0,4008,791
acc85/semi90,math500/287,1,936,165
acc85/semi90,math500/288,1,1277,145
acc85/semi90,math500/289,1,667,61
acc85/semi90,math500/290,1,886,79
acc85/semi90,math500/291,1,563,105
acc85/semi90,math500/292,0,3956,284
acc85/semi90,math500/293,1,460,42
acc85/semi90,math500/294,1,1967,372
acc85/semi90,math500/295,1,1501,295
acc85/semi90,math500/296,1,3710,688
acc85/semi90,math500/297,1,886,144
acc85/semi90,math500/298,1,1055,82
acc85/semi90,math500/299,1,517,84
acc85/semi90,math500/300,1,462,101
acc85/semi90,math500/301,0,440,58
acc85/semi90,math500/302,0,2754,475
acc85/semi90,math500/303,0,4009,881
acc85/semi90,math500/304,1,825,72
acc85/semi90,math500/305,0,523,59
acc85/semi90,math500/306,0,3779,786
acc85/semi90,math500/307,1,1081,172
acc85/semi90,math500/308,0,4018,802
acc85/semi90,math500/309,0,3470,1024
acc85/semi90,math500/310,1,394,34
acc85/semi90,math500/311,1,841,100
acc85/semi90,math500/312,1,308,73
acc85/semi90,math500/313,1,348,58
acc85/semi90,math500/314,1,342,48
acc85/semi90,math500/315,1,1150,163
acc85/semi90,math500/316,1,536,91
acc85/semi90,math500/317,0,3977,762
acc85/semi90,math500/318,0,502,66
acc85/semi90,math500/319,1,249,19
acc85/semi90,math500/320,1,995,197
acc85/semi90,math500/321,0,335,40
acc85/semi90,math500/322,0,242,17
acc85/semi90,math500/323,1,3731,990
acc85/semi90,math500/324,0,3782,674
acc85/semi90,math500/325,1,427,38
acc85/semi90,math500/326,0,455,50
acc85/semi90,math500/327,0,3390,453
acc85/semi90,math500/328,1,2528,458
acc85/semi90,math500/329,0,179,32
acc85/semi90,math500/330,1,498,69
acc85/semi90,math500/331,1,797,81
acc85/semi90,math500/332,0,4023,812
acc85/semi90,math500/333,1,983,166
acc85/semi90,math500/334,1,477,47
acc85/semi90,math500/335,1,1006,125
acc85/semi90,math500/336,1,263,15
acc85/semi90,math500/337,1,553,83
acc85/semi90,math500/338,1,456,69
acc85/semi90,math500/339,1,874,136
acc85/semi90,math500/340,0,1177,181
acc85/semi90,math500/341,1,416,58
acc85/semi90,math500/342,1,427,46
acc85/semi90,math500/343,1,364,59
acc85/semi90,math500/344,1,591,59
acc85/semi90,math500/345,1,231,19
acc85/semi90,math500/346,1,633,68
acc85/semi90,math500/347,1,436,35
acc85/semi90,math500/348,1,341,24
acc85/semi90,math500/349,0,3937,1024
acc85/semi90,math500/350,1,418,68
acc85/semi90,math500/351,0,3995,495
acc85/semi90,math500/352,0,3852,594
acc85/semi90,math500/353,1,461,71
acc85/semi90,math500/354,1,790,123
acc85/semi90,math500/355,1,2687,389
acc85/semi90,math500/356,1,778,104
acc85/semi90,math500/357,0,799,130
acc85/semi90,math500/358,1,480,60
acc85/semi90,math500/359,1,2976,507
acc85/semi90,math500/360,1,504,87
acc85/semi90,math500/361,1,1531,266
acc85/semi90,math500/362,1,260,48
acc85/semi90,math500/363,1,310,31
acc85/semi90,math500/364,1,1025,162
acc85/semi90,math500/365,1,2891,710
acc85/semi90,math500/366,1,598,70
acc85/semi90,math500/367,1,300,35
acc85/semi90,math500/368,1,505,76
acc85/semi90,math500/369,0,3907,773
acc85/semi90,math500/370,1,205,14
acc85/semi90,math500/371,0,4008,843
acc85/semi90,math500/372,0,3820,776
acc85/semi90,math500/373,1,510,48
acc85/semi90,math500/374,1,233,29
acc85/semi90,math500/375,1,727,91
acc85/semi90,math500/376,1,842,100
acc85/semi90,math500/377,1,898,223
acc85/semi90,math500/378,1,879,109
acc85/semi90,math500/379,0,889,102
acc85/semi90,math500/380,1,1127,248
acc85/semi90,math500/381,1,2138,438
acc85/semi90,math500/382,1,782,110
acc85/semi90,math500/383,0,434,38
acc85/semi90,math500/384,1,186,16
acc85/semi90,math500/385,0,316,52
acc85/semi90,math500/386,1,380,43
acc85/semi90,math500/387,1,200,13
acc85/semi90,math500/388,1,598,68
acc85/semi90,math500/389,0,3940,774
acc85/semi90,math500/390,1,1059,120
acc85/semi90,math500/391,1,2076,439
acc85/semi90,math500/392,0,3755,705
acc85/semi90,math500/393,1,408,55
acc85/semi90,math500/394,1,1252,180
acc85/semi90,math500/395,1,315,38
acc85/semi90,math500/396,1,3601,814
acc85/semi90,math500/397,1,235,16
acc85/semi90,math500/398,0,530,96
acc85/semi90,math500/399,1,196,23
acc85/semi90,math500/400,0,4002,890
acc85/semi90,math500/401,1,3658,546
acc85/semi90,math500/402,1,471,72
acc85/semi90,math500/403,0,724,136
acc85/semi90,math500/404,1,304,26
acc85/semi90,math500/405,1,226,33
acc85/semi90,math500/406,1,382,53
acc85/semi90,math500/407,1,219,22
acc85/semi90,math500/408,0,1065,165
acc85/semi90,math500/409,0,4011,673
acc85/semi90,math500/410,1,798,136
acc85/semi90,math500/411,1,221,50
acc85/semi90,math500/412,1,2339,353
acc85/semi90,math500/413,1,234,25
acc85/semi90,math500/414,1,463,47
acc85/semi90,math500/415,0,983,93
acc85/semi90,math500/416,1,636,50
acc85/semi90,math500/417,1,337,46
acc85/semi90,math500/418,1,384,39
acc85/semi90,math500/419,1,3180,503
acc85/semi90,math500/420,0,418,32
acc85/semi90,math500/421,0,3967,674
acc85/semi90,math500/422,0,3966,703
acc85/semi90,math500/423,1,1441,181
acc85/semi90,math500/424,1,545,66
acc85/semi90,math500/425,0,3993,615
acc85/semi90,math500/426,1,492,61
acc85/semi90,math500/427,1,314,40
acc85/semi90,math500/428,1,968,85
acc85/semi90,math500/429,1,931,125
acc85/semi90,math500/430,1,99,15
acc85/semi90,math500/431,1,1154,138
acc85/semi90,math500/432,0,3992,543
acc85/semi90,math500/433,0,421,90
acc85/semi90,math500/434,1,539,62
acc85/semi90,math500/435,1,729,112
acc85/semi90,math500/436,1,1373,168
acc85/semi90,math500/437,1,928,127
acc85/semi90,math500/438,1,545,108
acc85/semi90,math500/439,1,2137,365
acc85/semi90,math500/440,1,409,36
acc85/semi90,math500/441,0,229,27
acc85/semi90,math500/442,1,311,23
acc85/semi90,math500/443,1,183,21
acc85/semi90,math500/444,0,3887,717
acc85/semi90,math500/445,0,3799,778
acc85/semi90,math500/446,1,686,58
acc85/semi90,math500/447,1,414,60
acc85/semi90,math500/448,0,4017,581
acc85/semi90,math500/449,1,269,22
acc85/semi90,math500/450,1,915,110
acc85/semi90,math500/451,1,517,68
acc85/semi90,math500/452,1,617,57
acc85/semi90,math500/453,1,311,40
acc85/semi90,math500/454,1,1358,128
acc85/semi90,math500/455,1,395,49
acc85/semi90,math500/456,0,1492,205
acc85/semi90,math500/457,1,148,25
acc85/semi90,math500/458,0,3961,469
acc85/semi90,math500/459,1,761,99
acc85/semi90,math500/460,0,2007,528
acc85/semi90,math500/461,1,686,65
acc85/semi90,math500/462,1,775,164
acc85/semi90,math500/463,1,252,24
acc85/semi90,math500/464,1,894,121
acc85/semi90,math500/465,1,519,95
acc85/semi90,math500/466,1,1581,275
acc85/semi90,math500/467,1,490,115
acc85/semi90,math500/468,1,268,33
acc85/semi90,math500/469,1,365,30
acc85/semi90,math500/470,0,4020,743
acc85/semi90,math500/471,1,250,36
acc85/semi90,math500/472,1,269,31
acc85/semi90,math500/473,1,1099,149
acc85/semi90,math500/474,1,688,65
acc85/semi90,math500/475,0,3911,699
acc85/semi90,math500/476,0,337,63
acc85/semi90,math500/477,1,588,103
acc85/semi90,math500/478,0,3996,715
acc85/semi90,math500/479,1,1754,339
acc85/semi90,math500/480,1,2513,486
acc85/semi90,math500/481,0,3970,424
acc85/semi90,math500/482,1,881,184
acc85/semi90,math500/483,1,1260,118
acc85/semi90,math500/484,1,745,73
acc85/semi90,math500/485,0,3860,926
acc85/semi90,math500/486,1,3968,680
acc85/semi90,math500/487,1,282,31
acc85/semi90,math500/488,1,182,26
acc85/semi90,math500/489,1,1370,244
acc85/semi90,math500/490,0,3980,787
acc85/semi90,math500/491,1,599,159
acc85/semi90,math500/492,1,497,56
acc85/semi90,math500/493,0,591,49
acc85/semi90,math500/494,0,3999,949
acc85/semi90,math500/495,1,710,105
acc85/semi90,math500/496,1,487,39
acc85/semi90,math500/497,0,4021,739
acc85/semi90,math500/498,0,4011,582
acc85/semi90,math500/499,1,3139,642
acc90/semi70,gsm8k/0,1,171,30
acc90/semi70,gsm8k/1,0,233,56
acc90/semi70,gsm8k/2,1,387,48
acc90/semi70,gsm8k/3,1,210,29
acc90/semi70,gsm8k/4,1,255,51
acc90/semi70,gsm8k/5,1,137,24
acc90/semi70,gsm8k/6,1,140,18
acc90/semi70,gsm8k/7,1,253,32
acc90/semi70,gsm8k/8,1,450,79
acc90/semi70,gsm8k/9,0,198,43
acc90/semi70,gsm8k/10,1,375,75
acc90/semi70,gsm8k/11,0,443,82
acc90/semi70,gsm8k/12,1,149,23
acc90/semi70,gsm8k/13,1,256,23
acc90/semi70,gsm8k/14,1,381,70
acc90/semi70,gsm8k/15,1,197,40
acc90/semi70,gsm8k/16,1,210,29
acc90/semi70,gsm8k/17,1,141,16
acc90/semi70,gsm8k/18,1,178,28
acc90/semi70,gsm8k/19,1,226,25
acc90/semi70,gsm8k/20,1,209,32
acc90/semi70,gsm8k/21,1,244,41
acc90/semi70,gsm8k/22,1,298,42
acc90/semi70,gsm8k/23,1,313,58
acc90/semi70,gsm8k/24,1,204,30
acc90/semi70,gsm8k/25,0,286,50
acc90/semi70,gsm8k/26,1,189,32
acc90/semi70,gsm8k/27,1,192,51
acc90/semi70,gsm8k/28,1,322,73
acc90/semi70,gsm8k/29,1,162,36
acc90/semi70,gsm8k/30,1,219,43
acc90/semi70,gsm8k/31,0,4013,564
acc90/semi70,gsm8k/32,1,123,26
acc90/semi70,gsm8k/33,0,260,34
acc90/semi70,gsm8k/34,1,301,55
acc90/semi70,gsm8k/35,1,191,27
acc90/semi70,gsm8k/36,1,227,36
acc90/semi70,gsm8k/37,1,210,69
acc90/semi70,gsm8k/38,1,415,97
acc90/semi70,gsm8k/39,1,312,52
acc90/semi70,gsm8k/40,1,251,57
acc90/semi70,gsm8k/41,1,274,36
acc90/semi70,gsm8k/42,1,366,46
acc90/semi70,gsm8k/43,1,211,33
acc90/semi70,gsm8k/44,1,308,43
acc90/semi70,gsm8k/45,1,172,29
acc90/semi70,gsm8k/46,1,230,37
acc90/semi70,gsm8k/47,1,126,25
acc90/semi70,gsm8k/48,1,169,34
acc90/semi70,gsm8k/49,0,389,101
acc90/semi70,gsm8k/50,0,286,82
acc90/semi70,gsm8k/51,1,158,26
acc90/semi70,gsm8k/52,1,173,41
acc90/semi70,gsm8k/53,1,130,20
acc90/semi70,gsm8k/54,1,362,76
acc90/semi70,gsm8k/55,1,204,52
acc90/semi70,gsm8k/56,1,294,28
acc90/semi70,gsm8k/57,1,135,23
acc90/semi70,gsm8k/58,1,198,20
acc90/semi70,gsm8k/59,1,172,25
acc90/semi70,gsm8k/60,1,180,22
acc90/semi70,gsm8k/61,1,174,26
acc90/semi70,gsm8k/62,1,226,35
acc90/semi70,gsm8k/63,1,152,31
acc90/semi70,gsm8k/64,1,561,87
acc90/semi70,gsm8k/65,1,220,36
acc90/semi70,gsm8k/66,1,316,41
acc90/semi70,gsm8k/67,1,249,45
acc90/semi70,gsm8k/68,1,323,58
acc90/semi70,gsm8k/69,1,191,25
acc90/semi70,gsm8k/70,1,459,79
acc90/semi70,gsm8k/71,1,359,40
acc90/semi70,gsm8k/72,1,247,26
acc90/semi70,gsm8k/73,1,224,42
acc90/semi70,gsm8k/74,1,152,27
acc90/semi70,gsm8k/75,1,347,57
acc90/semi70,gsm8k/76,1,236,29
acc90/semi70,gsm8k/77,1,1366,375
acc90/semi70,gsm8k/78,1,231,41
acc90/semi70,gsm8k/79,1,271,38
acc90/semi70,gsm8k/80,0,2504,679
acc90/semi70,gsm8k/81,1,322,42
acc90/semi70,gsm8k/82,1,145,17
acc90/semi70,gsm8k/83,1,255,55
acc90/semi70,gsm8k/84,1,147,42
acc90/semi70,gsm8k/85,1,230,45
acc90/semi70,gsm8k/86,1,460,107
acc90/semi70,gsm8k/87,1,187,20
acc90/semi70,gsm8k/88,1,186,32
acc90/semi70,gsm8k/89,1,176,23
acc90/semi70,gsm8k/90,1,214,18
acc90/semi70,gsm8k/91,1,413,57
acc90/semi70,gsm8k/92,1,207,36
acc90/semi70,gsm8k/93,1,135,26
acc90/semi70,gsm8k/94,1,193,38
acc90/semi70,gsm8k/95,1,234,31
acc90/semi70,gsm8k/96,1,3993,749
acc90/semi70,gsm8k/97,1,206,40
acc90/semi70,gsm8k/98,1,184,38
acc90/semi70,gsm8k/99,1,194,20
acc90/semi70,gsm8k/100,1,210,45
acc90/semi70,gsm8k/101,1,261,53
acc90/semi70,gsm8k/102,1,396,131
acc90/semi70,gsm8k/103,1,180,29
acc90/semi70,gsm8k/104,1,137,30
acc90/semi70,gsm8k/105,1,326,36
acc90/semi70,gsm8k/106,1,280,42
acc90/semi70,gsm8k/107,1,340,70
acc90/semi70,gsm8k/108,1,185,40
acc90/semi70,gsm8k/109,1,365,49
acc90/semi70,gsm8k/110,1,200,20
acc90/semi70,gsm8k/111,1,146,23
acc90/semi70,gsm8k/112,1,245,43
acc90/semi70,gsm8k/113,1,243,39
acc90/semi70,gsm8k/114,1,194,24
acc90/semi70,gsm8k/115,1,173,21
acc90/semi70,gsm8k/116,1,371,79
acc90/semi70,gsm8k/117,1,307,48
acc90/semi70,gsm8k/118,1,290,46
acc90/semi70,gsm8k/119,1,327,45
acc90/semi70,gsm8k/120,1,105,20
acc90/semi70,gsm8k/121,1,463,101
acc90/semi70,gsm8k/122,1,177,14
acc90/semi70,gsm8k/123,1,677,171
acc90/semi70,gsm8k/124,1,185,24
acc90/semi70,gsm8k/125,1,143,22
acc90/semi70,gsm8k/126,1,286,62
acc90/semi70,gsm8k/127,1,224,25
acc90/semi70,gsm8k/128,1,698,90
acc90/semi70,gsm8k/129,1,218,52
acc90/semi70,gsm8k/130,1,321,78
acc90/semi70,gsm8k/131,0,356,84
acc90/semi70,gsm8k/132,1,215,40
acc90/semi70,gsm8k/133,1,250,41
acc90/semi70,gsm8k/134,1,194,21
acc90/semi70,gsm8k/135,0,312,57
acc90/semi70,gsm8k/136,1,2622,573
acc90/semi70,gsm8k/137,0,258,56
acc90/semi70,gsm8k/138,1,352,81
acc90/semi70,gsm8k/139,1,270,45
acc90/semi70,gsm8k/140,1,233,26
acc90/semi70,gsm8k/141,1,227,39
acc90/semi70,gsm8k/142,1,161,23
acc90/semi70,gsm8k/143,1,283,43
acc90/semi70,gsm8k/144,1,501,91
acc90/semi70,gsm8k/145,1,177,41
acc90/semi70,gsm8k/146,0,338,53
acc90/semi70,gsm8k/147,1,167,26
acc90/semi70,gsm8k/148,1,281,56
acc90/semi70,gsm8k/149,1,2398,452
acc90/semi70,gsm8k/150,1,198,36
acc90/semi70,gsm8k/151,1,388,74
acc90/semi70,gsm8k/152,1,240,50
acc90/semi70,gsm8k/153,1,211,42
acc90/semi70,gsm8k/154,1,171,17
acc90/semi70,gsm8k/155,0,187,31
acc90/semi70,gsm8k/156,1,278,34
acc90/semi70,gsm8k/157,1,206,31
acc90/semi70,gsm8k/158,1,241,32
acc90/semi70,gsm8k/159,1,342,47
acc90/semi70,gsm8k/160,1,151,27
acc90/semi70,gsm8k/161,1,207,39
acc90/semi70,gsm8k/162,1,233,30
acc90/semi70,gsm8k/163,1,249,40
acc90/semi70,gsm8k/164,1,368,38
acc90/semi70,gsm8k/165,1,312,50
acc90/semi70,gsm8k/166,1,160,17
acc90/semi70,gsm8k/167,1,177,22
acc90/semi70,gsm8k/168,0,3994,688
acc90/semi70,gsm8k/169,1,277,40
acc90/semi70,gsm8k/170,1,516,90
acc90/semi70,gsm8k/171,1,253,47
acc90/semi70,gsm8k/172,1,215,41
acc90/semi70,gsm8k/173,1,307,37
acc90/semi70,gsm8k/174,1,242,49
acc90/semi70,gsm8k/175,1,225,42
acc90/semi70,gsm8k/176,1,386,60
acc90/semi70,gsm8k/177,1,148,19
acc90/semi70,gsm8k/178,1,288,52
acc90/semi70,gsm8k/179,1,273,42
acc90/semi70,gsm8k/180,1,134,20
acc90/semi70,gsm8k/181,1,218,33
acc90/semi70,gsm8k/182,1,257,43
acc90/semi70,gsm8k/183,1,244,37
acc90/semi70,gsm8k/184,1,385,77
acc90/semi70,gsm8k/185,1,223,28
acc90/semi70,gsm8k/186,0,192,31
acc90/semi70,gsm8k/187,1,199,26
acc90/semi70,gsm8k/188,1,421,53
acc90/semi70,gsm8k/189,1,229,36
acc90/semi70,gsm8k/190,1,333,44
acc90/semi70,gsm8k/191,1,248,50
acc90/semi70,gsm8k/192,1,243,49
acc90/semi70,gsm8k/193,1,197,38
acc90/semi70,gsm8k/194,1,106,16
acc90/semi70,gsm8k/195,1,385,62
acc90/semi70,gsm8k/196,1,231,34
acc90/semi70,gsm8k/197,1,485,43
acc90/semi70,gsm8k/198,0,268,56
acc90/semi70,gsm8k/199,1,127,18
acc90/semi70,gsm8k/200,1,271,44
acc90/semi70,gsm8k/201,1,225,30
acc90/semi70,gsm8k/202,1,135,21
acc90/semi70,gsm8k/203,1,191,46
acc90/semi70,gsm8k/204,1,211,36
acc90/semi70,gsm8k/205,1,397,56
acc90/semi70,gsm8k/206,1,246,49
acc90/semi70,gsm8k/207,1,302,33
acc90/semi70,gsm8k/208,1,189,20
acc90/semi70,gsm8k/209,1,255,33
acc90/semi70,gsm8k/210,1,384,80
acc90/semi70,gsm8k/211,1,201,33
acc90/semi70,gsm8k/212,1,188,42
acc90/semi70,gsm8k/213,1,336,68
acc90/semi70,gsm8k/214,1,115,15
acc90/semi70,gsm8k/215,1,374,91
acc90/semi70,gsm8k/216,1,283,40
acc90/semi70,gsm8k/217,1,261,40
acc90/semi70,gsm8k/218,1,349,73
acc90/semi70,gsm8k/219,1,197,29
acc90/semi70,gsm8k/220,1,189,27
acc90/semi70,gsm8k/221,1,219,17
acc90/semi70,gsm8k/222,1,156,19
acc90/semi70,gsm8k/223,0,264,53
acc90/semi70,gsm8k/224,1,177,30
acc90/semi70,gsm8k/225,0,808,292
acc90/semi70,gsm8k/226,1,116,26
acc90/semi70,gsm8k/227,1,297,37
acc90/semi70,gsm8k/228,1,237,45
acc90/semi70,gsm8k/229,0,350,72
acc90/semi70,gsm8k/230,1,727,192
acc90/semi70,gsm8k/231,1,230,36
acc90/semi70,gsm8k/232,1,230,29
acc90/semi70,gsm8k/233,1,193,25
acc90/semi70,gsm8k/234,1,192,43
acc90/semi70,gsm8k/235,1,265,38
acc90/semi70,gsm8k/236,1,189,32
acc90/semi70,gsm8k/237,1,206,30
acc90/semi70,gsm8k/238,1,249,51
acc90/semi70,gsm8k/239,1,148,29
acc90/semi70,gsm8k/240,1,196,51
acc90/semi70,gsm8k/241,1,163,22
acc90/semi70,gsm8k/242,1,313,60
acc90/semi70,gsm8k/243,1,250,41
acc90/semi70,gsm8k/244,1,132,23
acc90/semi70,gsm8k/245,1,210,24
acc90/semi70,gsm8k/246,1,192,31
acc90/semi70,gsm8k/247,1,286,51
acc90/semi70,gsm8k/248,1,205,21
acc90/semi70,gsm8k/249,1,153,23
acc90/semi70,gsm8k/250,1,252,38
acc90/semi70,gsm8k/251,1,306,30
acc90/semi70,gsm8k/252,1,1424,451
acc90/semi70,gsm8k/253,1,234,32
acc90/semi70,gsm8k/254,1,250,24
acc90/semi70,gsm8k/255,1,293,48
acc90/semi70,gsm8k/256,1,353,47
acc90/semi70,gsm8k/257,1,311,44
acc90/semi70,gsm8k/258,1,221,29
acc90/semi70,gsm8k/259,1,702,227
acc90/semi70,gsm8k/260,1,230,51
acc90/semi70,gsm8k/261,1,404,87
acc90/semi70,gsm8k/262,1,315,34
acc90/semi70,gsm8k/263,1,202,27
acc90/semi70,gsm8k/264,1,278,47
acc90/semi70,gsm8k/265,1,278,53
acc90/semi70,gsm8k/266,1,385,62
acc90/semi70,gsm8k/267,1,189,36
acc90/semi70,gsm8k/268,1,191,24
acc90/semi70,gsm8k/269,1,202,25
acc90/semi70,gsm8k/270,0,432,100
acc90/semi70,gsm8k/271,1,250,57
acc90/semi70,gsm8k/272,1,167,19
acc90/semi70,gsm8k/273,1,215,31
acc90/semi70,gsm8k/274,1,296,40
acc90/semi70,gsm8k/275,1,256,40
acc90/semi70,gsm8k/276,0,1498,450
acc90/semi70,gsm8k/277,1,151,28
acc90/semi70,gsm8k/278,1,158,32
acc90/semi70,gsm8k/279,1,204,29
acc90/semi70,gsm8k/280,1,296,48
acc90/semi70,gsm8k/281,1,189,42
acc90/semi70,gsm8k/282,1,232,42
acc90/semi70,gsm8k/283,1,157,30
acc90/semi70,gsm8k/284,1,218,28
acc90/semi70,gsm8k/285,1,314,34
acc90/semi70,gsm8k/286,1,170,29
acc90/semi70,gsm8k/287,1,1098,296
acc90/semi70,gsm8k/288,0,333,68
acc90/semi70,gsm8k/289,0,180,36
acc90/semi70,gsm8k/290,1,183,33
acc90/semi70,gsm8k/291,1,242,39
acc90/semi70,gsm8k/292,1,223,31
acc90/semi70,gsm8k/293,1,327,59
acc90/semi70,gsm8k/294,0,3998,600
acc90/semi70,gsm8k/295,1,209,31
acc90/semi70,gsm8k/296,0,423,89
acc90/semi70,gsm8k/297,1,203,27
acc90/semi70,gsm8k/298,1,252,33
acc90/semi70,gsm8k/299,1,362,38
acc90/semi70,gsm8k/300,1,242,41
acc90/semi70,gsm8k/301,1,101,16
acc90/semi70,gsm8k/302,1,275,29
acc90/semi70,gsm8k/303,1,280,41
acc90/semi70,gsm8k/304,1,141,21
acc90/semi70,gsm8k/305,1,191,29
acc90/semi70,gsm8k/306,1,195,26
acc90/semi70,gsm8k/307,1,246,39
acc90/semi70,gsm8k/308,1,450,60
acc90/semi70,gsm8k/309,1,198,26
acc90/semi70,gsm8k/310,1,289,31
acc90/semi70,gsm8k/311,1,170,25
acc90/semi70,gsm8k/312,1,243,32
acc90/semi70,gsm8k/313,1,194,34
acc90/semi70,gsm8k/314,1,191,35
acc90/semi70,gsm8k/315,1,345,60
acc90/semi70,gsm8k/316,1,209,39
acc90/semi70,gsm8k/317,1,251,29
acc90/semi70,gsm8k/318,1,223,35
acc90/semi70,gsm8k/319,1,172,22
acc90/semi70,gsm8k/320,1,459,113
acc90/semi70,gsm8k/321,1,174,24
acc90/semi70,gsm8k/322,1,337,48
acc90/semi70,gsm8k/323,1,159,25
acc90/semi70,gsm8k/324,1,302,52
acc90/semi70,gsm8k/325,1,219,26
acc90/semi70,gsm8k/326,1,367,55
acc90/semi70,gsm8k/327,1,266,48
acc90/semi70,gsm8k/328,1,154,21
acc90/semi70,gsm8k/329,1,147,30
acc90/semi70,gsm8k/330,1,192,21
acc90/semi70,gsm8k/331,1,256,40
acc90/semi70,gsm8k/332,1,236,41
acc90/semi70,gsm8k/333,1,176,25
acc90/semi70,gsm8k/334,1,389,76
acc90/semi70,gsm8k/335,1,194,25
acc90/semi70,gsm8k/336,1,218,35
acc90/semi70,gsm8k/337,1,432,81
acc90/semi70,gsm8k/338,1,283,36
acc90/semi70,gsm8k/339,1,571,108
acc90/semi70,gsm8k/340,1,221,41
acc90/semi70,gsm8k/341,1,193,26
acc90/semi70,gsm8k/342,1,240,27
acc90/semi70,gsm8k/343,1,215,41
acc90/semi70,gsm8k/344,1,132,23
acc90/semi70,gsm8k/345,1,449,43
acc90/semi70,gsm8k/346,1,383,72
acc90/semi70,gsm8k/347,1,128,17
acc90/semi70,gsm8k/348,1,411,45
acc90/semi70,gsm8k/349,1,241,34
acc90/semi70,gsm8k/350,1,277,44
acc90/semi70,gsm8k/351,0,495,55
acc90/semi70,gsm8k/352,1,132,19
acc90/semi70,gsm8k/353,1,201,30
acc90/semi70,gsm8k/354,1,253,32
acc90/semi70,gsm8k/355,1,319,49
acc90/semi70,gsm8k/356,1,499,78
acc90/semi70,gsm8k/357,0,354,72
acc90/semi70,gsm8k/358,1,194,16
acc90/semi70,gsm8k/359,1,288,40
acc90/semi70,gsm8k/360,1,437,66
acc90/semi70,gsm8k/361,1,219,42
acc90/semi70,gsm8k/362,1,190,45
acc90/semi70,gsm8k/363,1,166,36
acc90/semi70,gsm8k/364,1,127,24
acc90/semi70,gsm8k/365,1,331,101
acc90/semi70,gsm8k/366,0,202,32
acc90/semi70,gsm8k/367,1,171,36
acc90/semi70,gsm8k/368,0,238,62
acc90/semi70,gsm8k/369,1,203,37
acc90/semi70,gsm8k/370,1,230,48
acc90/semi70,gsm8k/371,1,259,31
acc90/semi70,gsm8k/372,1,413,64
acc90/semi70,gsm8k/373,1,158,18
acc90/semi70,gsm8k/374,1,364,69
acc90/semi70,gsm8k/375,1,433,83
acc90/semi70,gsm8k/376,1,250,26
acc90/semi70,gsm8k/377,1,277,32
acc90/semi70,gsm8k/378,0,3551,1024
acc90/semi70,gsm8k/379,1,241,51
acc90/semi70,gsm8k/380,1,258,38
acc90/semi70,gsm8k/381,1,175,30
acc90/semi70,gsm8k/382,1,362,73
acc90/semi70,gsm8k/383,1,175,21
acc90/semi70,gsm8k/384,1,166,21
acc90/semi70,gsm8k/385,1,185,24
acc90/semi70,gsm8k/386,1,335,35
acc90/semi70,gsm8k/387,1,179,21
acc90/semi70,gsm8k/388,1,224,39
acc90/semi70,gsm8k/389,1,950,310
acc90/semi70,gsm8k/390,0,292,62
acc90/semi70,gsm8k/391,1,395,55
acc90/semi70,gsm8k/392,1,299,65
acc90/semi70,gsm8k/393,0,157,25
acc90/semi70,gsm8k/394,1,194,23
acc90/semi70,gsm8k/395,1,175,27
acc90/semi70,gsm8k/396,1,244,30
acc90/semi70,gsm8k/397,0,154,28
acc90/semi70,gsm8k/398,1,184,17
acc90/semi70,gsm8k/399,0,292,79
acc90/semi70,gsm8k/400,1,204,20
acc90/semi70,gsm8k/401,0,3992,671
acc90/semi70,gsm8k/402,0,533,98
acc90/semi70,gsm8k/403,1,407,57
acc90/semi70,gsm8k/404,1,152,19
acc90/semi70,gsm8k/405,0,1005,321
acc90/semi70,gsm8k/406,1,284,52
acc90/semi70,gsm8k/407,1,343,56
acc90/semi70,gsm8k/408,1,139,19
acc90/semi70,gsm8k/409,0,399,49
acc90/semi70,gsm8k/410,1,430,51
acc90/semi70,gsm8k/411,1,171,30
acc90/semi70,gsm8k/412,1,276,67
acc90/semi70,gsm8k/413,1,172,17
acc90/semi70,gsm8k/414,0,257,62
acc90/semi70,gsm8k/415,1,306,39
acc90/semi70,gsm8k/416,1,200,26
acc90/semi70,gsm8k/417,1,227,30
acc90/semi70,gsm8k/418,1,122,25
acc90/semi70,gsm8k/419,1,280,48
acc90/semi70,gsm8k/420,1,266,33
acc90/semi70,gsm8k/421,1,131,18
acc90/semi70,gsm8k/422,1,196,21
acc90/semi70,gsm8k/423,1,184,29
acc90/semi70,gsm8k/424,1,130,37
acc90/semi70,gsm8k/425,1,214,29
acc90/semi70,gsm8k/426,1,193,33
acc90/semi70,gsm8k/427,1,514,71
acc90/semi70,gsm8k/428,1,296,32
acc90/semi70,gsm8k/429,1,223,39
acc90/semi70,gsm8k/430,1,109,13
acc90/semi70,gsm8k/431,1,719,222
acc90/semi70,gsm8k/432,1,135,12
acc90/semi70,gsm8k/433,1,517,88
acc90/semi70,gsm8k/434,1,449,68
acc90/semi70,gsm8k/435,1,279,48
acc90/semi70,gsm8k/436,1,301,35
acc90/semi70,gsm8k/437,1,705,164
acc90/semi70,gsm8k/438,0,335,55
acc90/semi70,gsm8k/439,1,528,92
acc90/semi70,gsm8k/440,1,122,17
acc90/semi70,gsm8k/441,1,336,70
acc90/semi70,gsm8k/442,1,146,25
acc90/semi70,gsm8k/443,1,254,43
acc90/semi70,gsm8k/444,1,136,17
acc90/semi70,gsm8k/445,1,341,66
acc90/semi70,gsm8k/446,1,326,77
acc90/semi70,gsm8k/447,1,207,39
acc90/semi70,gsm8k/448,1,212,28
acc90/semi70,gsm8k/449,1,199,23
acc90/semi70,gsm8k/450,1,246,28
acc90/semi70,gsm8k/451,1,375,48
acc90/semi70,gsm8k/452,1,312,81
acc90/semi70,gsm8k/453,1,266,48
acc90/semi70,gsm8k/454,1,307,79
acc90/semi70,gsm8k/455,1,235,39
acc90/semi70,gsm8k/456,1,127,14
acc90/semi70,gsm8k/457,1,180,37
acc90/semi70,gsm8k/458,1,278,58
acc90/semi70,gsm8k/459,1,365,56
acc90/semi70,gsm8k/460,1,224,21
acc90/semi70,gsm8k/461,1,296,56
acc90/semi70,gsm8k/462,1,269,34
acc90/semi70,gsm8k/463,1,270,45
acc90/semi70,gsm8k/464,1,252,44
acc90/semi70,gsm8k/465,0,3957,803
acc90/semi70,gsm8k/466,1,267,34
acc90/semi70,gsm8k/467,1,169,23
acc90/semi70,gsm8k/468,1,173,19
acc90/semi70,gsm8k/469,1,216,32
acc90/semi70,gsm8k/470,1,230,30
acc90/semi70,gsm8k/471,1,337,49
acc90/semi70,gsm8k/472,1,471,100
acc90/semi70,gsm8k/473,1,308,23
acc90/semi70,gsm8k/474,1,255,69
acc90/semi70,gsm8k/475,1,410,120
acc90/semi70,gsm8k/476,1,171,42
acc90/semi70,gsm8k/477,1,227,35
acc90/semi70,gsm8k/478,1,288,33
acc90/semi70,gsm8k/479,1,417,67
acc90/semi70,gsm8k/480,1,415,53
acc90/semi70,gsm8k/481,0,357,90
acc90/semi70,gsm8k/482,1,174,25
acc90/semi70,gsm8k/483,0,4002,649
acc90/semi70,gsm8k/484,1,307,38
acc90/semi70,gsm8k/485,1,160,25
acc90/semi70,gsm8k/486,0,638,127
acc90/semi70,gsm8k/487,1,167,29
acc90/semi70,gsm8k/488,1,285,53
acc90/semi70,gsm8k/489,1,368,65
acc90/semi70,gsm8k/490,1,463,131
acc90/semi70,gsm8k/491,1,320,69
acc90/semi70,gsm8k/492,1,367,55
acc90/semi70,gsm8k/493,1,185,28
acc90/semi70,gsm8k/494,1,207,25
acc90/semi70,gsm8k/495,1,238,43
acc90/semi70,gsm8k/496,1,205,52
acc90/semi70,gsm8k/497,1,234,28
acc90/semi70,gsm8k/498,1,172,28
acc90/semi70,gsm8k/499,0,225,78
acc90/semi70,gsm8k/500,1,142,17
acc90/semi70,gsm8k/501,1,180,29
acc90/semi70,gsm8k/502,1,375,52
acc90/semi70,gsm8k/503,1,227,32
acc90/semi70,gsm8k/504,1,252,53
acc90/semi70,gsm8k/505,1,272,31
acc90/semi70,gsm8k/506,1,127,26
acc90/semi70,gsm8k/507,1,257,30
acc90/semi70,gsm8k/508,1,187,17
acc90/semi70,gsm8k/509,1,308,52
acc90/semi70,gsm8k/510,1,189,23
acc90/semi70,gsm8k/511,1,130,30
acc90/semi70,math500/0,1,329,62
acc90/semi70,math500/1,1,652,88
acc90/semi70,math500/2,1,397,30
acc90/semi70,math500/3,1,354,43
acc90/semi70,math500/4,1,688,106
acc90/semi70,math500/5,1,317,59
acc90/semi70,math500/6,1,699,149
acc90/semi70,math500/7,1,737,105
acc90/semi70,math500/8,1,318,24
acc90/semi70,math500/9,0,3735,1024
acc90/semi70,math500/10,1,2620,758
acc90/semi70,math500/11,0,4011,758
acc90/semi70,math500/12,1,753,108
acc90/semi70,math500/13,1,305,28
acc90/semi70,math500/14,0,345,64
acc90/semi70,math500/15,1,1200,153
acc90/semi70,math500/16,1,287,38
acc90/semi70,math500/17,1,3483,1024
acc90/semi70,math500/18,0,3050,1024
acc90/semi70,math500/19,1,1466,379
acc90/semi70,math500/20,1,140,19
acc90/semi70,math500/21,0,2033,370
acc90/semi70,math500/22,1,1694,393
acc90/semi70,math500/23,1,655,62
acc90/semi70,math500/24,1,1025,134
acc90/semi70,math500/25,0,1627,245
acc90/semi70,math500/26,0,3250,1024
acc90/semi70,math500/27,1,357,58
acc90/semi70,math500/28,0,294,70
acc90/semi70,math500/29,1,438,78
acc90/semi70,math500/30,1,237,33
acc90/semi70,math500/31,1,238,42
acc90/semi70,math500/32,1,438,106
acc90/semi70,math500/33,1,1496,267
acc90/semi70,math500/34,1,726,62
acc90/semi70,math500/35,1,390,35
acc90/semi70,math500/36,1,950,94
acc90/semi70,math500/37,1,297,61
acc90/semi70,math500/38,1,187,22
acc90/semi70,math500/39,1,948,179
acc90/semi70,math500/40,1,280,28
acc90/semi70,math500/41,1,4021,879
acc90/semi70,math500/42,1,311,39
acc90/semi70,math500/43,0,3988,784
acc90/semi70,math500/44,1,370,56
acc90/semi70,math500/45,1,233,43
acc90/semi70,math500/46,0,4029,743
acc90/semi70,math500/47,1,520,60
acc90/semi70,math500/48,1,248,33
acc90/semi70,math500/49,1,328,42
acc90/semi70,math500/50,0,1206,215
acc90/semi70,math500/51,1,771,117
acc90/semi70,math500/52,1,318,29
acc90/semi70,math500/53,1,304,53
acc90/semi70,math500/54,1,162,28
acc90/semi70,math500/55,1,344,62
acc90/semi70,math500/56,1,247,32
acc90/semi70,math500/57,1,339,35
acc90/semi70,math500/58,1,245,19
acc90/semi70,math500/59,1,401,42
acc90/semi70,math500/60,0,4019,786
acc90/semi70,math500/61,1,796,178
acc90/semi70,math500/62,1,1050,135
acc90/semi70,math500/63,1,1123,153
acc90/semi70,math500/64,0,1567,174
acc90/semi70,math500/65,1,238,46
acc90/semi70,math500/66,1,410,55
acc90/semi70,math500/67,0,432,58
acc90/semi70,math500/68,1,936,136
acc90/semi70,math500/69,1,510,63
acc90/semi70,math500/70,1,354,33
acc90/semi70,math500/71,0,993,205
acc90/semi70,math500/72,1,444,55
acc90/semi70,math500/73,1,313,29
acc90/semi70,math500/74,1,435,56
acc90/semi70,math500/75,1,461,74
acc90/semi70,math500/76,1,438,94
acc90/semi70,math500/77,1,195,16
acc90/semi70,math500/78,1,1885,264
acc90/semi70,math500/79,1,198,15
acc90/semi70,math500/80,0,3705,1024
acc90/semi70,math500/81,1,671,117
acc90/semi70,math500/82,1,3883,854
acc90/semi70,math500/83,1,932,161
acc90/semi70,math500/84,1,887,99
acc90/semi70,math500/85,1,416,78
acc90/semi70,math500/86,1,241,31
acc90/semi70,math500/87,1,691,112
acc90/semi70,math500/88,0,3986,918
acc90/semi70,math500/89,1,851,133
acc90/semi70,math500/90,1,175,28
acc90/semi70,math500/91,1,419,66
acc90/semi70,math500/92,1,855,100
acc90/semi70,math500/93,1,564,52
acc90/semi70,math500/94,0,1472,367
acc90/semi70,math500/95,1,562,38
acc90/semi70,math500/96,0,3967,543
acc90/semi70,math500/97,0,269,88
acc90/semi70,math500/98,1,157,23
acc90/semi70,math500/99,0,3995,678
acc90/semi70,math500/100,0,3855,577
acc90/semi70,math500/101,0,3918,825
acc90/semi70,math500/102,0,270,55
acc90/semi70,math500/103,0,3965,807
acc90/semi70,math500/104,0,3990,574
acc90/semi70,math500/105,1,337,47
acc90/semi70,math500/106,1,445,55
acc90/semi70,math500/107,1,983,189
acc90/semi70,math500/108,0,3987,958
acc90/semi70,math500/109,1,3773,603
acc90/semi70,math500/110,0,3959,969
acc90/semi70,math500/111,1,339,30
acc90/semi70,math500/112,1,726,82
acc90/semi70,math500/113,1,269,19
acc90/semi70,math500/114,1,726,78
acc90/semi70,math500/115,1,452,55
acc90/semi70,math500/116,1,213,14
acc90/semi70,math500/117,1,227,13
acc90/semi70,math500/118,1,1250,156
acc90/semi70,math500/119,0,3916,962
acc90/semi70,math500/120,1,544,107
acc90/semi70,math500/121,1,245,31
acc90/semi70,math500/122,1,310,37
acc90/semi70,math500/123,1,3805,839
acc90/semi70,math500/124,1,692,82
acc90/semi70,math500/125,1,349,37
acc90/semi70,math500/126,1,1735,304
acc90/semi70,math500/127,0,351,50
acc90/semi70,math500/128,0,308,77
acc90/semi70,math500/129,1,4015,822
acc90/semi70,math500/130,1,941,158
acc90/semi70,math500/131,1,423,36
acc90/semi70,math500/132,1,411,58
acc90/semi70,math500/133,1,410,58
acc90/semi70,math500/134,1,749,107
acc90/semi70,math500/135,1,528,79
acc90/semi70,math500/136,0,3973,696
acc90/semi70,math500/137,1,402,40
acc90/semi70,math500/138,0,818,297
acc90/semi70,math500/139,1,3353,600
acc90/semi70,math500/140,1,676,124
acc90/semi70,math500/141,1,337,98
acc90/semi70,math500/142,1,512,108
acc90/semi70,math500/143,1,744,72
acc90/semi70,math500/144,1,244,23
acc90/semi70,math500/145,0,2549,484
acc90/semi70,math500/146,1,260,30
acc90/semi70,math500/147,0,4022,823
acc90/semi70,math500/148,1,242,28
acc90/semi70,math500/149,0,1093,173
acc90/semi70,math500/150,1,2293,215
acc90/semi70,math500/151,1,992,176
acc90/semi70,math500/152,1,3480,710
acc90/semi70,math500/153,1,736,181
acc90/semi70,math500/154,0,3930,751
acc90/semi70,math500/155,1,486,86
acc90/semi70,math500/156,1,2739,424
acc90/semi70,math500/157,1,404,39
acc90/semi70,math500/158,1,635,62
acc90/semi70,math500/159,1,416,51
acc90/semi70,math500/160,1,509,63
acc90/semi70,math500/161,1,246,43
acc90/semi70,math500/162,1,383,43
acc90/semi70,math500/163,1,3197,636
acc90/semi70,math500/164,1,3023,490
acc90/semi70,math500/165,1,394,88
acc90/semi70,math500/166,0,3851,995
acc90/semi70,math500/167,1,216,24
acc90/semi70,math500/168,0,3397,839
acc90/semi70,math500/169,1,543,75
acc90/semi70,math500/170,0,4028,687
acc90/semi70,math500/171,1,235,22
acc90/semi70,math500/172,1,445,33
acc90/semi70,math500/173,1,2248,519
acc90/semi70,math500/174,1,408,48
acc90/semi70,math500/175,1,1127,181
acc90/semi70,math500/176,0,503,82
acc90/semi70,math500/177,1,3213,665
acc90/semi70,math500/178,1,287,27
acc90/semi70,math500/179,1,1024,118
acc90/semi70,math500/180,1,524,89
acc90/semi70,math500/181,1,340,50
acc90/semi70,math500/182,1,236,35
acc90/semi70,math500/183,1,708,88
acc90/semi70,math500/184,0,4021,885
acc90/semi70,math500/185,1,180,17
acc90/semi70,math500/186,1,543,110
acc90/semi70,math500/187,0,463,61
acc90/semi70,math500/188,1,3868,612
acc90/semi70,math500/189,1,2452,454
acc90/semi70,math500/190,1,498,82
acc90/semi70,math500/191,1,181,17
acc90/semi70,math500/192,0,542,90
acc90/semi70,math500/193,1,489,69
acc90/semi70,math500/194,1,2249,433
acc90/semi70,math500/195,1,414,60
acc90/semi70,math500/196,1,230,26
acc90/semi70,math500/197,1,867,134
acc90/semi70,math500/198,1,388,78
acc90/semi70,math500/199,1,258,30
acc90/semi70,math500/200,1,418,55
acc90/semi70,math500/201,1,859,103
acc90/semi70,math500/202,1,646,123
acc90/semi70,math500/203,1,573,57
acc90/semi70,math500/204,0,3984,961
acc90/semi70,math500/205,1,817,77
acc90/semi70,math500/206,1,382,45
acc90/semi70,math500/207,0,286,41
acc90/semi70,math500/208,1,390,73
acc90/semi70,math500/209,1,816,133
acc90/semi70,math500/210,1,876,236
acc90/semi70,math500/211,1,345,42
acc90/semi70,math500/212,1,455,60
acc90/semi70,math500/213,0,1432,166
acc90/semi70,math500/214,1,2238,361
acc90/semi70,math500/215,1,335,38
acc90/semi70,math500/216,1,409,68
acc90/semi70,math500/217,0,3027,1024
acc90/semi70,math500/218,1,283,29
acc90/semi70,math500/219,0,3352,645
acc90/semi70,math500/220,1,446,74
acc90/semi70,math500/221,1,839,135
acc90/semi70,math500/222,1,3224,919
acc90/semi70,math500/223,1,1600,264
acc90/semi70,math500/224,1,2342,370
acc90/semi70,math500/225,1,307,29
acc90/semi70,math500/226,1,493,138
acc90/semi70,math500/227,1,331,82
acc90/semi70,math500/228,0,3955,709
acc90/semi70,math500/229,1,317,68
acc90/semi70,math500/230,1,1218,171
acc90/semi70,math500/231,1,1035,137
acc90/semi70,math500/232,1,2369,441
acc90/semi70,math500/233,1,476,64
acc90/semi70,math500/234,1,1374,237
acc90/semi70,math500/235,0,732,61
acc90/semi70,math500/236,1,4023,669
acc90/semi70,math500/237,1,726,87
acc90/semi70,math500/238,1,739,102
acc90/semi70,math500/239,0,3960,779
acc90/semi70,math500/240,0,3836,886
acc90/semi70,math500/241,1,891,120
acc90/semi70,math500/242,0,435,65
acc90/semi70,math500/243,1,310,54
acc90/semi70,math500/244,1,3166,592
acc90/semi70,math500/245,1,1499,158
acc90/semi70,math500/246,0,1222,406
acc90/semi70,math500/247,0,627,110
acc90/semi70,math500/248,0,2038,348
acc90/semi70,math500/249,1,1350,202
acc90/semi70,math500/250,1,519,38
acc90/semi70,math500/251,1,1056,218
acc90/semi70,math500/252,1,628,60
acc90/semi70,math500/253,1,226,35
acc90/semi70,math500/254,1,376,73
acc90/semi70,math500/255,0,503,68
acc90/semi70,math500/256,1,405,42
acc90/semi70,math500/257,1,309,46
acc90/semi70,math500/258,1,587,73
acc90/semi70,math500/259,1,264,26
acc90/semi70,math500/260,1,698,51
acc90/semi70,math500/261,1,312,48
acc90/semi70,math500/262,0,184,20
acc90/semi70,math500/263,1,457,62
acc90/semi70,math500/264,0,3776,1024
acc90/semi70,math500/265,1,313,30
acc90/semi70,math500/266,1,442,55
acc90/semi70,math500/267,1,655,163
acc90/semi70,math500/268,1,251,20
acc90/semi70,math500/269,1,438,82
acc90/semi70,math500/270,1,393,52
acc90/semi70,math500/271,1,878,118
acc90/semi70,math500/272,1,847,137
acc90/semi70,math500/273,1,292,38
acc90/semi70,math500/274,0,4008,536
acc90/semi70,math500/275,1,211,18
acc90/semi70,math500/276,1,916,133
acc90/semi70,math500/277,1,233,44
acc90/semi70,math500/278,1,491,69
acc90/semi70,math500/279,0,530,82
acc90/semi70,math500/280,1,526,77
acc90/semi70,math500/281,1,1857,562
acc90/semi70,math500/282,1,803,106
acc90/semi70,math500/283,1,298,29
acc90/semi70,math500/284,0,4012,663
acc90/semi70,math500/285,0,3906,832
acc90/semi70,math500/286,0,4008,902
acc90/semi70,math500/287,1,1146,230
acc90/semi70,math500/288,1,1120,142
acc90/semi70,math500/289,1,662,77
acc90/semi70,math500/290,1,913,94
acc90/semi70,math500/291,1,533,90
acc90/semi70,math500/292,1,2494,284
acc90/semi70,math500/293,1,451,48
acc90/semi70,math500/294,1,1163,211
acc90/semi70,math500/295,1,2617,555
acc90/semi70,math500/296,0,3945,706
acc90/semi70,math500/297,1,739,124
acc90/semi70,math500/298,1,988,90
acc90/semi70,math500/299,1,453,90
acc90/semi70,math500/300,1,506,113
acc90/semi70,math500/301,0,3243,448
acc90/semi70,math500/302,0,3982,809
acc90/semi70,math500/303,0,4009,833
acc90/semi70,math500/304,1,880,106
acc90/semi70,math500/305,0,542,70
acc90/semi70,math500/306,0,2725,564
acc90/semi70,math500/307,1,1118,205
acc90/semi70,math500/308,0,3538,1024
acc90/semi70,math500/309,0,4046,888
acc90/semi70,math500/310,1,557,84
acc90/semi70,math500/311,1,905,123
acc90/semi70,math500/312,1,276,64
acc90/semi70,math500/313,1,359,54
acc90/semi70,math500/314,1,351,37
acc90/semi70,math500/315,1,1210,268
acc90/semi70,math500/316,1,596,74
acc90/semi70,math500/317,1,1506,342
acc90/semi70,math500/318,0,481,53
acc90/semi70,math500/319,1,242,23
acc90/semi70,math500/320,1,2542,651
acc90/semi70,math500/321,1,388,53
acc90/semi70,math500/322,1,243,20
acc90/semi70,math500/323,1,2268,734
acc90/semi70,math500/324,0,1353,300
acc90/semi70,math500/325,1,424,35
acc90/semi70,math500/326,0,404,44
acc90/semi70,math500/327,0,2754,395
acc90/semi70,math500/328,0,2218,467
acc90/semi70,math500/329,0,190,31
acc90/semi70,math500/330,1,495,69
acc90/semi70,math500/331,1,885,105
acc90/semi70,math500/332,1,2051,370
acc90/semi70,math500/333,1,1645,351
acc90/semi70,math500/334,1,473,51
acc90/semi70,math500/335,1,1196,162
acc90/semi70,math500/336,1,239,17
acc90/semi70,math500/337,1,515,81
acc90/semi70,math500/338,1,464,65
acc90/semi70,math500/339,1,813,138
acc90/semi70,math500/340,0,1265,233
acc90/semi70,math500/341,1,424,78
acc90/semi70,math500/342,1,429,62
acc90/semi70,math500/343,1,380,81
acc90/semi70,math500/344,1,734,73
acc90/semi70,math500/345,1,262,34
acc90/semi70,math500/346,1,600,58
acc90/semi70,math500/347,1,549,60
acc90/semi70,math500/348,1,290,37
acc90/semi70,math500/349,0,3425,1024
acc90/semi70,math500/350,1,447,74
acc90/semi70,math500/351,1,1885,362
acc90/semi70,math500/352,0,3852,662
acc90/semi70,math500/353,1,496,101
acc90/semi70,math500/354,1,913,140
acc90/semi70,math500/355,0,4016,556
acc90/semi70,math500/356,1,923,161
acc90/semi70,math500/357,1,807,145
acc90/semi70,math500/358,1,547,106
acc90/semi70,math500/359,0,3976,586
acc90/semi70,math500/360,1,496,93
acc90/semi70,math500/361,0,1599,297
acc90/semi70,math500/362,1,251,38
acc90/semi70,math500/363,1,311,34
acc90/semi70,math500/364,1,933,152
acc90/semi70,math500/365,0,1705,298
acc90/semi70,math500/366,1,617,85
acc90/semi70,math500/367,1,316,46
acc90/semi70,math500/368,1,485,97
acc90/semi70,math500/369,1,3651,920
acc90/semi70,math500/370,1,205,14
acc90/semi70,math500/371,0,4008,735
acc90/semi70,math500/372,1,3820,766
acc90/semi70,math500/373,1,512,45
acc90/semi70,math500/374,1,260,35
acc90/semi70,math500/375,1,725,104
acc90/semi70,math500/376,1,819,105
acc90/semi70,math500/377,1,923,226
acc90/semi70,math500/378,1,1001,128
acc90/semi70,math500/379,0,918,126
acc90/semi70,math500/380,1,981,237
acc90/semi70,math500/381,1,3362,672
acc90/semi70,math500/382,1,857,148
acc90/semi70,math500/383,0,416,44
acc90/semi70,math500/384,1,192,23
acc90/semi70,math500/385,0,331,56
acc90/semi70,math500/386,1,425,52
acc90/semi70,math500/387,1,264,24
acc90/semi70,math500/388,1,626,79
acc90/semi70,math500/389,1,669,133
acc90/semi70,math500/390,1,1158,178
acc90/semi70,math500/391,1,2988,754
acc90/semi70,math500/392,0,3755,704
acc90/semi70,math500/393,0,376,58
acc90/semi70,math500/394,1,1317,202
acc90/semi70,math500/395,1,313,40
acc90/semi70,math500/396,0,3843,845
acc90/semi70,math500/397,1,235,18
acc90/semi70,math500/398,0,509,86
acc90/semi70,math500/399,1,196,27
acc90/semi70,math500/400,0,4002,559
acc90/semi70,math500/401,0,4028,602
acc90/semi70,math500/402,1,508,102
acc90/semi70,math500/403,0,586,102
acc90/semi70,math500/404,1,303,32
acc90/semi70,math500/405,1,243,51
acc90/semi70,math500/406,1,317,53
acc90/semi70,math500/407,1,228,24
acc90/semi70,math500/408,0,3201,660
acc90/semi70,math500/409,1,1918,379
acc90/semi70,math500/410,1,583,97
acc90/semi70,math500/411,0,208,41
acc90/semi70,math500/412,0,3997,849
acc90/semi70,math500/413,1,238,30
acc90/semi70,math500/414,1,452,53
acc90/semi70,math500/415,1,1007,113
acc90/semi70,math500/416,1,610,62
acc90/semi70,math500/417,1,341,39
acc90/semi70,math500/418,1,370,36
acc90/semi70,math500/419,1,2018,371
acc90/semi70,math500/420,0,423,37
acc90/semi70,math500/421,0,3967,785
acc90/semi70,math500/422,0,3966,719
acc90/semi70,math500/423,1,2539,374
acc90/semi70,math500/424,1,399,35
acc90/semi70,math500/425,1,3899,660
acc90/semi70,math500/426,1,454,63
acc90/semi70,math500/427,1,369,54
acc90/semi70,math500/428,1,1010,110
acc90/semi70,math500/429,1,1027,112
acc90/semi70,math500/430,1,120,21
acc90/semi70,math500/431,1,2847,431
acc90/semi70,math500/432,0,3992,627
acc90/semi70,math500/433,0,581,121
acc90/semi70,math500/434,1,533,71
acc90/semi70,math500/435,1,689,109
acc90/semi70,math500/436,0,1192,176
acc90/semi70,math500/437,1,756,105
acc90/semi70,math500/438,1,507,113
acc90/semi70,math500/439,1,1025,173
acc90/semi70,math500/440,1,399,39
acc90/semi70,math500/441,0,231,36
acc90/semi70,math500/442,1,294,18
acc90/semi70,math500/443,1,163,18
acc90/semi70,math500/444,0,3887,791
acc90/semi70,math500/445,0,3799,822
acc90/semi70,math500/446,1,723,63
acc90/semi70,math500/447,1,483,91
acc90/semi70,math500/448,1,991,134
acc90/semi70,math500/449,1,272,20
acc90/semi70,math500/450,1,954,133
acc90/semi70,math500/451,1,586,73
acc90/semi70,math500/452,1,606,58
acc90/semi70,math500/453,1,277,41
acc90/semi70,math500/454,0,1505,151
acc90/semi70,math500/455,1,395,61
acc90/semi70,math500/456,0,1405,195
acc90/semi70,math500/457,1,153,34
acc90/semi70,math500/458,0,3961,551
acc90/semi70,math500/459,1,775,98
acc90/semi70,math500/460,0,2560,725
acc90/semi70,math500/461,1,604,60
acc90/semi70,math500/462,1,466,93
acc90/semi70,math500/463,1,251,39
acc90/semi70,math500/464,1,1054,150
acc90/semi70,math500/465,1,540,82
acc90/semi70,math500/466,1,1563,320
acc90/semi70,math500/467,1,303,67
acc90/semi70,math500/468,1,271,39
acc90/semi70,math500/469,1,368,31
acc90/semi70,math500/470,1,2947,728
acc90/semi70,math500/471,1,227,44
acc90/semi70,math500/472,1,264,30
acc90/semi70,math500/473,1,1010,180
acc90/semi70,math500/474,1,676,78
acc90/semi70,math500/475,1,1796,272
acc90/semi70,math500/476,1,318,62
acc90/semi70,math500/477,1,900,174
acc90/semi70,math500/478,1,2952,669
acc90/semi70,math500/479,1,652,141
acc90/semi70,math500/480,1,866,154
acc90/semi70,math500/481,0,3970,591
acc90/semi70,math500/482,1,848,171
acc90/semi70,math500/483,1,1242,142
acc90/semi70,math500/484,1,782,83
acc90/semi70,math500/485,0,3860,838
acc90/semi70,math500/486,1,1293,475
acc90/semi70,math500/487,1,283,27
acc90/semi70,math500/488,1,169,25
acc90/semi70,math500/489,1,943,171
acc90/semi70,math500/490,0,3980,616
acc90/semi70,math500/491,0,603,158
acc90/semi70,math500/492,1,539,80
acc90/semi70,math500/493,1,2911,449
acc90/semi70,math500/494,0,3544,786
acc90/semi70,math500/495,1,812,142
acc90/semi70,math500/496,1,483,44
acc90/semi70,math500/497,1,3614,546
acc90/semi70,math500/498,1,1890,285
acc90/semi70,math500/499,0,754,163
acc90/semi90,gsm8k/0,1,175,32
acc90/semi90,gsm8k/1,1,228,49
acc90/semi90,gsm8k/2,1,368,39
acc90/semi90,gsm8k/3,1,211,29
acc90/semi90,gsm8k/4,1,280,58
acc90/semi90,gsm8k/5,1,139,20
acc90/semi90,gsm8k/6,1,139,20
acc90/semi90,gsm8k/7,1,245,29
acc90/semi90,gsm8k/8,1,466,87
acc90/semi90,gsm8k/9,0,208,39
acc90/semi90,gsm8k/10,1,426,88
acc90/semi90,gsm8k/11,1,439,75
acc90/semi90,gsm8k/12,1,149,20
acc90/semi90,gsm8k/13,1,325,28
acc90/semi90,gsm8k/14,1,367,74
acc90/semi90,gsm8k/15,1,177,36
acc90/semi90,gsm8k/16,1,211,19
acc90/semi90,gsm8k/17,1,141,17
acc90/semi90,gsm8k/18,1,178,30
acc90/semi90,gsm8k/19,1,241,27
acc90/semi90,gsm8k/20,1,223,31
acc90/semi90,gsm8k/21,1,245,32
acc90/semi90,gsm8k/22,1,292,40
acc90/semi90,gsm8k/23,1,306,53
acc90/semi90,gsm8k/24,1,192,28
acc90/semi90,gsm8k/25,0,284,49
acc90/semi90,gsm8k/26,1,227,40
acc90/semi90,gsm8k/27,1,197,51
acc90/semi90,gsm8k/28,1,238,49
acc90/semi90,gsm8k/29,1,162,38
acc90/semi90,gsm8k/30,1,187,31
acc90/semi90,gsm8k/31,1,346,61
acc90/semi90,gsm8k/32,1,127,19
acc90/semi90,gsm8k/33,1,259,37
acc90/semi90,gsm8k/34,1,371,65
acc90/semi90,gsm8k/35,1,198,27
acc90/semi90,gsm8k/36,1,226,37
acc90/semi90,gsm8k/37,1,177,57
acc90/semi90,gsm8k/38,0,351,65
acc90/semi90,gsm8k/39,1,304,43
acc90/semi90,gsm8k/40,1,271,55
acc90/semi90,gsm8k/41,1,271,28
acc90/semi90,gsm8k/42,1,332,41
acc90/semi90,gsm8k/43,1,210,29
acc90/semi90,gsm8k/44,1,298,45
acc90/semi90,gsm8k/45,1,133,21
acc90/semi90,gsm8k/46,1,221,40
acc90/semi90,gsm8k/47,1,131,22
acc90/semi90,gsm8k/48,1,160,38
acc90/semi90,gsm8k/49,1,288,74
acc90/semi90,gsm8k/50,0,272,101
acc90/semi90,gsm8k/51,1,147,23
acc90/semi90,gsm8k/52,1,192,30
acc90/semi90,gsm8k/53,1,130,26
acc90/semi90,gsm8k/54,1,297,50
acc90/semi90,gsm8k/55,1,269,79
acc90/semi90,gsm8k/56,1,325,35
acc90/semi90,gsm8k/57,1,147,22
acc90/semi90,gsm8k/58,1,169,18
acc90/semi90,gsm8k/59,1,204,33
acc90/semi90,gsm8k/60,1,180,23
acc90/semi90,gsm8k/61,1,180,20
acc90/semi90,gsm8k/62,1,234,37
acc90/semi90,gsm8k/63,1,148,27
acc90/semi90,gsm8k/64,1,492,100
acc90/semi90,gsm8k/65,1,216,28
acc90/semi90,gsm8k/66,1,311,56
acc90/semi90,gsm8k/67,1,247,55
acc90/semi90,gsm8k/68,1,329,76
acc90/semi90,gsm8k/69,1,194,22
acc90/semi90,gsm8k/70,1,343,56
acc90/semi90,gsm8k/71,1,359,45
acc90/semi90,gsm8k/72,1,247,26
acc90/semi90,gsm8k/73,1,251,39
acc90/semi90,gsm8k/74,1,152,29
acc90/semi90,gsm8k/75,0,350,68
acc90/semi90,gsm8k/76,1,237,32
acc90/semi90,gsm8k/77,0,3997,801
acc90/semi90,gsm8k/78,1,239,43
acc90/semi90,gsm8k/79,1,260,43
acc90/semi90,gsm8k/80,1,443,120
acc90/semi90,gsm8k/81,1,346,43
acc90/semi90,gsm8k/82,1,145,17
acc90/semi90,gsm8k/83,1,254,57
acc90/semi90,gsm8k/84,1,145,28
acc90/semi90,gsm8k/85,1,301,57
acc90/semi90,gsm8k/86,1,335,97
acc90/semi90,gsm8k/87,1,185,21
acc90/semi90,gsm8k/88,1,187,24
acc90/semi90,gsm8k/89,1,160,19
acc90/semi90,gsm8k/90,1,212,15
acc90/semi90,gsm8k/91,1,413,53
acc90/semi90,gsm8k/92,1,217,40
acc90/semi90,gsm8k/93,1,149,24
acc90/semi90,gsm8k/94,1,194,48
acc90/semi90,gsm8k/95,1,268,38
acc90/semi90,gsm8k/96,0,356,127
acc90/semi90,gsm8k/97,1,198,39
acc90/semi90,gsm8k/98,1,202,39
acc90/semi90,gsm8k/99,1,193,20
acc90/semi90,gsm8k/100,1,196,59
acc90/semi90,gsm8k/101,1,265,51
acc90/semi90,gsm8k/102,1,989,293
acc90/semi90,gsm8k/103,1,156,27
acc90/semi90,gsm8k/104,1,133,40
acc90/semi90,gsm8k/105,1,340,47
acc90/semi90,gsm8k/106,1,280,48
acc90/semi90,gsm8k/107,1,342,66
acc90/semi90,gsm8k/108,1,192,37
acc90/semi90,gsm8k/109,1,345,52
acc90/semi90,gsm8k/110,1,197,18
acc90/semi90,gsm8k/111,1,146,21
acc90/semi90,gsm8k/112,1,231,44
acc90/semi90,gsm8k/113,1,238,41
acc90/semi90,gsm8k/114,1,195,29
acc90/semi90,gsm8k/115,1,173,21
acc90/semi90,gsm8k/116,1,369,84
acc90/semi90,gsm8k/117,1,319,45
acc90/semi90,gsm8k/118,1,346,57
acc90/semi90,gsm8k/119,1,323,38
acc90/semi90,gsm8k/120,1,111,25
acc90/semi90,gsm8k/121,1,498,98
acc90/semi90,gsm8k/122,1,177,14
acc90/semi90,gsm8k/123,1,760,258
acc90/semi90,gsm8k/124,1,221,24
acc90/semi90,gsm8k/125,1,145,24
acc90/semi90,gsm8k/126,1,278,59
acc90/semi90,gsm8k/127,1,220,27
acc90/semi90,gsm8k/128,1,651,81
acc90/semi90,gsm8k/129,1,237,59
acc90/semi90,gsm8k/130,1,336,72
acc90/semi90,gsm8k/131,1,3741,1024
acc90/semi90,gsm8k/132,1,192,34
acc90/semi90,gsm8k/133,1,246,45
acc90/semi90,gsm8k/134,1,189,37
acc90/semi90,gsm8k/135,1,367,53
acc90/semi90,gsm8k/136,1,562,81
acc90/semi90,gsm8k/137,0,239,44
acc90/semi90,gsm8k/138,0,287,64
acc90/semi90,gsm8k/139,1,265,46
acc90/semi90,gsm8k/140,1,226,39
acc90/semi90,gsm8k/141,1,187,38
acc90/semi90,gsm8k/142,1,153,20
acc90/semi90,gsm8k/143,1,284,38
acc90/semi90,gsm8k/144,1,474,83
acc90/semi90,gsm8k/145,1,221,45
acc90/semi90,gsm8k/146,1,298,41
acc90/semi90,gsm8k/147,1,177,25
acc90/semi90,gsm8k/148,1,296,64
acc90/semi90,gsm8k/149,1,260,72
acc90/semi90,gsm8k/150,1,214,38
acc90/semi90,gsm8k/151,1,352,76
acc90/semi90,gsm8k/152,1,247,51
acc90/semi90,gsm8k/153,1,201,43
acc90/semi90,gsm8k/154,1,169,19
acc90/semi90,gsm8k/155,0,186,29
acc90/semi90,gsm8k/156,1,274,39
acc90/semi90,gsm8k/157,1,225,35
acc90/semi90,gsm8k/158,1,248,37
acc90/semi90,gsm8k/159,1,322,55
acc90/semi90,gsm8k/160,1,147,27
acc90/semi90,gsm8k/161,1,272,59
acc90/semi90,gsm8k/162,1,223,43
acc90/semi90,gsm8k/163,1,249,38
acc90/semi90,gsm8k/164,1,373,47
acc90/semi90,gsm8k/165,1,331,50
acc90/semi90,gsm8k/166,1,178,22
acc90/semi90,gsm8k/167,1,177,21
acc90/semi90,gsm8k/168,0,3994,649
acc90/semi90,gsm8k/169,1,282,42
acc90/semi90,gsm8k/170,1,515,89
acc90/semi90,gsm8k/171,1,301,57
acc90/semi90,gsm8k/172,1,205,40
acc90/semi90,gsm8k/173,1,332,43
acc90/semi90,gsm8k/174,1,231,47
acc90/semi90,gsm8k/175,1,230,44
acc90/semi90,gsm8k/176,1,370,55
acc90/semi90,gsm8k/177,1,150,21
acc90/semi90,gsm8k/178,1,330,59
acc90/semi90,gsm8k/179,1,272,41
acc90/semi90,gsm8k/180,1,129,22
acc90/semi90,gsm8k/181,1,196,38
acc90/semi90,gsm8k/182,1,244,45
acc90/semi90,gsm8k/183,0,245,44
acc90/semi90,gsm8k/184,1,381,84
acc90/semi90,gsm8k/185,1,233,30
acc90/semi90,gsm8k/186,1,269,44
acc90/semi90,gsm8k/187,1,178,29
acc90/semi90,gsm8k/188,1,389,46
acc90/semi90,gsm8k/189,1,203,37
acc90/semi90,gsm8k/190,1,334,40
acc90/semi90,gsm8k/191,1,274,62
acc90/semi90,gsm8k/192,1,258,61
acc90/semi90,gsm8k/193,1,190,37
acc90/semi90,gsm8k/194,1,108,17
acc90/semi90,gsm8k/195,1,391,64
acc90/semi90,gsm8k/196,1,247,40
acc90/semi90,gsm8k/197,1,484,41
acc90/semi90,gsm8k/198,0,277,64
acc90/semi90,gsm8k/199,1,135,21
acc90/semi90,gsm8k/200,1,308,51
acc90/semi90,gsm8k/201,1,224,32
acc90/semi90,gsm8k/202,1,134,19
acc90/semi90,gsm8k/203,1,193,39
acc90/semi90,gsm8k/204,1,223,41
acc90/semi90,gsm8k/205,1,403,70
acc90/semi90,gsm8k/206,1,241,46
acc90/semi90,gsm8k/207,1,303,30
acc90/semi90,gsm8k/208,1,186,16
acc90/semi90,gsm8k/209,1,262,40
acc90/semi90,gsm8k/210,0,448,88
acc90/semi90,gsm8k/211,1,195,33
acc90/semi90,gsm8k/212,1,164,31
acc90/semi90,gsm8k/213,1,230,44
acc90/semi90,gsm8k/214,1,116,16
acc90/semi90,gsm8k/215,1,366,82
acc90/semi90,gsm8k/216,0,342,45
acc90/semi90,gsm8k/217,1,246,39
acc90/semi90,gsm8k/218,1,380,78
acc90/semi90,gsm8k/219,1,213,42
acc90/semi90,gsm8k/220,1,217,29
acc90/semi90,gsm8k/221,1,221,16
acc90/semi90,gsm8k/222,1,155,19
acc90/semi90,gsm8k/223,1,272,50
acc90/semi90,gsm8k/224,1,198,40
acc90/semi90,gsm8k/225,0,376,134
acc90/semi90,gsm8k/226,1,113,23
acc90/semi90,gsm8k/227,1,242,40
acc90/semi90,gsm8k/228,1,261,48
acc90/semi90,gsm8k/229,0,338,67
acc90/semi90,gsm8k/230,0,322,74
acc90/semi90,gsm8k/231,1,225,30
acc90/semi90,gsm8k/232,1,225,35
acc90/semi90,gsm8k/233,1,196,26
acc90/semi90,gsm8k/234,1,193,38
acc90/semi90,gsm8k/235,1,268,41
acc90/semi90,gsm8k/236,1,190,35
acc90/semi90,gsm8k/237,1,209,28
acc90/semi90,gsm8k/238,1,248,51
acc90/semi90,gsm8k/239,1,151,27
acc90/semi90,gsm8k/240,1,237,51
acc90/semi90,gsm8k/241,1,167,22
acc90/semi90,gsm8k/242,1,247,48
acc90/semi90,gsm8k/243,1,249,40
acc90/semi90,gsm8k/244,1,134,25
acc90/semi90,gsm8k/245,1,224,25
acc90/semi90,gsm8k/246,1,196,29
acc90/semi90,gsm8k/247,1,347,47
acc90/semi90,gsm8k/248,1,174,22
acc90/semi90,gsm8k/249,1,155,27
acc90/semi90,gsm8k/250,1,273,53
acc90/semi90,gsm8k/251,1,214,40
acc90/semi90,gsm8k/252,1,300,71
acc90/semi90,gsm8k/253,1,237,31
acc90/semi90,gsm8k/254,1,249,23
acc90/semi90,gsm8k/255,1,287,49
acc90/semi90,gsm8k/256,1,360,38
acc90/semi90,gsm8k/257,1,314,47
acc90/semi90,gsm8k/258,1,241,38
acc90/semi90,gsm8k/259,1,981,228
acc90/semi90,gsm8k/260,1,223,43
acc90/semi90,gsm8k/261,1,395,76
acc90/semi90,gsm8k/262,1,344,38
acc90/semi90,gsm8k/263,1,193,27
acc90/semi90,gsm8k/264,1,289,49
acc90/semi90,gsm8k/265,1,271,48
acc90/semi90,gsm8k/266,1,453,109
acc90/semi90,gsm8k/267,1,196,36
acc90/semi90,gsm8k/268,1,201,27
acc90/semi90,gsm8k/269,1,199,23
acc90/semi90,gsm8k/270,0,772,222
acc90/semi90,gsm8k/271,1,217,41
acc90/semi90,gsm8k/272,1,163,20
acc90/semi90,gsm8k/273,1,214,38
acc90/semi90,gsm8k/274,1,282,40
acc90/semi90,gsm8k/275,1,237,36
acc90/semi90,gsm8k/276,1,400,143
acc90/semi90,gsm8k/277,1,146,27
acc90/semi90,gsm8k/278,1,186,29
acc90/semi90,gsm8k/279,1,204,30
acc90/semi90,gsm8k/280,1,315,57
acc90/semi90,gsm8k/281,1,183,40
acc90/semi90,gsm8k/282,1,267,44
acc90/semi90,gsm8k/283,1,4030,664
acc90/semi90,gsm8k/284,1,218,26
acc90/semi90,gsm8k/285,1,261,31
acc90/semi90,gsm8k/286,1,170,30
acc90/semi90,gsm8k/287,1,384,95
acc90/semi90,gsm8k/288,1,328,61
acc90/semi90,gsm8k/289,1,198,49
acc90/semi90,gsm8k/290,1,158,30
acc90/semi90,gsm8k/291,1,244,39
acc90/semi90,gsm8k/292,1,218,32
acc90/semi90,gsm8k/293,1,387,69
acc90/semi90,gsm8k/294,0,651,179
acc90/semi90,gsm8k/295,1,192,26
acc90/semi90,gsm8k/296,0,430,89
acc90/semi90,gsm8k/297,1,201,22
acc90/semi90,gsm8k/298,1,206,35
acc90/semi90,gsm8k/299,1,319,56
acc90/semi90,gsm8k/300,1,237,47
acc90/semi90,gsm8k/301,1,94,15
acc90/semi90,gsm8k/302,1,215,32
acc90/semi90,gsm8k/303,1,269,37
acc90/semi90,gsm8k/304,1,163,25
acc90/semi90,gsm8k/305,1,183,28
acc90/semi90,gsm8k/306,1,193,22
acc90/semi90,gsm8k/307,1,199,40
acc90/semi90,gsm8k/308,1,337,53
acc90/semi90,gsm8k/309,1,200,27
acc90/semi90,gsm8k/310,1,298,33
acc90/semi90,gsm8k/311,1,171,25
acc90/semi90,gsm8k/312,1,243,29
acc90/semi90,gsm8k/313,1,202,34
acc90/semi90,gsm8k/314,1,198,30
acc90/semi90,gsm8k/315,1,347,67
acc90/semi90,gsm8k/316,1,223,52
acc90/semi90,gsm8k/317,1,251,33
acc90/semi90,gsm8k/318,1,244,35
acc90/semi90,gsm8k/319,1,132,26
acc90/semi90,gsm8k/320,1,410,101
acc90/semi90,gsm8k/321,1,173,16
acc90/semi90,gsm8k/322,1,338,44
acc90/semi90,gsm8k/323,1,164,26
acc90/semi90,gsm8k/324,1,306,47
acc90/semi90,gsm8k/325,1,218,22
acc90/semi90,gsm8k/326,1,356,50
acc90/semi90,gsm8k/327,1,268,47
acc90/semi90,gsm8k/328,1,158,21
acc90/semi90,gsm8k/329,1,141,31
acc90/semi90,gsm8k/330,1,190,20
acc90/semi90,gsm8k/331,1,282,42
acc90/semi90,gsm8k/332,1,233,52
acc90/semi90,gsm8k/333,1,195,28
acc90/semi90,gsm8k/334,1,378,87
acc90/semi90,gsm8k/335,1,187,27
acc90/semi90,gsm8k/336,1,266,34
acc90/semi90,gsm8k/337,0,362,65
acc90/semi90,gsm8k/338,1,261,32
acc90/semi90,gsm8k/339,1,474,91
acc90/semi90,gsm8k/340,1,236,42
acc90/semi90,gsm8k/341,1,212,28
acc90/semi90,gsm8k/342,1,229,25
acc90/semi90,gsm8k/343,1,245,52
acc90/semi90,gsm8k/344,1,132,23
acc90/semi90,gsm8k/345,1,478,46
acc90/semi90,gsm8k/346,1,513,113
acc90/semi90,gsm8k/347,1,135,17
acc90/semi90,gsm8k/348,1,424,67
acc90/semi90,gsm8k/349,1,258,43
acc90/semi90,gsm8k/350,1,520,120
acc90/semi90,gsm8k/351,1,573,76
acc90/semi90,gsm8k/352,1,136,22
acc90/semi90,gsm8k/353,1,199,30
acc90/semi90,gsm8k/354,1,265,32
acc90/semi90,gsm8k/355,1,320,45
acc90/semi90,gsm8k/356,1,399,53
acc90/semi90,gsm8k/357,1,311,50
acc90/semi90,gsm8k/358,1,195,20
acc90/semi90,gsm8k/359,1,303,45
acc90/semi90,gsm8k/360,0,420,56
acc90/semi90,gsm8k/361,1,247,48
acc90/semi90,gsm8k/362,1,223,37
acc90/semi90,gsm8k/363,1,163,43
acc90/semi90,gsm8k/364,1,135,33
acc90/semi90,gsm8k/365,1,223,51
acc90/semi90,gsm8k/366,0,197,41
acc90/semi90,gsm8k/367,1,167,27
acc90/semi90,gsm8k/368,0,310,83
acc90/semi90,gsm8k/369,1,205,38
acc90/semi90,gsm8k/370,1,254,65
acc90/semi90,gsm8k/371,1,264,25
acc90/semi90,gsm8k/372,1,411,69
acc90/semi90,gsm8k/373,1,158,18
acc90/semi90,gsm8k/374,1,389,79
acc90/semi90,gsm8k/375,1,437,107
acc90/semi90,gsm8k/376,1,250,24
acc90/semi90,gsm8k/377,1,232,19
acc90/semi90,gsm8k/378,1,420,119
acc90/semi90,gsm8k/379,1,288,65
acc90/semi90,gsm8k/380,1,426,81
acc90/semi90,gsm8k/381,1,174,27
acc90/semi90,gsm8k/382,1,346,69
acc90/semi90,gsm8k/383,1,176,19
acc90/semi90,gsm8k/384,1,154,22
acc90/semi90,gsm8k/385,1,196,28
acc90/semi90,gsm8k/386,1,326,46
acc90/semi90,gsm8k/387,1,179,22
acc90/semi90,gsm8k/388,1,323,52
acc90/semi90,gsm8k/389,0,1334,505
acc90/semi90,gsm8k/390,1,308,74
acc90/semi90,gsm8k/391,1,374,52
acc90/semi90,gsm8k/392,1,367,61
acc90/semi90,gsm8k/393,1,157,29
acc90/semi90,gsm8k/394,1,195,22
acc90/semi90,gsm8k/395,1,180,31
acc90/semi90,gsm8k/396,1,244,32
acc90/semi90,gsm8k/397,0,154,29
acc90/semi90,gsm8k/398,1,186,18
acc90/semi90,gsm8k/399,0,285,83
acc90/semi90,gsm8k/400,1,207,20
acc90/semi90,gsm8k/401,0,3992,595
acc90/semi90,gsm8k/402,1,376,60
acc90/semi90,gsm8k/403,1,387,44
acc90/semi90,gsm8k/404,1,154,20
acc90/semi90,gsm8k/405,0,1017,408
acc90/semi90,gsm8k/406,1,353,92
acc90/semi90,gsm8k/407,1,370,63
acc90/semi90,gsm8k/408,1,141,30
acc90/semi90,gsm8k/409,1,351,38
acc90/semi90,gsm8k/410,1,459,64
acc90/semi90,gsm8k/411,1,238,56
acc90/semi90,gsm8k/412,1,237,49
acc90/semi90,gsm8k/413,1,174,16
acc90/semi90,gsm8k/414,0,284,94
acc90/semi90,gsm8k/415,1,283,34
acc90/semi90,gsm8k/416,1,195,22
acc90/semi90,gsm8k/417,1,234,32
acc90/semi90,gsm8k/418,1,125,22
acc90/semi90,gsm8k/419,1,285,50
acc90/semi90,gsm8k/420,1,249,33
acc90/semi90,gsm8k/421,1,139,19
acc90/semi90,gsm8k/422,1,191,24
acc90/semi90,gsm8k/423,1,186,24
acc90/semi90,gsm8k/424,1,136,37
acc90/semi90,gsm8k/425,1,205,21
acc90/semi90,gsm8k/426,1,194,41
acc90/semi90,gsm8k/427,1,434,73
acc90/semi90,gsm8k/428,1,303,35
acc90/semi90,gsm8k/429,1,244,48
acc90/semi90,gsm8k/430,1,109,13
acc90/semi90,gsm8k/431,0,883,320
acc90/semi90,gsm8k/432,1,136,15
acc90/semi90,gsm8k/433,1,497,74
acc90/semi90,gsm8k/434,1,440,58
acc90/semi90,gsm8k/435,1,325,50
acc90/semi90,gsm8k/436,1,302,39
acc90/semi90,gsm8k/437,1,644,123
acc90/semi90,gsm8k/438,0,344,57
acc90/semi90,gsm8k/439,1,415,80
acc90/semi90,gsm8k/440,1,122,23
acc90/semi90,gsm8k/441,1,338,64
acc90/semi90,gsm8k/442,1,145,29
acc90/semi90,gsm8k/443,1,265,39
acc90/semi90,gsm8k/444,1,139,23
acc90/semi90,gsm8k/445,1,336,69
acc90/semi90,gsm8k/446,1,324,72
acc90/semi90,gsm8k/447,1,200,31
acc90/semi90,gsm8k/448,1,212,28
acc90/semi90,gsm8k/449,1,199,24
acc90/semi90,gsm8k/450,1,273,31
acc90/semi90,gsm8k/451,0,370,55
acc90/semi90,gsm8k/452,0,231,67
acc90/semi90,gsm8k/453,1,272,45
acc90/semi90,gsm8k/454,1,253,61
acc90/semi90,gsm8k/455,1,206,34
acc90/semi90,gsm8k/456,1,125,17
acc90/semi90,gsm8k/457,1,182,28
acc90/semi90,gsm8k/458,1,314,80
acc90/semi90,gsm8k/459,1,341,68
acc90/semi90,gsm8k/460,1,224,21
acc90/semi90,gsm8k/461,1,320,52
acc90/semi90,gsm8k/462,1,263,32
acc90/semi90,gsm8k/463,0,272,49
acc90/semi90,gsm8k/464,1,242,42
acc90/semi90,gsm8k/465,0,3957,980
acc90/semi90,gsm8k/466,1,267,31
acc90/semi90,gsm8k/467,1,171,27
acc90/semi90,gsm8k/468,1,173,19
acc90/semi90,gsm8k/469,1,233,36
acc90/semi90,gsm8k/470,1,192,31
acc90/semi90,gsm8k/471,1,244,40
acc90/semi90,gsm8k/472,1,386,72
acc90/semi90,gsm8k/473,1,336,28
acc90/semi90,gsm8k/474,1,238,53
acc90/semi90,gsm8k/475,0,376,123
acc90/semi90,gsm8k/476,1,181,48
acc90/semi90,gsm8k/477,1,232,37
acc90/semi90,gsm8k/478,1,288,26
acc90/semi90,gsm8k/479,1,930,300
acc90/semi90,gsm8k/480,1,401,45
acc90/semi90,gsm8k/481,0,232,56
acc90/semi90,gsm8k/482,1,179,27
acc90/semi90,gsm8k/483,1,664,239
acc90/semi90,gsm8k/484,1,306,46
acc90/semi90,gsm8k/485,1,162,25
acc90/semi90,gsm8k/486,0,3966,854
acc90/semi90,gsm8k/487,1,147,28
acc90/semi90,gsm8k/488,1,317,66
acc90/semi90,gsm8k/489,0,371,75
acc90/semi90,gsm8k/490,1,579,213
acc90/semi90,gsm8k/491,1,318,52
acc90/semi90,gsm8k/492,1,381,61
acc90/semi90,gsm8k/493,1,183,25
acc90/semi90,gsm8k/494,1,152,26
acc90/semi90,gsm8k/495,1,249,53
acc90/semi90,gsm8k/496,1,171,37
acc90/semi90,gsm8k/497,1,232,24
acc90/semi90,gsm8k/498,1,173,33
acc90/semi90,gsm8k/499,1,283,65
acc90/semi90,gsm8k/500,1,135,15
acc90/semi90,gsm8k/501,1,188,25
acc90/semi90,gsm8k/502,1,383,58
acc90/semi90,gsm8k/503,1,248,28
acc90/semi90,gsm8k/504,1,267,65
acc90/semi90,gsm8k/505,1,270,31
acc90/semi90,gsm8k/506,1,131,30
acc90/semi90,gsm8k/507,1,247,34
acc90/semi90,gsm8k/508,1,186,19
acc90/semi90,gsm8k/509,1,505,92
acc90/semi90,gsm8k/510,1,208,32
acc90/semi90,gsm8k/511,1,195,53
acc90/semi90,math500/0,1,408,91
acc90/semi90,math500/1,1,742,112
acc90/semi90,math500/2,1,407,28
acc90/semi90,math500/3,1,348,47
acc90/semi90,math500/4,1,711,126
acc90/semi90,math500/5,1,330,71
acc90/semi90,math500/6,1,855,186
acc90/semi90,math500/7,0,1886,287
acc90/semi90,math500/8,1,318,25
acc90/semi90,math500/9,0,3927,780
acc90/semi90,math500/10,0,1971,654
acc90/semi90,math500/11,0,4011,728
acc90/semi90,math500/12,1,790,114
acc90/semi90,math500/13,1,304,24
acc90/semi90,math500/14,0,312,45
acc90/semi90,math500/15,1,1032,140
acc90/semi90,math500/16,1,259,35
acc90/semi90,math500/17,1,3835,981
acc90/semi90,math500/18,0,2986,1024
acc90/semi90,math500/19,1,1402,328
acc90/semi90,math500/20,1,154,25
acc90/semi90,math500/21,0,3904,811
acc90/semi90,math500/22,1,2451,599
acc90/semi90,math500/23,1,550,57
acc90/semi90,math500/24,1,579,93
acc90/semi90,math500/25,0,3992,681
acc90/semi90,math500/26,0,2036,567
acc90/semi90,math500/27,1,359,54
acc90/semi90,math500/28,1,260,51
acc90/semi90,math500/29,1,417,87
acc90/semi90,math500/30,1,245,28
acc90/semi90,math500/31,1,276,49
acc90/semi90,math500/32,1,498,159
acc90/semi90,math500/33,1,2748,462
acc90/semi90,math500/34,1,748,66
acc90/semi90,math500/35,1,370,37
acc90/semi90,math500/36,1,1033,116
acc90/semi90,math500/37,1,332,84
acc90/semi90,math500/38,1,187,21
acc90/semi90,math500/39,1,647,88
acc90/semi90,math500/40,1,268,37
acc90/semi90,math500/41,1,1669,277
acc90/semi90,math500/42,1,287,46
acc90/semi90,math500/43,0,3988,871
acc90/semi90,math500/44,1,372,67
acc90/semi90,math500/45,1,245,34
acc90/semi90,math500/46,0,4029,762
acc90/semi90,math500/47,1,500,68
acc90/semi90,math500/48,1,262,40
acc90/semi90,math500/49,1,307,35
acc90/semi90,math500/50,0,2674,627
acc90/semi90,math500/51,1,794,146
acc90/semi90,math500/52,1,318,31
acc90/semi90,math500/53,1,347,57
acc90/semi90,math500/54,1,210,35
acc90/semi90,math500/55,1,504,93
acc90/semi90,math500/56,1,359,68
acc90/semi90,math500/57,1,376,49
acc90/semi90,math500/58,1,245,18
acc90/semi90,math500/59,1,392,37
acc90/semi90,math500/60,1,2381,517
acc90/semi90,math500/61,1,3204,856
acc90/semi90,math500/62,1,1000,134
acc90/semi90,math500/63,1,1193,156
acc90/semi90,math500/64,0,4007,635
acc90/semi90,math500/65,1,192,52
acc90/semi90,math500/66,1,411,55
acc90/semi90,math500/67,0,409,54
acc90/semi90,math500/68,0,4005,718
acc90/semi90,math500/69,1,475,76
acc90/semi90,math500/70,1,465,60
acc90/semi90,math500/71,0,899,188
acc90/semi90,math500/72,1,410,43
acc90/semi90,math500/73,1,346,43
acc90/semi90,math500/74,1,425,42
acc90/semi90,math500/75,1,493,89
acc90/semi90,math500/76,1,628,130
acc90/semi90,math500/77,1,244,24
acc90/semi90,math500/78,1,940,173
acc90/semi90,math500/79,1,197,16
acc90/semi90,math500/80,0,3737,1024
acc90/semi90,math500/81,1,1423,303
acc90/semi90,math500/82,0,3339,934
acc90/semi90,math500/83,1,899,171
acc90/semi90,math500/84,1,900,90
acc90/semi90,math500/85,1,437,93
acc90/semi90,math500/86,1,240,34
acc90/semi90,math500/87,1,671,93
acc90/semi90,math500/88,0,2167,559
acc90/semi90,math500/89,1,952,152
acc90/semi90,math500/90,1,233,43
acc90/semi90,math500/91,1,455,64
acc90/semi90,math500/92,1,958,118
acc90/semi90,math500/93,1,563,53
acc90/semi90,math500/94,0,3704,652
acc90/semi90,math500/95,1,566,43
acc90/semi90,math500/96,0,3967,643
acc90/semi90,math500/97,0,299,87
acc90/semi90,math500/98,1,129,20
acc90/semi90,math500/99,0,1231,142
acc90/semi90,math500/100,0,3471,1024
acc90/semi90,math500/101,0,3918,693
acc90/semi90,math500/102,0,242,40
acc90/semi90,math500/103,0,3965,829
acc90/semi90,math500/104,0,3990,632
acc90/semi90,math500/105,1,354,48
acc90/semi90,math500/106,1,447,64
acc90/semi90,math500/107,1,618,119
acc90/semi90,math500/108,1,3022,836
acc90/semi90,math500/109,0,3932,498
acc90/semi90,math500/110,0,3959,821
acc90/semi90,math500/111,1,369,39
acc90/semi90,math500/112,1,908,116
acc90/semi90,math500/113,1,265,17
acc90/semi90,math500/114,1,721,76
acc90/semi90,math500/115,1,432,50
acc90/semi90,math500/116,1,213,14
acc90/semi90,math500/117,1,227,13
acc90/semi90,math500/118,0,1410,201
acc90/semi90,math500/119,1,3698,875
acc90/semi90,math500/120,1,1308,260
acc90/semi90,math500/121,1,245,29
acc90/semi90,math500/122,1,304,36
acc90/semi90,math500/123,0,3805,922
acc90/semi90,math500/124,1,809,92
acc90/semi90,math500/125,1,347,43
acc90/semi90,math500/126,1,2601,491
acc90/semi90,math500/127,0,337,55
acc90/semi90,math500/128,0,518,141
acc90/semi90,math500/129,1,3622,773
acc90/semi90,math500/130,1,1115,225
acc90/semi90,math500/131,1,423,31
acc90/semi90,math500/132,1,409,65
acc90/semi90,math500/133,1,386,57
acc90/semi90,math500/134,1,696,104
acc90/semi90,math500/135,1,543,66
acc90/semi90,math500/136,0,3973,809
acc90/semi90,math500/137,1,380,39
acc90/semi90,math500/138,0,3989,1007
acc90/semi90,math500/139,1,1155,205
acc90/semi90,math500/140,1,584,92
acc90/semi90,math500/141,1,375,91
acc90/semi90,math500/142,1,468,97
acc90/semi90,math500/143,1,631,52
acc90/semi90,math500/144,1,246,21
acc90/semi90,math500/145,1,3406,538
acc90/semi90,math500/146,1,256,32
acc90/semi90,math500/147,1,2167,513
acc90/semi90,math500/148,1,242,30
acc90/semi90,math500/149,1,1040,128
acc90/semi90,math500/150,0,3414,457
acc90/semi90,math500/151,1,1167,222
acc90/semi90,math500/152,1,2576,578
acc90/semi90,math500/153,1,932,215
acc90/semi90,math500/154,0,3930,936
acc90/semi90,math500/155,1,777,153
acc90/semi90,math500/156,0,3857,614
acc90/semi90,math500/157,1,377,39
acc90/semi90,math500/158,1,708,81
acc90/semi90,math500/159,1,439,53
acc90/semi90,math500/160,1,706,118
acc90/semi90,math500/161,1,213,28
acc90/semi90,math500/162,1,583,76
acc90/semi90,math500/163,1,3372,692
acc90/semi90,math500/164,0,4049,660
acc90/semi90,math500/165,1,396,78
acc90/semi90,math500/166,0,3595,1024
acc90/semi90,math500/167,1,209,19
acc90/semi90,math500/168,0,3237,1024
acc90/semi90,math500/169,1,345,30
acc90/semi90,math500/170,0,2015,234
acc90/semi90,math500/171,1,280,23
acc90/semi90,math500/172,1,444,37
acc90/semi90,math500/173,0,4018,943
acc90/semi90,math500/174,1,408,48
acc90/semi90,math500/175,1,1265,174
acc90/semi90,math500/176,0,432,90
acc90/semi90,math500/177,1,1617,316
acc90/semi90,math500/178,1,287,23
acc90/semi90,math500/179,1,961,99
acc90/semi90,math500/180,1,680,117
acc90/semi90,math500/181,1,298,48
acc90/semi90,math500/182,1,231,38
acc90/semi90,math500/183,1,1304,226
acc90/semi90,math500/184,0,2260,519
acc90/semi90,math500/185,1,161,14
acc90/semi90,math500/186,1,762,130
acc90/semi90,math500/187,0,462,67
acc90/semi90,math500/188,1,1904,396
acc90/semi90,math500/189,0,3572,657
acc90/semi90,math500/190,1,509,91
acc90/semi90,math500/191,1,197,18
acc90/semi90,math500/192,1,658,107
acc90/semi90,math500/193,1,706,150
acc90/semi90,math500/194,1,3618,788
acc90/semi90,math500/195,1,480,69
acc90/semi90,math500/196,1,326,39
acc90/semi90,math500/197,1,1709,296
acc90/semi90,math500/198,1,366,95
acc90/semi90,math500/199,1,259,25
acc90/semi90,math500/200,1,377,47
acc90/semi90,math500/201,1,604,79
acc90/semi90,math500/202,1,723,124
acc90/semi90,math500/203,1,572,60
acc90/semi90,math500/204,0,3984,969
acc90/semi90,math500/205,1,824,69
acc90/semi90,math500/206,1,385,45
acc90/semi90,math500/207,0,246,42
acc90/semi90,math500/208,1,368,59
acc90/semi90,math500/209,1,492,70
acc90/semi90,math500/210,0,3417,1024
acc90/semi90,math500/211,1,357,39
acc90/semi90,math500/212,1,369,49
acc90/semi90,math500/213,1,1762,212
acc90/semi90,math500/214,1,761,116
acc90/semi90,math500/215,1,337,35
acc90/semi90,math500/216,1,414,68
acc90/semi90,math500/217,0,3571,1024
acc90/semi90,math500/218,1,283,32
acc90/semi90,math500/219,0,3056,563
acc90/semi90,math500/220,1,345,70
acc90/semi90,math500/221,1,688,117
acc90/semi90,math500/222,0,3325,1024
acc90/semi90,math500/223,1,1409,231
acc90/semi90,math500/224,1,1269,178
acc90/semi90,math500/225,1,546,60
acc90/semi90,math500/226,1,433,114
acc90/semi90,math500/227,1,362,100
acc90/semi90,math500/228,0,3955,543
acc90/semi90,math500/229,1,314,80
acc90/semi90,math500/230,1,1148,182
acc90/semi90,math500/231,1,721,80
acc90/semi90,math500/232,1,2166,419
acc90/semi90,math500/233,1,450,49
acc90/semi90,math500/234,1,661,116
acc90/semi90,math500/235,1,553,44
acc90/semi90,math500/236,1,4023,867
acc90/semi90,math500/237,1,679,63
acc90/semi90,math500/238,1,713,114
acc90/semi90,math500/239,0,3960,714
acc90/semi90,math500/240,0,3836,808
acc90/semi90,math500/241,1,961,127
acc90/semi90,math500/242,1,484,71
acc90/semi90,math500/243,1,307,52
acc90/semi90,math500/244,1,735,105
acc90/semi90,math500/245,1,1316,139
acc90/semi90,math500/246,0,1429,493
acc90/semi90,math500/247,1,652,100
acc90/semi90,math500/248,0,4019,793
acc90/semi90,math500/249,1,1111,177
acc90/semi90,math500/250,1,519,40
acc90/semi90,math500/251,1,791,179
acc90/semi90,math500/252,1,596,52
acc90/semi90,math500/253,1,199,27
acc90/semi90,math500/254,1,371,54
acc90/semi90,math500/255,1,415,61
acc90/semi90,math500/256,1,401,38
acc90/semi90,math500/257,1,342,48
acc90/semi90,math500/258,1,605,93
acc90/semi90,math500/259,1,279,26
acc90/semi90,math500/260,1,698,54
acc90/semi90,math500/261,1,317,51
acc90/semi90,math500/262,0,179,18
acc90/semi90,math500/263,1,480,77
acc90/semi90,math500/264,0,3712,1024
acc90/semi90,math500/265,1,314,30
acc90/semi90,math500/266,1,440,61
acc90/semi90,math500/267,1,642,169
acc90/semi90,math500/268,1,252,21
acc90/semi90,math500/269,1,460,101
acc90/semi90,math500/270,1,383,52
acc90/semi90,math500/271,1,3624,515
acc90/semi90,math500/272,1,1058,172
acc90/semi90,math500/273,1,298,42
acc90/semi90,math500/274,1,1171,417
acc90/semi90,math500/275,1,201,15
acc90/semi90,math500/276,1,1110,258
acc90/semi90,math500/277,1,241,62
acc90/semi90,math500/278,1,527,70
acc90/semi90,math500/279,0,1323,374
acc90/semi90,math500/280,1,528,82
acc90/semi90,math500/281,0,3721,796
acc90/semi90,math500/282,0,3943,830
acc90/semi90,math500/283,1,319,35
acc90/semi90,math500/284,0,4012,605
acc90/semi90,math500/285,0,3906,904
acc90/semi90,math500/286,0,4008,914
acc90/semi90,math500/287,1,1056,217
acc90/semi90,math500/288,1,1148,131
acc90/semi90,math500/289,1,582,73
acc90/semi90,math500/290,1,932,97
acc90/semi90,math500/291,1,515,107
acc90/semi90,math500/292,1,2538,218
acc90/semi90,math500/293,1,460,46
acc90/semi90,math500/294,1,976,160
acc90/semi90,math500/295,1,1370,291
acc90/semi90,math500/296,0,2821,758
acc90/semi90,math500/297,1,754,117
acc90/semi90,math500/298,0,986,80
acc90/semi90,math500/299,1,557,108
acc90/semi90,math500/300,1,452,107
acc90/semi90,math500/301,0,461,78
acc90/semi90,math500/302,0,3982,872
acc90/semi90,math500/303,0,3433,1024
acc90/semi90,math500/304,1,890,111
acc90/semi90,math500/305,0,625,88
acc90/semi90,math500/306,0,4020,955
acc90/semi90,math500/307,1,947,177
acc90/semi90,math500/308,0,4018,947
acc90/semi90,math500/309,0,3726,1024
acc90/semi90,math500/310,1,394,36
acc90/semi90,math500/311,1,920,121
acc90/semi90,math500/312,1,325,70
acc90/semi90,math500/313,1,395,74
acc90/semi90,math500/314,1,332,45
acc90/semi90,math500/315,1,1137,273
acc90/semi90,math500/316,1,883,103
acc90/semi90,math500/317,1,997,207
acc90/semi90,math500/318,0,377,36
acc90/semi90,math500/319,1,250,23
acc90/semi90,math500/320,1,886,164
acc90/semi90,math500/321,1,324,41
acc90/semi90,math500/322,1,243,21
acc90/semi90,math500/323,1,2129,768
acc90/semi90,math500/324,0,3238,1024
acc90/semi90,math500/325,1,426,33
acc90/semi90,math500/326,0,455,56
acc90/semi90,math500/327,1,3028,419
acc90/semi90,math500/328,1,2065,396
acc90/semi90,math500/329,0,190,34
acc90/semi90,math500/330,1,504,81
acc90/semi90,math500/331,1,776,85
acc90/semi90,math500/332,0,4023,840
acc90/semi90,math500/333,1,3085,564
acc90/semi90,math500/334,1,477,49
acc90/semi90,math500/335,1,1298,184
acc90/semi90,math500/336,1,263,18
acc90/semi90,math500/337,1,525,74
acc90/semi90,math500/338,1,444,67
acc90/semi90,math500/339,1,673,99
acc90/semi90,math500/340,0,2373,449
acc90/semi90,math500/341,1,441,81
acc90/semi90,math500/342,1,407,50
acc90/semi90,math500/343,1,329,64
acc90/semi90,math500/344,1,734,76
acc90/semi90,math500/345,1,234,25
acc90/semi90,math500/346,1,747,84
acc90/semi90,math500/347,1,435,43
acc90/semi90,math500/348,1,300,35
acc90/semi90,math500/349,0,2881,1024
acc90/semi90,math500/350,1,450,73
acc90/semi90,math500/351,1,1975,386
acc90/semi90,math500/352,0,3852,702
acc90/semi90,math500/353,1,480,89
acc90/semi90,math500/354,1,858,149
acc90/semi90,math500/355,1,2247,332
acc90/semi90,math500/356,0,998,182
acc90/semi90,math500/357,1,736,117
acc90/semi90,math500/358,0,499,91
acc90/semi90,math500/359,1,1168,151
acc90/semi90,math500/360,1,519,84
acc90/semi90,math500/361,1,895,145
acc90/semi90,math500/362,1,261,45
acc90/semi90,math500/363,1,310,34
acc90/semi90,math500/364,1,1043,174
acc90/semi90,math500/365,0,2274,588
acc90/semi90,math500/366,0,510,63
acc90/semi90,math500/367,1,339,45
acc90/semi90,math500/368,1,513,85
acc90/semi90,math500/369,0,3235,1024
acc90/semi90,math500/370,1,205,14
acc90/semi90,math500/371,0,4008,884
acc90/semi90,math500/372,0,3500,1024
acc90/semi90,math500/373,1,492,42
acc90/semi90,math500/374,1,221,24
acc90/semi90,math500/375,1,721,96
acc90/semi90,math500/376,1,725,93
acc90/semi90,math500/377,1,1849,643
acc90/semi90,math500/378,1,908,126
acc90/semi90,math500/379,0,855,126
acc90/semi90,math500/380,1,932,268
acc90/semi90,math500/381,1,2256,471
acc90/semi90,math500/382,1,773,123
acc90/semi90,math500/383,0,408,42
acc90/semi90,math500/384,1,196,30
acc90/semi90,math500/385,0,325,66
acc90/semi90,math500/386,1,418,50
acc90/semi90,math500/387,1,263,20
acc90/semi90,math500/388,1,627,85
acc90/semi90,math500/389,0,840,157
acc90/semi90,math500/390,1,1058,127
acc90/semi90,math500/391,1,986,157
acc90/semi90,math500/392,0,3755,885
acc90/semi90,math500/393,1,403,54
acc90/semi90,math500/394,1,1348,222
acc90/semi90,math500/395,1,321,44
acc90/semi90,math500/396,1,2507,842
acc90/semi90,math500/397,1,235,17
acc90/semi90,math500/398,0,591,108
acc90/semi90,math500/399,1,200,24
acc90/semi90,math500/400,0,4002,707
acc90/semi90,math500/401,0,4028,590
acc90/semi90,math500/402,1,475,88
acc90/semi90,math500/403,1,877,179
acc90/semi90,math500/404,1,293,25
acc90/semi90,math500/405,1,400,84
acc90/semi90,math500/406,1,311,43
acc90/semi90,math500/407,1,258,24
acc90/semi90,math500/408,0,2759,615
acc90/semi90,math500/409,1,2514,536
acc90/semi90,math500/410,1,558,107
acc90/semi90,math500/411,0,245,63
acc90/semi90,math500/412,1,2219,472
acc90/semi90,math500/413,1,234,28
acc90/semi90,math500/414,1,474,51
acc90/semi90,math500/415,1,1229,151
acc90/semi90,math500/416,1,1581,231
acc90/semi90,math500/417,1,367,52
acc90/semi90,math500/418,1,388,42
acc90/semi90,math500/419,1,3117,693
acc90/semi90,math500/420,0,433,38
acc90/semi90,math500/421,0,3967,773
acc90/semi90,math500/422,0,3966,651
acc90/semi90,math500/423,1,1212,145
acc90/semi90,math500/424,1,464,35
acc90/semi90,math500/425,1,1666,289
acc90/semi90,math500/426,1,448,58
acc90/semi90,math500/427,1,315,38
acc90/semi90,math500/428,1,996,119
acc90/semi90,math500/429,1,1029,132
acc90/semi90,math500/430,1,103,18
acc90/semi90,math500/431,1,1381,163
acc90/semi90,math500/432,0,3992,843
acc90/semi90,math500/433,0,737,178
acc90/semi90,math500/434,1,532,75
acc90/semi90,math500/435,0,658,141
acc90/semi90,math500/436,1,1048,141
acc90/semi90,math500/437,1,826,177
acc90/semi90,math500/438,1,387,80
acc90/semi90,math500/439,1,836,166
acc90/semi90,math500/440,1,411,43
acc90/semi90,math500/441,0,236,38
acc90/semi90,math500/442,1,294,19
acc90/semi90,math500/443,1,173,18
acc90/semi90,math500/444,0,3887,997
acc90/semi90,math500/445,0,3799,770
acc90/semi90,math500/446,1,768,65
acc90/semi90,math500/447,0,416,104
acc90/semi90,math500/448,1,868,120
acc90/semi90,math500/449,1,272,19
acc90/semi90,math500/450,1,969,151
acc90/semi90,math500/451,1,578,83
acc90/semi90,math500/452,1,641,74
acc90/semi90,math500/453,1,295,44
acc90/semi90,math500/454,1,1298,136
acc90/semi90,math500/455,1,403,75
acc90/semi90,math500/456,0,1622,220
acc90/semi90,math500/457,1,146,22
acc90/semi90,math500/458,1,1055,394
acc90/semi90,math500/459,1,785,98
acc90/semi90,math500/460,1,1467,397
acc90/semi90,math500/461,1,604,56
acc90/semi90,math500/462,1,592,178
acc90/semi90,math500/463,1,257,26
acc90/semi90,math500/464,1,1058,160
acc90/semi90,math500/465,1,684,117
acc90/semi90,math500/466,1,2015,368
acc90/semi90,math500/467,1,611,86
acc90/semi90,math500/468,1,292,45
acc90/semi90,math500/469,1,365,34
acc90/semi90,math500/470,1,1250,275
acc90/semi90,math500/471,1,240,39
acc90/semi90,math500/472,1,268,36
acc90/semi90,math500/473,1,853,152
acc90/semi90,math500/474,1,536,64
acc90/semi90,math500/475,1,2660,522
acc90/semi90,math500/476,1,311,62
acc90/semi90,math500/477,1,534,106
acc90/semi90,math500/478,1,3772,1024
acc90/semi90,math500/479,1,1062,225
acc90/semi90,math500/480,1,780,141
acc90/semi90,math500/481,1,3807,664
acc90/semi90,math500/482,1,1004,236
acc90/semi90,math500/483,1,1160,123
acc90/semi90,math500/484,1,764,82
acc90/semi90,math500/485,0,3796,1024
acc90/semi90,math500/486,1,517,166
acc90/semi90,math500/487,1,288,26
acc90/semi90,math500/488,1,161,24
acc90/semi90,math500/489,1,749,125
acc90/semi90,math500/490,0,3980,775
acc90/semi90,math500/491,1,557,176
acc90/semi90,math500/492,1,481,72
acc90/semi90,math500/493,1,1616,228
acc90/semi90,math500/494,1,3111,726
acc90/semi90,math500/495,1,807,132
acc90/semi90,math500/496,0,1083,111
acc90/semi90,math500/497,0,4021,782
acc90/semi90,math500/498,1,1794,322
acc90/semi90,math500/499,1,1474,425
acc95/semi70,gsm8k/0,1,170,32
acc95/semi70,gsm8k/1,1,236,76
acc95/semi70,gsm8k/2,1,234,47
acc95/semi70,gsm8k/3,1,208,32
acc95/semi70,gsm8k/4,1,266,53
acc95/semi70,gsm8k/5,1,138,31
acc95/semi70,gsm8k/6,1,139,22
acc95/semi70,gsm8k/7,1,220,43
acc95/semi70,gsm8k/8,0,437,89
acc95/semi70,gsm8k/9,0,215,43
acc95/semi70,gsm8k/10,1,353,87
acc95/semi70,gsm8k/11,1,434,86
acc95/semi70,gsm8k/12,1,149,22
acc95/semi70,gsm8k/13,1,301,38
acc95/semi70,gsm8k/14,1,363,81
acc95/semi70,gsm8k/15,1,188,49
acc95/semi70,gsm8k/16,1,203,21
acc95/semi70,gsm8k/17,1,141,21
acc95/semi70,gsm8k/18,1,191,46
acc95/semi70,gsm8k/19,1,232,31
acc95/semi70,gsm8k/20,1,223,39
acc95/semi70,gsm8k/21,1,252,42
acc95/semi70,gsm8k/22,1,287,53
acc95/semi70,gsm8k/23,1,300,66
acc95/semi70,gsm8k/24,1,190,37
acc95/semi70,gsm8k/25,0,278,59
acc95/semi70,gsm8k/26,1,199,46
acc95/semi70,gsm8k/27,1,193,60
acc95/semi70,gsm8k/28,1,250,55
acc95/semi70,gsm8k/29,1,172,37
acc95/semi70,gsm8k/30,1,186,32
acc95/semi70,gsm8k/31,1,290,78
acc95/semi70,gsm8k/32,1,132,33
acc95/semi70,gsm8k/33,1,251,43
acc95/semi70,gsm8k/34,1,344,82
acc95/semi70,gsm8k/35,1,160,29
acc95/semi70,gsm8k/36,1,231,49
acc95/semi70,gsm8k/37,1,193,58
acc95/semi70,gsm8k/38,1,369,96
acc95/semi70,gsm8k/39,1,293,55
acc95/semi70,gsm8k/40,1,258,62
acc95/semi70,gsm8k/41,1,273,45
acc95/semi70,gsm8k/42,1,335,45
acc95/semi70,gsm8k/43,1,206,41
acc95/semi70,gsm8k/44,1,305,51
acc95/semi70,gsm8k/45,1,133,26
acc95/semi70,gsm8k/46,1,273,60
acc95/semi70,gsm8k/47,1,124,30
acc95/semi70,gsm8k/48,1,154,52
acc95/semi70,gsm8k/49,1,449,127
acc95/semi70,gsm8k/50,0,252,84
acc95/semi70,gsm8k/51,1,159,34
acc95/semi70,gsm8k/52,1,189,37
acc95/semi70,gsm8k/53,1,131,29
acc95/semi70,gsm8k/54,1,311,52
acc95/semi70,gsm8k/55,1,190,53
acc95/semi70,gsm8k/56,1,336,44
acc95/semi70,gsm8k/57,1,141,26
acc95/semi70,gsm8k/58,1,164,20
acc95/semi70,gsm8k/59,1,176,39
acc95/semi70,gsm8k/60,1,181,30
acc95/semi70,gsm8k/61,1,173,21
acc95/semi70,gsm8k/62,1,231,48
acc95/semi70,gsm8k/63,1,145,34
acc95/semi70,gsm8k/64,1,517,113
acc95/semi70,gsm8k/65,1,205,37
acc95/semi70,gsm8k/66,1,330,61
acc95/semi70,gsm8k/67,1,256,66
acc95/semi70,gsm8k/68,1,308,76
acc95/semi70,gsm8k/69,1,184,29
acc95/semi70,gsm8k/70,1,454,81
acc95/semi70,gsm8k/71,1,329,43
acc95/semi70,gsm8k/72,1,221,43
acc95/semi70,gsm8k/73,1,229,44
acc95/semi70,gsm8k/74,1,154,37
acc95/semi70,gsm8k/75,1,364,77
acc95/semi70,gsm8k/76,1,228,38
acc95/semi70,gsm8k/77,1,1773,559
acc95/semi70,gsm8k/78,1,268,55
acc95/semi70,gsm8k/79,1,276,57
acc95/semi70,gsm8k/80,1,229,44
acc95/semi70,gsm8k/81,1,348,58
acc95/semi70,gsm8k/82,1,144,19
acc95/semi70,gsm8k/83,1,237,76
acc95/semi70,gsm8k/84,0,170,44
acc95/semi70,gsm8k/85,1,175,41
acc95/semi70,gsm8k/86,1,272,72
acc95/semi70,gsm8k/87,1,185,24
acc95/semi70,gsm8k/88,1,186,31
acc95/semi70,gsm8k/89,1,171,27
acc95/semi70,gsm8k/90,1,212,21
acc95/semi70,gsm8k/91,1,452,72
acc95/semi70,gsm8k/92,1,209,47
acc95/semi70,gsm8k/93,1,136,36
acc95/semi70,gsm8k/94,0,182,52
acc95/semi70,gsm8k/95,1,266,57
acc95/semi70,gsm8k/96,0,238,81
acc95/semi70,gsm8k/97,1,210,47
acc95/semi70,gsm8k/98,1,203,46
acc95/semi70,gsm8k/99,1,189,28
acc95/semi70,gsm8k/100,1,316,92
acc95/semi70,gsm8k/101,1,258,57
acc95/semi70,gsm8k/102,1,334,100
acc95/semi70,gsm8k/103,1,181,33
acc95/semi70,gsm8k/104,1,131,36
acc95/semi70,gsm8k/105,0,305,63
acc95/semi70,gsm8k/106,1,280,55
acc95/semi70,gsm8k/107,1,418,89
acc95/semi70,gsm8k/108,1,199,51
acc95/semi70,gsm8k/109,1,335,58
acc95/semi70,gsm8k/110,1,193,28
acc95/semi70,gsm8k/111,1,155,28
acc95/semi70,gsm8k/112,1,210,46
acc95/semi70,gsm8k/113,1,228,44
acc95/semi70,gsm8k/114,1,203,32
acc95/semi70,gsm8k/115,1,173,25
acc95/semi70,gsm8k/116,1,642,201
acc95/semi70,gsm8k/117,1,293,59
acc95/semi70,gsm8k/118,1,277,56
acc95/semi70,gsm8k/119,1,322,51
acc95/semi70,gsm8k/120,1,107,26
acc95/semi70,gsm8k/121,1,626,171
acc95/semi70,gsm8k/122,1,177,17
acc95/semi70,gsm8k/123,0,3977,995
acc95/semi70,gsm8k/124,1,185,31
acc95/semi70,gsm8k/125,1,141,30
acc95/semi70,gsm8k/126,1,268,99
acc95/semi70,gsm8k/127,1,223,34
acc95/semi70,gsm8k/128,1,620,86
acc95/semi70,gsm8k/129,1,225,55
acc95/semi70,gsm8k/130,1,469,147
acc95/semi70,gsm8k/131,0,546,144
acc95/semi70,gsm8k/132,1,219,54
acc95/semi70,gsm8k/133,1,260,49
acc95/semi70,gsm8k/134,1,193,33
acc95/semi70,gsm8k/135,1,471,110
acc95/semi70,gsm8k/136,1,572,94
acc95/semi70,gsm8k/137,0,219,46
acc95/semi70,gsm8k/138,1,299,69
acc95/semi70,gsm8k/139,1,267,50
acc95/semi70,gsm8k/140,1,234,34
acc95/semi70,gsm8k/141,1,192,44
acc95/semi70,gsm8k/142,1,163,30
acc95/semi70,gsm8k/143,1,289,41
acc95/semi70,gsm8k/144,1,478,99
acc95/semi70,gsm8k/145,0,231,64
acc95/semi70,gsm8k/146,1,351,44
acc95/semi70,gsm8k/147,1,143,36
acc95/semi70,gsm8k/148,1,281,72
acc95/semi70,gsm8k/149,1,350,92
acc95/semi70,gsm8k/150,1,247,37
acc95/semi70,gsm8k/151,1,396,119
acc95/semi70,gsm8k/152,1,256,58
acc95/semi70,gsm8k/153,1,203,50
acc95/semi70,gsm8k/154,1,172,18
acc95/semi70,gsm8k/155,0,171,32
acc95/semi70,gsm8k/156,1,278,41
acc95/semi70,gsm8k/157,1,214,49
acc95/semi70,gsm8k/158,1,247,58
acc95/semi70,gsm8k/159,1,310,54
acc95/semi70,gsm8k/160,1,146,33
acc95/semi70,gsm8k/161,1,218,46
acc95/semi70,gsm8k/162,1,255,53
acc95/semi70,gsm8k/163,1,248,46
acc95/semi70,gsm8k/164,1,381,50
acc95/semi70,gsm8k/165,0,356,61
acc95/semi70,gsm8k/166,1,168,21
acc95/semi70,gsm8k/167,1,177,27
acc95/semi70,gsm8k/168,1,476,140
acc95/semi70,gsm8k/169,1,268,45
acc95/semi70,gsm8k/170,1,400,91
acc95/semi70,gsm8k/171,1,196,51
acc95/semi70,gsm8k/172,1,218,45
acc95/semi70,gsm8k/173,1,224,47
acc95/semi70,gsm8k/174,1,267,69
acc95/semi70,gsm8k/175,1,232,76
acc95/semi70,gsm8k/176,1,283,57
acc95/semi70,gsm8k/177,1,148,28
acc95/semi70,gsm8k/178,1,316,75
acc95/semi70,gsm8k/179,1,293,46
acc95/semi70,gsm8k/180,1,132,30
acc95/semi70,gsm8k/181,1,197,50
acc95/semi70,gsm8k/182,1,256,54
acc95/semi70,gsm8k/183,1,234,43
acc95/semi70,gsm8k/184,1,261,72
acc95/semi70,gsm8k/185,1,216,41
acc95/semi70,gsm8k/186,1,241,54
acc95/semi70,gsm8k/187,1,176,38
acc95/semi70,gsm8k/188,1,398,60
acc95/semi70,gsm8k/189,1,217,39
acc95/semi70,gsm8k/190,1,328,43
acc95/semi70,gsm8k/191,1,254,69
acc95/semi70,gsm8k/192,1,263,59
acc95/semi70,gsm8k/193,1,200,45
acc95/semi70,gsm8k/194,1,106,23
acc95/semi70,gsm8k/195,1,427,99
acc95/semi70,gsm8k/196,1,229,42
acc95/semi70,gsm8k/197,1,467,72
acc95/semi70,gsm8k/198,0,268,63
acc95/semi70,gsm8k/199,1,132,26
acc95/semi70,gsm8k/200,1,278,53
acc95/semi70,gsm8k/201,1,226,42
acc95/semi70,gsm8k/202,1,137,25
acc95/semi70,gsm8k/203,1,187,46
acc95/semi70,gsm8k/204,1,215,49
acc95/semi70,gsm8k/205,1,390,56
acc95/semi70,gsm8k/206,1,224,54
acc95/semi70,gsm8k/207,1,302,40
acc95/semi70,gsm8k/208,1,186,26
acc95/semi70,gsm8k/209,1,247,40
acc95/semi70,gsm8k/210,1,376,82
acc95/semi70,gsm8k/211,1,190,29
acc95/semi70,gsm8k/212,1,184,43
acc95/semi70,gsm8k/213,1,289,54
acc95/semi70,gsm8k/214,1,116,22
acc95/semi70,gsm8k/215,1,342,107
acc95/semi70,gsm8k/216,1,291,57
acc95/semi70,gsm8k/217,1,239,45
acc95/semi70,gsm8k/218,1,353,101
acc95/semi70,gsm8k/219,1,208,36
acc95/semi70,gsm8k/220,1,199,23
acc95/semi70,gsm8k/221,1,217,23
acc95/semi70,gsm8k/222,1,150,27
acc95/semi70,gsm8k/223,1,288,63
acc95/semi70,gsm8k/224,1,213,44
acc95/semi70,gsm8k/225,0,782,348
acc95/semi70,gsm8k/226,1,116,26
acc95/semi70,gsm8k/227,1,263,47
acc95/semi70,gsm8k/228,1,232,62
acc95/semi70,gsm8k/229,0,456,130
acc95/semi70,gsm8k/230,0,367,98
acc95/semi70,gsm8k/231,1,232,39
acc95/semi70,gsm8k/232,1,239,37
acc95/semi70,gsm8k/233,1,190,24
acc95/semi70,gsm8k/234,1,207,33
acc95/semi70,gsm8k/235,1,268,49
acc95/semi70,gsm8k/236,1,189,40
acc95/semi70,gsm8k/237,1,207,36
acc95/semi70,gsm8k/238,1,256,56
acc95/semi70,gsm8k/239,1,154,33
acc95/semi70,gsm8k/240,1,224,50
acc95/semi70,gsm8k/241,1,165,22
acc95/semi70,gsm8k/242,1,264,75
acc95/semi70,gsm8k/243,1,258,52
acc95/semi70,gsm8k/244,1,134,33
acc95/semi70,gsm8k/245,1,248,39
acc95/semi70,gsm8k/246,1,191,35
acc95/semi70,gsm8k/247,1,288,67
acc95/semi70,gsm8k/248,1,205,25
acc95/semi70,gsm8k/249,1,153,31
acc95/semi70,gsm8k/250,1,314,55
acc95/semi70,gsm8k/251,1,273,47
acc95/semi70,gsm8k/252,1,185,59
acc95/semi70,gsm8k/253,1,235,37
acc95/semi70,gsm8k/254,1,249,30
acc95/semi70,gsm8k/255,1,299,64
acc95/semi70,gsm8k/256,1,362,48
acc95/semi70,gsm8k/257,1,319,61
acc95/semi70,gsm8k/258,1,243,52
acc95/semi70,gsm8k/259,1,2600,946
acc95/semi70,gsm8k/260,1,202,70
acc95/semi70,gsm8k/261,1,429,133
acc95/semi70,gsm8k/262,1,339,43
acc95/semi70,gsm8k/263,1,199,44
acc95/semi70,gsm8k/264,1,334,63
acc95/semi70,gsm8k/265,1,270,49
acc95/semi70,gsm8k/266,1,384,76
acc95/semi70,gsm8k/267,1,189,39
acc95/semi70,gsm8k/268,1,203,27
acc95/semi70,gsm8k/269,1,202,34
acc95/semi70,gsm8k/270,1,733,183
acc95/semi70,gsm8k/271,1,295,65
acc95/semi70,gsm8k/272,1,167,24
acc95/semi70,gsm8k/273,1,223,38
acc95/semi70,gsm8k/274,1,286,55
acc95/semi70,gsm8k/275,1,251,44
acc95/semi70,gsm8k/276,0,417,152
acc95/semi70,gsm8k/277,1,149,33
acc95/semi70,gsm8k/278,1,176,32
acc95/semi70,gsm8k/279,1,207,35
acc95/semi70,gsm8k/280,1,276,62
acc95/semi70,gsm8k/281,1,185,42
acc95/semi70,gsm8k/282,1,232,45
acc95/semi70,gsm8k/283,1,172,30
acc95/semi70,gsm8k/284,1,218,33
acc95/semi70,gsm8k/285,1,304,40
acc95/semi70,gsm8k/286,1,205,37
acc95/semi70,gsm8k/287,0,456,135
acc95/semi70,gsm8k/288,1,361,92
acc95/semi70,gsm8k/289,0,165,38
acc95/semi70,gsm8k/290,1,184,36
acc95/semi70,gsm8k/291,0,239,55
acc95/semi70,gsm8k/292,1,225,38
acc95/semi70,gsm8k/293,1,380,86
acc95/semi70,gsm8k/294,1,3998,1010
acc95/semi70,gsm8k/295,1,207,35
acc95/semi70,gsm8k/296,0,510,106
acc95/semi70,gsm8k/297,1,193,45
acc95/semi70,gsm8k/298,1,197,47
acc95/semi70,gsm8k/299,1,362,43
acc95/semi70,gsm8k/300,1,234,55
acc95/semi70,gsm8k/301,1,94,17
acc95/semi70,gsm8k/302,1,277,35
acc95/semi70,gsm8k/303,1,271,37
acc95/semi70,gsm8k/304,1,142,27
acc95/semi70,gsm8k/305,1,188,32
acc95/semi70,gsm8k/306,1,231,42
acc95/semi70,gsm8k/307,1,197,36
acc95/semi70,gsm8k/308,1,338,56
acc95/semi70,gsm8k/309,1,195,31
acc95/semi70,gsm8k/310,1,365,69
acc95/semi70,gsm8k/311,1,170,29
acc95/semi70,gsm8k/312,1,210,39
acc95/semi70,gsm8k/313,1,230,49
acc95/semi70,gsm8k/314,1,230,43
acc95/semi70,gsm8k/315,1,402,79
acc95/semi70,gsm8k/316,1,223,49
acc95/semi70,gsm8k/317,1,238,37
acc95/semi70,gsm8k/318,1,255,42
acc95/semi70,gsm8k/319,1,157,30
acc95/semi70,gsm8k/320,1,498,152
acc95/semi70,gsm8k/321,1,208,43
acc95/semi70,gsm8k/322,1,362,58
acc95/semi70,gsm8k/323,1,158,39
acc95/semi70,gsm8k/324,1,292,56
acc95/semi70,gsm8k/325,1,245,41
acc95/semi70,gsm8k/326,1,329,50
acc95/semi70,gsm8k/327,1,262,64
acc95/semi70,gsm8k/328,1,154,26
acc95/semi70,gsm8k/329,1,147,37
acc95/semi70,gsm8k/330,1,202,37
acc95/semi70,gsm8k/331,1,257,44
acc95/semi70,gsm8k/332,1,235,58
acc95/semi70,gsm8k/333,1,211,26
acc95/semi70,gsm8k/334,1,384,96
acc95/semi70,gsm8k/335,1,188,27
acc95/semi70,gsm8k/336,1,254,49
acc95/semi70,gsm8k/337,1,371,65
acc95/semi70,gsm8k/338,1,282,44
acc95/semi70,gsm8k/339,1,3204,1024
acc95/semi70,gsm8k/340,1,215,62
acc95/semi70,gsm8k/341,1,202,32
acc95/semi70,gsm8k/342,1,229,33
acc95/semi70,gsm8k/343,1,255,52
acc95/semi70,gsm8k/344,1,131,28
acc95/semi70,gsm8k/345,1,452,63
acc95/semi70,gsm8k/346,1,289,71
acc95/semi70,gsm8k/347,1,128,23
acc95/semi70,gsm8k/348,1,409,64
acc95/semi70,gsm8k/349,1,257,41
acc95/semi70,gsm8k/350,1,250,55
acc95/semi70,gsm8k/351,1,515,74
acc95/semi70,gsm8k/352,1,132,24
acc95/semi70,gsm8k/353,1,203,36
acc95/semi70,gsm8k/354,1,258,44
acc95/semi70,gsm8k/355,1,302,45
acc95/semi70,gsm8k/356,1,398,65
acc95/semi70,gsm8k/357,1,265,61
acc95/semi70,gsm8k/358,1,189,28
acc95/semi70,gsm8k/359,1,291,48
acc95/semi70,gsm8k/360,1,453,96
acc95/semi70,gsm8k/361,1,237,53
acc95/semi70,gsm8k/362,1,223,47
acc95/semi70,gsm8k/363,1,163,47
acc95/semi70,gsm8k/364,1,134,41
acc95/semi70,gsm8k/365,1,262,79
acc95/semi70,gsm8k/366,0,195,45
acc95/semi70,gsm8k/367,1,175,28
acc95/semi70,gsm8k/368,0,285,82
acc95/semi70,gsm8k/369,1,213,49
acc95/semi70,gsm8k/370,1,253,75
acc95/semi70,gsm8k/371,1,308,70
acc95/semi70,gsm8k/372,1,406,78
acc95/semi70,gsm8k/373,1,121,21
acc95/semi70,gsm8k/374,1,360,106
acc95/semi70,gsm8k/375,1,423,100
acc95/semi70,gsm8k/376,1,223,28
acc95/semi70,gsm8k/377,1,274,47
acc95/semi70,gsm8k/378,0,700,237
acc95/semi70,gsm8k/379,1,203,57
acc95/semi70,gsm8k/380,1,258,44
acc95/semi70,gsm8k/381,1,160,35
acc95/semi70,gsm8k/382,0,366,101
acc95/semi70,gsm8k/383,1,208,27
acc95/semi70,gsm8k/384,1,162,27
acc95/semi70,gsm8k/385,1,189,36
acc95/semi70,gsm8k/386,1,243,50
acc95/semi70,gsm8k/387,1,181,27
acc95/semi70,gsm8k/388,1,203,45
acc95/semi70,gsm8k/389,1,994,419
acc95/semi70,gsm8k/390,1,543,188
acc95/semi70,gsm8k/391,1,371,55
acc95/semi70,gsm8k/392,1,320,72
acc95/semi70,gsm8k/393,1,154,32
acc95/semi70,gsm8k/394,1,194,34
acc95/semi70,gsm8k/395,1,244,48
acc95/semi70,gsm8k/396,1,233,33
acc95/semi70,gsm8k/397,0,162,34
acc95/semi70,gsm8k/398,1,186,20
acc95/semi70,gsm8k/399,0,271,82
acc95/semi70,gsm8k/400,1,207,24
acc95/semi70,gsm8k/401,0,3992,772
acc95/semi70,gsm8k/402,1,401,71
acc95/semi70,gsm8k/403,1,377,65
acc95/semi70,gsm8k/404,1,165,26
acc95/semi70,gsm8k/405,0,607,207
acc95/semi70,gsm8k/406,1,380,91
acc95/semi70,gsm8k/407,1,346,67
acc95/semi70,gsm8k/408,1,136,29
acc95/semi70,gsm8k/409,1,392,54
acc95/semi70,gsm8k/410,1,449,70
acc95/semi70,gsm8k/411,1,210,37
acc95/semi70,gsm8k/412,1,230,54
acc95/semi70,gsm8k/413,1,161,22
acc95/semi70,gsm8k/414,1,409,168
acc95/semi70,gsm8k/415,1,280,49
acc95/semi70,gsm8k/416,1,195,23
acc95/semi70,gsm8k/417,1,217,41
acc95/semi70,gsm8k/418,1,128,27
acc95/semi70,gsm8k/419,0,285,53
acc95/semi70,gsm8k/420,1,211,43
acc95/semi70,gsm8k/421,1,131,24
acc95/semi70,gsm8k/422,1,206,27
acc95/semi70,gsm8k/423,1,286,62
acc95/semi70,gsm8k/424,1,113,36
acc95/semi70,gsm8k/425,1,213,30
acc95/semi70,gsm8k/426,1,193,51
acc95/semi70,gsm8k/427,1,492,88
acc95/semi70,gsm8k/428,1,287,40
acc95/semi70,gsm8k/429,1,235,59
acc95/semi70,gsm8k/430,1,109,16
acc95/semi70,gsm8k/431,0,814,315
acc95/semi70,gsm8k/432,1,135,13
acc95/semi70,gsm8k/433,1,541,107
acc95/semi70,gsm8k/434,1,400,80
acc95/semi70,gsm8k/435,1,268,55
acc95/semi70,gsm8k/436,1,305,44
acc95/semi70,gsm8k/437,1,640,123
acc95/semi70,gsm8k/438,0,287,44
acc95/semi70,gsm8k/439,1,476,122
acc95/semi70,gsm8k/440,1,134,26
acc95/semi70,gsm8k/441,1,325,69
acc95/semi70,gsm8k/442,1,145,32
acc95/semi70,gsm8k/443,1,263,53
acc95/semi70,gsm8k/444,1,139,25
acc95/semi70,gsm8k/445,1,348,85
acc95/semi70,gsm8k/446,1,323,76
acc95/semi70,gsm8k/447,1,206,41
acc95/semi70,gsm8k/448,1,194,32
acc95/semi70,gsm8k/449,1,198,31
acc95/semi70,gsm8k/450,1,280,35
acc95/semi70,gsm8k/451,1,379,54
acc95/semi70,gsm8k/452,0,284,91
acc95/semi70,gsm8k/453,1,269,66
acc95/semi70,gsm8k/454,1,308,82
acc95/semi70,gsm8k/455,1,267,48
acc95/semi70,gsm8k/456,1,129,16
acc95/semi70,gsm8k/457,1,183,39
acc95/semi70,gsm8k/458,1,213,61
acc95/semi70,gsm8k/459,1,379,96
acc95/semi70,gsm8k/460,1,224,26
acc95/semi70,gsm8k/461,1,307,55
acc95/semi70,gsm8k/462,1,260,35
acc95/semi70,gsm8k/463,1,270,68
acc95/semi70,gsm8k/464,1,238,51
acc95/semi70,gsm8k/465,0,3957,862
acc95/semi70,gsm8k/466,1,244,34
acc95/semi70,gsm8k/467,1,145,28
acc95/semi70,gsm8k/468,1,176,31
acc95/semi70,gsm8k/469,1,221,40
acc95/semi70,gsm8k/470,1,229,38
acc95/semi70,gsm8k/471,1,285,53
acc95/semi70,gsm8k/472,1,426,106
acc95/semi70,gsm8k/473,1,329,27
acc95/semi70,gsm8k/474,1,206,68
acc95/semi70,gsm8k/475,0,3603,1024
acc95/semi70,gsm8k/476,1,151,43
acc95/semi70,gsm8k/477,1,216,35
acc95/semi70,gsm8k/478,1,293,34
acc95/semi70,gsm8k/479,1,411,86
acc95/semi70,gsm8k/480,1,377,65
acc95/semi70,gsm8k/481,0,248,80
acc95/semi70,gsm8k/482,1,180,32
acc95/semi70,gsm8k/483,0,4002,872
acc95/semi70,gsm8k/484,1,283,48
acc95/semi70,gsm8k/485,1,161,28
acc95/semi70,gsm8k/486,0,1120,419
acc95/semi70,gsm8k/487,1,176,39
acc95/semi70,gsm8k/488,1,268,57
acc95/semi70,gsm8k/489,1,401,80
acc95/semi70,gsm8k/490,1,645,271
acc95/semi70,gsm8k/491,1,311,59
acc95/semi70,gsm8k/492,1,379,72
acc95/semi70,gsm8k/493,1,191,31
acc95/semi70,gsm8k/494,1,217,37
acc95/semi70,gsm8k/495,1,238,43
acc95/semi70,gsm8k/496,1,209,63
acc95/semi70,gsm8k/497,1,234,27
acc95/semi70,gsm8k/498,1,173,35
acc95/semi70,gsm8k/499,1,278,91
acc95/semi70,gsm8k/500,1,140,19
acc95/semi70,gsm8k/501,1,188,32
acc95/semi70,gsm8k/502,1,373,66
acc95/semi70,gsm8k/503,1,152,32
acc95/semi70,gsm8k/504,1,307,75
acc95/semi70,gsm8k/505,1,277,44
acc95/semi70,gsm8k/506,1,127,32
acc95/semi70,gsm8k/507,1,236,46
acc95/semi70,gsm8k/508,1,187,20
acc95/semi70,gsm8k/509,1,319,60
acc95/semi70,gsm8k/510,1,190,30
acc95/semi70,gsm8k/511,1,135,34
acc95/semi70,math500/0,1,293,59
acc95/semi70,math500/1,1,744,123
acc95/semi70,math500/2,1,403,30
acc95/semi70,math500/3,1,358,58
acc95/semi70,math500/4,0,659,130
acc95/semi70,math500/5,1,312,61
acc95/semi70,math500/6,1,519,127
acc95/semi70,math500/7,1,889,168
acc95/semi70,math500/8,1,339,35
acc95/semi70,math500/9,0,3223,1024
acc95/semi70,math500/10,1,1579,524
acc95/semi70,math500/11,0,3461,701
acc95/semi70,math500/12,1,741,145
acc95/semi70,math500/13,1,303,33
acc95/semi70,math500/14,0,277,66
acc95/semi70,math500/15,1,880,145
acc95/semi70,math500/16,1,286,53
acc95/semi70,math500/17,0,3835,941
acc95/semi70,math500/18,0,3146,1024
acc95/semi70,math500/19,1,1627,370
acc95/semi70,math500/20,1,140,21
acc95/semi70,math500/21,0,2091,408
acc95/semi70,math500/22,1,1654,372
acc95/semi70,math500/23,1,545,68
acc95/semi70,math500/24,0,3967,865
acc95/semi70,math500/25,0,1468,256
acc95/semi70,math500/26,0,1764,474
acc95/semi70,math500/27,1,291,63
acc95/semi70,math500/28,1,275,72
acc95/semi70,math500/29,1,426,92
acc95/semi70,math500/30,1,254,45
acc95/semi70,math500/31,1,278,49
acc95/semi70,math500/32,1,512,180
acc95/semi70,math500/33,1,1091,184
acc95/semi70,math500/34,1,737,68
acc95/semi70,math500/35,1,413,47
acc95/semi70,math500/36,1,1002,127
acc95/semi70,math500/37,1,412,131
acc95/semi70,math500/38,1,179,26
acc95/semi70,math500/39,1,591,94
acc95/semi70,math500/40,1,269,36
acc95/semi70,math500/41,1,1194,235
acc95/semi70,math500/42,1,306,41
acc95/semi70,math500/43,0,3988,897
acc95/semi70,math500/44,1,371,83
acc95/semi70,math500/45,1,200,59
acc95/semi70,math500/46,1,1743,436
acc95/semi70,math500/47,1,475,61
acc95/semi70,math500/48,1,262,43
acc95/semi70,math500/49,1,334,53
acc95/semi70,math500/50,1,3702,977
acc95/semi70,math500/51,1,458,109
acc95/semi70,math500/52,1,353,58
acc95/semi70,math500/53,1,314,58
acc95/semi70,math500/54,1,212,43
acc95/semi70,math500/55,1,304,67
acc95/semi70,math500/56,1,310,53
acc95/semi70,math500/57,1,344,42
acc95/semi70,math500/58,1,245,20
acc95/semi70,math500/59,1,414,44
acc95/semi70,math500/60,0,4019,898
acc95/semi70,math500/61,0,4003,952
acc95/semi70,math500/62,1,977,190
acc95/semi70,math500/63,1,1504,219
acc95/semi70,math500/64,0,4007,757
acc95/semi70,math500/65,1,240,68
acc95/semi70,math500/66,1,471,75
acc95/semi70,math500/67,0,395,64
acc95/semi70,math500/68,1,983,176
acc95/semi70,math500/69,1,439,84
acc95/semi70,math500/70,1,335,33
acc95/semi70,math500/71,0,922,225
acc95/semi70,math500/72,1,411,46
acc95/semi70,math500/73,1,341,49
acc95/semi70,math500/74,1,430,75
acc95/semi70,math500/75,0,577,136
acc95/semi70,math500/76,1,548,152
acc95/semi70,math500/77,1,234,25
acc95/semi70,math500/78,1,1186,217
acc95/semi70,math500/79,1,199,22
acc95/semi70,math500/80,0,4025,997
acc95/semi70,math500/81,0,564,92
acc95/semi70,math500/82,1,1757,514
acc95/semi70,math500/83,1,590,132
acc95/semi70,math500/84,1,964,152
acc95/semi70,math500/85,1,421,89
acc95/semi70,math500/86,1,178,45
acc95/semi70,math500/87,1,861,160
acc95/semi70,math500/88,1,2621,724
acc95/semi70,math500/89,1,951,191
acc95/semi70,math500/90,1,252,41
acc95/semi70,math500/91,1,499,101
acc95/semi70,math500/92,1,805,129
acc95/semi70,math500/93,1,564,62
acc95/semi70,math500/94,0,1065,312
acc95/semi70,math500/95,1,512,48
acc95/semi70,math500/96,0,3967,761
acc95/semi70,math500/97,0,270,103
acc95/semi70,math500/98,1,156,36
acc95/semi70,math500/99,0,1785,240
acc95/semi70,math500/100,0,3663,1024
acc95/semi70,math500/101,0,3918,768
acc95/semi70,math500/102,0,245,48
acc95/semi70,math500/103,0,3965,992
acc95/semi70,math500/104,0,3990,764
acc95/semi70,math500/105,0,330,58
acc95/semi70,math500/106,1,391,76
acc95/semi70,math500/107,1,616,126
acc95/semi70,math500/108,1,2546,669
acc95/semi70,math500/109,1,3932,916
acc95/semi70,math500/110,0,3959,715
acc95/semi70,math500/111,1,377,54
acc95/semi70,math500/112,1,971,171
acc95/semi70,math500/113,1,298,19
acc95/semi70,math500/114,1,715,101
acc95/semi70,math500/115,1,418,70
acc95/semi70,math500/116,1,213,17
acc95/semi70,math500/117,1,227,13
acc95/semi70,math500/118,1,1339,232
acc95/semi70,math500/119,0,3340,1024
acc95/semi70,math500/120,1,2695,757
acc95/semi70,math500/121,1,245,35
acc95/semi70,math500/122,1,324,45
acc95/semi70,math500/123,0,3805,865
acc95/semi70,math500/124,1,711,105
acc95/semi70,math500/125,1,350,53
acc95/semi70,math500/126,0,4003,872
acc95/semi70,math500/127,0,768,138
acc95/semi70,math500/128,0,312,114
acc95/semi70,math500/129,1,2358,475
acc95/semi70,math500/130,1,967,194
acc95/semi70,math500/131,1,416,46
acc95/semi70,math500/132,1,387,52
acc95/semi70,math500/133,1,384,69
acc95/semi70,math500/134,1,719,122
acc95/semi70,math500/135,1,535,79
acc95/semi70,math500/136,0,3909,1024
acc95/semi70,math500/137,1,388,44
acc95/semi70,math500/138,1,1596,599
acc95/semi70,math500/139,1,921,180
acc95/semi70,math500/140,1,1132,252
acc95/semi70,math500/141,0,447,164
acc95/semi70,math500/142,1,473,122
acc95/semi70,math500/143,1,688,66
acc95/semi70,math500/144,1,244,22
acc95/semi70,math500/145,1,3326,498
acc95/semi70,math500/146,1,266,40
acc95/semi70,math500/147,0,4022,909
acc95/semi70,math500/148,1,202,29
acc95/semi70,math500/149,1,983,160
acc95/semi70,math500/150,1,2395,295
acc95/semi70,math500/151,1,1199,279
acc95/semi70,math500/152,1,3812,956
acc95/semi70,math500/153,1,870,211
acc95/semi70,math500/154,0,3930,914
acc95/semi70,math500/155,1,477,87
acc95/semi70,math500/156,1,3857,754
acc95/semi70,math500/157,1,417,42
acc95/semi70,math500/158,1,578,82
acc95/semi70,math500/159,1,446,66
acc95/semi70,math500/160,1,543,84
acc95/semi70,math500/161,1,187,30
acc95/semi70,math500/162,1,577,114
acc95/semi70,math500/163,1,3100,759
acc95/semi70,math500/164,1,2347,433
acc95/semi70,math500/165,1,428,104
acc95/semi70,math500/166,0,3435,1024
acc95/semi70,math500/167,1,216,27
acc95/semi70,math500/168,0,2597,1024
acc95/semi70,math500/169,1,575,109
acc95/semi70,math500/170,1,2058,274
acc95/semi70,math500/171,1,271,55
acc95/semi70,math500/172,1,444,38
acc95/semi70,math500/173,1,2726,687
acc95/semi70,math500/174,1,432,54
acc95/semi70,math500/175,1,1836,298
acc95/semi70,math500/176,0,520,121
acc95/semi70,math500/177,1,2005,511
acc95/semi70,math500/178,1,287,33
acc95/semi70,math500/179,1,995,126
acc95/semi70,math500/180,1,493,147
acc95/semi70,math500/181,1,380,63
acc95/semi70,math500/182,1,235,40
acc95/semi70,math500/183,1,773,100
acc95/semi70,math500/184,0,4021,985
acc95/semi70,math500/185,1,180,17
acc95/semi70,math500/186,1,645,142
acc95/semi70,math500/187,0,442,96
acc95/semi70,math500/188,1,2309,432
acc95/semi70,math500/189,0,3572,783
acc95/semi70,math500/190,1,515,95
acc95/semi70,math500/191,1,180,19
acc95/semi70,math500/192,1,1613,380
acc95/semi70,math500/193,1,573,112
acc95/semi70,math500/194,1,3781,950
acc95/semi70,math500/195,1,441,78
acc95/semi70,math500/196,1,209,27
acc95/semi70,math500/197,1,991,127
acc95/semi70,math500/198,1,387,106
acc95/semi70,math500/199,1,259,28
acc95/semi70,math500/200,1,349,49
acc95/semi70,math500/201,1,793,123
acc95/semi70,math500/202,1,1098,242
acc95/semi70,math500/203,1,568,76
acc95/semi70,math500/204,0,3056,1024
acc95/semi70,math500/205,1,771,87
acc95/semi70,math500/206,1,386,51
acc95/semi70,math500/207,0,301,58
acc95/semi70,math500/208,1,348,74
acc95/semi70,math500/209,1,646,157
acc95/semi70,math500/210,0,3001,1024
acc95/semi70,math500/211,1,344,48
acc95/semi70,math500/212,1,684,122
acc95/semi70,math500/213,1,3422,633
acc95/semi70,math500/214,1,758,133
acc95/semi70,math500/215,1,352,48
acc95/semi70,math500/216,1,384,71
acc95/semi70,math500/217,0,2963,1024
acc95/semi70,math500/218,1,284,36
acc95/semi70,math500/219,0,1757,443
acc95/semi70,math500/220,1,406,104
acc95/semi70,math500/221,1,841,144
acc95/semi70,math500/222,1,2845,1024
acc95/semi70,math500/223,1,2718,650
acc95/semi70,math500/224,1,1849,324
acc95/semi70,math500/225,1,329,38
acc95/semi70,math500/226,0,390,120
acc95/semi70,math500/227,1,305,86
acc95/semi70,math500/228,0,3955,778
acc95/semi70,math500/229,1,321,80
acc95/semi70,math500/230,1,1280,211
acc95/semi70,math500/231,1,935,135
acc95/semi70,math500/232,1,2999,866
acc95/semi70,math500/233,1,493,63
acc95/semi70,math500/234,1,1301,236
acc95/semi70,math500/235,1,553,54
acc95/semi70,math500/236,0,4023,810
acc95/semi70,math500/237,1,731,108
acc95/semi70,math500/238,1,803,146
acc95/semi70,math500/239,0,3960,874
acc95/semi70,math500/240,0,3836,770
acc95/semi70,math500/241,1,837,112
acc95/semi70,math500/242,1,484,88
acc95/semi70,math500/243,1,281,56
acc95/semi70,math500/244,1,819,131
acc95/semi70,math500/245,1,1348,135
acc95/semi70,math500/246,0,4009,789
acc95/semi70,math500/247,1,564,80
acc95/semi70,math500/248,1,1733,313
acc95/semi70,math500/249,1,1938,327
acc95/semi70,math500/250,1,522,53
acc95/semi70,math500/251,1,852,242
acc95/semi70,math500/252,1,686,95
acc95/semi70,math500/253,1,223,35
acc95/semi70,math500/254,1,385,65
acc95/semi70,math500/255,1,440,72
acc95/semi70,math500/256,1,379,41
acc95/semi70,math500/257,1,333,54
acc95/semi70,math500/258,1,560,85
acc95/semi70,math500/259,1,253,28
acc95/semi70,math500/260,1,698,60
acc95/semi70,math500/261,1,375,57
acc95/semi70,math500/262,1,164,18
acc95/semi70,math500/263,1,473,92
acc95/semi70,math500/264,0,3424,1024
acc95/semi70,math500/265,1,313,37
acc95/semi70,math500/266,1,454,80
acc95/semi70,math500/267,1,519,142
acc95/semi70,math500/268,1,252,25
acc95/semi70,math500/269,1,429,93
acc95/semi70,math500/270,1,344,46
acc95/semi70,math500/271,1,932,164
acc95/semi70,math500/272,1,997,235
acc95/semi70,math500/273,1,292,57
acc95/semi70,math500/274,0,3208,1024
acc95/semi70,math500/275,1,201,16
acc95/semi70,math500/276,1,984,155
acc95/semi70,math500/277,1,227,56
acc95/semi70,math500/278,1,503,74
acc95/semi70,math500/279,1,477,91
acc95/semi70,math500/280,1,555,107
acc95/semi70,math500/281,0,3721,700
acc95/semi70,math500/282,0,818,124
acc95/semi70,math500/283,1,298,32
acc95/semi70,math500/284,0,3388,747
acc95/semi70,math500/285,0,3714,1024
acc95/semi70,math500/286,0,4008,905
acc95/semi70,math500/287,1,1039,243
acc95/semi70,math500/288,1,1452,223
acc95/semi70,math500/289,1,649,92
acc95/semi70,math500/290,1,926,107
acc95/semi70,math500/291,1,500,99
acc95/semi70,math500/292,1,2206,248
acc95/semi70,math500/293,1,582,103
acc95/semi70,math500/294,1,1472,394
acc95/semi70,math500/295,1,2407,743
acc95/semi70,math500/296,0,2380,693
acc95/semi70,math500/297,1,884,185
acc95/semi70,math500/298,1,940,96
acc95/semi70,math500/299,1,513,100
acc95/semi70,math500/300,1,446,115
acc95/semi70,math500/301,1,420,87
acc95/semi70,math500/302,0,3982,993
acc95/semi70,math500/303,0,3017,1024
acc95/semi70,math500/304,1,851,106
acc95/semi70,math500/305,0,545,77
acc95/semi70,math500/306,0,3700,1024
acc95/semi70,math500/307,1,1124,251
acc95/semi70,math500/308,0,3826,1024
acc95/semi70,math500/309,1,2845,725
acc95/semi70,math500/310,1,387,73
acc95/semi70,math500/311,1,832,118
acc95/semi70,math500/312,1,300,94
acc95/semi70,math500/313,1,401,87
acc95/semi70,math500/314,1,339,46
acc95/semi70,math500/315,1,1067,279
acc95/semi70,math500/316,1,640,93
acc95/semi70,math500/317,0,3977,899
acc95/semi70,math500/318,0,377,43
acc95/semi70,math500/319,1,249,26
acc95/semi70,math500/320,1,793,199
acc95/semi70,math500/321,1,302,46
acc95/semi70,math500/322,1,229,24
acc95/semi70,math500/323,0,2811,1024
acc95/semi70,math500/324,0,3654,1024
acc95/semi70,math500/325,1,424,41
acc95/semi70,math500/326,0,298,43
acc95/semi70,math500/327,0,3982,788
acc95/semi70,math500/328,1,2441,606
acc95/semi70,math500/329,0,191,38
acc95/semi70,math500/330,0,452,85
acc95/semi70,math500/331,1,873,122
acc95/semi70,math500/332,0,4023,917
acc95/semi70,math500/333,1,4007,597
acc95/semi70,math500/334,1,476,58
acc95/semi70,math500/335,1,1170,231
acc95/semi70,math500/336,1,263,28
acc95/semi70,math500/337,1,501,118
acc95/semi70,math500/338,1,448,78
acc95/semi70,math500/339,1,2341,557
acc95/semi70,math500/340,0,3993,804
acc95/semi70,math500/341,1,423,88
acc95/semi70,math500/342,1,432,60
acc95/semi70,math500/343,1,388,99
acc95/semi70,math500/344,1,592,72
acc95/semi70,math500/345,0,186,30
acc95/semi70,math500/346,1,585,81
acc95/semi70,math500/347,1,484,57
acc95/semi70,math500/348,1,347,33
acc95/semi70,math500/349,0,527,209
acc95/semi70,math500/350,1,487,91
acc95/semi70,math500/351,1,1774,374
acc95/semi70,math500/352,0,3852,900
acc95/semi70,math500/353,1,478,111
acc95/semi70,math500/354,1,880,180
acc95/semi70,math500/355,0,4016,781
acc95/semi70,math500/356,1,792,173
acc95/semi70,math500/357,1,773,173
acc95/semi70,math500/358,1,484,83
acc95/semi70,math500/359,1,1565,303
acc95/semi70,math500/360,1,490,84
acc95/semi70,math500/361,1,1314,245
acc95/semi70,math500/362,1,287,62
acc95/semi70,math500/363,1,344,50
acc95/semi70,math500/364,1,918,166
acc95/semi70,math500/365,1,1884,456
acc95/semi70,math500/366,1,639,113
acc95/semi70,math500/367,1,297,43
acc95/semi70,math500/368,1,531,115
acc95/semi70,math500/369,0,3011,1024
acc95/semi70,math500/370,1,205,17
acc95/semi70,math500/371,0,4008,766
acc95/semi70,math500/372,0,3564,1024
acc95/semi70,math500/373,1,511,63
acc95/semi70,math500/374,1,262,43
acc95/semi70,math500/375,1,670,99
acc95/semi70,math500/376,1,719,112
acc95/semi70,math500/377,1,780,240
acc95/semi70,math500/378,1,844,139
acc95/semi70,math500/379,0,940,179
acc95/semi70,math500/380,1,1135,412
acc95/semi70,math500/381,1,2285,567
acc95/semi70,math500/382,1,782,143
acc95/semi70,math500/383,0,445,54
acc95/semi70,math500/384,1,192,25
acc95/semi70,math500/385,0,329,75
acc95/semi70,math500/386,1,427,63
acc95/semi70,math500/387,1,263,22
acc95/semi70,math500/388,1,618,86
acc95/semi70,math500/389,1,668,138
acc95/semi70,math500/390,1,1036,174
acc95/semi70,math500/391,1,1128,203
acc95/semi70,math500/392,0,3755,730
acc95/semi70,math500/393,1,362,63
acc95/semi70,math500/394,0,1347,306
acc95/semi70,math500/395,1,307,44
acc95/semi70,math500/396,0,3779,1024
acc95/semi70,math500/397,1,234,20
acc95/semi70,math500/398,1,571,136
acc95/semi70,math500/399,1,196,31
acc95/semi70,math500/400,0,3650,1024
acc95/semi70,math500/401,0,3900,664
acc95/semi70,math500/402,1,447,118
acc95/semi70,math500/403,1,1095,209
acc95/semi70,math500/404,1,292,31
acc95/semi70,math500/405,1,396,95
acc95/semi70,math500/406,1,300,55
acc95/semi70,math500/407,1,271,33
acc95/semi70,math500/408,0,1883,391
acc95/semi70,math500/409,0,4011,722
acc95/semi70,math500/410,1,634,139
acc95/semi70,math500/411,0,203,48
acc95/semi70,math500/412,1,3997,936
acc95/semi70,math500/413,1,237,35
acc95/semi70,math500/414,1,445,54
acc95/semi70,math500/415,1,1042,144
acc95/semi70,math500/416,1,704,111
acc95/semi70,math500/417,1,342,45
acc95/semi70,math500/418,1,392,64
acc95/semi70,math500/419,1,2126,469
acc95/semi70,math500/420,0,423,44
acc95/semi70,math500/421,0,3967,926
acc95/semi70,math500/422,0,3966,770
acc95/semi70,math500/423,1,1870,342
acc95/semi70,math500/424,1,466,47
acc95/semi70,math500/425,1,3993,857
acc95/semi70,math500/426,1,444,71
acc95/semi70,math500/427,1,296,46
acc95/semi70,math500/428,1,2120,344
acc95/semi70,math500/429,1,859,143
acc95/semi70,math500/430,1,104,20
acc95/semi70,math500/431,0,4031,755
acc95/semi70,math500/432,0,3992,845
acc95/semi70,math500/433,1,666,160
acc95/semi70,math500/434,1,531,74
acc95/semi70,math500/435,1,676,133
acc95/semi70,math500/436,1,1139,158
acc95/semi70,math500/437,1,784,166
acc95/semi70,math500/438,1,524,116
acc95/semi70,math500/439,1,2198,433
acc95/semi70,math500/440,1,369,46
acc95/semi70,math500/441,0,237,46
acc95/semi70,math500/442,1,295,39
acc95/semi70,math500/443,1,173,23
acc95/semi70,math500/444,0,3887,946
acc95/semi70,math500/445,1,2838,570
acc95/semi70,math500/446,1,747,91
acc95/semi70,math500/447,1,372,89
acc95/semi70,math500/448,0,4017,866
acc95/semi70,math500/449,1,273,23
acc95/semi70,math500/450,1,871,132
acc95/semi70,math500/451,1,866,171
acc95/semi70,math500/452,1,526,86
acc95/semi70,math500/453,1,311,55
acc95/semi70,math500/454,1,1259,155
acc95/semi70,math500/455,1,391,59
acc95/semi70,math500/456,0,1994,354
acc95/semi70,math500/457,1,138,36
acc95/semi70,math500/458,0,3961,616
acc95/semi70,math500/459,1,840,135
acc95/semi70,math500/460,0,3161,1024
acc95/semi70,math500/461,1,627,80
acc95/semi70,math500/462,1,2903,998
acc95/semi70,math500/463,1,379,74
acc95/semi70,math500/464,1,943,175
acc95/semi70,math500/465,1,672,137
acc95/semi70,math500/466,1,1719,401
acc95/semi70,math500/467,1,290,84
acc95/semi70,math500/468,0,257,40
acc95/semi70,math500/469,1,363,42
acc95/semi70,math500/470,1,1189,273
acc95/semi70,math500/471,1,248,48
acc95/semi70,math500/472,1,272,39
acc95/semi70,math500/473,1,1054,197
acc95/semi70,math500/474,1,689,91
acc95/semi70,math500/475,1,2716,563
acc95/semi70,math500/476,1,405,99
acc95/semi70,math500/477,1,3269,701
acc95/semi70,math500/478,0,3772,1024
acc95/semi70,math500/479,1,1221,313
acc95/semi70,math500/480,1,1219,297
acc95/semi70,math500/481,0,3970,731
acc95/semi70,math500/482,1,1262,344
acc95/semi70,math500/483,1,1199,168
acc95/semi70,math500/484,1,1123,182
acc95/semi70,math500/485,0,3444,1024
acc95/semi70,math500/486,1,761,268
acc95/semi70,math500/487,1,286,29
acc95/semi70,math500/488,1,163,29
acc95/semi70,math500/489,1,1171,242
acc95/semi70,math500/490,0,3980,969
acc95/semi70,math500/491,0,483,182
acc95/semi70,math500/492,1,484,73
acc95/semi70,math500/493,0,564,66
acc95/semi70,math500/494,1,3381,813
acc95/semi70,math500/495,1,679,124
acc95/semi70,math500/496,1,493,48
acc95/semi70,math500/497,0,3765,1024
acc95/semi70,math500/498,1,1307,230
acc95/semi70,math500/499,1,2417,739
acc95/semi90,gsm8k/0,1,175,39
acc95/semi90,gsm8k/1,1,248,64
acc95/semi90,gsm8k/2,1,383,54
acc95/semi90,gsm8k/3,1,208,30
acc95/semi90,gsm8k/4,1,255,69
acc95/semi90,gsm8k/5,1,141,26
acc95/semi90,gsm8k/6,1,139,27
acc95/semi90,gsm8k/7,1,245,37
acc95/semi90,gsm8k/8,1,442,100
acc95/semi90,gsm8k/9,0,206,46
acc95/semi90,gsm8k/10,1,362,86
acc95/semi90,gsm8k/11,0,695,183
acc95/semi90,gsm8k/12,1,150,26
acc95/semi90,gsm8k/13,1,350,51
acc95/semi90,gsm8k/14,1,386,110
acc95/semi90,gsm8k/15,1,195,45
acc95/semi90,gsm8k/16,1,205,30
acc95/semi90,gsm8k/17,1,140,19
acc95/semi90,gsm8k/18,1,193,50
acc95/semi90,gsm8k/19,1,232,31
acc95/semi90,gsm8k/20,1,224,35
acc95/semi90,gsm8k/21,1,296,52
acc95/semi90,gsm8k/22,1,292,51
acc95/semi90,gsm8k/23,1,301,72
acc95/semi90,gsm8k/24,1,193,34
acc95/semi90,gsm8k/25,0,284,62
acc95/semi90,gsm8k/26,1,198,48
acc95/semi90,gsm8k/27,1,192,66
acc95/semi90,gsm8k/28,1,244,62
acc95/semi90,gsm8k/29,1,207,41
acc95/semi90,gsm8k/30,1,187,37
acc95/semi90,gsm8k/31,1,430,94
acc95/semi90,gsm8k/32,1,122,28
acc95/semi90,gsm8k/33,1,231,45
acc95/semi90,gsm8k/34,1,383,80
acc95/semi90,gsm8k/35,1,187,27
acc95/semi90,gsm8k/36,1,231,50
acc95/semi90,gsm8k/37,1,190,56
acc95/semi90,gsm8k/38,1,357,101
acc95/semi90,gsm8k/39,1,317,55
acc95/semi90,gsm8k/40,1,257,63
acc95/semi90,gsm8k/41,1,270,44
acc95/semi90,gsm8k/42,1,331,47
acc95/semi90,gsm8k/43,1,210,41
acc95/semi90,gsm8k/44,1,302,56
acc95/semi90,gsm8k/45,1,119,22
acc95/semi90,gsm8k/46,1,285,69
acc95/semi90,gsm8k/47,1,126,24
acc95/semi90,gsm8k/48,1,162,51
acc95/semi90,gsm8k/49,0,428,148
acc95/semi90,gsm8k/50,0,306,142
acc95/semi90,gsm8k/51,1,147,26
acc95/semi90,gsm8k/52,1,189,33
acc95/semi90,gsm8k/53,1,130,35
acc95/semi90,gsm8k/54,1,362,76
acc95/semi90,gsm8k/55,1,196,59
acc95/semi90,gsm8k/56,1,335,47
acc95/semi90,gsm8k/57,1,146,28
acc95/semi90,gsm8k/58,1,164,22
acc95/semi90,gsm8k/59,1,206,45
acc95/semi90,gsm8k/60,1,182,30
acc95/semi90,gsm8k/61,1,173,21
acc95/semi90,gsm8k/62,1,248,40
acc95/semi90,gsm8k/63,1,166,45
acc95/semi90,gsm8k/64,1,498,108
acc95/semi90,gsm8k/65,1,217,38
acc95/semi90,gsm8k/66,1,282,58
acc95/semi90,gsm8k/67,1,258,72
acc95/semi90,gsm8k/68,1,296,86
acc95/semi90,gsm8k/69,1,198,27
acc95/semi90,gsm8k/70,1,361,71
acc95/semi90,gsm8k/71,1,343,50
acc95/semi90,gsm8k/72,1,206,31
acc95/semi90,gsm8k/73,1,243,47
acc95/semi90,gsm8k/74,1,153,34
acc95/semi90,gsm8k/75,1,348,76
acc95/semi90,gsm8k/76,1,229,33
acc95/semi90,gsm8k/77,1,1523,562
acc95/semi90,gsm8k/78,1,229,54
acc95/semi90,gsm8k/79,1,258,52
acc95/semi90,gsm8k/80,1,288,86
acc95/semi90,gsm8k/81,1,350,61
acc95/semi90,gsm8k/82,1,151,23
acc95/semi90,gsm8k/83,1,286,95
acc95/semi90,gsm8k/84,1,172,49
acc95/semi90,gsm8k/85,1,253,49
acc95/semi90,gsm8k/86,0,353,122
acc95/semi90,gsm8k/87,1,202,38
acc95/semi90,gsm8k/88,1,147,34
acc95/semi90,gsm8k/89,1,164,29
acc95/semi90,gsm8k/90,1,212,21
acc95/semi90,gsm8k/91,1,540,117
acc95/semi90,gsm8k/92,1,209,47
acc95/semi90,gsm8k/93,1,160,31
acc95/semi90,gsm8k/94,1,209,71
acc95/semi90,gsm8k/95,1,266,43
acc95/semi90,gsm8k/96,0,511,219
acc95/semi90,gsm8k/97,1,207,54
acc95/semi90,gsm8k/98,1,186,46
acc95/semi90,gsm8k/99,1,193,21
acc95/semi90,gsm8k/100,1,239,79
acc95/semi90,gsm8k/101,1,265,65
acc95/semi90,gsm8k/102,1,337,72
acc95/semi90,gsm8k/103,1,152,35
acc95/semi90,gsm8k/104,1,189,59
acc95/semi90,gsm8k/105,1,327,54
acc95/semi90,gsm8k/106,1,272,56
acc95/semi90,gsm8k/107,1,397,77
acc95/semi90,gsm8k/108,1,247,53
acc95/semi90,gsm8k/109,1,385,66
acc95/semi90,gsm8k/110,1,197,22
acc95/semi90,gsm8k/111,1,154,27
acc95/semi90,gsm8k/112,1,271,77
acc95/semi90,gsm8k/113,1,241,53
acc95/semi90,gsm8k/114,1,194,37
acc95/semi90,gsm8k/115,1,173,25
acc95/semi90,gsm8k/116,1,337,96
acc95/semi90,gsm8k/117,1,298,59
acc95/semi90,gsm8k/118,1,357,74
acc95/semi90,gsm8k/119,1,320,57
acc95/semi90,gsm8k/120,1,108,31
acc95/semi90,gsm8k/121,0,438,100
acc95/semi90,gsm8k/122,1,177,17
acc95/semi90,gsm8k/123,1,722,257
acc95/semi90,gsm8k/124,1,185,30
acc95/semi90,gsm8k/125,1,148,32
acc95/semi90,gsm8k/126,1,241,100
acc95/semi90,gsm8k/127,1,223,31
acc95/semi90,gsm8k/128,1,717,130
acc95/semi90,gsm8k/129,1,254,88
acc95/semi90,gsm8k/130,1,390,123
acc95/semi90,gsm8k/131,0,396,86
acc95/semi90,gsm8k/132,1,207,38
acc95/semi90,gsm8k/133,1,266,48
acc95/semi90,gsm8k/134,1,195,37
acc95/semi90,gsm8k/135,1,368,78
acc95/semi90,gsm8k/136,1,954,249
acc95/semi90,gsm8k/137,0,218,51
acc95/semi90,gsm8k/138,1,281,83
acc95/semi90,gsm8k/139,1,264,49
acc95/semi90,gsm8k/140,1,228,34
acc95/semi90,gsm8k/141,1,196,56
acc95/semi90,gsm8k/142,1,160,30
acc95/semi90,gsm8k/143,1,290,37
acc95/semi90,gsm8k/144,1,451,97
acc95/semi90,gsm8k/145,1,177,48
acc95/semi90,gsm8k/146,1,310,42
acc95/semi90,gsm8k/147,1,170,39
acc95/semi90,gsm8k/148,1,285,93
acc95/semi90,gsm8k/149,1,238,75
acc95/semi90,gsm8k/150,1,216,31
acc95/semi90,gsm8k/151,1,316,91
acc95/semi90,gsm8k/152,1,230,58
acc95/semi90,gsm8k/153,1,188,49
acc95/semi90,gsm8k/154,1,167,22
acc95/semi90,gsm8k/155,0,183,41
acc95/semi90,gsm8k/156,1,270,45
acc95/semi90,gsm8k/157,0,236,53
acc95/semi90,gsm8k/158,1,254,46
acc95/semi90,gsm8k/159,1,283,56
acc95/semi90,gsm8k/160,1,156,32
acc95/semi90,gsm8k/161,1,221,47
acc95/semi90,gsm8k/162,1,214,41
acc95/semi90,gsm8k/163,1,249,46
acc95/semi90,gsm8k/164,1,397,52
acc95/semi90,gsm8k/165,1,346,66
acc95/semi90,gsm8k/166,1,167,25
acc95/semi90,gsm8k/167,1,144,24
acc95/semi90,gsm8k/168,1,495,159
acc95/semi90,gsm8k/169,1,270,42
acc95/semi90,gsm8k/170,1,483,94
acc95/semi90,gsm8k/171,1,303,79
acc95/semi90,gsm8k/172,1,234,42
acc95/semi90,gsm8k/173,1,331,58
acc95/semi90,gsm8k/174,1,248,50
acc95/semi90,gsm8k/175,1,260,67
acc95/semi90,gsm8k/176,0,267,58
acc95/semi90,gsm8k/177,1,148,24
acc95/semi90,gsm8k/178,1,290,71
acc95/semi90,gsm8k/179,1,273,53
acc95/semi90,gsm8k/180,1,129,26
acc95/semi90,gsm8k/181,1,217,44
acc95/semi90,gsm8k/182,0,252,62
acc95/semi90,gsm8k/183,1,233,43
acc95/semi90,gsm8k/184,1,396,96
acc95/semi90,gsm8k/185,1,225,39
acc95/semi90,gsm8k/186,1,196,48
acc95/semi90,gsm8k/187,1,170,37
acc95/semi90,gsm8k/188,1,400,64
acc95/semi90,gsm8k/189,1,226,52
acc95/semi90,gsm8k/190,1,329,48
acc95/semi90,gsm8k/191,1,286,86
acc95/semi90,gsm8k/192,1,237,65
acc95/semi90,gsm8k/193,1,207,44
acc95/semi90,gsm8k/194,1,105,23
acc95/semi90,gsm8k/195,1,377,91
acc95/semi90,gsm8k/196,1,255,47
acc95/semi90,gsm8k/197,1,462,80
acc95/semi90,gsm8k/198,0,281,72
acc95/semi90,gsm8k/199,1,131,28
acc95/semi90,gsm8k/200,1,253,55
acc95/semi90,gsm8k/201,1,225,29
acc95/semi90,gsm8k/202,1,124,27
acc95/semi90,gsm8k/203,1,186,53
acc95/semi90,gsm8k/204,1,217,46
acc95/semi90,gsm8k/205,1,377,63
acc95/semi90,gsm8k/206,1,249,56
acc95/semi90,gsm8k/207,1,302,40
acc95/semi90,gsm8k/208,1,182,24
acc95/semi90,gsm8k/209,1,193,53
acc95/semi90,gsm8k/210,1,448,116
acc95/semi90,gsm8k/211,1,197,37
acc95/semi90,gsm8k/212,1,158,39
acc95/semi90,gsm8k/213,1,209,63
acc95/semi90,gsm8k/214,1,115,22
acc95/semi90,gsm8k/215,1,354,78
acc95/semi90,gsm8k/216,1,354,51
acc95/semi90,gsm8k/217,1,218,40
acc95/semi90,gsm8k/218,1,379,108
acc95/semi90,gsm8k/219,1,206,39
acc95/semi90,gsm8k/220,1,206,30
acc95/semi90,gsm8k/221,1,219,28
acc95/semi90,gsm8k/222,1,152,30
acc95/semi90,gsm8k/223,1,294,81
acc95/semi90,gsm8k/224,1,198,50
acc95/semi90,gsm8k/225,1,474,195
acc95/semi90,gsm8k/226,0,131,32
acc95/semi90,gsm8k/227,1,268,44
acc95/semi90,gsm8k/228,1,258,57
acc95/semi90,gsm8k/229,0,316,70
acc95/semi90,gsm8k/230,0,437,137
acc95/semi90,gsm8k/231,1,225,31
acc95/semi90,gsm8k/232,1,208,41
acc95/semi90,gsm8k/233,1,191,28
acc95/semi90,gsm8k/234,1,207,34
acc95/semi90,gsm8k/235,1,268,49
acc95/semi90,gsm8k/236,1,189,40
acc95/semi90,gsm8k/237,1,206,40
acc95/semi90,gsm8k/238,1,223,56
acc95/semi90,gsm8k/239,1,154,31
acc95/semi90,gsm8k/240,1,236,56
acc95/semi90,gsm8k/241,1,167,24
acc95/semi90,gsm8k/242,1,249,68
acc95/semi90,gsm8k/243,1,251,57
acc95/semi90,gsm8k/244,1,122,27
acc95/semi90,gsm8k/245,1,257,37
acc95/semi90,gsm8k/246,1,197,36
acc95/semi90,gsm8k/247,1,288,73
acc95/semi90,gsm8k/248,1,175,25
acc95/semi90,gsm8k/249,1,153,33
acc95/semi90,gsm8k/250,1,265,39
acc95/semi90,gsm8k/251,1,306,45
acc95/semi90,gsm8k/252,1,323,122
acc95/semi90,gsm8k/253,1,236,40
acc95/semi90,gsm8k/254,1,255,31
acc95/semi90,gsm8k/255,1,300,64
acc95/semi90,gsm8k/256,1,356,52
acc95/semi90,gsm8k/257,1,301,53
acc95/semi90,gsm8k/258,1,238,45
acc95/semi90,gsm8k/259,1,895,253
acc95/semi90,gsm8k/260,1,194,56
acc95/semi90,gsm8k/261,1,398,96
acc95/semi90,gsm8k/262,1,260,50
acc95/semi90,gsm8k/263,1,195,36
acc95/semi90,gsm8k/264,1,343,71
acc95/semi90,gsm8k/265,1,271,55
acc95/semi90,gsm8k/266,1,385,78
acc95/semi90,gsm8k/267,1,186,37
acc95/semi90,gsm8k/268,1,210,31
acc95/semi90,gsm8k/269,1,199,30
acc95/semi90,gsm8k/270,1,531,154
acc95/semi90,gsm8k/271,1,250,53
acc95/semi90,gsm8k/272,1,169,22
acc95/semi90,gsm8k/273,1,216,41
acc95/semi90,gsm8k/274,1,295,47
acc95/semi90,gsm8k/275,1,254,49
acc95/semi90,gsm8k/276,0,347,109
acc95/semi90,gsm8k/277,1,143,38
acc95/semi90,gsm8k/278,1,186,33
acc95/semi90,gsm8k/279,1,207,34
acc95/semi90,gsm8k/280,1,280,65
acc95/semi90,gsm8k/281,1,181,43
acc95/semi90,gsm8k/282,1,169,38
acc95/semi90,gsm8k/283,1,4030,675
acc95/semi90,gsm8k/284,1,218,31
acc95/semi90,gsm8k/285,1,255,34
acc95/semi90,gsm8k/286,1,172,37
acc95/semi90,gsm8k/287,0,3988,703
acc95/semi90,gsm8k/288,1,345,93
acc95/semi90,gsm8k/289,0,179,50
acc95/semi90,gsm8k/290,1,169,32
acc95/semi90,gsm8k/291,1,246,43
acc95/semi90,gsm8k/292,1,225,37
acc95/semi90,gsm8k/293,1,400,78
acc95/semi90,gsm8k/294,1,1557,490
acc95/semi90,gsm8k/295,1,190,35
acc95/semi90,gsm8k/296,0,534,152
acc95/semi90,gsm8k/297,1,192,36
acc95/semi90,gsm8k/298,1,252,43
acc95/semi90,gsm8k/299,1,362,43
acc95/semi90,gsm8k/300,1,238,50
acc95/semi90,gsm8k/301,1,94,17
acc95/semi90,gsm8k/302,1,273,35
acc95/semi90,gsm8k/303,0,279,36
acc95/semi90,gsm8k/304,1,141,27
acc95/semi90,gsm8k/305,1,192,36
acc95/semi90,gsm8k/306,1,221,36
acc95/semi90,gsm8k/307,1,255,60
acc95/semi90,gsm8k/308,1,330,48
acc95/semi90,gsm8k/309,1,196,32
acc95/semi90,gsm8k/310,1,298,43
acc95/semi90,gsm8k/311,1,171,33
acc95/semi90,gsm8k/312,1,217,46
acc95/semi90,gsm8k/313,1,292,52
acc95/semi90,gsm8k/314,1,202,44
acc95/semi90,gsm8k/315,1,346,71
acc95/semi90,gsm8k/316,1,216,52
acc95/semi90,gsm8k/317,1,225,42
acc95/semi90,gsm8k/318,1,244,38
acc95/semi90,gsm8k/319,1,133,30
acc95/semi90,gsm8k/320,1,437,122
acc95/semi90,gsm8k/321,1,205,37
acc95/semi90,gsm8k/322,1,360,59
acc95/semi90,gsm8k/323,1,162,31
acc95/semi90,gsm8k/324,1,303,67
acc95/semi90,gsm8k/325,1,214,28
acc95/semi90,gsm8k/326,1,319,45
acc95/semi90,gsm8k/327,1,287,59
acc95/semi90,gsm8k/328,1,155,24
acc95/semi90,gsm8k/329,1,142,38
acc95/semi90,gsm8k/330,1,192,27
acc95/semi90,gsm8k/331,1,263,58
acc95/semi90,gsm8k/332,1,234,65
acc95/semi90,gsm8k/333,1,193,33
acc95/semi90,gsm8k/334,1,436,131
acc95/semi90,gsm8k/335,1,200,38
acc95/semi90,gsm8k/336,1,259,49
acc95/semi90,gsm8k/337,0,373,87
acc95/semi90,gsm8k/338,1,267,37
acc95/semi90,gsm8k/339,1,452,96
acc95/semi90,gsm8k/340,1,240,46
acc95/semi90,gsm8k/341,1,222,45
acc95/semi90,gsm8k/342,1,231,32
acc95/semi90,gsm8k/343,1,302,78
acc95/semi90,gsm8k/344,1,131,29
acc95/semi90,gsm8k/345,1,441,55
acc95/semi90,gsm8k/346,1,379,79
acc95/semi90,gsm8k/347,1,145,20
acc95/semi90,gsm8k/348,1,410,67
acc95/semi90,gsm8k/349,1,261,42
acc95/semi90,gsm8k/350,1,296,53
acc95/semi90,gsm8k/351,1,573,77
acc95/semi90,gsm8k/352,1,127,26
acc95/semi90,gsm8k/353,1,199,39
acc95/semi90,gsm8k/354,1,247,43
acc95/semi90,gsm8k/355,1,301,45
acc95/semi90,gsm8k/356,1,481,86
acc95/semi90,gsm8k/357,1,265,71
acc95/semi90,gsm8k/358,1,190,27
acc95/semi90,gsm8k/359,1,295,47
acc95/semi90,gsm8k/360,0,413,72
acc95/semi90,gsm8k/361,1,244,63
acc95/semi90,gsm8k/362,1,196,48
acc95/semi90,gsm8k/363,1,167,41
acc95/semi90,gsm8k/364,1,137,46
acc95/semi90,gsm8k/365,1,245,82
acc95/semi90,gsm8k/366,0,199,45
acc95/semi90,gsm8k/367,1,176,24
acc95/semi90,gsm8k/368,0,220,69
acc95/semi90,gsm8k/369,1,207,45
acc95/semi90,gsm8k/370,1,227,56
acc95/semi90,gsm8k/371,1,265,32
acc95/semi90,gsm8k/372,1,410,86
acc95/semi90,gsm8k/373,1,123,25
acc95/semi90,gsm8k/374,1,309,84
acc95/semi90,gsm8k/375,1,415,100
acc95/semi90,gsm8k/376,1,219,26
acc95/semi90,gsm8k/377,1,232,24
acc95/semi90,gsm8k/378,0,2687,1024
acc95/semi90,gsm8k/379,1,267,66
acc95/semi90,gsm8k/380,1,258,44
acc95/semi90,gsm8k/381,1,168,36
acc95/semi90,gsm8k/382,1,367,100
acc95/semi90,gsm8k/383,1,209,29
acc95/semi90,gsm8k/384,1,163,27
acc95/semi90,gsm8k/385,1,197,37
acc95/semi90,gsm8k/386,1,332,57
acc95/semi90,gsm8k/387,1,178,27
acc95/semi90,gsm8k/388,1,204,38
acc95/semi90,gsm8k/389,1,1208,580
acc95/semi90,gsm8k/390,1,511,182
acc95/semi90,gsm8k/391,1,375,60
acc95/semi90,gsm8k/392,1,296,77
acc95/semi90,gsm8k/393,1,153,34
acc95/semi90,gsm8k/394,1,193,25
acc95/semi90,gsm8k/395,1,243,43
acc95/semi90,gsm8k/396,1,233,39
acc95/semi90,gsm8k/397,1,153,37
acc95/semi90,gsm8k/398,1,186,20
acc95/semi90,gsm8k/399,0,318,142
acc95/semi90,gsm8k/400,1,205,20
acc95/semi90,gsm8k/401,1,369,74
acc95/semi90,gsm8k/402,1,380,63
acc95/semi90,gsm8k/403,1,385,53
acc95/semi90,gsm8k/404,1,167,24
acc95/semi90,gsm8k/405,0,586,170
acc95/semi90,gsm8k/406,1,359,103
acc95/semi90,gsm8k/407,1,336,60
acc95/semi90,gsm8k/408,1,140,40
acc95/semi90,gsm8k/409,1,390,53
acc95/semi90,gsm8k/410,1,459,88
acc95/semi90,gsm8k/411,1,210,35
acc95/semi90,gsm8k/412,1,289,85
acc95/semi90,gsm8k/413,1,160,26
acc95/semi90,gsm8k/414,0,238,82
acc95/semi90,gsm8k/415,1,271,48
acc95/semi90,gsm8k/416,1,195,27
acc95/semi90,gsm8k/417,1,246,46
acc95/semi90,gsm8k/418,1,126,34
acc95/semi90,gsm8k/419,1,284,53
acc95/semi90,gsm8k/420,1,203,35
acc95/semi90,gsm8k/421,1,139,20
acc95/semi90,gsm8k/422,1,197,25
acc95/semi90,gsm8k/423,1,185,31
acc95/semi90,gsm8k/424,1,136,43
acc95/semi90,gsm8k/425,1,212,28
acc95/semi90,gsm8k/426,1,194,51
acc95/semi90,gsm8k/427,1,516,95
acc95/semi90,gsm8k/428,1,296,37
acc95/semi90,gsm8k/429,1,223,55
acc95/semi90,gsm8k/430,1,109,14
acc95/semi90,gsm8k/431,0,1072,429
acc95/semi90,gsm8k/432,1,135,16
acc95/semi90,gsm8k/433,1,490,107
acc95/semi90,gsm8k/434,0,399,84
acc95/semi90,gsm8k/435,1,222,49
acc95/semi90,gsm8k/436,1,299,41
acc95/semi90,gsm8k/437,1,642,146
acc95/semi90,gsm8k/438,0,248,51
acc95/semi90,gsm8k/439,1,430,112
acc95/semi90,gsm8k/440,1,127,25
acc95/semi90,gsm8k/441,1,331,75
acc95/semi90,gsm8k/442,1,167,29
acc95/semi90,gsm8k/443,1,259,51
acc95/semi90,gsm8k/444,1,139,28
acc95/semi90,gsm8k/445,1,323,77
acc95/semi90,gsm8k/446,1,336,77
acc95/semi90,gsm8k/447,1,201,44
acc95/semi90,gsm8k/448,1,200,27
acc95/semi90,gsm8k/449,1,202,27
acc95/semi90,gsm8k/450,1,280,36
acc95/semi90,gsm8k/451,1,375,66
acc95/semi90,gsm8k/452,1,455,185
acc95/semi90,gsm8k/453,1,269,55
acc95/semi90,gsm8k/454,1,292,91
acc95/semi90,gsm8k/455,1,207,49
acc95/semi90,gsm8k/456,1,130,17
acc95/semi90,gsm8k/457,1,181,52
acc95/semi90,gsm8k/458,1,286,85
acc95/semi90,gsm8k/459,1,359,69
acc95/semi90,gsm8k/460,1,224,29
acc95/semi90,gsm8k/461,1,319,56
acc95/semi90,gsm8k/462,1,302,37
acc95/semi90,gsm8k/463,1,266,60
acc95/semi90,gsm8k/464,1,298,51
acc95/semi90,gsm8k/465,0,3957,960
acc95/semi90,gsm8k/466,1,254,38
acc95/semi90,gsm8k/467,1,150,23
acc95/semi90,gsm8k/468,1,174,23
acc95/semi90,gsm8k/469,1,190,38
acc95/semi90,gsm8k/470,1,209,31
acc95/semi90,gsm8k/471,1,288,53
acc95/semi90,gsm8k/472,1,453,129
acc95/semi90,gsm8k/473,1,336,33
acc95/semi90,gsm8k/474,1,244,51
acc95/semi90,gsm8k/475,0,309,111
acc95/semi90,gsm8k/476,1,180,46
acc95/semi90,gsm8k/477,1,224,38
acc95/semi90,gsm8k/478,1,196,29
acc95/semi90,gsm8k/479,0,439,99
acc95/semi90,gsm8k/480,1,416,67
acc95/semi90,gsm8k/481,0,231,67
acc95/semi90,gsm8k/482,1,173,31
acc95/semi90,gsm8k/483,0,4002,627
acc95/semi90,gsm8k/484,1,292,63
acc95/semi90,gsm8k/485,1,161,27
acc95/semi90,gsm8k/486,0,3966,910
acc95/semi90,gsm8k/487,1,179,43
acc95/semi90,gsm8k/488,1,400,74
acc95/semi90,gsm8k/489,1,407,67
acc95/semi90,gsm8k/490,1,503,215
acc95/semi90,gsm8k/491,1,312,64
acc95/semi90,gsm8k/492,1,368,71
acc95/semi90,gsm8k/493,1,178,29
acc95/semi90,gsm8k/494,1,216,35
acc95/semi90,gsm8k/495,1,213,52
acc95/semi90,gsm8k/496,1,162,36
acc95/semi90,gsm8k/497,1,234,32
acc95/semi90,gsm8k/498,1,172,38
acc95/semi90,gsm8k/499,1,228,71
acc95/semi90,gsm8k/500,1,134,18
acc95/semi90,gsm8k/501,1,188,35
acc95/semi90,gsm8k/502,1,465,73
acc95/semi90,gsm8k/503,1,151,31
acc95/semi90,gsm8k/504,1,289,64
acc95/semi90,gsm8k/505,1,268,39
acc95/semi90,gsm8k/506,1,131,41
acc95/semi90,gsm8k/507,1,224,41
acc95/semi90,gsm8k/508,1,187,22
acc95/semi90,gsm8k/509,1,288,63
acc95/semi90,gsm8k/510,1,185,28
acc95/semi90,gsm8k/511,1,202,60
acc95/semi90,math500/0,1,329,68
acc95/semi90,math500/1,1,688,118
acc95/semi90,math500/2,1,403,32
acc95/semi90,math500/3,1,355,54
acc95/semi90,math500/4,1,1134,341
acc95/semi90,math500/5,1,334,87
acc95/semi90,math500/6,1,675,170
acc95/semi90,math500/7,1,778,134
acc95/semi90,math500/8,1,338,37
acc95/semi90,math500/9,0,3127,1024
acc95/semi90,math500/10,1,1324,519
acc95/semi90,math500/11,0,4011,656
acc95/semi90,math500/12,1,750,134
acc95/semi90,math500/13,1,307,26
acc95/semi90,math500/14,0,397,96
acc95/semi90,math500/15,1,781,122
acc95/semi90,math500/16,1,283,41
acc95/semi90,math500/17,1,1245,397
acc95/semi90,math500/18,0,2410,1024
acc95/semi90,math500/19,1,1107,288
acc95/semi90,math500/20,1,140,22
acc95/semi90,math500/21,1,1525,279
acc95/semi90,math500/22,0,3945,767
acc95/semi90,math500/23,1,548,72
acc95/semi90,math500/24,1,669,135
acc95/semi90,math500/25,0,1654,313
acc95/semi90,math500/26,0,3154,1024
acc95/semi90,math500/27,1,359,59
acc95/semi90,math500/28,1,260,60
acc95/semi90,math500/29,1,419,81
acc95/semi90,math500/30,1,301,57
acc95/semi90,math500/31,1,279,63
acc95/semi90,math500/32,1,436,125
acc95/semi90,math500/33,1,809,105
acc95/semi90,math500/34,1,735,74
acc95/semi90,math500/35,1,392,50
acc95/semi90,math500/36,1,1039,149
acc95/semi90,math500/37,1,326,116
acc95/semi90,math500/38,1,188,27
acc95/semi90,math500/39,1,630,86
acc95/semi90,math500/40,1,274,31
acc95/semi90,math500/41,0,3765,1024
acc95/semi90,math500/42,1,306,45
acc95/semi90,math500/43,0,3988,1014
acc95/semi90,math500/44,1,462,86
acc95/semi90,math500/45,1,419,86
acc95/semi90,math500/46,1,2458,648
acc95/semi90,math500/47,1,541,73
acc95/semi90,math500/48,1,240,44
acc95/semi90,math500/49,1,413,67
acc95/semi90,math500/50,1,1687,386
acc95/semi90,math500/51,1,826,136
acc95/semi90,math500/52,1,285,54
acc95/semi90,math500/53,1,333,68
acc95/semi90,math500/54,1,212,44
acc95/semi90,math500/55,1,376,94
acc95/semi90,math500/56,1,238,35
acc95/semi90,math500/57,1,345,43
acc95/semi90,math500/58,1,245,20
acc95/semi90,math500/59,1,401,45
acc95/semi90,math500/60,0,4019,741
acc95/semi90,math500/61,1,2652,828
acc95/semi90,math500/62,1,969,138
acc95/semi90,math500/63,1,1110,159
acc95/semi90,math500/64,0,4007,642
acc95/semi90,math500/65,1,226,56
acc95/semi90,math500/66,1,413,72
acc95/semi90,math500/67,0,402,74
acc95/semi90,math500/68,1,923,170
acc95/semi90,math500/69,1,464,89
acc95/semi90,math500/70,1,334,43
acc95/semi90,math500/71,0,806,209
acc95/semi90,math500/72,1,403,49
acc95/semi90,math500/73,1,343,47
acc95/semi90,math500/74,1,408,62
acc95/semi90,math500/75,1,469,113
acc95/semi90,math500/76,1,935,326
acc95/semi90,math500/77,1,195,16
acc95/semi90,math500/78,1,1534,267
acc95/semi90,math500/79,1,191,20
acc95/semi90,math500/80,0,3449,1024
acc95/semi90,math500/81,1,535,101
acc95/semi90,math500/82,1,2935,865
acc95/semi90,math500/83,1,518,125
acc95/semi90,math500/84,1,2616,625
acc95/semi90,math500/85,1,398,75
acc95/semi90,math500/86,1,220,42
acc95/semi90,math500/87,1,674,116
acc95/semi90,math500/88,1,2648,732
acc95/semi90,math500/89,1,1113,245
acc95/semi90,math500/90,1,222,57
acc95/semi90,math500/91,1,519,126
acc95/semi90,math500/92,1,932,179
acc95/semi90,math500/93,1,561,63
acc95/semi90,math500/94,0,2404,802
acc95/semi90,math500/95,1,512,45
acc95/semi90,math500/96,0,3967,542
acc95/semi90,math500/97,0,273,104
acc95/semi90,math500/98,1,157,25
acc95/semi90,math500/99,0,1146,155
acc95/semi90,math500/100,0,3055,1024
acc95/semi90,math500/101,0,3758,1024
acc95/semi90,math500/102,0,269,47
acc95/semi90,math500/103,0,3869,1024
acc95/semi90,math500/104,0,3990,916
acc95/semi90,math500/105,1,334,61
acc95/semi90,math500/106,1,416,74
acc95/semi90,math500/107,1,528,108
acc95/semi90,math500/108,1,2174,601
acc95/semi90,math500/109,0,3876,711
acc95/semi90,math500/110,0,3959,921
acc95/semi90,math500/111,1,370,46
acc95/semi90,math500/112,1,934,142
acc95/semi90,math500/113,1,265,20
acc95/semi90,math500/114,1,776,102
acc95/semi90,math500/115,1,417,69
acc95/semi90,math500/116,1,213,17
acc95/semi90,math500/117,1,227,14
acc95/semi90,math500/118,1,1174,198
acc95/semi90,math500/119,1,2649,920
acc95/semi90,math500/120,0,3952,1024
acc95/semi90,math500/121,1,245,35
acc95/semi90,math500/122,1,301,47
acc95/semi90,math500/123,0,3677,1024
acc95/semi90,math500/124,1,671,106
acc95/semi90,math500/125,1,350,54
acc95/semi90,math500/126,1,2348,530
acc95/semi90,math500/127,0,622,117
acc95/semi90,math500/128,0,443,151
acc95/semi90,math500/129,1,3475,784
acc95/semi90,math500/130,1,1095,301
acc95/semi90,math500/131,1,434,57
acc95/semi90,math500/132,1,399,63
acc95/semi90,math500/133,1,407,74
acc95/semi90,math500/134,1,717,113
acc95/semi90,math500/135,1,495,72
acc95/semi90,math500/136,0,3909,1024
acc95/semi90,math500/137,1,403,56
acc95/semi90,math500/138,0,1641,800
acc95/semi90,math500/139,1,1016,210
acc95/semi90,math500/140,1,784,176
acc95/semi90,math500/141,1,422,165
acc95/semi90,math500/142,1,505,154
acc95/semi90,math500/143,1,696,70
acc95/semi90,math500/144,1,258,32
acc95/semi90,math500/145,1,2895,591
acc95/semi90,math500/146,1,234,37
acc95/semi90,math500/147,1,2638,663
acc95/semi90,math500/148,1,242,33
acc95/semi90,math500/149,1,1022,155
acc95/semi90,math500/150,1,2492,367
acc95/semi90,math500/151,1,1123,267
acc95/semi90,math500/152,1,3037,790
acc95/semi90,math500/153,1,1073,266
acc95/semi90,math500/154,0,2970,1024
acc95/semi90,math500/155,1,835,236
acc95/semi90,math500/156,1,3857,787
acc95/semi90,math500/157,1,404,47
acc95/semi90,math500/158,1,718,99
acc95/semi90,math500/159,1,440,68
acc95/semi90,math500/160,1,572,97
acc95/semi90,math500/161,1,215,32
acc95/semi90,math500/162,1,517,109
acc95/semi90,math500/163,1,3752,1024
acc95/semi90,math500/164,1,2784,590
acc95/semi90,math500/165,1,400,96
acc95/semi90,math500/166,0,2795,1024
acc95/semi90,math500/167,1,219,26
acc95/semi90,math500/168,0,2949,1024
acc95/semi90,math500/169,1,407,87
acc95/semi90,math500/170,1,1953,263
acc95/semi90,math500/171,1,248,29
acc95/semi90,math500/172,1,451,44
acc95/semi90,math500/173,1,1700,388
acc95/semi90,math500/174,1,438,65
acc95/semi90,math500/175,1,1828,301
acc95/semi90,math500/176,0,479,106
acc95/semi90,math500/177,1,3038,822
acc95/semi90,math500/178,1,291,40
acc95/semi90,math500/179,1,1049,140
acc95/semi90,math500/180,1,535,116
acc95/semi90,math500/181,1,537,96
acc95/semi90,math500/182,1,235,43
acc95/semi90,math500/183,1,782,114
acc95/semi90,math500/184,1,3261,904
acc95/semi90,math500/185,1,158,16
acc95/semi90,math500/186,1,715,125
acc95/semi90,math500/187,0,460,84
acc95/semi90,math500/188,1,2054,563
acc95/semi90,math500/189,0,3572,978
acc95/semi90,math500/190,1,522,114
acc95/semi90,math500/191,1,201,23
acc95/semi90,math500/192,1,649,136
acc95/semi90,math500/193,1,567,119
acc95/semi90,math500/194,1,2221,596
acc95/semi90,math500/195,1,485,106
acc95/semi90,math500/196,1,244,35
acc95/semi90,math500/197,1,1054,151
acc95/semi90,math500/198,1,361,94
acc95/semi90,math500/199,1,259,30
acc95/semi90,math500/200,1,360,49
acc95/semi90,math500/201,1,781,123
acc95/semi90,math500/202,1,794,192
acc95/semi90,math500/203,1,573,80
acc95/semi90,math500/204,0,2896,1024
acc95/semi90,math500/205,0,916,93
acc95/semi90,math500/206,1,393,56
acc95/semi90,math500/207,0,286,58
acc95/semi90,math500/208,1,353,68
acc95/semi90,math500/209,1,456,99
acc95/semi90,math500/210,1,1281,366
acc95/semi90,math500/211,1,345,47
acc95/semi90,math500/212,1,442,76
acc95/semi90,math500/213,1,1419,206
acc95/semi90,math500/214,1,1021,209
acc95/semi90,math500/215,1,344,42
acc95/semi90,math500/216,1,415,67
acc95/semi90,math500/217,1,2606,970
acc95/semi90,math500/218,1,284,38
acc95/semi90,math500/219,0,3352,832
acc95/semi90,math500/220,1,345,90
acc95/semi90,math500/221,1,590,110
acc95/semi90,math500/222,0,2941,1024
acc95/semi90,math500/223,1,3296,740
acc95/semi90,math500/224,1,1434,221
acc95/semi90,math500/225,1,311,34
acc95/semi90,math500/226,1,325,116
acc95/semi90,math500/227,1,327,109
acc95/semi90,math500/228,0,1761,246
acc95/semi90,math500/229,1,319,101
acc95/semi90,math500/230,1,1766,296
acc95/semi90,math500/231,1,1058,142
acc95/semi90,math500/232,1,1950,491
acc95/semi90,math500/233,1,464,59
acc95/semi90,math500/234,1,1555,333
acc95/semi90,math500/235,1,570,81
acc95/semi90,math500/236,1,4023,574
acc95/semi90,math500/237,1,675,71
acc95/semi90,math500/238,1,713,135
acc95/semi90,math500/239,0,3960,843
acc95/semi90,math500/240,0,2844,1024
acc95/semi90,math500/241,1,817,125
acc95/semi90,math500/242,1,517,97
acc95/semi90,math500/243,1,311,60
acc95/semi90,math500/244,1,928,182
acc95/semi90,math500/245,1,1434,152
acc95/semi90,math500/246,1,361,133
acc95/semi90,math500/247,1,670,114
acc95/semi90,math500/248,0,4019,1024
acc95/semi90,math500/249,1,1717,332
acc95/semi90,math500/250,1,521,47
acc95/semi90,math500/251,1,1194,350
acc95/semi90,math500/252,1,629,68
acc95/semi90,math500/253,1,204,39
acc95/semi90,math500/254,1,381,67
acc95/semi90,math500/255,1,466,88
acc95/semi90,math500/256,1,384,48
acc95/semi90,math500/257,1,343,60
acc95/semi90,math500/258,1,596,97
acc95/semi90,math500/259,1,256,31
acc95/semi90,math500/260,1,718,67
acc95/semi90,math500/261,1,359,78
acc95/semi90,math500/262,1,163,17
acc95/semi90,math500/263,1,388,71
acc95/semi90,math500/264,0,3136,1024
acc95/semi90,math500/265,1,312,40
acc95/semi90,math500/266,1,426,66
acc95/semi90,math500/267,1,550,158
acc95/semi90,math500/268,1,252,25
acc95/semi90,math500/269,1,464,119
acc95/semi90,math500/270,1,375,55
acc95/semi90,math500/271,0,4039,777
acc95/semi90,math500/272,1,882,145
acc95/semi90,math500/273,1,369,84
acc95/semi90,math500/274,1,2216,1024
acc95/semi90,math500/275,1,211,20
acc95/semi90,math500/276,1,945,158
acc95/semi90,math500/277,1,235,64
acc95/semi90,math500/278,1,491,80
acc95/semi90,math500/279,1,522,119
acc95/semi90,math500/280,1,482,104
acc95/semi90,math500/281,1,988,450
acc95/semi90,math500/282,1,749,123
acc95/semi90,math500/283,1,298,33
acc95/semi90,math500/284,0,4012,622
acc95/semi90,math500/285,0,3906,921
acc95/semi90,math500/286,0,4008,875
acc95/semi90,math500/287,1,863,228
acc95/semi90,math500/288,1,1351,193
acc95/semi90,math500/289,1,662,88
acc95/semi90,math500/290,1,930,102
acc95/semi90,math500/291,1,499,111
acc95/semi90,math500/292,1,1982,215
acc95/semi90,math500/293,1,493,66
acc95/semi90,math500/294,1,1361,299
acc95/semi90,math500/295,1,2219,645
acc95/semi90,math500/296,1,1834,539
acc95/semi90,math500/297,1,2498,598
acc95/semi90,math500/298,1,988,103
acc95/semi90,math500/299,1,461,100
acc95/semi90,math500/300,1,465,130
acc95/semi90,math500/301,0,667,154
acc95/semi90,math500/302,0,3886,1024
acc95/semi90,math500/303,0,3177,1024
acc95/semi90,math500/304,1,917,112
acc95/semi90,math500/305,0,622,85
acc95/semi90,math500/306,0,3668,1024
acc95/semi90,math500/307,1,739,150
acc95/semi90,math500/308,0,3858,1024
acc95/semi90,math500/309,1,2658,892
acc95/semi90,math500/310,1,365,52
acc95/semi90,math500/311,1,872,133
acc95/semi90,math500/312,1,346,96
acc95/semi90,math500/313,1,411,103
acc95/semi90,math500/314,1,344,49
acc95/semi90,math500/315,1,1437,289
acc95/semi90,math500/316,1,971,136
acc95/semi90,math500/317,1,770,220
acc95/semi90,math500/318,0,377,44
acc95/semi90,math500/319,1,244,24
acc95/semi90,math500/320,1,872,190
acc95/semi90,math500/321,0,295,57
acc95/semi90,math500/322,1,242,28
acc95/semi90,math500/323,0,4027,971
acc95/semi90,math500/324,0,3590,1024
acc95/semi90,math500/325,1,424,40
acc95/semi90,math500/326,0,458,69
acc95/semi90,math500/327,0,3982,809
acc95/semi90,math500/328,1,2207,496
acc95/semi90,math500/329,1,193,30
acc95/semi90,math500/330,1,525,105
acc95/semi90,math500/331,1,795,113
acc95/semi90,math500/332,0,2872,703
acc95/semi90,math500/333,1,1395,322
acc95/semi90,math500/334,1,476,59
acc95/semi90,math500/335,1,1005,192
acc95/semi90,math500/336,1,242,25
acc95/semi90,math500/337,1,483,102
acc95/semi90,math500/338,1,477,83
acc95/semi90,math500/339,0,686,170
acc95/semi90,math500/340,0,2347,601
acc95/semi90,math500/341,1,443,91
acc95/semi90,math500/342,1,429,57
acc95/semi90,math500/343,1,328,91
acc95/semi90,math500/344,1,753,114
acc95/semi90,math500/345,1,231,28
acc95/semi90,math500/346,1,745,102
acc95/semi90,math500/347,1,432,50
acc95/semi90,math500/348,1,341,30
acc95/semi90,math500/349,0,1349,648
acc95/semi90,math500/350,1,450,81
acc95/semi90,math500/351,0,2198,482
acc95/semi90,math500/352,0,3852,706
acc95/semi90,math500/353,1,487,120
acc95/semi90,math500/354,1,682,108
acc95/semi90,math500/355,1,2975,665
acc95/semi90,math500/356,1,778,148
acc95/semi90,math500/357,1,737,149
acc95/semi90,math500/358,1,412,100
acc95/semi90,math500/359,1,1657,365
acc95/semi90,math500/360,1,825,204
acc95/semi90,math500/361,1,941,182
acc95/semi90,math500/362,1,270,66
acc95/semi90,math500/363,1,300,51
acc95/semi90,math500/364,1,807,185
acc95/semi90,math500/365,1,2226,716
acc95/semi90,math500/366,1,901,217
acc95/semi90,math500/367,1,328,43
acc95/semi90,math500/368,1,527,106
acc95/semi90,math500/369,1,2583,995
acc95/semi90,math500/370,1,205,17
acc95/semi90,math500/371,0,3848,1024
acc95/semi90,math500/372,0,3084,1024
acc95/semi90,math500/373,1,511,71
acc95/semi90,math500/374,1,238,24
acc95/semi90,math500/375,1,717,127
acc95/semi90,math500/376,1,801,121
acc95/semi90,math500/377,1,566,171
acc95/semi90,math500/378,1,922,141
acc95/semi90,math500/379,0,1166,279
acc95/semi90,math500/380,1,1154,348
acc95/semi90,math500/381,1,1821,452
acc95/semi90,math500/382,1,1249,302
acc95/semi90,math500/383,0,435,54
acc95/semi90,math500/384,1,192,30
acc95/semi90,math500/385,0,285,80
acc95/semi90,math500/386,1,415,64
acc95/semi90,math500/387,1,263,23
acc95/semi90,math500/388,1,562,91
acc95/semi90,math500/389,0,3021,752
acc95/semi90,math500/390,1,1023,166
acc95/semi90,math500/391,1,934,165
acc95/semi90,math500/392,0,3531,1024
acc95/semi90,math500/393,1,1143,276
acc95/semi90,math500/394,1,1468,294
acc95/semi90,math500/395,1,321,57
acc95/semi90,math500/396,1,1548,485
acc95/semi90,math500/397,1,235,24
acc95/semi90,math500/398,0,618,133
acc95/semi90,math500/399,1,196,32
acc95/semi90,math500/400,0,4002,938
acc95/semi90,math500/401,1,2420,452
acc95/semi90,math500/402,1,461,93
acc95/semi90,math500/403,1,637,143
acc95/semi90,math500/404,1,295,28
acc95/semi90,math500/405,1,411,102
acc95/semi90,math500/406,1,300,60
acc95/semi90,math500/407,1,265,29
acc95/semi90,math500/408,0,2770,1024
acc95/semi90,math500/409,1,1222,322
acc95/semi90,math500/410,1,599,121
acc95/semi90,math500/411,0,195,49
acc95/semi90,math500/412,1,3204,928
acc95/semi90,math500/413,1,235,37
acc95/semi90,math500/414,1,471,61
acc95/semi90,math500/415,1,1111,154
acc95/semi90,math500/416,1,726,106
acc95/semi90,math500/417,1,358,57
acc95/semi90,math500/418,1,388,41
acc95/semi90,math500/419,0,2339,474
acc95/semi90,math500/420,0,434,53
acc95/semi90,math500/421,0,3967,1001
acc95/semi90,math500/422,0,3966,801
acc95/semi90,math500/423,1,1265,187
acc95/semi90,math500/424,1,399,43
acc95/semi90,math500/425,1,3052,619
acc95/semi90,math500/426,1,466,83
acc95/semi90,math500/427,1,303,47
acc95/semi90,math500/428,1,931,100
acc95/semi90,math500/429,1,966,167
acc95/semi90,math500/430,1,120,23
acc95/semi90,math500/431,1,1515,188
acc95/semi90,math500/432,0,3992,647
acc95/semi90,math500/433,0,734,180
acc95/semi90,math500/434,1,545,93
acc95/semi90,math500/435,1,706,156
acc95/semi90,math500/436,1,1230,229
acc95/semi90,math500/437,1,706,155
acc95/semi90,math500/438,1,617,148
acc95/semi90,math500/439,1,990,254
acc95/semi90,math500/440,1,373,38
acc95/semi90,math500/441,0,231,49
acc95/semi90,math500/442,1,324,28
acc95/semi90,math500/443,1,184,24
acc95/semi90,math500/444,0,3471,1024
acc95/semi90,math500/445,1,2627,472
acc95/semi90,math500/446,1,681,85
acc95/semi90,math500/447,1,422,108
acc95/semi90,math500/448,1,630,168
acc95/semi90,math500/449,1,268,25
acc95/semi90,math500/450,1,915,166
acc95/semi90,math500/451,1,431,87
acc95/semi90,math500/452,1,594,77
acc95/semi90,math500/453,1,299,55
acc95/semi90,math500/454,1,1294,155
acc95/semi90,math500/455,0,376,80
acc95/semi90,math500/456,0,1521,258
acc95/semi90,math500/457,1,150,35
acc95/semi90,math500/458,0,3961,658
acc95/semi90,math500/459,0,784,149
acc95/semi90,math500/460,0,2409,870
acc95/semi90,math500/461,1,608,79
acc95/semi90,math500/462,0,492,131
acc95/semi90,math500/463,1,273,34
acc95/semi90,math500/464,1,956,159
acc95/semi90,math500/465,1,543,127
acc95/semi90,math500/466,1,1706,385
acc95/semi90,math500/467,1,321,71
acc95/semi90,math500/468,1,265,45
acc95/semi90,math500/469,1,365,38
acc95/semi90,math500/470,1,1878,447
acc95/semi90,math500/471,1,298,51
acc95/semi90,math500/472,1,304,47
acc95/semi90,math500/473,1,961,179
acc95/semi90,math500/474,1,565,71
acc95/semi90,math500/475,1,2714,752
acc95/semi90,math500/476,1,330,80
acc95/semi90,math500/477,1,546,110
acc95/semi90,math500/478,1,2441,716
acc95/semi90,math500/479,1,527,158
acc95/semi90,math500/480,1,875,175
acc95/semi90,math500/481,1,3970,687
acc95/semi90,math500/482,1,940,240
acc95/semi90,math500/483,1,1133,134
acc95/semi90,math500/484,1,1115,179
acc95/semi90,math500/485,0,2964,1024
acc95/semi90,math500/486,1,655,258
acc95/semi90,math500/487,1,286,30
acc95/semi90,math500/488,1,163,29
acc95/semi90,math500/489,1,947,217
acc95/semi90,math500/490,0,3468,1024
acc95/semi90,math500/491,1,536,186
acc95/semi90,math500/492,1,526,97
acc95/semi90,math500/493,0,590,56
acc95/semi90,math500/494,1,2532,583
acc95/semi90,math500/495,1,751,141
acc95/semi90,math500/496,1,456,47
acc95/semi90,math500/497,0,4021,880
acc95/semi90,math500/498,1,1293,231
acc95/semi90,math500/499,1,2524,867
acc99/semi90,gsm8k/0,1,178,52
acc99/semi90,gsm8k/1,0,213,87
acc99/semi90,gsm8k/2,1,387,86
acc99/semi90,gsm8k/3,1,194,55
acc99/semi90,gsm8k/4,1,251,87
acc99/semi90,gsm8k/5,1,138,42
acc99/semi90,gsm8k/6,1,139,37
acc99/semi90,gsm8k/7,1,220,73
acc99/semi90,gsm8k/8,1,420,130
acc99/semi90,gsm8k/9,0,215,64
acc99/semi90,gsm8k/10,1,361,125
acc99/semi90,gsm8k/11,0,478,152
acc99/semi90,gsm8k/12,1,148,34
acc99/semi90,gsm8k/13,1,321,65
acc99/semi90,gsm8k/14,1,372,160
acc99/semi90,gsm8k/15,1,186,69
acc99/semi90,gsm8k/16,1,211,32
acc99/semi90,gsm8k/17,1,140,27
acc99/semi90,gsm8k/18,1,218,57
acc99/semi90,gsm8k/19,1,234,51
acc99/semi90,gsm8k/20,1,222,41
acc99/semi90,gsm8k/21,1,245,62
acc99/semi90,gsm8k/22,1,296,64
acc99/semi90,gsm8k/23,1,306,96
acc99/semi90,gsm8k/24,1,204,55
acc99/semi90,gsm8k/25,0,309,93
acc99/semi90,gsm8k/26,1,217,46
acc99/semi90,gsm8k/27,1,192,86
acc99/semi90,gsm8k/28,1,244,81
acc99/semi90,gsm8k/29,1,182,47
acc99/semi90,gsm8k/30,1,187,60
acc99/semi90,gsm8k/31,1,382,132
acc99/semi90,gsm8k/32,1,141,45
acc99/semi90,gsm8k/33,1,258,68
acc99/semi90,gsm8k/34,1,344,118
acc99/semi90,gsm8k/35,1,235,55
acc99/semi90,gsm8k/36,1,226,64
acc99/semi90,gsm8k/37,1,190,101
acc99/semi90,gsm8k/38,1,360,130
acc99/semi90,gsm8k/39,1,292,79
acc99/semi90,gsm8k/40,1,274,103
acc99/semi90,gsm8k/41,1,269,58
acc99/semi90,gsm8k/42,1,340,88
acc99/semi90,gsm8k/43,1,214,70
acc99/semi90,gsm8k/44,1,302,102
acc99/semi90,gsm8k/45,1,119,29
acc99/semi90,gsm8k/46,1,260,68
acc99/semi90,gsm8k/47,1,121,40
acc99/semi90,gsm8k/48,1,172,73
acc99/semi90,gsm8k/49,0,274,121
acc99/semi90,gsm8k/50,0,268,153
acc99/semi90,gsm8k/51,1,150,35
acc99/semi90,gsm8k/52,1,192,53
acc99/semi90,gsm8k/53,1,148,50
acc99/semi90,gsm8k/54,1,307,75
acc99/semi90,gsm8k/55,1,199,76
acc99/semi90,gsm8k/56,1,337,50
acc99/semi90,gsm8k/57,1,146,39
acc99/semi90,gsm8k/58,1,164,35
acc99/semi90,gsm8k/59,1,172,56
acc99/semi90,gsm8k/60,1,181,48
acc99/semi90,gsm8k/61,1,151,37
acc99/semi90,gsm8k/62,1,227,65
acc99/semi90,gsm8k/63,1,149,53
acc99/semi90,gsm8k/64,1,488,148
acc99/semi90,gsm8k/65,1,202,54
acc99/semi90,gsm8k/66,1,264,101
acc99/semi90,gsm8k/67,1,259,98
acc99/semi90,gsm8k/68,1,325,117
acc99/semi90,gsm8k/69,1,189,41
acc99/semi90,gsm8k/70,1,370,109
acc99/semi90,gsm8k/71,1,332,60
acc99/semi90,gsm8k/72,1,202,45
acc99/semi90,gsm8k/73,1,227,69
acc99/semi90,gsm8k/74,1,151,57
acc99/semi90,gsm8k/75,1,354,120
acc99/semi90,gsm8k/76,1,229,64
acc99/semi90,gsm8k/77,1,428,228
acc99/semi90,gsm8k/78,1,271,80
acc99/semi90,gsm8k/79,1,258,66
acc99/semi90,gsm8k/80,1,252,77
acc99/semi90,gsm8k/81,1,324,81
acc99/semi90,gsm8k/82,1,148,35
acc99/semi90,gsm8k/83,1,251,102
acc99/semi90,gsm8k/84,1,177,64
acc99/semi90,gsm8k/85,1,244,72
acc99/semi90,gsm8k/86,1,351,151
acc99/semi90,gsm8k/87,1,192,45
acc99/semi90,gsm8k/88,1,185,49
acc99/semi90,gsm8k/89,1,160,39
acc99/semi90,gsm8k/90,1,212,33
acc99/semi90,gsm8k/91,1,477,104
acc99/semi90,gsm8k/92,1,209,64
acc99/semi90,gsm8k/93,1,156,52
acc99/semi90,gsm8k/94,1,199,82
acc99/semi90,gsm8k/95,1,257,79
acc99/semi90,gsm8k/96,1,335,129
acc99/semi90,gsm8k/97,1,195,54
acc99/semi90,gsm8k/98,1,195,66
acc99/semi90,gsm8k/99,1,176,37
acc99/semi90,gsm8k/100,1,239,96
acc99/semi90,gsm8k/101,1,261,79
acc99/semi90,gsm8k/102,1,365,139
acc99/semi90,gsm8k/103,1,145,36
acc99/semi90,gsm8k/104,1,192,82
acc99/semi90,gsm8k/105,1,297,78
acc99/semi90,gsm8k/106,1,254,79
acc99/semi90,gsm8k/107,1,388,113
acc99/semi90,gsm8k/108,1,221,62
acc99/semi90,gsm8k/109,1,377,103
acc99/semi90,gsm8k/110,1,197,33
acc99/semi90,gsm8k/111,1,184,56
acc99/semi90,gsm8k/112,1,223,83
acc99/semi90,gsm8k/113,1,244,69
acc99/semi90,gsm8k/114,1,190,58
acc99/semi90,gsm8k/115,1,172,31
acc99/semi90,gsm8k/116,1,389,122
acc99/semi90,gsm8k/117,1,326,84
acc99/semi90,gsm8k/118,1,338,103
acc99/semi90,gsm8k/119,1,321,85
acc99/semi90,gsm8k/120,1,104,35
acc99/semi90,gsm8k/121,1,487,185
acc99/semi90,gsm8k/122,1,177,26
acc99/semi90,gsm8k/123,1,634,274
acc99/semi90,gsm8k/124,1,178,44
acc99/semi90,gsm8k/125,1,162,44
acc99/semi90,gsm8k/126,1,246,121
acc99/semi90,gsm8k/127,1,223,61
acc99/semi90,gsm8k/128,1,621,154
acc99/semi90,gsm8k/129,1,252,113
acc99/semi90,gsm8k/130,1,484,246
acc99/semi90,gsm8k/131,0,429,136
acc99/semi90,gsm8k/132,1,225,64
acc99/semi90,gsm8k/133,1,256,71
acc99/semi90,gsm8k/134,1,193,56
acc99/semi90,gsm8k/135,1,361,95
acc99/semi90,gsm8k/136,1,578,149
acc99/semi90,gsm8k/137,0,217,68
acc99/semi90,gsm8k/138,0,403,181
acc99/semi90,gsm8k/139,1,261,70
acc99/semi90,gsm8k/140,1,230,49
acc99/semi90,gsm8k/141,1,229,82
acc99/semi90,gsm8k/142,1,159,46
acc99/semi90,gsm8k/143,1,268,78
acc99/semi90,gsm8k/144,1,501,167
acc99/semi90,gsm8k/145,1,177,68
acc99/semi90,gsm8k/146,1,314,60
acc99/semi90,gsm8k/147,1,163,50
acc99/semi90,gsm8k/148,1,281,122
acc99/semi90,gsm8k/149,1,284,128
acc99/semi90,gsm8k/150,1,216,46
acc99/semi90,gsm8k/151,1,339,123
acc99/semi90,gsm8k/152,1,230,86
acc99/semi90,gsm8k/153,1,189,75
acc99/semi90,gsm8k/154,1,170,42
acc99/semi90,gsm8k/155,0,185,59
acc99/semi90,gsm8k/156,1,275,71
acc99/semi90,gsm8k/157,1,239,60
acc99/semi90,gsm8k/158,1,254,58
acc99/semi90,gsm8k/159,1,368,84
acc99/semi90,gsm8k/160,1,161,49
acc99/semi90,gsm8k/161,1,240,64
acc99/semi90,gsm8k/162,1,243,71
acc99/semi90,gsm8k/163,1,248,64
acc99/semi90,gsm8k/164,1,390,74
acc99/semi90,gsm8k/165,1,280,74
acc99/semi90,gsm8k/166,1,183,38
acc99/semi90,gsm8k/167,1,144,41
acc99/semi90,gsm8k/168,1,415,201
acc99/semi90,gsm8k/169,1,279,80
acc99/semi90,gsm8k/170,1,456,115
acc99/semi90,gsm8k/171,1,217,69
acc99/semi90,gsm8k/172,1,223,59
acc99/semi90,gsm8k/173,1,307,63
acc99/semi90,gsm8k/174,1,238,82
acc99/semi90,gsm8k/175,1,1059,540
acc99/semi90,gsm8k/176,1,344,92
acc99/semi90,gsm8k/177,1,149,46
acc99/semi90,gsm8k/178,1,268,94
acc99/semi90,gsm8k/179,1,275,76
acc99/semi90,gsm8k/180,1,128,40
acc99/semi90,gsm8k/181,1,217,59
acc99/semi90,gsm8k/182,1,323,103
acc99/semi90,gsm8k/183,1,250,65
acc99/semi90,gsm8k/184,1,332,116
acc99/semi90,gsm8k/185,1,225,58
acc99/semi90,gsm8k/186,0,198,58
acc99/semi90,gsm8k/187,1,170,56
acc99/semi90,gsm8k/188,1,278,62
acc99/semi90,gsm8k/189,1,215,74
acc99/semi90,gsm8k/190,1,329,66
acc99/semi90,gsm8k/191,1,275,102
acc99/semi90,gsm8k/192,1,235,87
acc99/semi90,gsm8k/193,1,188,62
acc99/semi90,gsm8k/194,1,108,35
acc99/semi90,gsm8k/195,1,404,132
acc99/semi90,gsm8k/196,1,239,78
acc99/semi90,gsm8k/197,1,480,91
acc99/semi90,gsm8k/198,0,279,98
acc99/semi90,gsm8k/199,1,131,44
acc99/semi90,gsm8k/200,1,253,95
acc99/semi90,gsm8k/201,1,228,48
acc99/semi90,gsm8k/202,1,135,36
acc99/semi90,gsm8k/203,1,187,62
acc99/semi90,gsm8k/204,1,235,74
acc99/semi90,gsm8k/205,1,386,94
acc99/semi90,gsm8k/206,1,216,77
acc99/semi90,gsm8k/207,1,304,97
acc99/semi90,gsm8k/208,1,182,35
acc99/semi90,gsm8k/209,1,249,60
acc99/semi90,gsm8k/210,1,439,151
acc99/semi90,gsm8k/211,1,198,55
acc99/semi90,gsm8k/212,1,190,58
acc99/semi90,gsm8k/213,1,260,84
acc99/semi90,gsm8k/214,1,117,22
acc99/semi90,gsm8k/215,1,344,122
acc99/semi90,gsm8k/216,1,357,86
acc99/semi90,gsm8k/217,1,242,58
acc99/semi90,gsm8k/218,1,358,146
acc99/semi90,gsm8k/219,1,224,61
acc99/semi90,gsm8k/220,1,217,57
acc99/semi90,gsm8k/221,1,219,33
acc99/semi90,gsm8k/222,1,150,46
acc99/semi90,gsm8k/223,1,287,93
acc99/semi90,gsm8k/224,1,197,64
acc99/semi90,gsm8k/225,1,752,445
acc99/semi90,gsm8k/226,1,114,42
acc99/semi90,gsm8k/227,1,265,54
acc99/semi90,gsm8k/228,1,264,87
acc99/semi90,gsm8k/229,0,474,179
acc99/semi90,gsm8k/230,0,354,147
acc99/semi90,gsm8k/231,1,217,50
acc99/semi90,gsm8k/232,1,197,63
acc99/semi90,gsm8k/233,1,192,44
acc99/semi90,gsm8k/234,1,193,71
acc99/semi90,gsm8k/235,1,265,67
acc99/semi90,gsm8k/236,1,189,53
acc99/semi90,gsm8k/237,1,208,68
acc99/semi90,gsm8k/238,1,255,79
acc99/semi90,gsm8k/239,1,151,48
acc99/semi90,gsm8k/240,1,226,79
acc99/semi90,gsm8k/241,1,167,35
acc99/semi90,gsm8k/242,1,279,91
acc99/semi90,gsm8k/243,1,257,82
acc99/semi90,gsm8k/244,1,130,39
acc99/semi90,gsm8k/245,1,265,51
acc99/semi90,gsm8k/246,1,207,62
acc99/semi90,gsm8k/247,1,308,101
acc99/semi90,gsm8k/248,1,175,34
acc99/semi90,gsm8k/249,1,155,55
acc99/semi90,gsm8k/250,1,364,113
acc99/semi90,gsm8k/251,1,270,61
acc99/semi90,gsm8k/252,1,284,129
acc99/semi90,gsm8k/253,1,230,58
acc99/semi90,gsm8k/254,1,255,44
acc99/semi90,gsm8k/255,1,321,65
acc99/semi90,gsm8k/256,1,287,57
acc99/semi90,gsm8k/257,1,319,97
acc99/semi90,gsm8k/258,1,240,73
acc99/semi90,gsm8k/259,1,893,346
acc99/semi90,gsm8k/260,1,189,73
acc99/semi90,gsm8k/261,1,382,116
acc99/semi90,gsm8k/262,1,283,60
acc99/semi90,gsm8k/263,1,196,47
acc99/semi90,gsm8k/264,1,272,82
acc99/semi90,gsm8k/265,1,272,83
acc99/semi90,gsm8k/266,1,404,134
acc99/semi90,gsm8k/267,1,197,48
acc99/semi90,gsm8k/268,1,210,45
acc99/semi90,gsm8k/269,1,199,43
acc99/semi90,gsm8k/270,1,397,147
acc99/semi90,gsm8k/271,1,213,74
acc99/semi90,gsm8k/272,1,169,29
acc99/semi90,gsm8k/273,1,220,64
acc99/semi90,gsm8k/274,1,295,64
acc99/semi90,gsm8k/275,1,249,69
acc99/semi90,gsm8k/276,0,325,163
acc99/semi90,gsm8k/277,1,147,53
acc99/semi90,gsm8k/278,1,181,56
acc99/semi90,gsm8k/279,1,203,48
acc99/semi90,gsm8k/280,1,297,107
acc99/semi90,gsm8k/281,1,179,61
acc99/semi90,gsm8k/282,1,167,59
acc99/semi90,gsm8k/283,1,172,50
acc99/semi90,gsm8k/284,1,218,43
acc99/semi90,gsm8k/285,1,296,51
acc99/semi90,gsm8k/286,1,172,57
acc99/semi90,gsm8k/287,1,371,158
acc99/semi90,gsm8k/288,1,360,132
acc99/semi90,gsm8k/289,0,156,63
acc99/semi90,gsm8k/290,1,272,87
acc99/semi90,gsm8k/291,1,242,71
acc99/semi90,gsm8k/292,1,224,54
acc99/semi90,gsm8k/293,1,398,114
acc99/semi90,gsm8k/294,1,456,138
acc99/semi90,gsm8k/295,1,196,55
acc99/semi90,gsm8k/296,0,449,187
acc99/semi90,gsm8k/297,1,185,65
acc99/semi90,gsm8k/298,1,255,65
acc99/semi90,gsm8k/299,1,364,61
acc99/semi90,gsm8k/300,1,238,72
acc99/semi90,gsm8k/301,1,111,28
acc99/semi90,gsm8k/302,1,273,46
acc99/semi90,gsm8k/303,1,271,54
acc99/semi90,gsm8k/304,1,142,48
acc99/semi90,gsm8k/305,1,192,51
acc99/semi90,gsm8k/306,1,221,45
acc99/semi90,gsm8k/307,1,263,72
acc99/semi90,gsm8k/308,1,418,87
acc99/semi90,gsm8k/309,1,198,43
acc99/semi90,gsm8k/310,1,295,57
acc99/semi90,gsm8k/311,1,170,44
acc99/semi90,gsm8k/312,1,218,69
acc99/semi90,gsm8k/313,1,246,74
acc99/semi90,gsm8k/314,1,202,57
acc99/semi90,gsm8k/315,1,336,99
acc99/semi90,gsm8k/316,1,232,87
acc99/semi90,gsm8k/317,1,262,78
acc99/semi90,gsm8k/318,1,241,61
acc99/semi90,gsm8k/319,1,125,45
acc99/semi90,gsm8k/320,1,458,152
acc99/semi90,gsm8k/321,1,209,46
acc99/semi90,gsm8k/322,1,329,110
acc99/semi90,gsm8k/323,1,163,45
acc99/semi90,gsm8k/324,1,303,99
acc99/semi90,gsm8k/325,1,189,39
acc99/semi90,gsm8k/326,1,318,73
acc99/semi90,gsm8k/327,1,271,79
acc99/semi90,gsm8k/328,1,156,34
acc99/semi90,gsm8k/329,1,142,50
acc99/semi90,gsm8k/330,1,201,45
acc99/semi90,gsm8k/331,1,295,95
acc99/semi90,gsm8k/332,1,193,67
acc99/semi90,gsm8k/333,1,182,37
acc99/semi90,gsm8k/334,1,437,168
acc99/semi90,gsm8k/335,1,187,39
acc99/semi90,gsm8k/336,1,238,71
acc99/semi90,gsm8k/337,1,358,122
acc99/semi90,gsm8k/338,1,267,56
acc99/semi90,gsm8k/339,1,533,198
acc99/semi90,gsm8k/340,1,223,76
acc99/semi90,gsm8k/341,1,190,49
acc99/semi90,gsm8k/342,1,244,68
acc99/semi90,gsm8k/343,1,289,104
acc99/semi90,gsm8k/344,1,131,40
acc99/semi90,gsm8k/345,1,442,76
acc99/semi90,gsm8k/346,1,322,118
acc99/semi90,gsm8k/347,1,146,35
acc99/semi90,gsm8k/348,1,392,98
acc99/semi90,gsm8k/349,1,267,61
acc99/semi90,gsm8k/350,1,301,88
acc99/semi90,gsm8k/351,1,573,117
acc99/semi90,gsm8k/352,1,136,39
acc99/semi90,gsm8k/353,1,205,57
acc99/semi90,gsm8k/354,1,258,60
acc99/semi90,gsm8k/355,1,306,72
acc99/semi90,gsm8k/356,1,445,114
acc99/semi90,gsm8k/357,1,252,78
acc99/semi90,gsm8k/358,1,188,39
acc99/semi90,gsm8k/359,1,316,71
acc99/semi90,gsm8k/360,1,450,113
acc99/semi90,gsm8k/361,1,242,88
acc99/semi90,gsm8k/362,1,196,66
acc99/semi90,gsm8k/363,1,161,58
acc99/semi90,gsm8k/364,1,133,54
acc99/semi90,gsm8k/365,1,244,109
acc99/semi90,gsm8k/366,0,191,59
acc99/semi90,gsm8k/367,1,176,42
acc99/semi90,gsm8k/368,0,311,136
acc99/semi90,gsm8k/369,1,202,74
acc99/semi90,gsm8k/370,1,245,91
acc99/semi90,gsm8k/371,1,310,57
acc99/semi90,gsm8k/372,1,413,113
acc99/semi90,gsm8k/373,1,112,27
acc99/semi90,gsm8k/374,1,324,133
acc99/semi90,gsm8k/375,1,418,150
acc99/semi90,gsm8k/376,1,220,40
acc99/semi90,gsm8k/377,1,232,32
acc99/semi90,gsm8k/378,0,1855,1024
acc99/semi90,gsm8k/379,1,245,104
acc99/semi90,gsm8k/380,1,252,62
acc99/semi90,gsm8k/381,1,162,62
acc99/semi90,gsm8k/382,1,359,140
acc99/semi90,gsm8k/383,1,175,37
acc99/semi90,gsm8k/384,1,165,32
acc99/semi90,gsm8k/385,1,196,54
acc99/semi90,gsm8k/386,1,329,70
acc99/semi90,gsm8k/387,1,180,35
acc99/semi90,gsm8k/388,1,205,62
acc99/semi90,gsm8k/389,1,760,413
acc99/semi90,gsm8k/390,1,387,169
acc99/semi90,gsm8k/391,1,375,92
acc99/semi90,gsm8k/392,1,317,104
acc99/semi90,gsm8k/393,1,153,55
acc99/semi90,gsm8k/394,1,239,63
acc99/semi90,gsm8k/395,1,174,50
acc99/semi90,gsm8k/396,1,238,58
acc99/semi90,gsm8k/397,1,151,54
acc99/semi90,gsm8k/398,1,185,35
acc99/semi90,gsm8k/399,0,256,121
acc99/semi90,gsm8k/400,1,203,34
acc99/semi90,gsm8k/401,1,375,131
acc99/semi90,gsm8k/402,1,373,108
acc99/semi90,gsm8k/403,1,347,96
acc99/semi90,gsm8k/404,1,171,35
acc99/semi90,gsm8k/405,0,513,317
acc99/semi90,gsm8k/406,1,346,116
acc99/semi90,gsm8k/407,1,375,106
acc99/semi90,gsm8k/408,1,140,51
acc99/semi90,gsm8k/409,1,354,69
acc99/semi90,gsm8k/410,1,410,129
acc99/semi90,gsm8k/411,1,209,58
acc99/semi90,gsm8k/412,1,278,110
acc99/semi90,gsm8k/413,1,153,24
acc99/semi90,gsm8k/414,0,223,98
acc99/semi90,gsm8k/415,1,277,65
acc99/semi90,gsm8k/416,1,195,44
acc99/semi90,gsm8k/417,1,241,54
acc99/semi90,gsm8k/418,1,127,42
acc99/semi90,gsm8k/419,1,296,92
acc99/semi90,gsm8k/420,1,206,45
acc99/semi90,gsm8k/421,1,139,31
acc99/semi90,gsm8k/422,1,197,36
acc99/semi90,gsm8k/423,1,197,47
acc99/semi90,gsm8k/424,1,135,44
acc99/semi90,gsm8k/425,1,204,66
acc99/semi90,gsm8k/426,1,202,61
acc99/semi90,gsm8k/427,1,513,128
acc99/semi90,gsm8k/428,1,299,50
acc99/semi90,gsm8k/429,1,223,88
acc99/semi90,gsm8k/430,1,109,22
acc99/semi90,gsm8k/431,1,536,255
acc99/semi90,gsm8k/432,1,135,22
acc99/semi90,gsm8k/433,1,576,206
acc99/semi90,gsm8k/434,1,455,126
acc99/semi90,gsm8k/435,1,515,175
acc99/semi90,gsm8k/436,1,296,63
acc99/semi90,gsm8k/437,1,1242,564
acc99/semi90,gsm8k/438,0,250,63
acc99/semi90,gsm8k/439,1,412,132
acc99/semi90,gsm8k/440,1,147,44
acc99/semi90,gsm8k/441,1,332,92
acc99/semi90,gsm8k/442,1,136,41
acc99/semi90,gsm8k/443,1,255,65
acc99/semi90,gsm8k/444,1,139,45
acc99/semi90,gsm8k/445,1,335,115
acc99/semi90,gsm8k/446,1,367,140
acc99/semi90,gsm8k/447,1,201,61
acc99/semi90,gsm8k/448,1,212,44
acc99/semi90,gsm8k/449,1,198,44
acc99/semi90,gsm8k/450,1,236,41
acc99/semi90,gsm8k/451,1,373,93
acc99/semi90,gsm8k/452,0,250,116
acc99/semi90,gsm8k/453,1,273,80
acc99/semi90,gsm8k/454,1,309,137
acc99/semi90,gsm8k/455,1,263,78
acc99/semi90,gsm8k/456,1,124,25
acc99/semi90,gsm8k/457,1,179,75
acc99/semi90,gsm8k/458,1,256,101
acc99/semi90,gsm8k/459,1,389,100
acc99/semi90,gsm8k/460,1,224,44
acc99/semi90,gsm8k/461,1,318,73
acc99/semi90,gsm8k/462,1,302,51
acc99/semi90,gsm8k/463,1,258,80
acc99/semi90,gsm8k/464,1,228,69
acc99/semi90,gsm8k/465,0,2069,1024
acc99/semi90,gsm8k/466,1,254,72
acc99/semi90,gsm8k/467,1,174,35
acc99/semi90,gsm8k/468,1,168,32
acc99/semi90,gsm8k/469,1,234,58
acc99/semi90,gsm8k/470,1,206,52
acc99/semi90,gsm8k/471,1,259,63
acc99/semi90,gsm8k/472,1,424,156
acc99/semi90,gsm8k/473,1,341,41
acc99/semi90,gsm8k/474,1,253,84
acc99/semi90,gsm8k/475,0,514,274
acc99/semi90,gsm8k/476,1,179,61
acc99/semi90,gsm8k/477,1,228,52
acc99/semi90,gsm8k/478,1,197,45
acc99/semi90,gsm8k/479,0,408,124
acc99/semi90,gsm8k/480,1,421,93
acc99/semi90,gsm8k/481,0,244,105
acc99/semi90,gsm8k/482,1,192,51
acc99/semi90,gsm8k/483,0,3522,1024
acc99/semi90,gsm8k/484,1,306,82
acc99/semi90,gsm8k/485,1,158,41
acc99/semi90,gsm8k/486,1,1004,510
acc99/semi90,gsm8k/487,1,152,43
acc99/semi90,gsm8k/488,1,253,99
acc99/semi90,gsm8k/489,1,418,88
acc99/semi90,gsm8k/490,1,808,488
acc99/semi90,gsm8k/491,1,311,75
acc99/semi90,gsm8k/492,1,357,99
acc99/semi90,gsm8k/493,1,182,51
acc99/semi90,gsm8k/494,1,216,48
acc99/semi90,gsm8k/495,1,244,65
acc99/semi90,gsm8k/496,1,163,56
acc99/semi90,gsm8k/497,1,235,38
acc99/semi90,gsm8k/498,1,179,67
acc99/semi90,gsm8k/499,1,231,99
acc99/semi90,gsm8k/500,1,134,29
acc99/semi90,gsm8k/501,1,187,52
acc99/semi90,gsm8k/502,1,380,108
acc99/semi90,gsm8k/503,1,169,49
acc99/semi90,gsm8k/504,1,276,89
acc99/semi90,gsm8k/505,1,265,62
acc99/semi90,gsm8k/506,1,131,57
acc99/semi90,gsm8k/507,1,222,52
acc99/semi90,gsm8k/508,1,187,32
acc99/semi90,gsm8k/509,1,285,87
acc99/semi90,gsm8k/510,1,231,58
acc99/semi90,gsm8k/511,1,174,78
acc99/semi90,math500/0,1,293,70
acc99/semi90,math500/1,1,636,160
acc99/semi90,math500/2,1,403,37
acc99/semi90,math500/3,1,393,94
acc99/semi90,math500/4,1,994,330
acc99/semi90,math500/5,1,334,121
acc99/semi90,math500/6,1,667,199
acc99/semi90,math500/7,1,875,204
acc99/semi90,math500/8,1,338,57
acc99/semi90,math500/9,0,2103,1024
acc99/semi90,math500/10,1,1220,599
acc99/semi90,math500/11,0,4011,906
acc99/semi90,math500/12,1,745,193
acc99/semi90,math500/13,1,304,49
acc99/semi90,math500/14,0,324,97
acc99/semi90,math500/15,1,802,189
acc99/semi90,math500/16,1,295,66
acc99/semi90,math500/17,1,1305,534
acc99/semi90,math500/18,0,1802,1024
acc99/semi90,math500/19,1,1264,437
acc99/semi90,math500/20,1,140,32
acc99/semi90,math500/21,1,1437,388
acc99/semi90,math500/22,0,3273,1024
acc99/semi90,math500/23,1,555,91
acc99/semi90,math500/24,0,908,318
acc99/semi90,math500/25,0,1956,510
acc99/semi90,math500/26,1,1970,1024
acc99/semi90,math500/27,1,349,83
acc99/semi90,math500/28,1,260,85
acc99/semi90,math500/29,1,349,83
acc99/semi90,math500/30,1,226,50
acc99/semi90,math500/31,1,248,77
acc99/semi90,math500/32,0,1939,1024
acc99/semi90,math500/33,1,941,199
acc99/semi90,math500/34,1,735,109
acc99/semi90,math500/35,1,388,67
acc99/semi90,math500/36,1,1014,212
acc99/semi90,math500/37,1,373,170
acc99/semi90,math500/38,0,180,36
acc99/semi90,math500/39,1,768,206
acc99/semi90,math500/40,1,264,59
acc99/semi90,math500/41,0,2581,1024
acc99/semi90,math500/42,1,303,76
acc99/semi90,math500/43,0,3636,1024
acc99/semi90,math500/44,1,435,126
acc99/semi90,math500/45,1,210,71
acc99/semi90,math500/46,1,2313,858
acc99/semi90,math500/47,1,536,92
acc99/semi90,math500/48,1,252,70
acc99/semi90,math500/49,1,420,93
acc99/semi90,math500/50,1,1189,380
acc99/semi90,math500/51,1,507,152
acc99/semi90,math500/52,1,479,121
acc99/semi90,math500/53,1,305,86
acc99/semi90,math500/54,1,211,60
acc99/semi90,math500/55,1,350,127
acc99/semi90,math500/56,1,238,50
acc99/semi90,math500/57,1,345,58
acc99/semi90,math500/58,1,245,31
acc99/semi90,math500/59,1,392,65
acc99/semi90,math500/60,1,2909,828
acc99/semi90,math500/61,0,670,191
acc99/semi90,math500/62,1,985,202
acc99/semi90,math500/63,1,1075,239
acc99/semi90,math500/64,1,1887,389
acc99/semi90,math500/65,1,213,74
acc99/semi90,math500/66,1,411,111
acc99/semi90,math500/67,0,391,89
acc99/semi90,math500/68,1,1424,441
acc99/semi90,math500/69,1,781,218
acc99/semi90,math500/70,1,330,57
acc99/semi90,math500/71,0,850,333
acc99/semi90,math500/72,1,404,91
acc99/semi90,math500/73,1,333,52
acc99/semi90,math500/74,1,386,87
acc99/semi90,math500/75,1,584,187
acc99/semi90,math500/76,1,735,297
acc99/semi90,math500/77,1,233,33
acc99/semi90,math500/78,1,2826,831
acc99/semi90,math500/79,1,192,21
acc99/semi90,math500/80,0,2361,1024
acc99/semi90,math500/81,1,553,123
acc99/semi90,math500/82,1,949,360
acc99/semi90,math500/83,1,599,185
acc99/semi90,math500/84,1,926,153
acc99/semi90,math500/85,1,441,151
acc99/semi90,math500/86,1,220,53
acc99/semi90,math500/87,1,674,150
acc99/semi90,math500/88,1,2137,672
acc99/semi90,math500/89,1,1073,287
acc99/semi90,math500/90,1,292,102
acc99/semi90,math500/91,1,465,144
acc99/semi90,math500/92,1,751,155
acc99/semi90,math500/93,1,561,88
acc99/semi90,math500/94,0,546,215
acc99/semi90,math500/95,1,565,58
acc99/semi90,math500/96,0,3967,906
acc99/semi90,math500/97,1,332,143
acc99/semi90,math500/98,1,157,36
acc99/semi90,math500/99,0,1736,468
acc99/semi90,math500/100,0,2127,1024
acc99/semi90,math500/101,1,3394,1001
acc99/semi90,math500/102,0,267,66
acc99/semi90,math500/103,0,2941,1024
acc99/semi90,math500/104,1,3376,803
acc99/semi90,math500/105,0,346,82
acc99/semi90,math500/106,1,434,99
acc99/semi90,math500/107,1,633,183
acc99/semi90,math500/108,0,2579,1024
acc99/semi90,math500/109,0,3836,1024
acc99/semi90,math500/110,0,3223,1024
acc99/semi90,math500/111,1,360,73
acc99/semi90,math500/112,1,751,144
acc99/semi90,math500/113,1,271,32
acc99/semi90,math500/114,1,765,133
acc99/semi90,math500/115,1,441,105
acc99/semi90,math500/116,1,213,21
acc99/semi90,math500/117,1,227,23
acc99/semi90,math500/118,1,1295,284
acc99/semi90,math500/119,0,2476,1024
acc99/semi90,math500/120,1,540,178
acc99/semi90,math500/121,1,239,48
acc99/semi90,math500/122,1,302,75
acc99/semi90,math500/123,0,3165,1024
acc99/semi90,math500/124,1,687,147
acc99/semi90,math500/125,1,350,78
acc99/semi90,math500/126,1,1945,524
acc99/semi90,math500/127,0,610,147
acc99/semi90,math500/128,0,311,141
acc99/semi90,math500/129,0,3727,1024
acc99/semi90,math500/130,1,904,242
acc99/semi90,math500/131,1,430,73
acc99/semi90,math500/132,1,390,71
acc99/semi90,math500/133,1,402,118
acc99/semi90,math500/134,1,727,158
acc99/semi90,math500/135,1,463,89
acc99/semi90,math500/136,0,2597,1024
acc99/semi90,math500/137,1,397,67
acc99/semi90,math500/138,1,1414,760
acc99/semi90,math500/139,1,1082,310
acc99/semi90,math500/140,1,636,161
acc99/semi90,math500/141,1,473,265
acc99/semi90,math500/142,1,493,184
acc99/semi90,math500/143,1,617,73
acc99/semi90,math500/144,1,244,37
acc99/semi90,math500/145,1,2256,768
acc99/semi90,math500/146,1,259,54
acc99/semi90,math500/147,0,3062,1024
acc99/semi90,math500/148,1,242,53
acc99/semi90,math500/149,1,1097,268
acc99/semi90,math500/150,0,3079,499
acc99/semi90,math500/151,1,1212,346
acc99/semi90,math500/152,1,2717,997
acc99/semi90,math500/153,1,1030,347
acc99/semi90,math500/154,0,3578,1024
acc99/semi90,math500/155,1,642,201
acc99/semi90,math500/156,0,3857,918
acc99/semi90,math500/157,1,394,54
acc99/semi90,math500/158,1,662,122
acc99/semi90,math500/159,1,418,93
acc99/semi90,math500/160,1,517,114
acc99/semi90,math500/161,1,187,48
acc99/semi90,math500/162,1,622,133
acc99/semi90,math500/163,1,2856,1024
acc99/semi90,math500/164,1,3669,979
acc99/semi90,math500/165,0,2363,1024
acc99/semi90,math500/166,0,2155,1024
acc99/semi90,math500/167,1,209,32
acc99/semi90,math500/168,0,2117,1024
acc99/semi90,math500/169,1,370,116
acc99/semi90,math500/170,1,2043,366
acc99/semi90,math500/171,1,248,39
acc99/semi90,math500/172,1,461,61
acc99/semi90,math500/173,1,1573,505
acc99/semi90,math500/174,1,435,85
acc99/semi90,math500/175,1,1015,195
acc99/semi90,math500/176,0,437,157
acc99/semi90,math500/177,0,2729,1024
acc99/semi90,math500/178,1,291,48
acc99/semi90,math500/179,1,992,194
acc99/semi90,math500/180,1,544,148
acc99/semi90,math500/181,1,325,77
acc99/semi90,math500/182,1,207,35
acc99/semi90,math500/183,1,704,132
acc99/semi90,math500/184,0,2837,1024
acc99/semi90,math500/185,1,158,24
acc99/semi90,math500/186,1,550,181
acc99/semi90,math500/187,0,462,117
acc99/semi90,math500/188,1,1783,464
acc99/semi90,math500/189,0,2740,1024
acc99/semi90,math500/190,1,498,140
acc99/semi90,math500/191,1,201,32
acc99/semi90,math500/192,1,661,197
acc99/semi90,math500/193,1,431,117
acc99/semi90,math500/194,1,2453,699
acc99/semi90,math500/195,1,505,134
acc99/semi90,math500/196,1,244,52
acc99/semi90,math500/197,1,901,181
acc99/semi90,math500/198,1,351,133
acc99/semi90,math500/199,1,259,38
acc99/semi90,math500/200,0,346,90
acc99/semi90,math500/201,1,675,152
acc99/semi90,math500/202,1,809,269
acc99/semi90,math500/203,1,572,122
acc99/semi90,math500/204,0,2608,1024
acc99/semi90,math500/205,1,771,129
acc99/semi90,math500/206,1,394,76
acc99/semi90,math500/207,0,284,83
acc99/semi90,math500/208,1,452,135
acc99/semi90,math500/209,1,445,127
acc99/semi90,math500/210,1,1104,398
acc99/semi90,math500/211,1,345,65
acc99/semi90,math500/212,1,465,98
acc99/semi90,math500/213,1,1341,266
acc99/semi90,math500/214,1,1547,539
acc99/semi90,math500/215,1,341,62
acc99/semi90,math500/216,0,419,162
acc99/semi90,math500/217,0,2323,1024
acc99/semi90,math500/218,1,284,50
acc99/semi90,math500/219,0,2616,1024
acc99/semi90,math500/220,1,447,123
acc99/semi90,math500/221,1,858,208
acc99/semi90,math500/222,0,2301,1024
acc99/semi90,math500/223,1,1838,600
acc99/semi90,math500/224,1,1866,530
acc99/semi90,math500/225,1,464,88
acc99/semi90,math500/226,1,445,207
acc99/semi90,math500/227,1,353,155
acc99/semi90,math500/228,0,1783,340
acc99/semi90,math500/229,1,324,121
acc99/semi90,math500/230,1,1278,235
acc99/semi90,math500/231,1,1030,199
acc99/semi90,math500/232,1,1698,711
acc99/semi90,math500/233,1,439,79
acc99/semi90,math500/234,1,1368,362
acc99/semi90,math500/235,1,550,65
acc99/semi90,math500/236,1,3415,1024
acc99/semi90,math500/237,1,675,99
acc99/semi90,math500/238,1,731,193
acc99/semi90,math500/239,0,3352,1024
acc99/semi90,math500/240,0,2044,1024
acc99/semi90,math500/241,1,854,168
acc99/semi90,math500/242,1,491,123
acc99/semi90,math500/243,1,358,96
acc99/semi90,math500/244,1,809,231
acc99/semi90,math500/245,1,1479,205
acc99/semi90,math500/246,0,2633,1024
acc99/semi90,math500/247,1,629,156
acc99/semi90,math500/248,1,2378,721
acc99/semi90,math500/249,1,1472,388
acc99/semi90,math500/250,1,524,63
acc99/semi90,math500/251,1,1613,596
acc99/semi90,math500/252,1,626,97
acc99/semi90,math500/253,1,204,60
acc99/semi90,math500/254,1,384,90
acc99/semi90,math500/255,1,396,88
acc99/semi90,math500/256,1,384,65
acc99/semi90,math500/257,1,342,79
acc99/semi90,math500/258,1,596,137
acc99/semi90,math500/259,1,255,37
acc99/semi90,math500/260,1,732,84
acc99/semi90,math500/261,1,339,93
acc99/semi90,math500/262,1,163,27
acc99/semi90,math500/263,1,451,123
acc99/semi90,math500/264,0,2656,1024
acc99/semi90,math500/265,1,313,47
acc99/semi90,math500/266,1,442,103
acc99/semi90,math500/267,0,2406,1024
acc99/semi90,math500/268,1,252,37
acc99/semi90,math500/269,1,436,146
acc99/semi90,math500/270,1,377,78
acc99/semi90,math500/271,1,878,203
acc99/semi90,math500/272,1,949,222
acc99/semi90,math500/273,1,292,70
acc99/semi90,math500/274,0,2088,1024
acc99/semi90,math500/275,1,211,23
acc99/semi90,math500/276,1,793,236
acc99/semi90,math500/277,1,231,94
acc99/semi90,math500/278,1,550,111
acc99/semi90,math500/279,1,754,274
acc99/semi90,math500/280,1,480,137
acc99/semi90,math500/281,0,2409,1024
acc99/semi90,math500/282,0,1463,358
acc99/semi90,math500/283,1,306,61
acc99/semi90,math500/284,0,2813,887
acc99/semi90,math500/285,0,2978,1024
acc99/semi90,math500/286,0,2216,1024
acc99/semi90,math500/287,1,956,344
acc99/semi90,math500/288,1,1357,309
acc99/semi90,math500/289,1,651,104
acc99/semi90,math500/290,1,909,149
acc99/semi90,math500/291,1,526,160
acc99/semi90,math500/292,1,2184,335
acc99/semi90,math500/293,1,508,104
acc99/semi90,math500/294,0,1017,251
acc99/semi90,math500/295,0,2563,1024
acc99/semi90,math500/296,1,2767,949
acc99/semi90,math500/297,1,771,212
acc99/semi90,math500/298,0,1149,226
acc99/semi90,math500/299,1,486,151
acc99/semi90,math500/300,1,467,178
acc99/semi90,math500/301,1,739,277
acc99/semi90,math500/302,1,2224,631
acc99/semi90,math500/303,0,2537,1024
acc99/semi90,math500/304,1,845,153
acc99/semi90,math500/305,0,577,104
acc99/semi90,math500/306,0,3316,1024
acc99/semi90,math500/307,1,909,254
acc99/semi90,math500/308,0,2002,1024
acc99/semi90,math500/309,0,3022,1024
acc99/semi90,math500/310,1,408,100
acc99/semi90,math500/311,1,904,159
acc99/semi90,math500/312,1,278,91
acc99/semi90,math500/313,1,382,116
acc99/semi90,math500/314,1,337,60
acc99/semi90,math500/315,1,1245,465
acc99/semi90,math500/316,1,1386,297
acc99/semi90,math500/317,0,3689,1024
acc99/semi90,math500/318,0,377,59
acc99/semi90,math500/319,1,244,39
acc99/semi90,math500/320,1,937,345
acc99/semi90,math500/321,0,294,92
acc99/semi90,math500/322,1,240,35
acc99/semi90,math500/323,0,1883,1024
acc99/semi90,math500/324,0,2886,1024
acc99/semi90,math500/325,1,424,62
acc99/semi90,math500/326,0,458,87
acc99/semi90,math500/327,0,3372,833
acc99/semi90,math500/328,1,2807,977
acc99/semi90,math500/329,0,187,70
acc99/semi90,math500/330,1,522,125
acc99/semi90,math500/331,1,800,157
acc99/semi90,math500/332,0,2903,1024
acc99/semi90,math500/333,0,2951,1024
acc99/semi90,math500/334,1,460,95
acc99/semi90,math500/335,1,1055,225
acc99/semi90,math500/336,1,241,27
acc99/semi90,math500/337,1,527,143
acc99/semi90,math500/338,1,467,117
acc99/semi90,math500/339,1,706,167
acc99/semi90,math500/340,0,3021,908
acc99/semi90,math500/341,1,538,137
acc99/semi90,math500/342,1,432,91
acc99/semi90,math500/343,1,333,123
acc99/semi90,math500/344,1,621,107
acc99/semi90,math500/345,1,244,34
acc99/semi90,math500/346,1,718,134
acc99/semi90,math500/347,1,438,66
acc99/semi90,math500/348,1,300,58
acc99/semi90,math500/349,0,1857,1024
acc99/semi90,math500/350,1,423,124
acc99/semi90,math500/351,0,3675,1024
acc99/semi90,math500/352,0,3308,1024
acc99/semi90,math500/353,1,471,173
acc99/semi90,math500/354,1,822,221
acc99/semi90,math500/355,0,4016,966
acc99/semi90,math500/356,1,762,190
acc99/semi90,math500/357,1,853,240
acc99/semi90,math500/358,1,465,144
acc99/semi90,math500/359,1,1583,379
acc99/semi90,math500/360,1,496,166
acc99/semi90,math500/361,1,1043,293
acc99/semi90,math500/362,1,277,90
acc99/semi90,math500/363,1,346,75
acc99/semi90,math500/364,1,803,221
acc99/semi90,math500/365,0,2672,1024
acc99/semi90,math500/366,1,624,127
acc99/semi90,math500/367,1,329,65
acc99/semi90,math500/368,1,398,126
acc99/semi90,math500/369,1,1485,635
acc99/semi90,math500/370,1,201,24
acc99/semi90,math500/371,0,2984,1024
acc99/semi90,math500/372,1,1448,691
acc99/semi90,math500/373,1,510,95
acc99/semi90,math500/374,1,256,61
acc99/semi90,math500/375,1,661,129
acc99/semi90,math500/376,1,942,218
acc99/semi90,math500/377,1,819,379
acc99/semi90,math500/378,1,847,198
acc99/semi90,math500/379,0,830,239
acc99/semi90,math500/380,1,925,384
acc99/semi90,math500/381,0,2239,850
acc99/semi90,math500/382,1,762,219
acc99/semi90,math500/383,0,613,143
acc99/semi90,math500/384,1,194,40
acc99/semi90,math500/385,0,331,127
acc99/semi90,math500/386,1,442,90
acc99/semi90,math500/387,1,263,32
acc99/semi90,math500/388,1,590,129
acc99/semi90,math500/389,1,1053,344
acc99/semi90,math500/390,1,1015,240
acc99/semi90,math500/391,1,1015,251
acc99/semi90,math500/392,0,2763,1024
acc99/semi90,math500/393,1,409,113
acc99/semi90,math500/394,1,1209,316
acc99/semi90,math500/395,1,327,80
acc99/semi90,math500/396,1,1704,710
acc99/semi90,math500/397,1,232,33
acc99/semi90,math500/398,0,565,183
acc99/semi90,math500/399,1,197,51
acc99/semi90,math500/400,0,2210,1024
acc99/semi90,math500/401,0,4028,1023
acc99/semi90,math500/402,1,412,126
acc99/semi90,math500/403,1,516,141
acc99/semi90,math500/404,1,295,42
acc99/semi90,math500/405,1,376,139
acc99/semi90,math500/406,1,286,82
acc99/semi90,math500/407,1,234,62
acc99/semi90,math500/408,0,2673,835
acc99/semi90,math500/409,1,2052,700
acc99/semi90,math500/410,1,572,180
acc99/semi90,math500/411,0,200,85
acc99/semi90,math500/412,1,1639,508
acc99/semi90,math500/413,1,235,46
acc99/semi90,math500/414,1,440,87
acc99/semi90,math500/415,1,1042,204
acc99/semi90,math500/416,1,2822,670
acc99/semi90,math500/417,1,335,66
acc99/semi90,math500/418,1,390,57
acc99/semi90,math500/419,1,2073,567
acc99/semi90,math500/420,0,422,57
acc99/semi90,math500/421,0,3007,1024
acc99/semi90,math500/422,0,3198,1024
acc99/semi90,math500/423,1,1140,220
acc99/semi90,math500/424,1,405,64
acc99/semi90,math500/425,1,1996,482
acc99/semi90,math500/426,1,452,106
acc99/semi90,math500/427,1,297,72
acc99/semi90,math500/428,1,971,169
acc99/semi90,math500/429,1,846,199
acc99/semi90,math500/430,1,122,33
acc99/semi90,math500/431,1,1372,305
acc99/semi90,math500/432,0,3960,1024
acc99/semi90,math500/433,0,740,263
acc99/semi90,math500/434,1,532,124
acc99/semi90,math500/435,1,708,182
acc99/semi90,math500/436,1,1157,240
acc99/semi90,math500/437,1,631,183
acc99/semi90,math500/438,1,550,197
acc99/semi90,math500/439,1,1042,308
acc99/semi90,math500/440,1,369,63
acc99/semi90,math500/441,0,234,70
acc99/semi90,math500/442,1,297,33
acc99/semi90,math500/443,1,184,33
acc99/semi90,math500/444,0,3887,1012
acc99/semi90,math500/445,1,3159,895
acc99/semi90,math500/446,1,811,112
acc99/semi90,math500/447,1,448,156
acc99/semi90,math500/448,1,1009,300
acc99/semi90,math500/449,1,266,32
acc99/semi90,math500/450,1,917,227
acc99/semi90,math500/451,1,533,159
acc99/semi90,math500/452,1,588,105
acc99/semi90,math500/453,1,299,76
acc99/semi90,math500/454,1,1273,202
acc99/semi90,math500/455,1,412,116
acc99/semi90,math500/456,0,1188,324
acc99/semi90,math500/457,1,150,40
acc99/semi90,math500/458,1,897,454
acc99/semi90,math500/459,1,2553,614
acc99/semi90,math500/460,0,620,267
acc99/semi90,math500/461,1,613,112
acc99/semi90,math500/462,1,552,218
acc99/semi90,math500/463,1,378,102
acc99/semi90,math500/464,1,866,251
acc99/semi90,math500/465,1,693,169
acc99/semi90,math500/466,1,1562,451
acc99/semi90,math500/467,1,616,151
acc99/semi90,math500/468,1,283,61
acc99/semi90,math500/469,1,363,53
acc99/semi90,math500/470,1,1541,497
acc99/semi90,math500/471,1,245,68
acc99/semi90,math500/472,1,272,64
acc99/semi90,math500/473,1,856,226
acc99/semi90,math500/474,1,566,98
acc99/semi90,math500/475,1,1803,475
acc99/semi90,math500/476,1,309,124
acc99/semi90,math500/477,0,568,194
acc99/semi90,math500/478,0,2780,1024
acc99/semi90,math500/479,1,579,203
acc99/semi90,math500/480,1,623,196
acc99/semi90,math500/481,1,3226,717
acc99/semi90,math500/482,1,921,327
acc99/semi90,math500/483,1,1171,205
acc99/semi90,math500/484,1,915,173
acc99/semi90,math500/485,0,2900,1024
acc99/semi90,math500/486,1,1126,648
acc99/semi90,math500/487,1,282,41
acc99/semi90,math500/488,1,163,46
acc99/semi90,math500/489,1,755,180
acc99/semi90,math500/490,0,2476,1024
acc99/semi90,math500/491,1,600,244
acc99/semi90,math500/492,1,490,123
acc99/semi90,math500/493,0,541,96
acc99/semi90,math500/494,0,2847,1024
acc99/semi90,math500/495,1,672,186
acc99/semi90,math500/496,1,502,77
acc99/semi90,math500/497,1,4021,841
acc99/semi90,math500/498,1,1276,332
acc99/semi90,math500/499,1,1308,529
acc95/semi90/add0.05,gsm8k/0,1,162,31
acc95/semi90/add0.05,gsm8k/1,1,208,58
acc95/semi90/add0.05,gsm8k/2,1,381,49
acc95/semi90/add0.05,gsm8k/3,1,208,29
acc95/semi90/add0.05,gsm8k/4,1,271,69
acc95/semi90/add0.05,gsm8k/5,1,138,32
acc95/semi90/add0.05,gsm8k/6,1,139,26
acc95/semi90/add0.05,gsm8k/7,1,249,39
acc95/semi90/add0.05,gsm8k/8,1,446,113
acc95/semi90/add0.05,gsm8k/9,0,186,36
acc95/semi90/add0.05,gsm8k/10,1,363,87
acc95/semi90/add0.05,gsm8k/11,1,438,93
acc95/semi90/add0.05,gsm8k/12,1,149,23
acc95/semi90/add0.05,gsm8k/13,1,317,41
acc95/semi90/add0.05,gsm8k/14,1,351,93
acc95/semi90/add0.05,gsm8k/15,1,188,56
acc95/semi90/add0.05,gsm8k/16,1,220,29
acc95/semi90/add0.05,gsm8k/17,1,141,21
acc95/semi90/add0.05,gsm8k/18,1,193,49
acc95/semi90/add0.05,gsm8k/19,1,232,28
acc95/semi90/add0.05,gsm8k/20,1,225,34
acc95/semi90/add0.05,gsm8k/21,1,244,44
acc95/semi90/add0.05,gsm8k/22,1,298,50
acc95/semi90/add0.05,gsm8k/23,1,306,69
acc95/semi90/add0.05,gsm8k/24,1,195,42
acc95/semi90/add0.05,gsm8k/25,0,307,65
acc95/semi90/add0.05,gsm8k/26,1,201,52
acc95/semi90/add0.05,gsm8k/27,1,193,61
acc95/semi90/add0.05,gsm8k/28,1,237,53
acc95/semi90/add0.05,gsm8k/29,1,210,41
acc95/semi90/add0.05,gsm8k/30,1,187,38
acc95/semi90/add0.05,gsm8k/31,1,361,83
acc95/semi90/add0.05,gsm8k/32,1,122,28
acc95/semi90/add0.05,gsm8k/33,1,258,41
acc95/semi90/add0.05,gsm8k/34,1,346,86
acc95/semi90/add0.05,gsm8k/35,1,226,35
acc95/semi90/add0.05,gsm8k/36,1,247,53
acc95/semi90/add0.05,gsm8k/37,1,189,59
acc95/semi90/add0.05,gsm8k/38,0,347,87
acc95/semi90/add0.05,gsm8k/39,1,294,57
acc95/semi90/add0.05,gsm8k/40,0,240,63
acc95/semi90/add0.05,gsm8k/41,1,273,43
acc95/semi90/add0.05,gsm8k/42,1,330,48
acc95/semi90/add0.05,gsm8k/43,1,214,52
acc95/semi90/add0.05,gsm8k/44,1,301,67
acc95/semi90/add0.05,gsm8k/45,1,119,23
acc95/semi90/add0.05,gsm8k/46,1,294,63
acc95/semi90/add0.05,gsm8k/47,1,125,27
acc95/semi90/add0.05,gsm8k/48,1,171,60
acc95/semi90/add0.05,gsm8k/49,1,307,72
acc95/semi90/add0.05,gsm8k/50,0,267,110
acc95/semi90/add0.05,gsm8k/51,1,147,25
acc95/semi90/add0.05,gsm8k/52,1,189,33
acc95/semi90/add0.05,gsm8k/53,1,131,28
acc95/semi90/add0.05,gsm8k/54,1,327,64
acc95/semi90/add0.05,gsm8k/55,1,201,55
acc95/semi90/add0.05,gsm8k/56,1,337,33
acc95/semi90/add0.05,gsm8k/57,1,144,31
acc95/semi90/add0.05,gsm8k/58,1,166,23
acc95/semi90/add0.05,gsm8k/59,1,206,53
acc95/semi90/add0.05,gsm8k/60,1,181,35
acc95/semi90/add0.05,gsm8k/61,1,173,21
acc95/semi90/add0.05,gsm8k/62,1,243,56
acc95/semi90/add0.05,gsm8k/63,1,147,36
acc95/semi90/add0.05,gsm8k/64,0,420,118
acc95/semi90/add0.05,gsm8k/65,1,217,36
acc95/semi90/add0.05,gsm8k/66,1,293,68
acc95/semi90/add0.05,gsm8k/67,1,258,66
acc95/semi90/add0.05,gsm8k/68,1,334,83
acc95/semi90/add0.05,gsm8k/69,1,197,29
acc95/semi90/add0.05,gsm8k/70,1,405,72
acc95/semi90/add0.05,gsm8k/71,1,357,51
acc95/semi90/add0.05,gsm8k/72,1,226,45
acc95/semi90/add0.05,gsm8k/73,1,238,47
acc95/semi90/add0.05,gsm8k/74,1,152,31
acc95/semi90/add0.05,gsm8k/75,1,352,87
acc95/semi90/add0.05,gsm8k/76,1,228,43
acc95/semi90/add0.05,gsm8k/77,1,1345,474
acc95/semi90/add0.05,gsm8k/78,1,272,49
acc95/semi90/add0.05,gsm8k/79,1,257,53
acc95/semi90/add0.05,gsm8k/80,1,265,63
acc95/semi90/add0.05,gsm8k/81,1,320,54
acc95/semi90/add0.05,gsm8k/82,1,145,22
acc95/semi90/add0.05,gsm8k/83,1,256,75
acc95/semi90/add0.05,gsm8k/84,1,175,42
acc95/semi90/add0.05,gsm8k/85,1,219,49
acc95/semi90/add0.05,gsm8k/86,1,328,99
acc95/semi90/add0.05,gsm8k/87,1,193,29
acc95/semi90/add0.05,gsm8k/88,1,186,31
acc95/semi90/add0.05,gsm8k/89,1,163,26
acc95/semi90/add0.05,gsm8k/90,1,214,22
acc95/semi90/add0.05,gsm8k/91,1,441,61
acc95/semi90/add0.05,gsm8k/92,1,209,46
acc95/semi90/add0.05,gsm8k/93,1,152,31
acc95/semi90/add0.05,gsm8k/94,1,195,60
acc95/semi90/add0.05,gsm8k/95,1,267,35
acc95/semi90/add0.05,gsm8k/96,0,293,109
acc95/semi90/add0.05,gsm8k/97,1,222,56
acc95/semi90/add0.05,gsm8k/98,1,183,51
acc95/semi90/add0.05,gsm8k/99,1,175,30
acc95/semi90/add0.05,gsm8k/100,1,326,108
acc95/semi90/add0.05,gsm8k/101,1,260,65
acc95/semi90/add0.05,gsm8k/102,1,331,84
acc95/semi90/add0.05,gsm8k/103,1,186,39
acc95/semi90/add0.05,gsm8k/104,1,146,56
acc95/semi90/add0.05,gsm8k/105,1,329,48
acc95/semi90/add0.05,gsm8k/106,1,289,65
acc95/semi90/add0.05,gsm8k/107,1,320,72
acc95/semi90/add0.05,gsm8k/108,1,218,53
acc95/semi90/add0.05,gsm8k/109,1,349,64
acc95/semi90/add0.05,gsm8k/110,1,197,24
acc95/semi90/add0.05,gsm8k/111,1,154,27
acc95/semi90/add0.05,gsm8k/112,1,205,58
acc95/semi90/add0.05,gsm8k/113,1,227,40
acc95/semi90/add0.05,gsm8k/114,1,194,35
acc95/semi90/add0.05,gsm8k/115,1,173,27
acc95/semi90/add0.05,gsm8k/116,1,423,92
acc95/semi90/add0.05,gsm8k/117,1,300,62
acc95/semi90/add0.05,gsm8k/118,1,338,66
acc95/semi90/add0.05,gsm8k/119,1,315,56
acc95/semi90/add0.05,gsm8k/120,1,113,26
acc95/semi90/add0.05,gsm8k/121,1,449,120
acc95/semi90/add0.05,gsm8k/122,1,177,15
acc95/semi90/add0.05,gsm8k/123,1,464,107
acc95/semi90/add0.05,gsm8k/124,1,185,31
acc95/semi90/add0.05,gsm8k/125,1,147,30
acc95/semi90/add0.05,gsm8k/126,1,248,86
acc95/semi90/add0.05,gsm8k/127,1,226,35
acc95/semi90/add0.05,gsm8k/128,1,687,129
acc95/semi90/add0.05,gsm8k/129,1,254,80
acc95/semi90/add0.05,gsm8k/130,1,447,142
acc95/semi90/add0.05,gsm8k/131,0,769,246
acc95/semi90/add0.05,gsm8k/132,1,221,53
acc95/semi90/add0.05,gsm8k/133,1,276,61
acc95/semi90/add0.05,gsm8k/134,1,195,36
acc95/semi90/add0.05,gsm8k/135,1,363,74
acc95/semi90/add0.05,gsm8k/136,1,583,107
acc95/semi90/add0.05,gsm8k/137,0,216,46
acc95/semi90/add0.05,gsm8k/138,1,333,73
acc95/semi90/add0.05,gsm8k/139,1,229,70
acc95/semi90/add0.05,gsm8k/140,1,231,36
acc95/semi90/add0.05,gsm8k/141,1,192,54
acc95/semi90/add0.05,gsm8k/142,1,161,30
acc95/semi90/add0.05,gsm8k/143,1,277,47
acc95/semi90/add0.05,gsm8k/144,1,529,104
acc95/semi90/add0.05,gsm8k/145,1,177,50
acc95/semi90/add0.05,gsm8k/146,1,318,45
acc95/semi90/add0.05,gsm8k/147,1,162,31
acc95/semi90/add0.05,gsm8k/148,1,254,67
acc95/semi90/add0.05,gsm8k/149,0,3982,707
acc95/semi90/add0.05,gsm8k/150,1,214,33
acc95/semi90/add0.05,gsm8k/151,1,328,76
acc95/semi90/add0.05,gsm8k/152,1,247,61
acc95/semi90/add0.05,gsm8k/153,1,203,45
acc95/semi90/add0.05,gsm8k/154,1,168,20
acc95/semi90/add0.05,gsm8k/155,0,184,36
acc95/semi90/add0.05,gsm8k/156,1,276,39
acc95/semi90/add0.05,gsm8k/157,0,204,42
acc95/semi90/add0.05,gsm8k/158,1,254,46
acc95/semi90/add0.05,gsm8k/159,1,347,53
acc95/semi90/add0.05,gsm8k/160,1,161,34
acc95/semi90/add0.05,gsm8k/161,1,226,41
acc95/semi90/add0.05,gsm8k/162,1,212,49
acc95/semi90/add0.05,gsm8k/163,1,249,45
acc95/semi90/add0.05,gsm8k/164,1,392,51
acc95/semi90/add0.05,gsm8k/165,1,307,63
acc95/semi90/add0.05,gsm8k/166,1,179,25
acc95/semi90/add0.05,gsm8k/167,1,144,26
acc95/semi90/add0.05,gsm8k/168,1,1599,418
acc95/semi90/add0.05,gsm8k/169,1,201,46
acc95/semi90/add0.05,gsm8k/170,1,497,104
acc95/semi90/add0.05,gsm8k/171,1,253,53
acc95/semi90/add0.05,gsm8k/172,1,233,42
acc95/semi90/add0.05,gsm8k/173,1,331,57
acc95/semi90/add0.05,gsm8k/174,1,239,53
acc95/semi90/add0.05,gsm8k/175,1,215,41
acc95/semi90/add0.05,gsm8k/176,1,366,63
acc95/semi90/add0.05,gsm8k/177,1,149,23
acc95/semi90/add0.05,gsm8k/178,1,300,60
acc95/semi90/add0.05,gsm8k/179,1,275,56
acc95/semi90/add0.05,gsm8k/180,1,133,23
acc95/semi90/add0.05,gsm8k/181,1,217,43
acc95/semi90/add0.05,gsm8k/182,1,244,53
acc95/semi90/add0.05,gsm8k/183,1,233,42
acc95/semi90/add0.05,gsm8k/184,1,396,99
acc95/semi90/add0.05,gsm8k/185,1,222,44
acc95/semi90/add0.05,gsm8k/186,1,268,59
acc95/semi90/add0.05,gsm8k/187,1,177,37
acc95/semi90/add0.05,gsm8k/188,1,306,64
acc95/semi90/add0.05,gsm8k/189,1,228,57
acc95/semi90/add0.05,gsm8k/190,0,323,48
acc95/semi90/add0.05,gsm8k/191,1,274,74
acc95/semi90/add0.05,gsm8k/192,1,259,62
acc95/semi90/add0.05,gsm8k/193,1,207,47
acc95/semi90/add0.05,gsm8k/194,1,108,25
acc95/semi90/add0.05,gsm8k/195,1,383,74
acc95/semi90/add0.05,gsm8k/196,1,248,50
acc95/semi90/add0.05,gsm8k/197,1,485,60
acc95/semi90/add0.05,gsm8k/198,1,385,126
acc95/semi90/add0.05,gsm8k/199,1,139,28
acc95/semi90/add0.05,gsm8k/200,1,327,94
acc95/semi90/add0.05,gsm8k/201,1,238,43
acc95/semi90/add0.05,gsm8k/202,1,124,28
acc95/semi90/add0.05,gsm8k/203,1,187,49
acc95/semi90/add0.05,gsm8k/204,1,207,61
acc95/semi90/add0.05,gsm8k/205,1,386,64
acc95/semi90/add0.05,gsm8k/206,1,240,48
acc95/semi90/add0.05,gsm8k/207,1,295,41
acc95/semi90/add0.05,gsm8k/208,1,181,26
acc95/semi90/add0.05,gsm8k/209,1,174,45
acc95/semi90/add0.05,gsm8k/210,0,455,123
acc95/semi90/add0.05,gsm8k/211,1,202,44
acc95/semi90/add0.05,gsm8k/212,1,158,42
acc95/semi90/add0.05,gsm8k/213,1,284,62
acc95/semi90/add0.05,gsm8k/214,1,115,21
acc95/semi90/add0.05,gsm8k/215,1,338,82
acc95/semi90/add0.05,gsm8k/216,1,360,57
acc95/semi90/add0.05,gsm8k/217,1,240,43
acc95/semi90/add0.05,gsm8k/218,1,363,106
acc95/semi90/add0.05,gsm8k/219,1,207,37
acc95/semi90/add0.05,gsm8k/220,1,199,31
acc95/semi90/add0.05,gsm8k/221,1,217,23
acc95/semi90/add0.05,gsm8k/222,1,155,29
acc95/semi90/add0.05,gsm8k/223,1,290,69
acc95/semi90/add0.05,gsm8k/224,1,197,49
acc95/semi90/add0.05,gsm8k/225,0,409,191
acc95/semi90/add0.05,gsm8k/226,1,118,30
acc95/semi90/add0.05,gsm8k/227,1,266,43
acc95/semi90/add0.05,gsm8k/228,1,259,57
acc95/semi90/add0.05,gsm8k/229,0,326,64
acc95/semi90/add0.05,gsm8k/230,0,409,138
acc95/semi90/add0.05,gsm8k/231,1,225,32
acc95/semi90/add0.05,gsm8k/232,1,208,39
acc95/semi90/add0.05,gsm8k/233,1,195,29
acc95/semi90/add0.05,gsm8k/234,1,198,40
acc95/semi90/add0.05,gsm8k/235,1,268,53
acc95/semi90/add0.05,gsm8k/236,1,189,40
acc95/semi90/add0.05,gsm8k/237,1,207,29
acc95/semi90/add0.05,gsm8k/238,1,253,55
acc95/semi90/add0.05,gsm8k/239,1,151,32
acc95/semi90/add0.05,gsm8k/240,1,229,59
acc95/semi90/add0.05,gsm8k/241,1,167,26
acc95/semi90/add0.05,gsm8k/242,1,260,72
acc95/semi90/add0.05,gsm8k/243,1,256,60
acc95/semi90/add0.05,gsm8k/244,1,143,28
acc95/semi90/add0.05,gsm8k/245,1,257,38
acc95/semi90/add0.05,gsm8k/246,1,198,38
acc95/semi90/add0.05,gsm8k/247,1,304,65
acc95/semi90/add0.05,gsm8k/248,1,175,25
acc95/semi90/add0.05,gsm8k/249,1,157,34
acc95/semi90/add0.05,gsm8k/250,1,365,68
acc95/semi90/add0.05,gsm8k/251,1,306,43
acc95/semi90/add0.05,gsm8k/252,1,1593,633
acc95/semi90/add0.05,gsm8k/253,1,234,47
acc95/semi90/add0.05,gsm8k/254,1,249,30
acc95/semi90/add0.05,gsm8k/255,1,301,62
acc95/semi90/add0.05,gsm8k/256,1,357,47
acc95/semi90/add0.05,gsm8k/257,1,317,61
acc95/semi90/add0.05,gsm8k/258,1,240,43
acc95/semi90/add0.05,gsm8k/259,1,884,292
acc95/semi90/add0.05,gsm8k/260,1,222,54
acc95/semi90/add0.05,gsm8k/261,1,401,81
acc95/semi90/add0.05,gsm8k/262,1,287,31
acc95/semi90/add0.05,gsm8k/263,1,197,46
acc95/semi90/add0.05,gsm8k/264,1,376,63
acc95/semi90/add0.05,gsm8k/265,1,250,68
acc95/semi90/add0.05,gsm8k/266,1,398,79
acc95/semi90/add0.05,gsm8k/267,1,199,40
acc95/semi90/add0.05,gsm8k/268,1,201,38
acc95/semi90/add0.05,gsm8k/269,1,197,30
acc95/semi90/add0.05,gsm8k/270,1,523,153
acc95/semi90/add0.05,gsm8k/271,1,251,53
acc95/semi90/add0.05,gsm8k/272,1,169,23
acc95/semi90/add0.05,gsm8k/273,1,228,38
acc95/semi90/add0.05,gsm8k/274,1,295,45
acc95/semi90/add0.05,gsm8k/275,1,257,50
acc95/semi90/add0.05,gsm8k/276,0,299,118
acc95/semi90/add0.05,gsm8k/277,1,143,31
acc95/semi90/add0.05,gsm8k/278,1,180,40
acc95/semi90/add0.05,gsm8k/279,1,204,38
acc95/semi90/add0.05,gsm8k/280,1,278,68
acc95/semi90/add0.05,gsm8k/281,1,181,45
acc95/semi90/add0.05,gsm8k/282,1,170,43
acc95/semi90/add0.05,gsm8k/283,1,222,67
acc95/semi90/add0.05,gsm8k/284,1,218,31
acc95/semi90/add0.05,gsm8k/285,1,299,39
acc95/semi90/add0.05,gsm8k/286,1,162,37
acc95/semi90/add0.05,gsm8k/287,1,414,142
acc95/semi90/add0.05,gsm8k/288,1,367,84
acc95/semi90/add0.05,gsm8k/289,0,166,50
acc95/semi90/add0.05,gsm8k/290,1,161,35
acc95/semi90/add0.05,gsm8k/291,1,226,41
acc95/semi90/add0.05,gsm8k/292,1,225,37
acc95/semi90/add0.05,gsm8k/293,1,406,91
acc95/semi90/add0.05,gsm8k/294,1,1554,480
acc95/semi90/add0.05,gsm8k/295,1,205,33
acc95/semi90/add0.05,gsm8k/296,0,514,142
acc95/semi90/add0.05,gsm8k/297,1,188,36
acc95/semi90/add0.05,gsm8k/298,1,252,40
acc95/semi90/add0.05,gsm8k/299,1,363,53
acc95/semi90/add0.05,gsm8k/300,1,239,63
acc95/semi90/add0.05,gsm8k/301,1,94,17
acc95/semi90/add0.05,gsm8k/302,1,263,33
acc95/semi90/add0.05,gsm8k/303,1,271,38
acc95/semi90/add0.05,gsm8k/304,1,142,26
acc95/semi90/add0.05,gsm8k/305,1,183,30
acc95/semi90/add0.05,gsm8k/306,1,222,38
acc95/semi90/add0.05,gsm8k/307,1,245,51
acc95/semi90/add0.05,gsm8k/308,1,326,50
acc95/semi90/add0.05,gsm8k/309,1,196,32
acc95/semi90/add0.05,gsm8k/310,1,355,57
acc95/semi90/add0.05,gsm8k/311,1,173,32
acc95/semi90/add0.05,gsm8k/312,1,211,37
acc95/semi90/add0.05,gsm8k/313,1,255,60
acc95/semi90/add0.05,gsm8k/314,1,197,44
acc95/semi90/add0.05,gsm8k/315,1,369,79
acc95/semi90/add0.05,gsm8k/316,1,231,59
acc95/semi90/add0.05,gsm8k/317,1,252,38
acc95/semi90/add0.05,gsm8k/318,1,245,43
acc95/semi90/add0.05,gsm8k/319,1,130,28
acc95/semi90/add0.05,gsm8k/320,1,465,114
acc95/semi90/add0.05,gsm8k/321,1,203,37
acc95/semi90/add0.05,gsm8k/322,1,339,52
acc95/semi90/add0.05,gsm8k/323,1,164,32
acc95/semi90/add0.05,gsm8k/324,1,303,68
acc95/semi90/add0.05,gsm8k/325,1,221,27
acc95/semi90/add0.05,gsm8k/326,1,362,62
acc95/semi90/add0.05,gsm8k/327,1,259,49
acc95/semi90/add0.05,gsm8k/328,1,156,26
acc95/semi90/add0.05,gsm8k/329,1,141,36
acc95/semi90/add0.05,gsm8k/330,1,202,30
acc95/semi90/add0.05,gsm8k/331,1,284,54
acc95/semi90/add0.05,gsm8k/332,1,166,44
acc95/semi90/add0.05,gsm8k/333,1,183,29
acc95/semi90/add0.05,gsm8k/334,1,425,123
acc95/semi90/add0.05,gsm8k/335,1,187,34
acc95/semi90/add0.05,gsm8k/336,1,251,45
acc95/semi90/add0.05,gsm8k/337,1,344,82
acc95/semi90/add0.05,gsm8k/338,1,264,40
acc95/semi90/add0.05,gsm8k/339,1,464,94
acc95/semi90/add0.05,gsm8k/340,1,239,50
acc95/semi90/add0.05,gsm8k/341,1,198,35
acc95/semi90/add0.05,gsm8k/342,1,231,34
acc95/semi90/add0.05,gsm8k/343,1,302,76
acc95/semi90/add0.05,gsm8k/344,1,131,33
acc95/semi90/add0.05,gsm8k/345,1,447,55
acc95/semi90/add0.05,gsm8k/346,1,404,103
acc95/semi90/add0.05,gsm8k/347,1,135,20
acc95/semi90/add0.05,gsm8k/348,1,414,68
acc95/semi90/add0.05,gsm8k/349,1,276,44
acc95/semi90/add0.05,gsm8k/350,1,304,64
acc95/semi90/add0.05,gsm8k/351,1,488,52
acc95/semi90/add0.05,gsm8k/352,1,136,28
acc95/semi90/add0.05,gsm8k/353,1,202,37
acc95/semi90/add0.05,gsm8k/354,1,262,39
acc95/semi90/add0.05,gsm8k/355,1,300,47
acc95/semi90/add0.05,gsm8k/356,1,388,83
acc95/semi90/add0.05,gsm8k/357,1,251,63
acc95/semi90/add0.05,gsm8k/358,1,189,27
acc95/semi90/add0.05,gsm8k/359,1,271,50
acc95/semi90/add0.05,gsm8k/360,1,436,77
acc95/semi90/add0.05,gsm8k/361,1,180,41
acc95/semi90/add0.05,gsm8k/362,1,222,49
acc95/semi90/add0.05,gsm8k/363,1,202,53
acc95/semi90/add0.05,gsm8k/364,1,140,42
acc95/semi90/add0.05,gsm8k/365,1,253,88
acc95/semi90/add0.05,gsm8k/366,0,199,43
acc95/semi90/add0.05,gsm8k/367,1,176,25
acc95/semi90/add0.05,gsm8k/368,0,300,112
acc95/semi90/add0.05,gsm8k/369,1,208,47
acc95/semi90/add0.05,gsm8k/370,1,229,78
acc95/semi90/add0.05,gsm8k/371,1,261,33
acc95/semi90/add0.05,gsm8k/372,1,378,70
acc95/semi90/add0.05,gsm8k/373,1,125,19
acc95/semi90/add0.05,gsm8k/374,1,348,112
acc95/semi90/add0.05,gsm8k/375,1,418,126
acc95/semi90/add0.05,gsm8k/376,1,223,28
acc95/semi90/add0.05,gsm8k/377,1,232,24
acc95/semi90/add0.05,gsm8k/378,1,804,339
acc95/semi90/add0.05,gsm8k/379,1,287,75
acc95/semi90/add0.05,gsm8k/380,1,263,48
acc95/semi90/add0.05,gsm8k/381,1,160,29
acc95/semi90/add0.05,gsm8k/382,1,355,90
acc95/semi90/add0.05,gsm8k/383,1,209,32
acc95/semi90/add0.05,gsm8k/384,1,159,29
acc95/semi90/add0.05,gsm8k/385,1,195,40
acc95/semi90/add0.05,gsm8k/386,1,330,55
acc95/semi90/add0.05,gsm8k/387,1,181,24
acc95/semi90/add0.05,gsm8k/388,1,216,37
acc95/semi90/add0.05,gsm8k/389,0,354,144
acc95/semi90/add0.05,gsm8k/390,1,253,67
acc95/semi90/add0.05,gsm8k/391,1,374,58
acc95/semi90/add0.05,gsm8k/392,1,296,82
acc95/semi90/add0.05,gsm8k/393,1,150,32
acc95/semi90/add0.05,gsm8k/394,1,193,25
acc95/semi90/add0.05,gsm8k/395,1,243,44
acc95/semi90/add0.05,gsm8k/396,1,236,42
acc95/semi90/add0.05,gsm8k/397,1,161,38
acc95/semi90/add0.05,gsm8k/398,1,186,20
acc95/semi90/add0.05,gsm8k/399,0,281,105
acc95/semi90/add0.05,gsm8k/400,1,203,24
acc95/semi90/add0.05,gsm8k/401,0,3416,1024
acc95/semi90/add0.05,gsm8k/402,1,415,81
acc95/semi90/add0.05,gsm8k/403,1,335,47
acc95/semi90/add0.05,gsm8k/404,1,179,23
acc95/semi90/add0.05,gsm8k/405,0,403,153
acc95/semi90/add0.05,gsm8k/406,1,320,65
acc95/semi90/add0.05,gsm8k/407,1,342,61
acc95/semi90/add0.05,gsm8k/408,1,140,35
acc95/semi90/add0.05,gsm8k/409,1,392,52
acc95/semi90/add0.05,gsm8k/410,1,449,70
acc95/semi90/add0.05,gsm8k/411,1,189,35
acc95/semi90/add0.05,gsm8k/412,1,280,91
acc95/semi90/add0.05,gsm8k/413,1,172,20
acc95/semi90/add0.05,gsm8k/414,0,244,78
acc95/semi90/add0.05,gsm8k/415,1,285,47
acc95/semi90/add0.05,gsm8k/416,1,195,26
acc95/semi90/add0.05,gsm8k/417,1,251,41
acc95/semi90/add0.05,gsm8k/418,1,125,30
acc95/semi90/add0.05,gsm8k/419,1,283,70
acc95/semi90/add0.05,gsm8k/420,1,203,33
acc95/semi90/add0.05,gsm8k/421,1,139,21
acc95/semi90/add0.05,gsm8k/422,1,197,23
acc95/semi90/add0.05,gsm8k/423,1,185,32
acc95/semi90/add0.05,gsm8k/424,1,137,48
acc95/semi90/add0.05,gsm8k/425,1,212,30
acc95/semi90/add0.05,gsm8k/426,1,196,45
acc95/semi90/add0.05,gsm8k/427,1,513,94
acc95/semi90/add0.05,gsm8k/428,1,302,39
acc95/semi90/add0.05,gsm8k/429,1,232,63
acc95/semi90/add0.05,gsm8k/430,1,109,16
acc95/semi90/add0.05,gsm8k/431,1,3124,992
acc95/semi90/add0.05,gsm8k/432,1,135,14
acc95/semi90/add0.05,gsm8k/433,0,557,136
acc95/semi90/add0.05,gsm8k/434,1,407,84
acc95/semi90/add0.05,gsm8k/435,1,283,59
acc95/semi90/add0.05,gsm8k/436,1,299,42
acc95/semi90/add0.05,gsm8k/437,0,616,159
acc95/semi90/add0.05,gsm8k/438,0,278,47
acc95/semi90/add0.05,gsm8k/439,1,477,107
acc95/semi90/add0.05,gsm8k/440,1,124,23
acc95/semi90/add0.05,gsm8k/441,1,336,80
acc95/semi90/add0.05,gsm8k/442,1,145,36
acc95/semi90/add0.05,gsm8k/443,1,252,48
acc95/semi90/add0.05,gsm8k/444,1,139,24
acc95/semi90/add0.05,gsm8k/445,1,355,83
acc95/semi90/add0.05,gsm8k/446,1,334,76
acc95/semi90/add0.05,gsm8k/447,1,201,42
acc95/semi90/add0.05,gsm8k/448,1,194,30
acc95/semi90/add0.05,gsm8k/449,1,199,34
acc95/semi90/add0.05,gsm8k/450,1,280,37
acc95/semi90/add0.05,gsm8k/451,1,377,62
acc95/semi90/add0.05,gsm8k/452,0,265,97
acc95/semi90/add0.05,gsm8k/453,1,274,63
acc95/semi90/add0.05,gsm8k/454,1,352,100
acc95/semi90/add0.05,gsm8k/455,1,254,50
acc95/semi90/add0.05,gsm8k/456,1,130,15
acc95/semi90/add0.05,gsm8k/457,1,179,52
acc95/semi90/add0.05,gsm8k/458,1,274,85
acc95/semi90/add0.05,gsm8k/459,1,367,61
acc95/semi90/add0.05,gsm8k/460,1,224,27
acc95/semi90/add0.05,gsm8k/461,1,277,64
acc95/semi90/add0.05,gsm8k/462,1,386,68
acc95/semi90/add0.05,gsm8k/463,1,269,61
acc95/semi90/add0.05,gsm8k/464,1,228,48
acc95/semi90/add0.05,gsm8k/465,0,2773,1024
acc95/semi90/add0.05,gsm8k/466,1,254,44
acc95/semi90/add0.05,gsm8k/467,1,172,32
acc95/semi90/add0.05,gsm8k/468,1,173,24
acc95/semi90/add0.05,gsm8k/469,1,234,40
acc95/semi90/add0.05,gsm8k/470,1,252,41
acc95/semi90/add0.05,gsm8k/471,1,244,44
acc95/semi90/add0.05,gsm8k/472,1,476,134
acc95/semi90/add0.05,gsm8k/473,1,307,28
acc95/semi90/add0.05,gsm8k/474,1,238,57
acc95/semi90/add0.05,gsm8k/475,0,280,103
acc95/semi90/add0.05,gsm8k/476,1,182,48
acc95/semi90/add0.05,gsm8k/477,1,185,38
acc95/semi90/add0.05,gsm8k/478,1,239,33
acc95/semi90/add0.05,gsm8k/479,0,407,85
acc95/semi90/add0.05,gsm8k/480,1,437,69
acc95/semi90/add0.05,gsm8k/481,0,231,67
acc95/semi90/add0.05,gsm8k/482,1,181,28
acc95/semi90/add0.05,gsm8k/483,0,3298,1024
acc95/semi90/add0.05,gsm8k/484,1,305,58
acc95/semi90/add0.05,gsm8k/485,1,161,28
acc95/semi90/add0.05,gsm8k/486,0,898,303
acc95/semi90/add0.05,gsm8k/487,1,152,31
acc95/semi90/add0.05,gsm8k/488,1,385,82
acc95/semi90/add0.05,gsm8k/489,1,406,62
acc95/semi90/add0.05,gsm8k/490,1,1234,537
acc95/semi90/add0.05,gsm8k/491,1,321,69
acc95/semi90/add0.05,gsm8k/492,1,348,64
acc95/semi90/add0.05,gsm8k/493,1,181,33
acc95/semi90/add0.05,gsm8k/494,1,151,31
acc95/semi90/add0.05,gsm8k/495,1,227,52
acc95/semi90/add0.05,gsm8k/496,1,159,37
acc95/semi90/add0.05,gsm8k/497,1,234,32
acc95/semi90/add0.05,gsm8k/498,1,169,42
acc95/semi90/add0.05,gsm8k/499,1,242,66
acc95/semi90/add0.05,gsm8k/500,1,134,19
acc95/semi90/add0.05,gsm8k/501,1,188,30
acc95/semi90/add0.05,gsm8k/502,1,462,73
acc95/semi90/add0.05,gsm8k/503,1,235,44
acc95/semi90/add0.05,gsm8k/504,1,233,59
acc95/semi90/add0.05,gsm8k/505,1,269,46
acc95/semi90/add0.05,gsm8k/506,1,131,39
acc95/semi90/add0.05,gsm8k/507,1,221,32
acc95/semi90/add0.05,gsm8k/508,1,187,23
acc95/semi90/add0.05,gsm8k/509,1,283,84
acc95/semi90/add0.05,gsm8k/510,1,230,43
acc95/semi90/add0.05,gsm8k/511,0,146,45
acc95/semi90/add0.05,math500/0,1,390,91
acc95/semi90/add0.05,math500/1,1,729,127
acc95/semi90/add0.05,math500/2,1,403,31
acc95/semi90/add0.05,math500/3,1,435,73
acc95/semi90/add0.05,math500/4,1,1440,512
acc95/semi90/add0.05,math500/5,1,345,75
acc95/semi90/add0.05,math500/6,1,718,179
acc95/semi90/add0.05,math500/7,1,781,134
acc95/semi90/add0.05,math500/8,1,339,36
acc95/semi90/add0.05,math500/9,0,3287,1024
acc95/semi90/add0.05,math500/10,1,1459,583
acc95/semi90/add0.05,math500/11,0,2772,542
acc95/semi90/add0.05,math500/12,1,799,155
acc95/semi90/add0.05,math500/13,1,307,25
acc95/semi90/add0.05,math500/14,0,379,79
acc95/semi90/add0.05,math500/15,1,728,112
acc95/semi90/add0.05,math500/16,1,293,53
acc95/semi90/add0.05,math500/17,1,2274,770
acc95/semi90/add0.05,math500/18,0,2666,1024
acc95/semi90/add0.05,math500/19,1,1196,283
acc95/semi90/add0.05,math500/20,1,140,22
acc95/semi90/add0.05,math500/21,1,2025,420
acc95/semi90/add0.05,math500/22,0,3945,798
acc95/semi90/add0.05,math500/23,1,654,78
acc95/semi90/add0.05,math500/24,1,612,129
acc95/semi90/add0.05,math500/25,0,3992,798
acc95/semi90/add0.05,math500/26,0,2866,1024
acc95/semi90/add0.05,math500/27,1,352,54
acc95/semi90/add0.05,math500/28,1,295,95
acc95/semi90/add0.05,math500/29,1,421,82
acc95/semi90/add0.05,math500/30,1,245,38
acc95/semi90/add0.05,math500/31,1,275,56
acc95/semi90/add0.05,math500/32,1,509,171
acc95/semi90/add0.05,math500/33,1,829,127
acc95/semi90/add0.05,math500/34,1,741,72
acc95/semi90/add0.05,math500/35,1,392,51
acc95/semi90/add0.05,math500/36,1,1062,166
acc95/semi90/add0.05,math500/37,1,337,114
acc95/semi90/add0.05,math500/38,1,188,26
acc95/semi90/add0.05,math500/39,1,819,159
acc95/semi90/add0.05,math500/40,1,265,44
acc95/semi90/add0.05,math500/41,1,3046,766
acc95/semi90/add0.05,math500/42,1,313,45
acc95/semi90/add0.05,math500/43,0,3380,1024
acc95/semi90/add0.05,math500/44,1,460,89
acc95/semi90/add0.05,math500/45,1,272,46
acc95/semi90/add0.05,math500/46,1,1665,458
acc95/semi90/add0.05,math500/47,1,569,73
acc95/semi90/add0.05,math500/48,1,260,49
acc95/semi90/add0.05,math500/49,1,409,56
acc95/semi90/add0.05,math500/50,0,2618,521
acc95/semi90/add0.05,math500/51,1,501,128
acc95/semi90/add0.05,math500/52,1,331,56
acc95/semi90/add0.05,math500/53,1,306,68
acc95/semi90/add0.05,math500/54,1,208,45
acc95/semi90/add0.05,math500/55,1,338,80
acc95/semi90/add0.05,math500/56,1,326,53
acc95/semi90/add0.05,math500/57,1,321,37
acc95/semi90/add0.05,math500/58,1,241,23
acc95/semi90/add0.05,math500/59,1,391,40
acc95/semi90/add0.05,math500/60,0,4019,778
acc95/semi90/add0.05,math500/61,1,767,152
acc95/semi90/add0.05,math500/62,1,876,130
acc95/semi90/add0.05,math500/63,1,996,145
acc95/semi90/add0.05,math500/64,1,1724,221
acc95/semi90/add0.05,math500/65,1,226,60
acc95/semi90/add0.05,math500/66,1,413,68
acc95/semi90/add0.05,math500/67,0,392,70
acc95/semi90/add0.05,math500/68,1,879,209
acc95/semi90/add0.05,math500/69,1,465,90
acc95/semi90/add0.05,math500/70,1,334,44
acc95/semi90/add0.05,math500/71,0,661,177
acc95/semi90/add0.05,math500/72,1,407,65
acc95/semi90/add0.05,math500/73,1,335,45
acc95/semi90/add0.05,math500/74,1,472,82
acc95/semi90/add0.05,math500/75,1,437,99
acc95/semi90/add0.05,math500/76,1,2652,835
acc95/semi90/add0.05,math500/77,1,235,25
acc95/semi90/add0.05,math500/78,1,1141,245
acc95/semi90/add0.05,math500/79,1,197,17
acc95/semi90/add0.05,math500/80,0,3353,1024
acc95/semi90/add0.05,math500/81,0,509,88
acc95/semi90/add0.05,math500/82,1,2787,697
acc95/semi90/add0.05,math500/83,1,515,116
acc95/semi90/add0.05,math500/84,1,1049,166
acc95/semi90/add0.05,math500/85,1,409,80
acc95/semi90/add0.05,math500/86,1,240,40
acc95/semi90/add0.05,math500/87,1,614,107
acc95/semi90/add0.05,math500/88,1,3180,942
acc95/semi90/add0.05,math500/89,1,974,200
acc95/semi90/add0.05,math500/90,1,286,70
acc95/semi90/add0.05,math500/91,1,730,193
acc95/semi90/add0.05,math500/92,1,950,150
acc95/semi90/add0.05,math500/93,1,561,57
acc95/semi90/add0.05,math500/94,0,1298,403
acc95/semi90/add0.05,math500/95,1,565,41
acc95/semi90/add0.05,math500/96,0,3967,649
acc95/semi90/add0.05,math500/97,0,297,124
acc95/semi90/add0.05,math500/98,1,157,27
acc95/semi90/add0.05,math500/99,0,1729,376
acc95/semi90/add0.05,math500/100,0,3119,1024
acc95/semi90/add0.05,math500/101,0,3694,1024
acc95/semi90/add0.05,math500/102,0,233,65
acc95/semi90/add0.05,math500/103,0,3965,976
acc95/semi90/add0.05,math500/104,1,3194,652
acc95/semi90/add0.05,math500/105,1,335,58
acc95/semi90/add0.05,math500/106,1,431,61
acc95/semi90/add0.05,math500/107,1,590,120
acc95/semi90/add0.05,math500/108,1,2233,576
acc95/semi90/add0.05,math500/109,1,1603,246
acc95/semi90/add0.05,math500/110,0,3959,969
acc95/semi90/add0.05,math500/111,1,383,50
acc95/semi90/add0.05,math500/112,1,735,101
acc95/semi90/add0.05,math500/113,1,270,19
acc95/semi90/add0.05,math500/114,1,710,82
acc95/semi90/add0.05,math500/115,1,424,65
acc95/semi90/add0.05,math500/116,1,213,14
acc95/semi90/add0.05,math500/117,1,227,13
acc95/semi90/add0.05,math500/118,1,1083,188
acc95/semi90/add0.05,math500/119,0,3916,783
acc95/semi90/add0.05,math500/120,1,766,177
acc95/semi90/add0.05,math500/121,1,245,37
acc95/semi90/add0.05,math500/122,1,295,53
acc95/semi90/add0.05,math500/123,0,3805,1013
acc95/semi90/add0.05,math500/124,1,674,108
acc95/semi90/add0.05,math500/125,1,350,50
acc95/semi90/add0.05,math500/126,0,4003,870
acc95/semi90/add0.05,math500/127,0,440,86
acc95/semi90/add0.05,math500/128,0,347,121
acc95/semi90/add0.05,math500/129,0,4015,1018
acc95/semi90/add0.05,math500/130,1,878,205
acc95/semi90/add0.05,math500/131,1,416,47
acc95/semi90/add0.05,math500/132,1,410,63
acc95/semi90/add0.05,math500/133,1,419,87
acc95/semi90/add0.05,math500/134,1,747,127
acc95/semi90/add0.05,math500/135,1,462,60
acc95/semi90/add0.05,math500/136,1,2606,638
acc95/semi90/add0.05,math500/137,1,396,47
acc95/semi90/add0.05,math500/138,0,2151,1023
acc95/semi90/add0.05,math500/139,1,1001,221
acc95/semi90/add0.05,math500/140,1,640,134
acc95/semi90/add0.05,math500/141,0,488,189
acc95/semi90/add0.05,math500/142,1,587,182
acc95/semi90/add0.05,math500/143,1,713,67
acc95/semi90/add0.05,math500/144,1,244,23
acc95/semi90/add0.05,math500/145,0,4015,963
acc95/semi90/add0.05,math500/146,1,250,42
acc95/semi90/add0.05,math500/147,1,1742,438
acc95/semi90/add0.05,math500/148,1,242,33
acc95/semi90/add0.05,math500/149,1,1006,162
acc95/semi90/add0.05,math500/150,1,3852,651
acc95/semi90/add0.05,math500/151,1,1071,220
acc95/semi90/add0.05,math500/152,0,3349,1024
acc95/semi90/add0.05,math500/153,1,887,239
acc95/semi90/add0.05,math500/154,0,2330,1024
acc95/semi90/add0.05,math500/155,1,560,132
acc95/semi90/add0.05,math500/156,0,3857,814
acc95/semi90/add0.05,math500/157,1,394,40
acc95/semi90/add0.05,math500/158,1,725,103
acc95/semi90/add0.05,math500/159,1,447,69
acc95/semi90/add0.05,math500/160,1,575,92
acc95/semi90/add0.05,math500/161,1,187,36
acc95/semi90/add0.05,math500/162,1,535,96
acc95/semi90/add0.05,math500/163,1,2002,480
acc95/semi90/add0.05,math500/164,0,4049,810
acc95/semi90/add0.05,math500/165,1,395,99
acc95/semi90/add0.05,math500/166,0,3083,1024
acc95/semi90/add0.05,math500/167,1,219,25
acc95/semi90/add0.05,math500/168,0,2981,1024
acc95/semi90/add0.05,math500/169,1,338,47
acc95/semi90/add0.05,math500/170,0,1921,240
acc95/semi90/add0.05,math500/171,1,237,27
acc95/semi90/add0.05,math500/172,1,444,39
acc95/semi90/add0.05,math500/173,1,2909,743
acc95/semi90/add0.05,math500/174,1,440,63
acc95/semi90/add0.05,math500/175,1,1075,167
acc95/semi90/add0.05,math500/176,0,494,118
acc95/semi90/add0.05,math500/177,0,2665,1024
acc95/semi90/add0.05,math500/178,1,288,38
acc95/semi90/add0.05,math500/179,1,1008,129
acc95/semi90/add0.05,math500/180,1,513,122
acc95/semi90/add0.05,math500/181,1,336,64
acc95/semi90/add0.05,math500/182,1,235,45
acc95/semi90/add0.05,math500/183,1,1248,298
acc95/semi90/add0.05,math500/184,1,3701,1023
acc95/semi90/add0.05,math500/185,1,158,17
acc95/semi90/add0.05,math500/186,1,751,143
acc95/semi90/add0.05,math500/187,0,451,79
acc95/semi90/add0.05,math500/188,1,1858,382
acc95/semi90/add0.05,math500/189,0,3572,854
acc95/semi90/add0.05,math500/190,1,498,105
acc95/semi90/add0.05,math500/191,1,180,19
acc95/semi90/add0.05,math500/192,1,826,180
acc95/semi90/add0.05,math500/193,1,439,94
acc95/semi90/add0.05,math500/194,0,4003,1024
acc95/semi90/add0.05,math500/195,1,550,96
acc95/semi90/add0.05,math500/196,1,227,39
acc95/semi90/add0.05,math500/197,1,804,105
acc95/semi90/add0.05,math500/198,1,381,99
acc95/semi90/add0.05,math500/199,1,259,29
acc95/semi90/add0.05,math500/200,1,393,53
acc95/semi90/add0.05,math500/201,1,717,114
acc95/semi90/add0.05,math500/202,1,712,169
acc95/semi90/add0.05,math500/203,1,563,65
acc95/semi90/add0.05,math500/204,1,3248,1024
acc95/semi90/add0.05,math500/205,1,727,82
acc95/semi90/add0.05,math500/206,1,393,53
acc95/semi90/add0.05,math500/207,0,273,63
acc95/semi90/add0.05,math500/208,1,370,81
acc95/semi90/add0.05,math500/209,1,465,95
acc95/semi90/add0.05,math500/210,0,3129,1024
acc95/semi90/add0.05,math500/211,1,345,49
acc95/semi90/add0.05,math500/212,1,448,62
acc95/semi90/add0.05,math500/213,1,1191,211
acc95/semi90/add0.05,math500/214,1,847,175
acc95/semi90/add0.05,math500/215,1,344,45
acc95/semi90/add0.05,math500/216,1,382,72
acc95/semi90/add0.05,math500/217,0,2515,1024
acc95/semi90/add0.05,math500/218,1,281,36
acc95/semi90/add0.05,math500/219,1,2276,626
acc95/semi90/add0.05,math500/220,1,427,87
acc95/semi90/add0.05,math500/221,1,684,115
acc95/semi90/add0.05,math500/222,0,3261,1024
acc95/semi90/add0.05,math500/223,1,1292,315
acc95/semi90/add0.05,math500/224,1,1322,214
acc95/semi90/add0.05,math500/225,1,311,33
acc95/semi90/add0.05,math500/226,1,400,131
acc95/semi90/add0.05,math500/227,1,359,115
acc95/semi90/add0.05,math500/228,0,1767,242
acc95/semi90/add0.05,math500/229,1,326,92
acc95/semi90/add0.05,math500/230,1,1214,170
acc95/semi90/add0.05,math500/231,1,963,160
acc95/semi90/add0.05,math500/232,1,2177,624
acc95/semi90/add0.05,math500/233,1,469,65
acc95/semi90/add0.05,math500/234,1,1603,335
acc95/semi90/add0.05,math500/235,1,554,56
acc95/semi90/add0.05,math500/236,1,3406,660
acc95/semi90/add0.05,math500/237,1,842,105
acc95/semi90/add0.05,math500/238,1,704,138
acc95/semi90/add0.05,math500/239,0,3960,888
acc95/semi90/add0.05,math500/240,0,3836,856
acc95/semi90/add0.05,math500/241,1,772,113
acc95/semi90/add0.05,math500/242,1,516,90
acc95/semi90/add0.05,math500/243,1,294,63
acc95/semi90/add0.05,math500/244,1,748,118
acc95/semi90/add0.05,math500/245,0,1567,190
acc95/semi90/add0.05,math500/246,0,2729,1024
acc95/semi90/add0.05,math500/247,1,733,146
acc95/semi90/add0.05,math500/248,0,4019,787
acc95/semi90/add0.05,math500/249,1,1138,219
acc95/semi90/add0.05,math500/250,1,521,47
acc95/semi90/add0.05,math500/251,1,806,229
acc95/semi90/add0.05,math500/252,1,598,66
acc95/semi90/add0.05,math500/253,1,221,46
acc95/semi90/add0.05,math500/254,1,385,67
acc95/semi90/add0.05,math500/255,1,450,68
acc95/semi90/add0.05,math500/256,1,401,37
acc95/semi90/add0.05,math500/257,1,343,59
acc95/semi90/add0.05,math500/258,1,421,67
acc95/semi90/add0.05,math500/259,1,274,34
acc95/semi90/add0.05,math500/260,1,709,65
acc95/semi90/add0.05,math500/261,1,334,57
acc95/semi90/add0.05,math500/262,1,163,19
acc95/semi90/add0.05,math500/263,1,412,70
acc95/semi90/add0.05,math500/264,0,2912,1024
acc95/semi90/add0.05,math500/265,1,292,35
acc95/semi90/add0.05,math500/266,1,442,64
acc95/semi90/add0.05,math500/267,1,582,167
acc95/semi90/add0.05,math500/268,1,252,25
acc95/semi90/add0.05,math500/269,1,473,131
acc95/semi90/add0.05,math500/270,1,376,53
acc95/semi90/add0.05,math500/271,1,3730,722
acc95/semi90/add0.05,math500/272,1,889,147
acc95/semi90/add0.05,math500/273,1,301,66
acc95/semi90/add0.05,math500/274,0,2248,1024
acc95/semi90/add0.05,math500/275,1,201,14
acc95/semi90/add0.05,math500/276,1,781,185
acc95/semi90/add0.05,math500/277,1,232,64
acc95/semi90/add0.05,math500/278,1,507,81
acc95/semi90/add0.05,math500/279,1,854,258
acc95/semi90/add0.05,math500/280,1,463,107
acc95/semi90/add0.05,math500/281,0,2505,1024
acc95/semi90/add0.05,math500/282,0,3943,764
acc95/semi90/add0.05,math500/283,1,316,34
acc95/semi90/add0.05,math500/284,0,3820,1024
acc95/semi90/add0.05,math500/285,0,3906,819
acc95/semi90/add0.05,math500/286,0,4008,882
acc95/semi90/add0.05,math500/287,1,975,260
acc95/semi90/add0.05,math500/288,1,1216,181
acc95/semi90/add0.05,math500/289,1,662,85
acc95/semi90/add0.05,math500/290,1,930,103
acc95/semi90/add0.05,math500/291,1,519,123
acc95/semi90/add0.05,math500/292,1,2490,314
acc95/semi90/add0.05,math500/293,1,433,55
acc95/semi90/add0.05,math500/294,1,1319,272
acc95/semi90/add0.05,math500/295,0,3107,1024
acc95/semi90/add0.05,math500/296,1,3539,950
acc95/semi90/add0.05,math500/297,0,808,192
acc95/semi90/add0.05,math500/298,0,986,95
acc95/semi90/add0.05,math500/299,0,470,131
acc95/semi90/add0.05,math500/300,1,458,121
acc95/semi90/add0.05,math500/301,1,1312,353
acc95/semi90/add0.05,math500/302,0,3982,900
acc95/semi90/add0.05,math500/303,1,2610,736
acc95/semi90/add0.05,math500/304,1,852,103
acc95/semi90/add0.05,math500/305,0,615,102
acc95/semi90/add0.05,math500/306,0,3572,1024
acc95/semi90/add0.05,math500/307,1,1008,233
acc95/semi90/add0.05,math500/308,0,3890,1024
acc95/semi90/add0.05,math500/309,0,3246,1024
acc95/semi90/add0.05,math500/310,1,444,80
acc95/semi90/add0.05,math500/311,1,930,138
acc95/semi90/add0.05,math500/312,1,291,72
acc95/semi90/add0.05,math500/313,1,395,93
acc95/semi90/add0.05,math500/314,1,348,61
acc95/semi90/add0.05,math500/315,1,1066,254
acc95/semi90/add0.05,math500/316,1,588,92
acc95/semi90/add0.05,math500/317,1,3121,532
acc95/semi90/add0.05,math500/318,0,377,43
acc95/semi90/add0.05,math500/319,1,244,26
acc95/semi90/add0.05,math500/320,1,831,218
acc95/semi90/add0.05,math500/321,0,307,80
acc95/semi90/add0.05,math500/322,1,240,27
acc95/semi90/add0.05,math500/323,1,3205,954
acc95/semi90/add0.05,math500/324,0,1081,303
acc95/semi90/add0.05,math500/325,1,425,40
acc95/semi90/add0.05,math500/326,0,390,58
acc95/semi90/add0.05,math500/327,1,2793,452
acc95/semi90/add0.05,math500/328,1,2495,667
acc95/semi90/add0.05,math500/329,0,157,32
acc95/semi90/add0.05,math500/330,1,464,89
acc95/semi90/add0.05,math500/331,1,854,126
acc95/semi90/add0.05,math500/332,0,3703,1024
acc95/semi90/add0.05,math500/333,1,1128,285
acc95/semi90/add0.05,math500/334,1,562,92
acc95/semi90/add0.05,math500/335,1,1156,205
acc95/semi90/add0.05,math500/336,1,241,18
acc95/semi90/add0.05,math500/337,1,544,96
acc95/semi90/add0.05,math500/338,1,445,83
acc95/semi90/add0.05,math500/339,1,912,198
acc95/semi90/add0.05,math500/340,0,3993,759
acc95/semi90/add0.05,math500/341,1,432,96
acc95/semi90/add0.05,math500/342,1,422,60
acc95/semi90/add0.05,math500/343,1,386,99
acc95/semi90/add0.05,math500/344,1,608,77
acc95/semi90/add0.05,math500/345,1,231,28
acc95/semi90/add0.05,math500/346,1,690,92
acc95/semi90/add0.05,math500/347,1,425,53
acc95/semi90/add0.05,math500/348,1,355,43
acc95/semi90/add0.05,math500/349,0,2177,1024
acc95/semi90/add0.05,math500/350,1,443,95
acc95/semi90/add0.05,math500/351,1,1881,439
acc95/semi90/add0.05,math500/352,0,3372,1024
acc95/semi90/add0.05,math500/353,1,486,94
acc95/semi90/add0.05,math500/354,1,871,182
acc95/semi90/add0.05,math500/355,1,2105,363
acc95/semi90/add0.05,math500/356,1,829,152
acc95/semi90/add0.05,math500/357,1,737,150
acc95/semi90/add0.05,math500/358,1,411,97
acc95/semi90/add0.05,math500/359,1,1422,235
acc95/semi90/add0.05,math500/360,1,543,115
acc95/semi90/add0.05,math500/361,1,1038,203
acc95/semi90/add0.05,math500/362,1,244,60
acc95/semi90/add0.05,math500/363,1,348,54
acc95/semi90/add0.05,math500/364,1,894,168
acc95/semi90/add0.05,math500/365,1,1385,434
acc95/semi90/add0.05,math500/366,1,655,107
acc95/semi90/add0.05,math500/367,1,328,49
acc95/semi90/add0.05,math500/368,1,520,110
acc95/semi90/add0.05,math500/369,1,487,163
acc95/semi90/add0.05,math500/370,1,205,17
acc95/semi90/add0.05,math500/371,0,3656,1024
acc95/semi90/add0.05,math500/372,0,1193,432
acc95/semi90/add0.05,math500/373,1,506,58
acc95/semi90/add0.05,math500/374,1,256,43
acc95/semi90/add0.05,math500/375,1,719,123
acc95/semi90/add0.05,math500/376,1,901,175
acc95/semi90/add0.05,math500/377,1,841,294
acc95/semi90/add0.05,math500/378,1,824,145
acc95/semi90/add0.05,math500/379,0,928,189
acc95/semi90/add0.05,math500/380,1,904,248
acc95/semi90/add0.05,math500/381,1,2603,682
acc95/semi90/add0.05,math500/382,1,767,159
acc95/semi90/add0.05,math500/383,0,569,91
acc95/semi90/add0.05,math500/384,1,192,29
acc95/semi90/add0.05,math500/385,1,335,81
acc95/semi90/add0.05,math500/386,1,417,60
acc95/semi90/add0.05,math500/387,1,263,22
acc95/semi90/add0.05,math500/388,1,571,86
acc95/semi90/add0.05,math500/389,0,728,217
acc95/semi90/add0.05,math500/390,1,918,153
acc95/semi90/add0.05,math500/391,1,1048,172
acc95/semi90/add0.05,math500/392,0,3755,937
acc95/semi90/add0.05,math500/393,1,438,86
acc95/semi90/add0.05,math500/394,1,1373,291
acc95/semi90/add0.05,math500/395,1,317,52
acc95/semi90/add0.05,math500/396,0,3843,865
acc95/semi90/add0.05,math500/397,1,235,23
acc95/semi90/add0.05,math500/398,0,563,138
acc95/semi90/add0.05,math500/399,1,196,32
acc95/semi90/add0.05,math500/400,0,2562,1024
acc95/semi90/add0.05,math500/401,0,4028,875
acc95/semi90/add0.05,math500/402,1,479,113
acc95/semi90/add0.05,math500/403,1,523,100
acc95/semi90/add0.05,math500/404,1,295,30
acc95/semi90/add0.05,math500/405,1,377,98
acc95/semi90/add0.05,math500/406,1,379,78
acc95/semi90/add0.05,math500/407,1,259,35
acc95/semi90/add0.05,math500/408,0,1850,393
acc95/semi90/add0.05,math500/409,1,1845,481
acc95/semi90/add0.05,math500/410,1,597,122
acc95/semi90/add0.05,math500/411,0,200,59
acc95/semi90/add0.05,math500/412,1,2177,541
acc95/semi90/add0.05,math500/413,1,227,32
acc95/semi90/add0.05,math500/414,1,464,66
acc95/semi90/add0.05,math500/415,1,1092,174
acc95/semi90/add0.05,math500/416,1,658,98
acc95/semi90/add0.05,math500/417,1,385,57
acc95/semi90/add0.05,math500/418,1,392,45
acc95/semi90/add0.05,math500/419,1,2152,374
acc95/semi90/add0.05,math500/420,0,423,46
acc95/semi90/add0.05,math500/421,0,3967,979
acc95/semi90/add0.05,math500/422,0,3966,846
acc95/semi90/add0.05,math500/423,1,1215,164
acc95/semi90/add0.05,math500/424,1,440,42
acc95/semi90/add0.05,math500/425,1,3993,997
acc95/semi90/add0.05,math500/426,1,469,72
acc95/semi90/add0.05,math500/427,1,294,44
acc95/semi90/add0.05,math500/428,1,985,136
acc95/semi90/add0.05,math500/429,1,1357,284
acc95/semi90/add0.05,math500/430,1,103,22
acc95/semi90/add0.05,math500/431,1,2740,489
acc95/semi90/add0.05,math500/432,0,3992,769
acc95/semi90/add0.05,math500/433,0,496,125
acc95/semi90/add0.05,math500/434,1,533,82
acc95/semi90/add0.05,math500/435,1,672,125
acc95/semi90/add0.05,math500/436,1,1106,158
acc95/semi90/add0.05,math500/437,1,718,136
acc95/semi90/add0.05,math500/438,1,448,124
acc95/semi90/add0.05,math500/439,1,968,162
acc95/semi90/add0.05,math500/440,1,373,37
acc95/semi90/add0.05,math500/441,0,234,38
acc95/semi90/add0.05,math500/442,0,314,33
acc95/semi90/add0.05,math500/443,1,184,21
acc95/semi90/add0.05,math500/444,0,3887,1008
acc95/semi90/add0.05,math500/445,0,3639,1024
acc95/semi90/add0.05,math500/446,1,729,80
acc95/semi90/add0.05,math500/447,1,394,97
acc95/semi90/add0.05,math500/448,1,924,200
acc95/semi90/add0.05,math500/449,1,269,28
acc95/semi90/add0.05,math500/450,1,920,170
acc95/semi90/add0.05,math500/451,1,942,196
acc95/semi90/add0.05,math500/452,1,562,73
acc95/semi90/add0.05,math500/453,1,311,60
acc95/semi90/add0.05,math500/454,1,1261,146
acc95/semi90/add0.05,math500/455,1,399,77
acc95/semi90/add0.05,math500/456,1,934,161
acc95/semi90/add0.05,math500/457,1,148,31
acc95/semi90/add0.05,math500/458,1,964,390
acc95/semi90/add0.05,math500/459,1,855,148
acc95/semi90/add0.05,math500/460,0,3289,1024
acc95/semi90/add0.05,math500/461,1,653,87
acc95/semi90/add0.05,math500/462,1,472,115
acc95/semi90/add0.05,math500/463,1,266,42
acc95/semi90/add0.05,math500/464,0,1094,198
acc95/semi90/add0.05,math500/465,1,570,117
acc95/semi90/add0.05,math500/466,0,3987,739
acc95/semi90/add0.05,math500/467,1,577,110
acc95/semi90/add0.05,math500/468,1,292,52
acc95/semi90/add0.05,math500/469,1,364,38
acc95/semi90/add0.05,math500/470,1,4020,952
acc95/semi90/add0.05,math500/471,1,285,55
acc95/semi90/add0.05,math500/472,1,304,46
acc95/semi90/add0.05,math500/473,1,883,154
acc95/semi90/add0.05,math500/474,1,565,69
acc95/semi90/add0.05,math500/475,0,3911,757
acc95/semi90/add0.05,math500/476,1,321,75
acc95/semi90/add0.05,math500/477,1,573,121
acc95/semi90/add0.05,math500/478,0,3804,1024
acc95/semi90/add0.05,math500/479,1,604,170
acc95/semi90/add0.05,math500/480,1,790,171
acc95/semi90/add0.05,math500/481,0,3970,672
acc95/semi90/add0.05,math500/482,1,956,251
acc95/semi90/add0.05,math500/483,1,1133,153
acc95/semi90/add0.05,math500/484,1,1005,172
acc95/semi90/add0.05,math500/485,0,3412,1024
acc95/semi90/add0.05,math500/486,1,715,299
acc95/semi90/add0.05,math500/487,1,286,30
acc95/semi90/add0.05,math500/488,1,163,29
acc95/semi90/add0.05,math500/489,1,1040,206
acc95/semi90/add0.05,math500/490,0,3980,844
acc95/semi90/add0.05,math500/491,1,536,183
acc95/semi90/add0.05,math500/492,1,506,71
acc95/semi90/add0.05,math500/493,1,961,143
acc95/semi90/add0.05,math500/494,1,3260,868
acc95/semi90/add0.05,math500/495,1,656,112
acc95/semi90/add0.05,math500/496,1,523,52
acc95/semi90/add0.05,math500/497,0,3963,894
acc95/semi90/add0.05,math500/498,1,3617,849
acc95/semi90/add0.05,math500/499,1,1243,385
acc95/semi90/add0.20,gsm8k/0,1,176,40
acc95/semi90/add0.20,gsm8k/1,0,206,59
acc95/semi90/add0.20,gsm8k/2,1,391,52
acc95/semi90/add0.20,gsm8k/3,1,208,30
acc95/semi90/add0.20,gsm8k/4,1,267,54
acc95/semi90/add0.20,gsm8k/5,1,141,29
acc95/semi90/add0.20,gsm8k/6,1,139,25
acc95/semi90/add0.20,gsm8k/7,1,244,44
acc95/semi90/add0.20,gsm8k/8,1,441,117
acc95/semi90/add0.20,gsm8k/9,0,179,39
acc95/semi90/add0.20,gsm8k/10,1,428,103
acc95/semi90/add0.20,gsm8k/11,1,430,91
acc95/semi90/add0.20,gsm8k/12,1,153,21
acc95/semi90/add0.20,gsm8k/13,1,331,43
acc95/semi90/add0.20,gsm8k/14,1,375,110
acc95/semi90/add0.20,gsm8k/15,1,177,42
acc95/semi90/add0.20,gsm8k/16,1,220,28
acc95/semi90/add0.20,gsm8k/17,1,141,23
acc95/semi90/add0.20,gsm8k/18,1,192,49
acc95/semi90/add0.20,gsm8k/19,1,232,30
acc95/semi90/add0.20,gsm8k/20,1,230,42
acc95/semi90/add0.20,gsm8k/21,1,245,45
acc95/semi90/add0.20,gsm8k/22,1,295,60
acc95/semi90/add0.20,gsm8k/23,1,300,65
acc95/semi90/add0.20,gsm8k/24,1,197,41
acc95/semi90/add0.20,gsm8k/25,0,251,53
acc95/semi90/add0.20,gsm8k/26,1,217,55
acc95/semi90/add0.20,gsm8k/27,1,211,75
acc95/semi90/add0.20,gsm8k/28,1,230,58
acc95/semi90/add0.20,gsm8k/29,1,167,40
acc95/semi90/add0.20,gsm8k/30,1,179,34
acc95/semi90/add0.20,gsm8k/31,1,352,59
acc95/semi90/add0.20,gsm8k/32,1,129,31
acc95/semi90/add0.20,gsm8k/33,1,258,46
acc95/semi90/add0.20,gsm8k/34,1,358,68
acc95/semi90/add0.20,gsm8k/35,1,226,32
acc95/semi90/add0.20,gsm8k/36,1,228,49
acc95/semi90/add0.20,gsm8k/37,1,191,63
acc95/semi90/add0.20,gsm8k/38,1,2358,760
acc95/semi90/add0.20,gsm8k/39,1,291,61
acc95/semi90/add0.20,gsm8k/40,1,273,63
acc95/semi90/add0.20,gsm8k/41,1,273,42
acc95/semi90/add0.20,gsm8k/42,1,340,54
acc95/semi90/add0.20,gsm8k/43,1,212,43
acc95/semi90/add0.20,gsm8k/44,1,331,86
acc95/semi90/add0.20,gsm8k/45,1,137,28
acc95/semi90/add0.20,gsm8k/46,1,295,58
acc95/semi90/add0.20,gsm8k/47,1,125,30
acc95/semi90/add0.20,gsm8k/48,1,163,50
acc95/semi90/add0.20,gsm8k/49,1,304,76
acc95/semi90/add0.20,gsm8k/50,0,274,102
acc95/semi90/add0.20,gsm8k/51,1,147,26
acc95/semi90/add0.20,gsm8k/52,1,192,37
acc95/semi90/add0.20,gsm8k/53,1,135,31
acc95/semi90/add0.20,gsm8k/54,1,356,68
acc95/semi90/add0.20,gsm8k/55,1,199,57
acc95/semi90/add0.20,gsm8k/56,1,337,44
acc95/semi90/add0.20,gsm8k/57,1,138,19
acc95/semi90/add0.20,gsm8k/58,1,198,26
acc95/semi90/add0.20,gsm8k/59,1,206,44
acc95/semi90/add0.20,gsm8k/60,1,184,28
acc95/semi90/add0.20,gsm8k/61,1,173,21
acc95/semi90/add0.20,gsm8k/62,1,232,49
acc95/semi90/add0.20,gsm8k/63,1,167,45
acc95/semi90/add0.20,gsm8k/64,1,487,106
acc95/semi90/add0.20,gsm8k/65,1,217,38
acc95/semi90/add0.20,gsm8k/66,1,294,69
acc95/semi90/add0.20,gsm8k/67,1,269,83
acc95/semi90/add0.20,gsm8k/68,1,328,86
acc95/semi90/add0.20,gsm8k/69,1,197,31
acc95/semi90/add0.20,gsm8k/70,1,342,72
acc95/semi90/add0.20,gsm8k/71,1,332,41
acc95/semi90/add0.20,gsm8k/72,1,215,37
acc95/semi90/add0.20,gsm8k/73,1,229,45
acc95/semi90/add0.20,gsm8k/74,1,151,35
acc95/semi90/add0.20,gsm8k/75,1,355,80
acc95/semi90/add0.20,gsm8k/76,1,228,43
acc95/semi90/add0.20,gsm8k/77,1,2557,1024
acc95/semi90/add0.20,gsm8k/78,1,270,50
acc95/semi90/add0.20,gsm8k/79,1,258,52
acc95/semi90/add0.20,gsm8k/80,1,243,57
acc95/semi90/add0.20,gsm8k/81,1,358,67
acc95/semi90/add0.20,gsm8k/82,1,145,22
acc95/semi90/add0.20,gsm8k/83,1,256,75
acc95/semi90/add0.20,gsm8k/84,1,175,41
acc95/semi90/add0.20,gsm8k/85,1,197,43
acc95/semi90/add0.20,gsm8k/86,1,300,87
acc95/semi90/add0.20,gsm8k/87,1,185,24
acc95/semi90/add0.20,gsm8k/88,1,186,29
acc95/semi90/add0.20,gsm8k/89,1,159,25
acc95/semi90/add0.20,gsm8k/90,1,214,21
acc95/semi90/add0.20,gsm8k/91,1,417,68
acc95/semi90/add0.20,gsm8k/92,1,197,45
acc95/semi90/add0.20,gsm8k/93,1,155,32
acc95/semi90/add0.20,gsm8k/94,1,201,59
acc95/semi90/add0.20,gsm8k/95,1,258,38
acc95/semi90/add0.20,gsm8k/96,1,441,140
acc95/semi90/add0.20,gsm8k/97,1,208,50
acc95/semi90/add0.20,gsm8k/98,1,185,49
acc95/semi90/add0.20,gsm8k/99,1,175,27
acc95/semi90/add0.20,gsm8k/100,1,196,61
acc95/semi90/add0.20,gsm8k/101,1,260,58
acc95/semi90/add0.20,gsm8k/102,1,344,72
acc95/semi90/add0.20,gsm8k/103,1,173,39
acc95/semi90/add0.20,gsm8k/104,1,154,60
acc95/semi90/add0.20,gsm8k/105,1,332,46
acc95/semi90/add0.20,gsm8k/106,1,255,56
acc95/semi90/add0.20,gsm8k/107,1,374,100
acc95/semi90/add0.20,gsm8k/108,0,257,58
acc95/semi90/add0.20,gsm8k/109,1,384,72
acc95/semi90/add0.20,gsm8k/110,1,197,22
acc95/semi90/add0.20,gsm8k/111,1,149,24
acc95/semi90/add0.20,gsm8k/112,1,243,59
acc95/semi90/add0.20,gsm8k/113,1,244,50
acc95/semi90/add0.20,gsm8k/114,1,174,49
acc95/semi90/add0.20,gsm8k/115,1,173,27
acc95/semi90/add0.20,gsm8k/116,1,359,94
acc95/semi90/add0.20,gsm8k/117,1,310,62
acc95/semi90/add0.20,gsm8k/118,1,356,82
acc95/semi90/add0.20,gsm8k/119,1,332,61
acc95/semi90/add0.20,gsm8k/120,1,116,28
acc95/semi90/add0.20,gsm8k/121,0,472,141
acc95/semi90/add0.20,gsm8k/122,1,177,18
acc95/semi90/add0.20,gsm8k/123,1,558,158
acc95/semi90/add0.20,gsm8k/124,1,185,30
acc95/semi90/add0.20,gsm8k/125,1,140,29
acc95/semi90/add0.20,gsm8k/126,1,270,84
acc95/semi90/add0.20,gsm8k/127,1,225,38
acc95/semi90/add0.20,gsm8k/128,1,845,147
acc95/semi90/add0.20,gsm8k/129,1,249,75
acc95/semi90/add0.20,gsm8k/130,1,287,89
acc95/semi90/add0.20,gsm8k/131,0,399,85
acc95/semi90/add0.20,gsm8k/132,1,224,52
acc95/semi90/add0.20,gsm8k/133,1,262,50
acc95/semi90/add0.20,gsm8k/134,1,193,39
acc95/semi90/add0.20,gsm8k/135,1,371,74
acc95/semi90/add0.20,gsm8k/136,1,575,102
acc95/semi90/add0.20,gsm8k/137,0,216,48
acc95/semi90/add0.20,gsm8k/138,1,294,57
acc95/semi90/add0.20,gsm8k/139,1,261,52
acc95/semi90/add0.20,gsm8k/140,1,231,34
acc95/semi90/add0.20,gsm8k/141,1,196,58
acc95/semi90/add0.20,gsm8k/142,1,160,29
acc95/semi90/add0.20,gsm8k/143,1,278,45
acc95/semi90/add0.20,gsm8k/144,1,513,128
acc95/semi90/add0.20,gsm8k/145,1,197,40
acc95/semi90/add0.20,gsm8k/146,1,318,49
acc95/semi90/add0.20,gsm8k/147,1,173,34
acc95/semi90/add0.20,gsm8k/148,1,300,94
acc95/semi90/add0.20,gsm8k/149,1,3881,956
acc95/semi90/add0.20,gsm8k/150,1,214,29
acc95/semi90/add0.20,gsm8k/151,1,334,87
acc95/semi90/add0.20,gsm8k/152,1,223,63
acc95/semi90/add0.20,gsm8k/153,1,189,52
acc95/semi90/add0.20,gsm8k/154,1,171,22
acc95/semi90/add0.20,gsm8k/155,0,188,40
acc95/semi90/add0.20,gsm8k/156,1,270,44
acc95/semi90/add0.20,gsm8k/157,1,239,42
acc95/semi90/add0.20,gsm8k/158,1,254,44
acc95/semi90/add0.20,gsm8k/159,1,321,52
acc95/semi90/add0.20,gsm8k/160,1,149,26
acc95/semi90/add0.20,gsm8k/161,1,226,45
acc95/semi90/add0.20,gsm8k/162,1,202,40
acc95/semi90/add0.20,gsm8k/163,1,249,46
acc95/semi90/add0.20,gsm8k/164,1,364,48
acc95/semi90/add0.20,gsm8k/165,1,350,62
acc95/semi90/add0.20,gsm8k/166,1,180,22
acc95/semi90/add0.20,gsm8k/167,1,144,27
acc95/semi90/add0.20,gsm8k/168,1,453,161
acc95/semi90/add0.20,gsm8k/169,1,201,40
acc95/semi90/add0.20,gsm8k/170,1,494,99
acc95/semi90/add0.20,gsm8k/171,1,269,60
acc95/semi90/add0.20,gsm8k/172,1,242,41
acc95/semi90/add0.20,gsm8k/173,1,331,56
acc95/semi90/add0.20,gsm8k/174,1,231,63
acc95/semi90/add0.20,gsm8k/175,1,278,90
acc95/semi90/add0.20,gsm8k/176,1,353,66
acc95/semi90/add0.20,gsm8k/177,1,148,22
acc95/semi90/add0.20,gsm8k/178,1,314,78
acc95/semi90/add0.20,gsm8k/179,1,275,54
acc95/semi90/add0.20,gsm8k/180,1,129,26
acc95/semi90/add0.20,gsm8k/181,1,243,49
acc95/semi90/add0.20,gsm8k/182,1,310,68
acc95/semi90/add0.20,gsm8k/183,1,232,42
acc95/semi90/add0.20,gsm8k/184,1,387,111
acc95/semi90/add0.20,gsm8k/185,1,224,32
acc95/semi90/add0.20,gsm8k/186,1,201,45
acc95/semi90/add0.20,gsm8k/187,1,170,39
acc95/semi90/add0.20,gsm8k/188,1,332,47
acc95/semi90/add0.20,gsm8k/189,1,228,50
acc95/semi90/add0.20,gsm8k/190,1,329,47
acc95/semi90/add0.20,gsm8k/191,1,274,76
acc95/semi90/add0.20,gsm8k/192,1,237,58
acc95/semi90/add0.20,gsm8k/193,1,198,41
acc95/semi90/add0.20,gsm8k/194,1,106,25
acc95/semi90/add0.20,gsm8k/195,1,386,73
acc95/semi90/add0.20,gsm8k/196,1,252,51
acc95/semi90/add0.20,gsm8k/197,1,467,56
acc95/semi90/add0.20,gsm8k/198,0,277,69
acc95/semi90/add0.20,gsm8k/199,1,129,23
acc95/semi90/add0.20,gsm8k/200,0,361,67
acc95/semi90/add0.20,gsm8k/201,1,231,31
acc95/semi90/add0.20,gsm8k/202,1,137,27
acc95/semi90/add0.20,gsm8k/203,1,187,50
acc95/semi90/add0.20,gsm8k/204,1,201,39
acc95/semi90/add0.20,gsm8k/205,1,392,79
acc95/semi90/add0.20,gsm8k/206,1,222,48
acc95/semi90/add0.20,gsm8k/207,1,301,38
acc95/semi90/add0.20,gsm8k/208,1,185,20
acc95/semi90/add0.20,gsm8k/209,1,232,45
acc95/semi90/add0.20,gsm8k/210,1,411,110
acc95/semi90/add0.20,gsm8k/211,1,194,36
acc95/semi90/add0.20,gsm8k/212,1,167,33
acc95/semi90/add0.20,gsm8k/213,1,216,55
acc95/semi90/add0.20,gsm8k/214,1,115,21
acc95/semi90/add0.20,gsm8k/215,1,382,104
acc95/semi90/add0.20,gsm8k/216,0,350,62
acc95/semi90/add0.20,gsm8k/217,1,253,51
acc95/semi90/add0.20,gsm8k/218,1,339,99
acc95/semi90/add0.20,gsm8k/219,1,222,39
acc95/semi90/add0.20,gsm8k/220,1,199,33
acc95/semi90/add0.20,gsm8k/221,1,217,23
acc95/semi90/add0.20,gsm8k/222,1,153,34
acc95/semi90/add0.20,gsm8k/223,1,291,69
acc95/semi90/add0.20,gsm8k/224,1,198,49
acc95/semi90/add0.20,gsm8k/225,1,296,118
acc95/semi90/add0.20,gsm8k/226,1,113,26
acc95/semi90/add0.20,gsm8k/227,1,266,48
acc95/semi90/add0.20,gsm8k/228,1,281,62
acc95/semi90/add0.20,gsm8k/229,0,366,99
acc95/semi90/add0.20,gsm8k/230,0,367,116
acc95/semi90/add0.20,gsm8k/231,1,226,32
acc95/semi90/add0.20,gsm8k/232,1,189,41
acc95/semi90/add0.20,gsm8k/233,1,185,25
acc95/semi90/add0.20,gsm8k/234,1,224,60
acc95/semi90/add0.20,gsm8k/235,1,268,54
acc95/semi90/add0.20,gsm8k/236,1,189,35
acc95/semi90/add0.20,gsm8k/237,1,204,34
acc95/semi90/add0.20,gsm8k/238,1,256,62
acc95/semi90/add0.20,gsm8k/239,1,151,35
acc95/semi90/add0.20,gsm8k/240,1,227,64
acc95/semi90/add0.20,gsm8k/241,1,165,26
acc95/semi90/add0.20,gsm8k/242,1,236,66
acc95/semi90/add0.20,gsm8k/243,1,255,62
acc95/semi90/add0.20,gsm8k/244,1,125,27
acc95/semi90/add0.20,gsm8k/245,1,257,39
acc95/semi90/add0.20,gsm8k/246,1,198,42
acc95/semi90/add0.20,gsm8k/247,1,286,69
acc95/semi90/add0.20,gsm8k/248,1,174,26
acc95/semi90/add0.20,gsm8k/249,1,150,34
acc95/semi90/add0.20,gsm8k/250,1,307,76
acc95/semi90/add0.20,gsm8k/251,1,306,43
acc95/semi90/add0.20,gsm8k/252,1,185,59
acc95/semi90/add0.20,gsm8k/253,1,230,41
acc95/semi90/add0.20,gsm8k/254,1,249,29
acc95/semi90/add0.20,gsm8k/255,1,300,68
acc95/semi90/add0.20,gsm8k/256,1,360,42
acc95/semi90/add0.20,gsm8k/257,1,311,51
acc95/semi90/add0.20,gsm8k/258,1,229,42
acc95/semi90/add0.20,gsm8k/259,1,881,238
acc95/semi90/add0.20,gsm8k/260,1,230,55
acc95/semi90/add0.20,gsm8k/261,1,369,77
acc95/semi90/add0.20,gsm8k/262,1,275,34
acc95/semi90/add0.20,gsm8k/263,1,199,55
acc95/semi90/add0.20,gsm8k/264,1,279,65
acc95/semi90/add0.20,gsm8k/265,1,269,55
acc95/semi90/add0.20,gsm8k/266,1,402,84
acc95/semi90/add0.20,gsm8k/267,1,186,41
acc95/semi90/add0.20,gsm8k/268,1,211,35
acc95/semi90/add0.20,gsm8k/269,1,199,32
acc95/semi90/add0.20,gsm8k/270,0,442,117
acc95/semi90/add0.20,gsm8k/271,1,213,52
acc95/semi90/add0.20,gsm8k/272,1,163,21
acc95/semi90/add0.20,gsm8k/273,1,214,40
acc95/semi90/add0.20,gsm8k/274,1,295,48
acc95/semi90/add0.20,gsm8k/275,1,254,46
acc95/semi90/add0.20,gsm8k/276,0,347,131
acc95/semi90/add0.20,gsm8k/277,1,143,30
acc95/semi90/add0.20,gsm8k/278,1,185,45
acc95/semi90/add0.20,gsm8k/279,1,202,38
acc95/semi90/add0.20,gsm8k/280,1,275,61
acc95/semi90/add0.20,gsm8k/281,1,181,40
acc95/semi90/add0.20,gsm8k/282,1,169,39
acc95/semi90/add0.20,gsm8k/283,1,4030,834
acc95/semi90/add0.20,gsm8k/284,1,218,34
acc95/semi90/add0.20,gsm8k/285,1,323,38
acc95/semi90/add0.20,gsm8k/286,1,172,37
acc95/semi90/add0.20,gsm8k/287,1,414,124
acc95/semi90/add0.20,gsm8k/288,1,346,83
acc95/semi90/add0.20,gsm8k/289,0,180,48
acc95/semi90/add0.20,gsm8k/290,1,161,36
acc95/semi90/add0.20,gsm8k/291,1,246,44
acc95/semi90/add0.20,gsm8k/292,1,225,43
acc95/semi90/add0.20,gsm8k/293,1,400,81
acc95/semi90/add0.20,gsm8k/294,1,1129,324
acc95/semi90/add0.20,gsm8k/295,1,209,33
acc95/semi90/add0.20,gsm8k/296,0,518,138
acc95/semi90/add0.20,gsm8k/297,1,192,35
acc95/semi90/add0.20,gsm8k/298,1,255,47
acc95/semi90/add0.20,gsm8k/299,1,364,46
acc95/semi90/add0.20,gsm8k/300,1,238,52
acc95/semi90/add0.20,gsm8k/301,1,132,26
acc95/semi90/add0.20,gsm8k/302,1,263,35
acc95/semi90/add0.20,gsm8k/303,1,269,46
acc95/semi90/add0.20,gsm8k/304,1,136,29
acc95/semi90/add0.20,gsm8k/305,1,192,37
acc95/semi90/add0.20,gsm8k/306,1,236,49
acc95/semi90/add0.20,gsm8k/307,1,247,58
acc95/semi90/add0.20,gsm8k/308,1,339,44
acc95/semi90/add0.20,gsm8k/309,1,195,34
acc95/semi90/add0.20,gsm8k/310,1,304,41
acc95/semi90/add0.20,gsm8k/311,1,174,31
acc95/semi90/add0.20,gsm8k/312,1,209,41
acc95/semi90/add0.20,gsm8k/313,1,246,55
acc95/semi90/add0.20,gsm8k/314,1,203,39
acc95/semi90/add0.20,gsm8k/315,1,346,78
acc95/semi90/add0.20,gsm8k/316,1,217,54
acc95/semi90/add0.20,gsm8k/317,1,212,36
acc95/semi90/add0.20,gsm8k/318,1,252,22
acc95/semi90/add0.20,gsm8k/319,1,133,30
acc95/semi90/add0.20,gsm8k/320,1,441,120
acc95/semi90/add0.20,gsm8k/321,1,202,26
acc95/semi90/add0.20,gsm8k/322,1,359,63
acc95/semi90/add0.20,gsm8k/323,1,162,27
acc95/semi90/add0.20,gsm8k/324,1,297,52
acc95/semi90/add0.20,gsm8k/325,1,220,29
acc95/semi90/add0.20,gsm8k/326,1,357,59
acc95/semi90/add0.20,gsm8k/327,1,259,50
acc95/semi90/add0.20,gsm8k/328,1,156,26
acc95/semi90/add0.20,gsm8k/329,1,141,37
acc95/semi90/add0.20,gsm8k/330,1,197,26
acc95/semi90/add0.20,gsm8k/331,1,274,48
acc95/semi90/add0.20,gsm8k/332,1,227,55
acc95/semi90/add0.20,gsm8k/333,1,191,37
acc95/semi90/add0.20,gsm8k/334,1,408,109
acc95/semi90/add0.20,gsm8k/335,1,187,33
acc95/semi90/add0.20,gsm8k/336,1,251,46
acc95/semi90/add0.20,gsm8k/337,1,395,94
acc95/semi90/add0.20,gsm8k/338,1,287,39
acc95/semi90/add0.20,gsm8k/339,1,463,108
acc95/semi90/add0.20,gsm8k/340,1,220,48
acc95/semi90/add0.20,gsm8k/341,1,218,44
acc95/semi90/add0.20,gsm8k/342,1,228,34
acc95/semi90/add0.20,gsm8k/343,1,233,55
acc95/semi90/add0.20,gsm8k/344,1,131,27
acc95/semi90/add0.20,gsm8k/345,1,488,53
acc95/semi90/add0.20,gsm8k/346,1,396,102
acc95/semi90/add0.20,gsm8k/347,1,145,21
acc95/semi90/add0.20,gsm8k/348,1,415,104
acc95/semi90/add0.20,gsm8k/349,1,253,42
acc95/semi90/add0.20,gsm8k/350,1,293,63
acc95/semi90/add0.20,gsm8k/351,1,572,78
acc95/semi90/add0.20,gsm8k/352,1,136,27
acc95/semi90/add0.20,gsm8k/353,1,202,35
acc95/semi90/add0.20,gsm8k/354,1,259,45
acc95/semi90/add0.20,gsm8k/355,1,321,55
acc95/semi90/add0.20,gsm8k/356,1,445,84
acc95/semi90/add0.20,gsm8k/357,1,308,58
acc95/semi90/add0.20,gsm8k/358,1,188,25
acc95/semi90/add0.20,gsm8k/359,1,271,50
acc95/semi90/add0.20,gsm8k/360,1,447,81
acc95/semi90/add0.20,gsm8k/361,1,244,59
acc95/semi90/add0.20,gsm8k/362,1,222,51
acc95/semi90/add0.20,gsm8k/363,1,166,44
acc95/semi90/add0.20,gsm8k/364,1,139,43
acc95/semi90/add0.20,gsm8k/365,1,219,60
acc95/semi90/add0.20,gsm8k/366,0,199,42
acc95/semi90/add0.20,gsm8k/367,1,176,24
acc95/semi90/add0.20,gsm8k/368,0,298,104
acc95/semi90/add0.20,gsm8k/369,1,208,48
acc95/semi90/add0.20,gsm8k/370,1,228,63
acc95/semi90/add0.20,gsm8k/371,1,260,38
acc95/semi90/add0.20,gsm8k/372,1,380,65
acc95/semi90/add0.20,gsm8k/373,1,125,17
acc95/semi90/add0.20,gsm8k/374,1,306,79
acc95/semi90/add0.20,gsm8k/375,1,413,107
acc95/semi90/add0.20,gsm8k/376,1,223,28
acc95/semi90/add0.20,gsm8k/377,1,232,23
acc95/semi90/add0.20,gsm8k/378,1,496,134
acc95/semi90/add0.20,gsm8k/379,1,364,85
acc95/semi90/add0.20,gsm8k/380,1,252,40
acc95/semi90/add0.20,gsm8k/381,1,161,26
acc95/semi90/add0.20,gsm8k/382,1,355,112
acc95/semi90/add0.20,gsm8k/383,1,175,25
acc95/semi90/add0.20,gsm8k/384,1,168,28
acc95/semi90/add0.20,gsm8k/385,1,195,39
acc95/semi90/add0.20,gsm8k/386,1,328,59
acc95/semi90/add0.20,gsm8k/387,1,181,24
acc95/semi90/add0.20,gsm8k/388,1,204,40
acc95/semi90/add0.20,gsm8k/389,1,354,114
acc95/semi90/add0.20,gsm8k/390,1,237,61
acc95/semi90/add0.20,gsm8k/391,1,377,62
acc95/semi90/add0.20,gsm8k/392,1,308,77
acc95/semi90/add0.20,gsm8k/393,1,154,31
acc95/semi90/add0.20,gsm8k/394,1,195,25
acc95/semi90/add0.20,gsm8k/395,1,174,36
acc95/semi90/add0.20,gsm8k/396,1,233,42
acc95/semi90/add0.20,gsm8k/397,1,163,33
acc95/semi90/add0.20,gsm8k/398,1,186,19
acc95/semi90/add0.20,gsm8k/399,0,318,129
acc95/semi90/add0.20,gsm8k/400,1,205,20
acc95/semi90/add0.20,gsm8k/401,0,3992,699
acc95/semi90/add0.20,gsm8k/402,1,404,76
acc95/semi90/add0.20,gsm8k/403,1,387,56
acc95/semi90/add0.20,gsm8k/404,1,167,23
acc95/semi90/add0.20,gsm8k/405,0,374,123
acc95/semi90/add0.20,gsm8k/406,1,325,71
acc95/semi90/add0.20,gsm8k/407,1,343,65
acc95/semi90/add0.20,gsm8k/408,1,142,36
acc95/semi90/add0.20,gsm8k/409,1,367,46
acc95/semi90/add0.20,gsm8k/410,1,426,75
acc95/semi90/add0.20,gsm8k/411,1,213,41
acc95/semi90/add0.20,gsm8k/412,1,273,73
acc95/semi90/add0.20,gsm8k/413,1,161,23
acc95/semi90/add0.20,gsm8k/414,0,236,81
acc95/semi90/add0.20,gsm8k/415,1,285,52
acc95/semi90/add0.20,gsm8k/416,1,195,25
acc95/semi90/add0.20,gsm8k/417,1,252,42
acc95/semi90/add0.20,gsm8k/418,1,126,31
acc95/semi90/add0.20,gsm8k/419,1,267,66
acc95/semi90/add0.20,gsm8k/420,1,263,37
acc95/semi90/add0.20,gsm8k/421,1,139,21
acc95/semi90/add0.20,gsm8k/422,1,195,24
acc95/semi90/add0.20,gsm8k/423,1,197,31
acc95/semi90/add0.20,gsm8k/424,1,129,43
acc95/semi90/add0.20,gsm8k/425,1,212,37
acc95/semi90/add0.20,gsm8k/426,1,202,47
acc95/semi90/add0.20,gsm8k/427,1,516,97
acc95/semi90/add0.20,gsm8k/428,1,302,37
acc95/semi90/add0.20,gsm8k/429,1,229,63
acc95/semi90/add0.20,gsm8k/430,1,109,16
acc95/semi90/add0.20,gsm8k/431,0,576,189
acc95/semi90/add0.20,gsm8k/432,1,135,14
acc95/semi90/add0.20,gsm8k/433,1,475,105
acc95/semi90/add0.20,gsm8k/434,1,395,73
acc95/semi90/add0.20,gsm8k/435,1,283,57
acc95/semi90/add0.20,gsm8k/436,1,302,41
acc95/semi90/add0.20,gsm8k/437,1,534,120
acc95/semi90/add0.20,gsm8k/438,0,255,47
acc95/semi90/add0.20,gsm8k/439,1,436,101
acc95/semi90/add0.20,gsm8k/440,1,124,24
acc95/semi90/add0.20,gsm8k/441,1,349,85
acc95/semi90/add0.20,gsm8k/442,1,137,33
acc95/semi90/add0.20,gsm8k/443,1,252,48
acc95/semi90/add0.20,gsm8k/444,1,139,24
acc95/semi90/add0.20,gsm8k/445,1,344,74
acc95/semi90/add0.20,gsm8k/446,1,335,73
acc95/semi90/add0.20,gsm8k/447,1,201,43
acc95/semi90/add0.20,gsm8k/448,1,194,30
acc95/semi90/add0.20,gsm8k/449,1,186,29
acc95/semi90/add0.20,gsm8k/450,1,281,37
acc95/semi90/add0.20,gsm8k/451,1,375,64
acc95/semi90/add0.20,gsm8k/452,0,294,121
acc95/semi90/add0.20,gsm8k/453,1,272,62
acc95/semi90/add0.20,gsm8k/454,1,299,85
acc95/semi90/add0.20,gsm8k/455,1,205,51
acc95/semi90/add0.20,gsm8k/456,1,130,16
acc95/semi90/add0.20,gsm8k/457,1,176,47
acc95/semi90/add0.20,gsm8k/458,1,295,97
acc95/semi90/add0.20,gsm8k/459,1,376,72
acc95/semi90/add0.20,gsm8k/460,1,224,27
acc95/semi90/add0.20,gsm8k/461,1,278,66
acc95/semi90/add0.20,gsm8k/462,1,302,37
acc95/semi90/add0.20,gsm8k/463,1,271,61
acc95/semi90/add0.20,gsm8k/464,1,279,42
acc95/semi90/add0.20,gsm8k/465,0,3253,1024
acc95/semi90/add0.20,gsm8k/466,1,244,38
acc95/semi90/add0.20,gsm8k/467,1,177,32
acc95/semi90/add0.20,gsm8k/468,1,183,25
acc95/semi90/add0.20,gsm8k/469,1,237,46
acc95/semi90/add0.20,gsm8k/470,1,253,36
acc95/semi90/add0.20,gsm8k/471,1,242,47
acc95/semi90/add0.20,gsm8k/472,1,467,134
acc95/semi90/add0.20,gsm8k/473,1,298,35
acc95/semi90/add0.20,gsm8k/474,1,258,58
acc95/semi90/add0.20,gsm8k/475,0,700,315
acc95/semi90/add0.20,gsm8k/476,1,180,50
acc95/semi90/add0.20,gsm8k/477,1,217,38
acc95/semi90/add0.20,gsm8k/478,1,198,31
acc95/semi90/add0.20,gsm8k/479,1,493,124
acc95/semi90/add0.20,gsm8k/480,1,421,63
acc95/semi90/add0.20,gsm8k/481,0,252,67
acc95/semi90/add0.20,gsm8k/482,1,173,29
acc95/semi90/add0.20,gsm8k/483,0,4002,703
acc95/semi90/add0.20,gsm8k/484,1,289,56
acc95/semi90/add0.20,gsm8k/485,1,161,27
acc95/semi90/add0.20,gsm8k/486,0,769,228
acc95/semi90/add0.20,gsm8k/487,1,149,34
acc95/semi90/add0.20,gsm8k/488,1,269,56
acc95/semi90/add0.20,gsm8k/489,1,409,63
acc95/semi90/add0.20,gsm8k/490,0,668,292
acc95/semi90/add0.20,gsm8k/491,1,320,68
acc95/semi90/add0.20,gsm8k/492,1,296,52
acc95/semi90/add0.20,gsm8k/493,1,182,25
acc95/semi90/add0.20,gsm8k/494,1,151,31
acc95/semi90/add0.20,gsm8k/495,1,224,50
acc95/semi90/add0.20,gsm8k/496,1,160,31
acc95/semi90/add0.20,gsm8k/497,1,234,28
acc95/semi90/add0.20,gsm8k/498,1,176,39
acc95/semi90/add0.20,gsm8k/499,1,238,78
acc95/semi90/add0.20,gsm8k/500,1,134,18
acc95/semi90/add0.20,gsm8k/501,1,188,35
acc95/semi90/add0.20,gsm8k/502,1,447,67
acc95/semi90/add0.20,gsm8k/503,1,151,31
acc95/semi90/add0.20,gsm8k/504,1,263,65
acc95/semi90/add0.20,gsm8k/505,1,266,41
acc95/semi90/add0.20,gsm8k/506,1,131,40
acc95/semi90/add0.20,gsm8k/507,1,222,38
acc95/semi90/add0.20,gsm8k/508,1,187,23
acc95/semi90/add0.20,gsm8k/509,1,302,52
acc95/semi90/add0.20,gsm8k/510,1,208,44
acc95/semi90/add0.20,gsm8k/511,1,153,40
acc95/semi90/add0.20,math500/0,1,305,66
acc95/semi90/add0.20,math500/1,1,772,119
acc95/semi90/add0.20,math500/2,1,403,32
acc95/semi90/add0.20,math500/3,1,414,78
acc95/semi90/add0.20,math500/4,0,670,208
acc95/semi90/add0.20,math500/5,1,357,98
acc95/semi90/add0.20,math500/6,1,658,143
acc95/semi90/add0.20,math500/7,0,1817,420
acc95/semi90/add0.20,math500/8,1,339,36
acc95/semi90/add0.20,math500/9,0,3927,942
acc95/semi90/add0.20,math500/10,1,1046,375
acc95/semi90/add0.20,math500/11,0,4011,927
acc95/semi90/add0.20,math500/12,1,758,145
acc95/semi90/add0.20,math500/13,1,298,27
acc95/semi90/add0.20,math500/14,0,1539,481
acc95/semi90/add0.20,math500/15,1,801,132
acc95/semi90/add0.20,math500/16,1,283,40
acc95/semi90/add0.20,math500/17,1,1825,651
acc95/semi90/add0.20,math500/18,0,2602,1024
acc95/semi90/add0.20,math500/19,1,1087,294
acc95/semi90/add0.20,math500/20,1,140,22
acc95/semi90/add0.20,math500/21,0,1733,348
acc95/semi90/add0.20,math500/22,0,3945,798
acc95/semi90/add0.20,math500/23,1,654,81
acc95/semi90/add0.20,math500/24,1,608,121
acc95/semi90/add0.20,math500/25,0,2267,458
acc95/semi90/add0.20,math500/26,1,1949,756
acc95/semi90/add0.20,math500/27,1,359,63
acc95/semi90/add0.20,math500/28,1,260,62
acc95/semi90/add0.20,math500/29,1,419,86
acc95/semi90/add0.20,math500/30,1,285,57
acc95/semi90/add0.20,math500/31,1,237,48
acc95/semi90/add0.20,math500/32,1,499,158
acc95/semi90/add0.20,math500/33,1,793,117
acc95/semi90/add0.20,math500/34,1,730,60
acc95/semi90/add0.20,math500/35,1,389,56
acc95/semi90/add0.20,math500/36,1,1022,138
acc95/semi90/add0.20,math500/37,1,313,84
acc95/semi90/add0.20,math500/38,1,179,29
acc95/semi90/add0.20,math500/39,1,582,96
acc95/semi90/add0.20,math500/40,1,274,32
acc95/semi90/add0.20,math500/41,0,3989,1024
acc95/semi90/add0.20,math500/42,1,306,42
acc95/semi90/add0.20,math500/43,0,3988,897
acc95/semi90/add0.20,math500/44,1,469,92
acc95/semi90/add0.20,math500/45,1,419,78
acc95/semi90/add0.20,math500/46,1,2427,707
acc95/semi90/add0.20,math500/47,1,490,63
acc95/semi90/add0.20,math500/48,1,261,56
acc95/semi90/add0.20,math500/49,1,367,55
acc95/semi90/add0.20,math500/50,1,1873,538
acc95/semi90/add0.20,math500/51,0,693,128
acc95/semi90/add0.20,math500/52,1,366,70
acc95/semi90/add0.20,math500/53,1,323,66
acc95/semi90/add0.20,math500/54,1,210,44
acc95/semi90/add0.20,math500/55,1,384,82
acc95/semi90/add0.20,math500/56,1,235,36
acc95/semi90/add0.20,math500/57,1,340,44
acc95/semi90/add0.20,math500/58,1,245,21
acc95/semi90/add0.20,math500/59,1,401,41
acc95/semi90/add0.20,math500/60,1,3265,679
acc95/semi90/add0.20,math500/61,1,802,162
acc95/semi90/add0.20,math500/62,1,953,150
acc95/semi90/add0.20,math500/63,1,1129,181
acc95/semi90/add0.20,math500/64,0,4007,851
acc95/semi90/add0.20,math500/65,1,230,71
acc95/semi90/add0.20,math500/66,1,412,68
acc95/semi90/add0.20,math500/67,0,393,68
acc95/semi90/add0.20,math500/68,1,764,195
acc95/semi90/add0.20,math500/69,1,466,93
acc95/semi90/add0.20,math500/70,1,334,43
acc95/semi90/add0.20,math500/71,0,641,147
acc95/semi90/add0.20,math500/72,1,410,55
acc95/semi90/add0.20,math500/73,1,330,40
acc95/semi90/add0.20,math500/74,1,385,63
acc95/semi90/add0.20,math500/75,1,476,111
acc95/semi90/add0.20,math500/76,1,541,163
acc95/semi90/add0.20,math500/77,1,234,32
acc95/semi90/add0.20,math500/78,1,1355,262
acc95/semi90/add0.20,math500/79,1,194,21
acc95/semi90/add0.20,math500/80,0,3353,1024
acc95/semi90/add0.20,math500/81,1,562,103
acc95/semi90/add0.20,math500/82,0,3794,1024
acc95/semi90/add0.20,math500/83,1,992,248
acc95/semi90/add0.20,math500/84,1,915,117
acc95/semi90/add0.20,math500/85,1,460,101
acc95/semi90/add0.20,math500/86,1,240,40
acc95/semi90/add0.20,math500/87,1,695,103
acc95/semi90/add0.20,math500/88,1,2451,706
acc95/semi90/add0.20,math500/89,1,832,141
acc95/semi90/add0.20,math500/90,1,214,54
acc95/semi90/add0.20,math500/91,1,413,79
acc95/semi90/add0.20,math500/92,1,960,155
acc95/semi90/add0.20,math500/93,1,561,62
acc95/semi90/add0.20,math500/94,0,943,260
acc95/semi90/add0.20,math500/95,1,511,48
acc95/semi90/add0.20,math500/96,0,3967,713
acc95/semi90/add0.20,math500/97,0,300,127
acc95/semi90/add0.20,math500/98,1,157,26
acc95/semi90/add0.20,math500/99,0,1956,244
acc95/semi90/add0.20,math500/100,0,3311,1024
acc95/semi90/add0.20,math500/101,0,3918,992
acc95/semi90/add0.20,math500/102,0,243,61
acc95/semi90/add0.20,math500/103,0,3677,1024
acc95/semi90/add0.20,math500/104,1,3167,555
acc95/semi90/add0.20,math500/105,1,362,66
acc95/semi90/add0.20,math500/106,1,418,65
acc95/semi90/add0.20,math500/107,1,699,154
acc95/semi90/add0.20,math500/108,1,2835,768
acc95/semi90/add0.20,math500/109,0,3932,791
acc95/semi90/add0.20,math500/110,0,3959,746
acc95/semi90/add0.20,math500/111,1,385,52
acc95/semi90/add0.20,math500/112,1,732,98
acc95/semi90/add0.20,math500/113,1,293,25
acc95/semi90/add0.20,math500/114,1,758,98
acc95/semi90/add0.20,math500/115,1,424,66
acc95/semi90/add0.20,math500/116,1,213,15
acc95/semi90/add0.20,math500/117,1,227,14
acc95/semi90/add0.20,math500/118,0,4046,911
acc95/semi90/add0.20,math500/119,0,2636,1024
acc95/semi90/add0.20,math500/120,1,638,162
acc95/semi90/add0.20,math500/121,1,245,38
acc95/semi90/add0.20,math500/122,1,301,47
acc95/semi90/add0.20,math500/123,1,3805,970
acc95/semi90/add0.20,math500/124,1,678,116
acc95/semi90/add0.20,math500/125,1,399,66
acc95/semi90/add0.20,math500/126,1,1876,440
acc95/semi90/add0.20,math500/127,0,452,94
acc95/semi90/add0.20,math500/128,1,448,154
acc95/semi90/add0.20,math500/129,0,4015,978
acc95/semi90/add0.20,math500/130,1,969,259
acc95/semi90/add0.20,math500/131,1,424,44
acc95/semi90/add0.20,math500/132,1,402,56
acc95/semi90/add0.20,math500/133,1,527,101
acc95/semi90/add0.20,math500/134,1,723,112
acc95/semi90/add0.20,math500/135,1,462,59
acc95/semi90/add0.20,math500/136,0,3749,1024
acc95/semi90/add0.20,math500/137,1,396,51
acc95/semi90/add0.20,math500/138,0,3989,737
acc95/semi90/add0.20,math500/139,1,1646,331
acc95/semi90/add0.20,math500/140,1,605,141
acc95/semi90/add0.20,math500/141,1,378,144
acc95/semi90/add0.20,math500/142,1,474,143
acc95/semi90/add0.20,math500/143,1,599,53
acc95/semi90/add0.20,math500/144,1,243,23
acc95/semi90/add0.20,math500/145,1,3302,502
acc95/semi90/add0.20,math500/146,1,292,46
acc95/semi90/add0.20,math500/147,0,1118,281
acc95/semi90/add0.20,math500/148,1,242,33
acc95/semi90/add0.20,math500/149,1,1040,173
acc95/semi90/add0.20,math500/150,0,3852,581
acc95/semi90/add0.20,math500/151,1,1072,258
acc95/semi90/add0.20,math500/152,0,2983,754
acc95/semi90/add0.20,math500/153,1,1118,371
acc95/semi90/add0.20,math500/154,0,2746,1024
acc95/semi90/add0.20,math500/155,0,4017,907
acc95/semi90/add0.20,math500/156,0,3857,785
acc95/semi90/add0.20,math500/157,1,400,51
acc95/semi90/add0.20,math500/158,1,564,74
acc95/semi90/add0.20,math500/159,1,443,60
acc95/semi90/add0.20,math500/160,1,510,82
acc95/semi90/add0.20,math500/161,1,187,34
acc95/semi90/add0.20,math500/162,1,545,103
acc95/semi90/add0.20,math500/163,1,2458,618
acc95/semi90/add0.20,math500/164,0,4049,694
acc95/semi90/add0.20,math500/165,1,398,95
acc95/semi90/add0.20,math500/166,0,2731,1024
acc95/semi90/add0.20,math500/167,1,219,28
acc95/semi90/add0.20,math500/168,0,2341,1024
acc95/semi90/add0.20,math500/169,1,349,45
acc95/semi90/add0.20,math500/170,0,1914,254
acc95/semi90/add0.20,math500/171,1,237,30
acc95/semi90/add0.20,math500/172,1,445,40
acc95/semi90/add0.20,math500/173,1,2419,629
acc95/semi90/add0.20,math500/174,1,409,62
acc95/semi90/add0.20,math500/175,1,1081,156
acc95/semi90/add0.20,math500/176,0,608,155
acc95/semi90/add0.20,math500/177,1,3181,874
acc95/semi90/add0.20,math500/178,1,256,47
acc95/semi90/add0.20,math500/179,1,970,121
acc95/semi90/add0.20,math500/180,1,490,110
acc95/semi90/add0.20,math500/181,1,336,62
acc95/semi90/add0.20,math500/182,1,235,42
acc95/semi90/add0.20,math500/183,1,1014,248
acc95/semi90/add0.20,math500/184,0,4021,1021
acc95/semi90/add0.20,math500/185,1,158,17
acc95/semi90/add0.20,math500/186,1,596,138
acc95/semi90/add0.20,math500/187,0,498,97
acc95/semi90/add0.20,math500/188,1,2566,613
acc95/semi90/add0.20,math500/189,0,3572,981
acc95/semi90/add0.20,math500/190,1,505,101
acc95/semi90/add0.20,math500/191,1,179,17
acc95/semi90/add0.20,math500/192,1,619,127
acc95/semi90/add0.20,math500/193,1,447,92
acc95/semi90/add0.20,math500/194,0,4035,793
acc95/semi90/add0.20,math500/195,1,420,95
acc95/semi90/add0.20,math500/196,1,209,29
acc95/semi90/add0.20,math500/197,1,831,115
acc95/semi90/add0.20,math500/198,1,376,89
acc95/semi90/add0.20,math500/199,1,259,29
acc95/semi90/add0.20,math500/200,0,311,59
acc95/semi90/add0.20,math500/201,1,773,99
acc95/semi90/add0.20,math500/202,1,866,235
acc95/semi90/add0.20,math500/203,1,571,77
acc95/semi90/add0.20,math500/204,0,3728,1024
acc95/semi90/add0.20,math500/205,1,761,96
acc95/semi90/add0.20,math500/206,1,375,53
acc95/semi90/add0.20,math500/207,0,283,55
acc95/semi90/add0.20,math500/208,1,375,73
acc95/semi90/add0.20,math500/209,1,498,124
acc95/semi90/add0.20,math500/210,0,3385,1024
acc95/semi90/add0.20,math500/211,1,345,50
acc95/semi90/add0.20,math500/212,1,459,68
acc95/semi90/add0.20,math500/213,0,4009,794
acc95/semi90/add0.20,math500/214,1,1354,272
acc95/semi90/add0.20,math500/215,1,346,49
acc95/semi90/add0.20,math500/216,1,349,48
acc95/semi90/add0.20,math500/217,0,2579,1024
acc95/semi90/add0.20,math500/218,1,284,34
acc95/semi90/add0.20,math500/219,0,3352,807
acc95/semi90/add0.20,math500/220,1,347,87
acc95/semi90/add0.20,math500/221,1,511,87
acc95/semi90/add0.20,math500/222,0,3933,943
acc95/semi90/add0.20,math500/223,1,1560,327
acc95/semi90/add0.20,math500/224,1,3778,741
acc95/semi90/add0.20,math500/225,1,310,31
acc95/semi90/add0.20,math500/226,1,365,122
acc95/semi90/add0.20,math500/227,1,398,138
acc95/semi90/add0.20,math500/228,0,1798,273
acc95/semi90/add0.20,math500/229,1,323,86
acc95/semi90/add0.20,math500/230,1,1339,239
acc95/semi90/add0.20,math500/231,1,996,159
acc95/semi90/add0.20,math500/232,1,1671,474
acc95/semi90/add0.20,math500/233,1,453,64
acc95/semi90/add0.20,math500/234,1,1178,214
acc95/semi90/add0.20,math500/235,1,554,55
acc95/semi90/add0.20,math500/236,1,4023,824
acc95/semi90/add0.20,math500/237,1,678,82
acc95/semi90/add0.20,math500/238,1,703,128
acc95/semi90/add0.20,math500/239,0,3960,979
acc95/semi90/add0.20,math500/240,0,2492,1024
acc95/semi90/add0.20,math500/241,1,837,133
acc95/semi90/add0.20,math500/242,1,492,99
acc95/semi90/add0.20,math500/243,1,318,57
acc95/semi90/add0.20,math500/244,1,875,182
acc95/semi90/add0.20,math500/245,1,1443,156
acc95/semi90/add0.20,math500/246,0,4009,984
acc95/semi90/add0.20,math500/247,1,612,104
acc95/semi90/add0.20,math500/248,0,4019,663
acc95/semi90/add0.20,math500/249,1,1090,222
acc95/semi90/add0.20,math500/250,1,520,44
acc95/semi90/add0.20,math500/251,1,1279,361
acc95/semi90/add0.20,math500/252,1,597,63
acc95/semi90/add0.20,math500/253,1,202,40
acc95/semi90/add0.20,math500/254,1,385,68
acc95/semi90/add0.20,math500/255,1,443,64
acc95/semi90/add0.20,math500/256,1,401,38
acc95/semi90/add0.20,math500/257,1,340,54
acc95/semi90/add0.20,math500/258,1,424,64
acc95/semi90/add0.20,math500/259,1,255,33
acc95/semi90/add0.20,math500/260,1,692,59
acc95/semi90/add0.20,math500/261,1,373,73
acc95/semi90/add0.20,math500/262,1,163,17
acc95/semi90/add0.20,math500/263,1,362,74
acc95/semi90/add0.20,math500/264,0,3328,1024
acc95/semi90/add0.20,math500/265,1,301,34
acc95/semi90/add0.20,math500/266,1,442,68
acc95/semi90/add0.20,math500/267,1,596,158
acc95/semi90/add0.20,math500/268,1,252,25
acc95/semi90/add0.20,math500/269,1,561,147
acc95/semi90/add0.20,math500/270,1,343,39
acc95/semi90/add0.20,math500/271,1,884,130
acc95/semi90/add0.20,math500/272,1,828,140
acc95/semi90/add0.20,math500/273,1,350,87
acc95/semi90/add0.20,math500/274,0,4008,938
acc95/semi90/add0.20,math500/275,1,201,15
acc95/semi90/add0.20,math500/276,1,1030,181
acc95/semi90/add0.20,math500/277,1,234,62
acc95/semi90/add0.20,math500/278,0,517,93
acc95/semi90/add0.20,math500/279,1,761,217
acc95/semi90/add0.20,math500/280,1,492,107
acc95/semi90/add0.20,math500/281,1,2281,1024
acc95/semi90/add0.20,math500/282,0,818,120
acc95/semi90/add0.20,math500/283,1,318,37
acc95/semi90/add0.20,math500/284,0,3404,609
acc95/semi90/add0.20,math500/285,1,2468,557
acc95/semi90/add0.20,math500/286,0,3880,1024
acc95/semi90/add0.20,math500/287,1,1181,295
acc95/semi90/add0.20,math500/288,1,1272,169
acc95/semi90/add0.20,math500/289,1,651,73
acc95/semi90/add0.20,math500/290,1,923,107
acc95/semi90/add0.20,math500/291,1,520,120
acc95/semi90/add0.20,math500/292,1,2446,304
acc95/semi90/add0.20,math500/293,1,443,64
acc95/semi90/add0.20,math500/294,1,1080,201
acc95/semi90/add0.20,math500/295,1,1842,585
acc95/semi90/add0.20,math500/296,0,3049,1024
acc95/semi90/add0.20,math500/297,1,874,206
acc95/semi90/add0.20,math500/298,1,989,105
acc95/semi90/add0.20,math500/299,1,461,110
acc95/semi90/add0.20,math500/300,1,455,120
acc95/semi90/add0.20,math500/301,0,482,118
acc95/semi90/add0.20,math500/302,1,3028,598
acc95/semi90/add0.20,math500/303,0,2761,1024
acc95/semi90/add0.20,math500/304,1,869,109
acc95/semi90/add0.20,math500/305,0,557,78
acc95/semi90/add0.20,math500/306,0,3860,1024
acc95/semi90/add0.20,math500/307,1,1075,244
acc95/semi90/add0.20,math500/308,0,2802,1024
acc95/semi90/add0.20,math500/309,0,3534,1024
acc95/semi90/add0.20,math500/310,1,365,62
acc95/semi90/add0.20,math500/311,1,841,128
acc95/semi90/add0.20,math500/312,1,285,73
acc95/semi90/add0.20,math500/313,1,383,89
acc95/semi90/add0.20,math500/314,1,335,49
acc95/semi90/add0.20,math500/315,1,1512,317
acc95/semi90/add0.20,math500/316,1,600,100
acc95/semi90/add0.20,math500/317,1,2388,581
acc95/semi90/add0.20,math500/318,0,377,43
acc95/semi90/add0.20,math500/319,1,244,25
acc95/semi90/add0.20,math500/320,1,833,210
acc95/semi90/add0.20,math500/321,1,304,46
acc95/semi90/add0.20,math500/322,1,241,29
acc95/semi90/add0.20,math500/323,1,2750,967
acc95/semi90/add0.20,math500/324,0,3782,1016
acc95/semi90/add0.20,math500/325,1,425,43
acc95/semi90/add0.20,math500/326,0,455,68
acc95/semi90/add0.20,math500/327,1,3450,565
acc95/semi90/add0.20,math500/328,1,2602,676
acc95/semi90/add0.20,math500/329,0,171,31
acc95/semi90/add0.20,math500/330,1,515,90
acc95/semi90/add0.20,math500/331,1,783,100
acc95/semi90/add0.20,math500/332,1,3767,1024
acc95/semi90/add0.20,math500/333,1,1366,329
acc95/semi90/add0.20,math500/334,1,477,65
acc95/semi90/add0.20,math500/335,1,1112,188
acc95/semi90/add0.20,math500/336,1,241,20
acc95/semi90/add0.20,math500/337,1,576,111
acc95/semi90/add0.20,math500/338,1,453,88
acc95/semi90/add0.20,math500/339,1,804,142
acc95/semi90/add0.20,math500/340,0,3993,959
acc95/semi90/add0.20,math500/341,1,490,106
acc95/semi90/add0.20,math500/342,1,556,81
acc95/semi90/add0.20,math500/343,1,328,87
acc95/semi90/add0.20,math500/344,1,727,100
acc95/semi90/add0.20,math500/345,1,231,22
acc95/semi90/add0.20,math500/346,1,733,100
acc95/semi90/add0.20,math500/347,1,436,51
acc95/semi90/add0.20,math500/348,1,293,33
acc95/semi90/add0.20,math500/349,0,2881,1024
acc95/semi90/add0.20,math500/350,1,441,94
acc95/semi90/add0.20,math500/351,1,2854,659
acc95/semi90/add0.20,math500/352,0,3852,875
acc95/semi90/add0.20,math500/353,1,477,105
acc95/semi90/add0.20,math500/354,1,833,133
acc95/semi90/add0.20,math500/355,0,4016,816
acc95/semi90/add0.20,math500/356,1,851,169
acc95/semi90/add0.20,math500/357,1,741,157
acc95/semi90/add0.20,math500/358,1,483,115
acc95/semi90/add0.20,math500/359,1,1783,314
acc95/semi90/add0.20,math500/360,1,479,122
acc95/semi90/add0.20,math500/361,1,1021,210
acc95/semi90/add0.20,math500/362,1,259,63
acc95/semi90/add0.20,math500/363,1,347,58
acc95/semi90/add0.20,math500/364,1,1048,237
acc95/semi90/add0.20,math500/365,1,1310,371
acc95/semi90/add0.20,math500/366,1,616,99
acc95/semi90/add0.20,math500/367,1,328,44
acc95/semi90/add0.20,math500/368,1,531,114
acc95/semi90/add0.20,math500/369,1,416,157
acc95/semi90/add0.20,math500/370,1,205,15
acc95/semi90/add0.20,math500/371,0,4008,1015
acc95/semi90/add0.20,math500/372,1,2224,762
acc95/semi90/add0.20,math500/373,1,510,60
acc95/semi90/add0.20,math500/374,1,256,46
acc95/semi90/add0.20,math500/375,1,691,108
acc95/semi90/add0.20,math500/376,1,859,164
acc95/semi90/add0.20,math500/377,1,840,278
acc95/semi90/add0.20,math500/378,1,919,132
acc95/semi90/add0.20,math500/379,0,1052,189
acc95/semi90/add0.20,math500/380,1,881,248
acc95/semi90/add0.20,math500/381,1,3672,1024
acc95/semi90/add0.20,math500/382,1,766,160
acc95/semi90/add0.20,math500/383,0,443,59
acc95/semi90/add0.20,math500/384,1,192,29
acc95/semi90/add0.20,math500/385,0,318,70
acc95/semi90/add0.20,math500/386,1,431,62
acc95/semi90/add0.20,math500/387,1,263,22
acc95/semi90/add0.20,math500/388,1,622,98
acc95/semi90/add0.20,math500/389,1,1976,537
acc95/semi90/add0.20,math500/390,1,911,156
acc95/semi90/add0.20,math500/391,1,1092,152
acc95/semi90/add0.20,math500/392,0,3435,1024
acc95/semi90/add0.20,math500/393,1,379,79
acc95/semi90/add0.20,math500/394,1,1328,256
acc95/semi90/add0.20,math500/395,1,334,58
acc95/semi90/add0.20,math500/396,1,2584,1013
acc95/semi90/add0.20,math500/397,1,235,24
acc95/semi90/add0.20,math500/398,0,617,152
acc95/semi90/add0.20,math500/399,1,196,30
acc95/semi90/add0.20,math500/400,0,4002,936
acc95/semi90/add0.20,math500/401,0,4028,895
acc95/semi90/add0.20,math500/402,1,535,126
acc95/semi90/add0.20,math500/403,1,570,115
acc95/semi90/add0.20,math500/404,1,293,27
acc95/semi90/add0.20,math500/405,1,370,95
acc95/semi90/add0.20,math500/406,1,381,84
acc95/semi90/add0.20,math500/407,1,241,31
acc95/semi90/add0.20,math500/408,0,1536,384
acc95/semi90/add0.20,math500/409,1,2677,709
acc95/semi90/add0.20,math500/410,1,595,124
acc95/semi90/add0.20,math500/411,1,180,54
acc95/semi90/add0.20,math500/412,1,3219,848
acc95/semi90/add0.20,math500/413,1,234,37
acc95/semi90/add0.20,math500/414,1,464,66
acc95/semi90/add0.20,math500/415,1,995,128
acc95/semi90/add0.20,math500/416,1,687,91
acc95/semi90/add0.20,math500/417,1,335,48
acc95/semi90/add0.20,math500/418,1,422,55
acc95/semi90/add0.20,math500/419,1,1633,364
acc95/semi90/add0.20,math500/420,0,423,41
acc95/semi90/add0.20,math500/421,1,3967,997
acc95/semi90/add0.20,math500/422,0,3966,843
acc95/semi90/add0.20,math500/423,1,1101,177
acc95/semi90/add0.20,math500/424,1,470,54
acc95/semi90/add0.20,math500/425,0,3993,723
acc95/semi90/add0.20,math500/426,1,456,74
acc95/semi90/add0.20,math500/427,1,396,74
acc95/semi90/add0.20,math500/428,1,931,126
acc95/semi90/add0.20,math500/429,1,657,110
acc95/semi90/add0.20,math500/430,1,122,26
acc95/semi90/add0.20,math500/431,1,2946,479
acc95/semi90/add0.20,math500/432,0,3992,870
acc95/semi90/add0.20,math500/433,0,631,175
acc95/semi90/add0.20,math500/434,1,532,96
acc95/semi90/add0.20,math500/435,1,702,144
acc95/semi90/add0.20,math500/436,1,1708,335
acc95/semi90/add0.20,math500/437,1,645,115
acc95/semi90/add0.20,math500/438,1,697,210
acc95/semi90/add0.20,math500/439,1,953,186
acc95/semi90/add0.20,math500/440,1,373,38
acc95/semi90/add0.20,math500/441,0,236,44
acc95/semi90/add0.20,math500/442,1,324,26
acc95/semi90/add0.20,math500/443,1,183,26
acc95/semi90/add0.20,math500/444,0,3695,1024
acc95/semi90/add0.20,math500/445,0,3799,884
acc95/semi90/add0.20,math500/446,1,732,80
acc95/semi90/add0.20,math500/447,1,398,113
acc95/semi90/add0.20,math500/448,1,989,191
acc95/semi90/add0.20,math500/449,1,269,26
acc95/semi90/add0.20,math500/450,1,942,156
acc95/semi90/add0.20,math500/451,1,526,105
acc95/semi90/add0.20,math500/452,1,626,81
acc95/semi90/add0.20,math500/453,1,311,57
acc95/semi90/add0.20,math500/454,1,1264,146
acc95/semi90/add0.20,math500/455,1,376,87
acc95/semi90/add0.20,math500/456,1,1804,333
acc95/semi90/add0.20,math500/457,1,148,30
acc95/semi90/add0.20,math500/458,0,3961,928
acc95/semi90/add0.20,math500/459,1,858,130
acc95/semi90/add0.20,math500/460,0,1292,470
acc95/semi90/add0.20,math500/461,1,627,72
acc95/semi90/add0.20,math500/462,1,492,152
acc95/semi90/add0.20,math500/463,1,273,32
acc95/semi90/add0.20,math500/464,1,1008,169
acc95/semi90/add0.20,math500/465,1,568,127
acc95/semi90/add0.20,math500/466,1,1426,322
acc95/semi90/add0.20,math500/467,1,482,138
acc95/semi90/add0.20,math500/468,1,278,45
acc95/semi90/add0.20,math500/469,1,363,40
acc95/semi90/add0.20,math500/470,1,957,248
acc95/semi90/add0.20,math500/471,1,245,50
acc95/semi90/add0.20,math500/472,0,366,67
acc95/semi90/add0.20,math500/473,1,1216,213
acc95/semi90/add0.20,math500/474,1,566,70
acc95/semi90/add0.20,math500/475,1,2116,571
acc95/semi90/add0.20,math500/476,1,333,79
acc95/semi90/add0.20,math500/477,1,592,132
acc95/semi90/add0.20,math500/478,1,3051,860
acc95/semi90/add0.20,math500/479,1,1043,268
acc95/semi90/add0.20,math500/480,1,778,153
acc95/semi90/add0.20,math500/481,1,3970,697
acc95/semi90/add0.20,math500/482,1,990,269
acc95/semi90/add0.20,math500/483,1,1133,135
acc95/semi90/add0.20,math500/484,1,912,123
acc95/semi90/add0.20,math500/485,1,2407,425
acc95/semi90/add0.20,math500/486,0,2334,1024
acc95/semi90/add0.20,math500/487,1,286,29
acc95/semi90/add0.20,math500/488,1,161,26
acc95/semi90/add0.20,math500/489,1,1076,252
acc95/semi90/add0.20,math500/490,0,3692,1024
acc95/semi90/add0.20,math500/491,0,598,197
acc95/semi90/add0.20,math500/492,1,521,78
acc95/semi90/add0.20,math500/493,0,590,61
acc95/semi90/add0.20,math500/494,0,3775,1024
acc95/semi90/add0.20,math500/495,0,1380,362
acc95/semi90/add0.20,math500/496,0,881,94
acc95/semi90/add0.20,math500/497,0,4021,1012
acc95/semi90/add0.20,math500/498,1,1559,273
acc95/semi90/add0.20,math500/499,1,1296,411
