config,prompt,correct,tokens,forwards
acc85/semi70,humaneval_plus/0,1,206,20
acc85/semi70,humaneval_plus/1,1,238,24
acc85/semi70,humaneval_plus/2,1,587,67
acc85/semi70,humaneval_plus/3,1,213,18
acc85/semi70,humaneval_plus/4,1,152,16
acc85/semi70,humaneval_plus/5,0,218,27
acc85/semi70,humaneval_plus/6,0,256,34
acc85/semi70,humaneval_plus/7,1,259,28
acc85/semi70,humaneval_plus/8,0,301,34
acc85/semi70,humaneval_plus/9,0,260,24
acc85/semi70,humaneval_plus/10,1,348,26
acc85/semi70,humaneval_plus/11,0,539,58
acc85/semi70,humaneval_plus/12,1,256,53
acc85/semi70,humaneval_plus/13,1,481,58
acc85/semi70,humaneval_plus/14,1,285,54
acc85/semi70,humaneval_plus/15,1,633,50
acc85/semi70,humaneval_plus/16,1,576,45
acc85/semi70,humaneval_plus/17,0,327,53
acc85/semi70,humaneval_plus/18,1,183,24
acc85/semi70,humaneval_plus/19,0,174,32
acc85/semi70,humaneval_plus/20,1,163,31
acc85/semi70,humaneval_plus/21,1,290,24
acc85/semi70,humaneval_plus/22,0,260,27
acc85/semi70,humaneval_plus/23,0,303,40
acc85/semi70,humaneval_plus/24,0,164,16
acc85/semi70,humaneval_plus/25,1,293,27
acc85/semi70,humaneval_plus/26,1,180,29
acc85/semi70,humaneval_plus/27,1,182,20
acc85/semi70,humaneval_plus/28,1,367,36
acc85/semi70,humaneval_plus/29,0,421,68
acc85/semi70,humaneval_plus/30,0,281,33
acc85/semi70,humaneval_plus/31,0,397,42
acc85/semi70,humaneval_plus/32,0,355,50
acc85/semi70,humaneval_plus/33,0,254,34
acc85/semi70,humaneval_plus/34,1,988,144
acc85/semi70,humaneval_plus/35,1,129,10
acc85/semi70,humaneval_plus/36,0,393,41
acc85/semi70,humaneval_plus/37,0,186,28
acc85/semi70,humaneval_plus/38,0,774,120
acc85/semi70,humaneval_plus/39,1,227,21
acc85/semi70,humaneval_plus/40,0,294,53
acc85/semi70,humaneval_plus/41,0,188,24
acc85/semi70,humaneval_plus/42,1,285,30
acc85/semi70,humaneval_plus/43,0,239,25
acc85/semi70,humaneval_plus/44,1,277,75
acc85/semi70,humaneval_plus/45,1,182,20
acc85/semi70,humaneval_plus/46,1,97,8
acc85/semi70,humaneval_plus/47,0,202,40
acc85/semi70,humaneval_plus/48,0,441,45
acc85/semi70,humaneval_plus/49,0,251,21
acc85/semi70,humaneval_plus/50,1,152,12
acc85/semi70,humaneval_plus/51,1,258,49
acc85/semi70,humaneval_plus/52,0,176,51
acc85/semi70,humaneval_plus/53,0,283,33
acc85/semi70,humaneval_plus/54,1,321,33
acc85/semi70,humaneval_plus/55,0,417,46
acc85/semi70,humaneval_plus/56,1,271,27
acc85/semi70,humaneval_plus/57,1,92,7
acc85/semi70,humaneval_plus/58,1,203,14
acc85/semi70,humaneval_plus/59,1,213,18
acc85/semi70,humaneval_plus/60,1,224,30
acc85/semi70,humaneval_plus/61,1,210,26
acc85/semi70,humaneval_plus/62,0,271,46
acc85/semi70,humaneval_plus/63,1,188,26
acc85/semi70,humaneval_plus/64,1,328,23
acc85/semi70,humaneval_plus/65,0,416,40
acc85/semi70,humaneval_plus/66,1,218,21
acc85/semi70,humaneval_plus/67,1,386,35
acc85/semi70,humaneval_plus/68,0,134,16
acc85/semi70,humaneval_plus/69,0,214,33
acc85/semi70,humaneval_plus/70,1,261,31
acc85/semi70,humaneval_plus/71,1,144,14
acc85/semi70,humaneval_plus/72,0,201,23
acc85/semi70,humaneval_plus/73,1,258,22
acc85/semi70,humaneval_plus/74,0,183,22
acc85/semi70,humaneval_plus/75,1,287,31
acc85/semi70,humaneval_plus/76,1,105,15
acc85/semi70,humaneval_plus/77,1,316,28
acc85/semi70,humaneval_plus/78,0,263,29
acc85/semi70,humaneval_plus/79,0,114,9
acc85/semi70,humaneval_plus/80,1,58,7
acc85/semi70,humaneval_plus/81,1,131,16
acc85/semi70,humaneval_plus/82,1,225,16
acc85/semi70,humaneval_plus/83,1,175,12
acc85/semi70,humaneval_plus/84,1,105,8
acc85/semi70,humaneval_plus/85,1,76,6
acc85/semi70,humaneval_plus/86,1,110,8
acc85/semi70,humaneval_plus/87,1,159,13
acc85/semi70,humaneval_plus/88,1,143,12
acc85/semi70,humaneval_plus/89,1,249,17
acc85/semi70,humaneval_plus/90,0,2503,369
acc85/semi70,humaneval_plus/91,1,298,27
acc85/semi70,humaneval_plus/92,0,85,9
acc85/semi70,humaneval_plus/93,1,144,13
acc85/semi70,humaneval_plus/94,1,157,14
acc85/semi70,humaneval_plus/95,0,246,25
acc85/semi70,humaneval_plus/96,0,284,19
acc85/semi70,humaneval_plus/97,1,253,18
acc85/semi70,humaneval_plus/98,1,387,40
acc85/semi70,humaneval_plus/99,0,272,26
acc85/semi70,humaneval_plus/100,1,207,30
acc85/semi70,humaneval_plus/101,1,133,7
acc85/semi70,humaneval_plus/102,1,254,23
acc85/semi70,humaneval_plus/103,1,159,11
acc85/semi70,humaneval_plus/104,1,60,6
acc85/semi70,humaneval_plus/105,1,339,33
acc85/semi70,humaneval_plus/106,1,204,16
acc85/semi70,humaneval_plus/107,1,109,8
acc85/semi70,humaneval_plus/108,0,432,42
acc85/semi70,humaneval_plus/109,1,165,13
acc85/semi70,humaneval_plus/110,1,137,10
acc85/semi70,humaneval_plus/111,1,179,10
acc85/semi70,humaneval_plus/112,1,110,7
acc85/semi70,humaneval_plus/113,1,63,4
acc85/semi70,humaneval_plus/114,0,155,10
acc85/semi70,humaneval_plus/115,1,130,10
acc85/semi70,humaneval_plus/116,0,185,16
acc85/semi70,humaneval_plus/117,1,391,33
acc85/semi70,humaneval_plus/118,1,200,17
acc85/semi70,humaneval_plus/119,1,208,15
acc85/semi70,humaneval_plus/120,1,459,38
acc85/semi70,humaneval_plus/121,1,125,7
acc85/semi70,humaneval_plus/122,1,184,18
acc85/semi70,humaneval_plus/123,1,169,15
acc85/semi70,humaneval_plus/124,1,577,60
acc85/semi70,humaneval_plus/125,1,201,27
acc85/semi70,humaneval_plus/126,1,205,37
acc85/semi70,humaneval_plus/127,1,156,13
acc85/semi70,humaneval_plus/128,0,227,40
acc85/semi70,humaneval_plus/129,1,455,36
acc85/semi70,humaneval_plus/130,1,265,24
acc85/semi70,humaneval_plus/131,1,116,9
acc85/semi70,humaneval_plus/132,1,562,44
acc85/semi70,humaneval_plus/133,1,300,38
acc85/semi70,humaneval_plus/134,1,165,38
acc85/semi70,humaneval_plus/135,1,227,21
acc85/semi70,humaneval_plus/136,1,303,22
acc85/semi70,humaneval_plus/137,1,330,41
acc85/semi70,humaneval_plus/138,0,258,44
acc85/semi70,humaneval_plus/139,0,465,73
acc85/semi70,humaneval_plus/140,1,146,29
acc85/semi70,humaneval_plus/141,0,160,25
acc85/semi70,humaneval_plus/142,1,177,15
acc85/semi70,humaneval_plus/143,1,437,39
acc85/semi70,humaneval_plus/144,1,1128,79
acc85/semi70,humaneval_plus/145,0,178,15
acc85/semi70,humaneval_plus/146,1,724,118
acc85/semi70,humaneval_plus/147,0,229,19
acc85/semi70,humaneval_plus/148,1,131,15
acc85/semi70,humaneval_plus/149,1,238,23
acc85/semi70,humaneval_plus/150,0,401,43
acc85/semi70,humaneval_plus/151,1,356,38
acc85/semi70,humaneval_plus/152,0,264,41
acc85/semi70,humaneval_plus/153,1,168,14
acc85/semi70,humaneval_plus/154,1,236,28
acc85/semi70,humaneval_plus/155,0,252,34
acc85/semi70,humaneval_plus/156,1,220,18
acc85/semi70,humaneval_plus/157,0,262,47
acc85/semi70,humaneval_plus/158,0,171,15
acc85/semi70,humaneval_plus/159,1,181,23
acc85/semi70,humaneval_plus/160,0,646,47
acc85/semi70,humaneval_plus/161,1,186,18
acc85/semi70,humaneval_plus/162,0,153,18
acc85/semi70,humaneval_plus/163,0,353,36
acc85/semi70,mbpp_plus/0,1,139,18
acc85/semi70,mbpp_plus/1,1,88,16
acc85/semi70,mbpp_plus/2,0,141,23
acc85/semi70,mbpp_plus/3,0,425,86
acc85/semi70,mbpp_plus/4,1,104,17
acc85/semi70,mbpp_plus/5,1,70,12
acc85/semi70,mbpp_plus/6,0,82,17
acc85/semi70,mbpp_plus/7,1,117,16
acc85/semi70,mbpp_plus/8,0,209,47
acc85/semi70,mbpp_plus/9,0,396,38
acc85/semi70,mbpp_plus/10,0,142,22
acc85/semi70,mbpp_plus/11,0,90,17
acc85/semi70,mbpp_plus/12,0,129,19
acc85/semi70,mbpp_plus/13,1,75,16
acc85/semi70,mbpp_plus/14,0,486,170
acc85/semi70,mbpp_plus/15,1,82,11
acc85/semi70,mbpp_plus/16,0,291,36
acc85/semi70,mbpp_plus/17,1,305,55
acc85/semi70,mbpp_plus/18,0,100,12
acc85/semi70,mbpp_plus/19,0,222,33
acc85/semi70,mbpp_plus/20,1,199,22
acc85/semi70,mbpp_plus/21,1,19,3
acc85/semi70,mbpp_plus/22,1,131,19
acc85/semi70,mbpp_plus/23,0,369,41
acc85/semi70,mbpp_plus/24,1,153,17
acc85/semi70,mbpp_plus/25,1,591,49
acc85/semi70,mbpp_plus/26,1,124,21
acc85/semi70,mbpp_plus/27,1,149,12
acc85/semi70,mbpp_plus/28,1,120,14
acc85/semi70,mbpp_plus/29,0,165,19
acc85/semi70,mbpp_plus/30,0,150,26
acc85/semi70,mbpp_plus/31,1,79,6
acc85/semi70,mbpp_plus/32,0,284,36
acc85/semi70,mbpp_plus/33,1,109,15
acc85/semi70,mbpp_plus/34,1,293,41
acc85/semi70,mbpp_plus/35,0,154,27
acc85/semi70,mbpp_plus/36,0,110,16
acc85/semi70,mbpp_plus/37,0,166,34
acc85/semi70,mbpp_plus/38,0,285,38
acc85/semi70,mbpp_plus/39,0,226,30
acc85/semi70,mbpp_plus/40,1,175,27
acc85/semi70,mbpp_plus/41,1,230,47
acc85/semi70,mbpp_plus/42,1,190,22
acc85/semi70,mbpp_plus/43,1,137,22
acc85/semi70,mbpp_plus/44,1,80,15
acc85/semi70,mbpp_plus/45,1,82,9
acc85/semi70,mbpp_plus/46,1,155,25
acc85/semi70,mbpp_plus/47,1,89,10
acc85/semi70,mbpp_plus/48,1,172,29
acc85/semi70,mbpp_plus/49,0,155,26
acc85/semi70,mbpp_plus/50,1,126,21
acc85/semi70,mbpp_plus/51,0,186,24
acc85/semi70,mbpp_plus/52,0,183,38
acc85/semi70,mbpp_plus/53,0,160,17
acc85/semi70,mbpp_plus/54,0,250,36
acc85/semi70,mbpp_plus/55,1,142,25
acc85/semi70,mbpp_plus/56,1,89,18
acc85/semi70,mbpp_plus/57,0,28,11
acc85/semi70,mbpp_plus/58,0,105,18
acc85/semi70,mbpp_plus/59,0,114,19
acc85/semi70,mbpp_plus/60,0,167,22
acc85/semi70,mbpp_plus/61,1,101,10
acc85/semi70,mbpp_plus/62,0,214,53
acc85/semi70,mbpp_plus/63,0,136,16
acc85/semi70,mbpp_plus/64,1,174,33
acc85/semi70,mbpp_plus/65,0,353,89
acc85/semi70,mbpp_plus/66,0,159,41
acc85/semi70,mbpp_plus/67,1,88,9
acc85/semi70,mbpp_plus/68,0,165,18
acc85/semi70,mbpp_plus/69,0,932,103
acc85/semi70,mbpp_plus/70,1,321,22
acc85/semi70,mbpp_plus/71,1,90,13
acc85/semi70,mbpp_plus/72,1,103,10
acc85/semi70,mbpp_plus/73,0,106,21
acc85/semi70,mbpp_plus/74,1,125,15
acc85/semi70,mbpp_plus/75,0,89,15
acc85/semi70,mbpp_plus/76,1,236,25
acc85/semi70,mbpp_plus/77,0,85,12
acc85/semi70,mbpp_plus/78,0,134,27
acc85/semi70,mbpp_plus/79,0,447,77
acc85/semi70,mbpp_plus/80,1,111,19
acc85/semi70,mbpp_plus/81,1,111,11
acc85/semi70,mbpp_plus/82,0,174,34
acc85/semi70,mbpp_plus/83,0,145,28
acc85/semi70,mbpp_plus/84,1,130,27
acc85/semi70,mbpp_plus/85,0,142,17
acc85/semi70,mbpp_plus/86,1,127,19
acc85/semi70,mbpp_plus/87,1,22,4
acc85/semi70,mbpp_plus/88,1,293,29
acc85/semi70,mbpp_plus/89,1,146,17
acc85/semi70,mbpp_plus/90,1,94,21
acc85/semi70,mbpp_plus/91,0,101,23
acc85/semi70,mbpp_plus/92,0,123,25
acc85/semi70,mbpp_plus/93,1,98,14
acc85/semi70,mbpp_plus/94,1,107,12
acc85/semi70,mbpp_plus/95,0,126,23
acc85/semi70,mbpp_plus/96,1,126,19
acc85/semi70,mbpp_plus/97,1,113,19
acc85/semi70,mbpp_plus/98,1,106,12
acc85/semi70,mbpp_plus/99,1,123,14
acc85/semi70,mbpp_plus/100,1,194,30
acc85/semi70,mbpp_plus/101,1,107,12
acc85/semi70,mbpp_plus/102,0,149,25
acc85/semi70,mbpp_plus/103,0,1370,337
acc85/semi70,mbpp_plus/104,0,276,45
acc85/semi70,mbpp_plus/105,0,95,12
acc85/semi70,mbpp_plus/106,1,23,5
acc85/semi70,mbpp_plus/107,1,103,19
acc85/semi70,mbpp_plus/108,0,155,27
acc85/semi70,mbpp_plus/109,0,180,27
acc85/semi70,mbpp_plus/110,1,143,15
acc85/semi70,mbpp_plus/111,1,208,45
acc85/semi70,mbpp_plus/112,1,203,21
acc85/semi70,mbpp_plus/113,0,226,46
acc85/semi70,mbpp_plus/114,1,148,28
acc85/semi70,mbpp_plus/115,0,168,38
acc85/semi70,mbpp_plus/116,0,370,85
acc85/semi70,mbpp_plus/117,1,168,15
acc85/semi70,mbpp_plus/118,1,99,11
acc85/semi70,mbpp_plus/119,0,71,10
acc85/semi70,mbpp_plus/120,0,195,52
acc85/semi70,mbpp_plus/121,1,103,14
acc85/semi70,mbpp_plus/122,0,164,26
acc85/semi70,mbpp_plus/123,1,268,29
acc85/semi70,mbpp_plus/124,0,89,18
acc85/semi70,mbpp_plus/125,0,142,21
acc85/semi70,mbpp_plus/126,0,253,45
acc85/semi70,mbpp_plus/127,1,105,22
acc85/semi70,mbpp_plus/128,0,165,26
acc85/semi70,mbpp_plus/129,1,123,19
acc85/semi70,mbpp_plus/130,0,164,32
acc85/semi70,mbpp_plus/131,1,97,10
acc85/semi70,mbpp_plus/132,0,22,9
acc85/semi70,mbpp_plus/133,1,88,10
acc85/semi70,mbpp_plus/134,1,77,9
acc85/semi70,mbpp_plus/135,1,303,32
acc85/semi70,mbpp_plus/136,0,234,33
acc85/semi70,mbpp_plus/137,1,77,10
acc85/semi70,mbpp_plus/138,0,94,15
acc85/semi70,mbpp_plus/139,1,116,15
acc85/semi70,mbpp_plus/140,0,182,19
acc85/semi70,mbpp_plus/141,1,89,14
acc85/semi70,mbpp_plus/142,0,243,30
acc85/semi70,mbpp_plus/143,1,134,19
acc85/semi70,mbpp_plus/144,0,81,16
acc85/semi70,mbpp_plus/145,1,170,16
acc85/semi70,mbpp_plus/146,0,100,29
acc85/semi70,mbpp_plus/147,1,107,17
acc85/semi70,mbpp_plus/148,1,139,16
acc85/semi70,mbpp_plus/149,0,137,18
acc85/semi70,mbpp_plus/150,1,289,37
acc85/semi70,mbpp_plus/151,1,112,22
acc85/semi70,mbpp_plus/152,0,208,43
acc85/semi70,mbpp_plus/153,1,170,39
acc85/semi70,mbpp_plus/154,1,103,10
acc85/semi70,mbpp_plus/155,1,116,20
acc85/semi70,mbpp_plus/156,1,107,13
acc85/semi70,mbpp_plus/157,1,96,20
acc85/semi70,mbpp_plus/158,1,127,26
acc85/semi70,mbpp_plus/159,0,481,143
acc85/semi70,mbpp_plus/160,0,115,18
acc85/semi70,mbpp_plus/161,0,312,36
acc85/semi70,mbpp_plus/162,1,120,17
acc85/semi70,mbpp_plus/163,1,166,15
acc85/semi70,mbpp_plus/164,0,305,43
acc85/semi70,mbpp_plus/165,1,101,15
acc85/semi70,mbpp_plus/166,0,22,10
acc85/semi70,mbpp_plus/167,1,166,21
acc85/semi70,mbpp_plus/168,1,98,23
acc85/semi70,mbpp_plus/169,1,150,16
acc85/semi70,mbpp_plus/170,1,79,7
acc85/semi70,mbpp_plus/171,1,96,13
acc85/semi70,mbpp_plus/172,1,110,11
acc85/semi70,mbpp_plus/173,0,160,24
acc85/semi70,mbpp_plus/174,1,103,13
acc85/semi70,mbpp_plus/175,0,140,17
acc85/semi70,mbpp_plus/176,1,225,29
acc85/semi70,mbpp_plus/177,0,81,12
acc85/semi70,mbpp_plus/178,0,177,24
acc85/semi70,mbpp_plus/179,1,133,15
acc85/semi70,mbpp_plus/180,1,96,14
acc85/semi70,mbpp_plus/181,0,194,21
acc85/semi70,mbpp_plus/182,0,138,21
acc85/semi70,mbpp_plus/183,1,126,15
acc85/semi70,mbpp_plus/184,1,85,11
acc85/semi70,mbpp_plus/185,0,125,22
acc85/semi70,mbpp_plus/186,1,17,5
acc85/semi70,mbpp_plus/187,1,111,16
acc85/semi70,mbpp_plus/188,1,120,20
acc85/semi70,mbpp_plus/189,1,86,10
acc85/semi70,mbpp_plus/190,1,199,27
acc85/semi70,mbpp_plus/191,0,175,23
acc85/semi70,mbpp_plus/192,1,88,14
acc85/semi70,mbpp_plus/193,0,231,28
acc85/semi70,mbpp_plus/194,0,198,24
acc85/semi70,mbpp_plus/195,1,117,16
acc85/semi70,mbpp_plus/196,1,124,28
acc85/semi70,mbpp_plus/197,1,123,17
acc85/semi70,mbpp_plus/198,1,97,16
acc85/semi70,mbpp_plus/199,1,157,17
acc85/semi70,mbpp_plus/200,1,16,6
acc85/semi70,mbpp_plus/201,1,142,27
acc85/semi70,mbpp_plus/202,1,147,16
acc85/semi70,mbpp_plus/203,1,73,10
acc85/semi70,mbpp_plus/204,1,106,12
acc85/semi70,mbpp_plus/205,1,133,21
acc85/semi70,mbpp_plus/206,1,153,26
acc85/semi70,mbpp_plus/207,1,114,17
acc85/semi70,mbpp_plus/208,0,210,29
acc85/semi70,mbpp_plus/209,0,286,36
acc85/semi70,mbpp_plus/210,1,127,15
acc85/semi70,mbpp_plus/211,0,170,32
acc85/semi70,mbpp_plus/212,1,94,10
acc85/semi70,mbpp_plus/213,1,184,35
acc85/semi70,mbpp_plus/214,0,279,53
acc85/semi70,mbpp_plus/215,1,260,37
acc85/semi70,mbpp_plus/216,0,135,14
acc85/semi70,mbpp_plus/217,1,155,26
acc85/semi70,mbpp_plus/218,1,70,12
acc85/semi70,mbpp_plus/219,1,214,23
acc85/semi70,mbpp_plus/220,0,218,25
acc85/semi70,mbpp_plus/221,1,126,16
acc85/semi70,mbpp_plus/222,0,108,22
acc85/semi70,mbpp_plus/223,1,178,14
acc85/semi70,mbpp_plus/224,0,244,41
acc85/semi70,mbpp_plus/225,0,3946,260
acc85/semi70,mbpp_plus/226,0,185,29
acc85/semi70,mbpp_plus/227,1,75,10
acc85/semi70,mbpp_plus/228,0,268,54
acc85/semi70,mbpp_plus/229,1,205,23
acc85/semi70,mbpp_plus/230,1,138,18
acc85/semi70,mbpp_plus/231,0,194,37
acc85/semi70,mbpp_plus/232,1,73,8
acc85/semi70,mbpp_plus/233,1,111,14
acc85/semi70,mbpp_plus/234,0,284,65
acc85/semi70,mbpp_plus/235,1,127,16
acc85/semi70,mbpp_plus/236,0,179,19
acc85/semi70,mbpp_plus/237,1,109,10
acc85/semi70,mbpp_plus/238,1,147,23
acc85/semi70,mbpp_plus/239,0,327,60
acc85/semi70,mbpp_plus/240,0,185,25
acc85/semi70,mbpp_plus/241,1,141,26
acc85/semi70,mbpp_plus/242,1,139,29
acc85/semi70,mbpp_plus/243,1,166,24
acc85/semi70,mbpp_plus/244,1,140,20
acc85/semi70,mbpp_plus/245,0,118,16
acc85/semi70,mbpp_plus/246,1,97,15
acc85/semi70,mbpp_plus/247,1,100,17
acc85/semi70,mbpp_plus/248,0,179,25
acc85/semi70,mbpp_plus/249,1,114,13
acc85/semi70,mbpp_plus/250,0,167,23
acc85/semi70,mbpp_plus/251,0,292,37
acc85/semi70,mbpp_plus/252,1,87,10
acc85/semi70,mbpp_plus/253,1,17,5
acc85/semi70,mbpp_plus/254,1,225,56
acc85/semi70,mbpp_plus/255,1,113,9
acc85/semi90,humaneval_plus/0,1,206,20
acc85/semi90,humaneval_plus/1,1,502,53
acc85/semi90,humaneval_plus/2,1,299,47
acc85/semi90,humaneval_plus/3,1,212,20
acc85/semi90,humaneval_plus/4,1,152,17
acc85/semi90,humaneval_plus/5,0,265,60
acc85/semi90,humaneval_plus/6,1,262,34
acc85/semi90,humaneval_plus/7,0,254,31
acc85/semi90,humaneval_plus/8,0,443,43
acc85/semi90,humaneval_plus/9,1,539,39
acc85/semi90,humaneval_plus/10,1,348,25
acc85/semi90,humaneval_plus/11,1,318,55
acc85/semi90,humaneval_plus/12,0,237,56
acc85/semi90,humaneval_plus/13,1,210,34
acc85/semi90,humaneval_plus/14,1,240,46
acc85/semi90,humaneval_plus/15,1,307,28
acc85/semi90,humaneval_plus/16,1,280,30
acc85/semi90,humaneval_plus/17,1,320,53
acc85/semi90,humaneval_plus/18,1,182,25
acc85/semi90,humaneval_plus/19,0,639,88
acc85/semi90,humaneval_plus/20,1,163,30
acc85/semi90,humaneval_plus/21,1,290,24
acc85/semi90,humaneval_plus/22,1,263,31
acc85/semi90,humaneval_plus/23,1,295,38
acc85/semi90,humaneval_plus/24,0,163,16
acc85/semi90,humaneval_plus/25,0,301,24
acc85/semi90,humaneval_plus/26,1,187,21
acc85/semi90,humaneval_plus/27,1,182,21
acc85/semi90,humaneval_plus/28,1,361,38
acc85/semi90,humaneval_plus/29,0,433,65
acc85/semi90,humaneval_plus/30,0,276,33
acc85/semi90,humaneval_plus/31,0,397,40
acc85/semi90,humaneval_plus/32,0,349,47
acc85/semi90,humaneval_plus/33,1,254,34
acc85/semi90,humaneval_plus/34,0,361,112
acc85/semi90,humaneval_plus/35,1,129,10
acc85/semi90,humaneval_plus/36,0,420,49
acc85/semi90,humaneval_plus/37,1,188,25
acc85/semi90,humaneval_plus/38,0,306,74
acc85/semi90,humaneval_plus/39,1,228,22
acc85/semi90,humaneval_plus/40,0,280,40
acc85/semi90,humaneval_plus/41,0,186,24
acc85/semi90,humaneval_plus/42,1,285,30
acc85/semi90,humaneval_plus/43,0,240,30
acc85/semi90,humaneval_plus/44,1,226,53
acc85/semi90,humaneval_plus/45,1,182,21
acc85/semi90,humaneval_plus/46,1,97,8
acc85/semi90,humaneval_plus/47,0,193,34
acc85/semi90,humaneval_plus/48,1,434,41
acc85/semi90,humaneval_plus/49,0,251,22
acc85/semi90,humaneval_plus/50,0,196,36
acc85/semi90,humaneval_plus/51,1,283,61
acc85/semi90,humaneval_plus/52,0,180,45
acc85/semi90,humaneval_plus/53,0,281,36
acc85/semi90,humaneval_plus/54,0,299,26
acc85/semi90,humaneval_plus/55,0,417,49
acc85/semi90,humaneval_plus/56,1,166,27
acc85/semi90,humaneval_plus/57,1,93,12
acc85/semi90,humaneval_plus/58,1,202,13
acc85/semi90,humaneval_plus/59,1,213,18
acc85/semi90,humaneval_plus/60,1,109,19
acc85/semi90,humaneval_plus/61,0,213,31
acc85/semi90,humaneval_plus/62,0,264,37
acc85/semi90,humaneval_plus/63,1,187,24
acc85/semi90,humaneval_plus/64,1,330,24
acc85/semi90,humaneval_plus/65,0,199,23
acc85/semi90,humaneval_plus/66,1,219,23
acc85/semi90,humaneval_plus/67,1,405,46
acc85/semi90,humaneval_plus/68,0,134,16
acc85/semi90,humaneval_plus/69,0,211,39
acc85/semi90,humaneval_plus/70,0,225,26
acc85/semi90,humaneval_plus/71,1,144,14
acc85/semi90,humaneval_plus/72,0,201,23
acc85/semi90,humaneval_plus/73,1,205,33
acc85/semi90,humaneval_plus/74,1,167,21
acc85/semi90,humaneval_plus/75,1,491,43
acc85/semi90,humaneval_plus/76,1,104,14
acc85/semi90,humaneval_plus/77,1,307,26
acc85/semi90,humaneval_plus/78,0,263,29
acc85/semi90,humaneval_plus/79,0,114,8
acc85/semi90,humaneval_plus/80,1,58,7
acc85/semi90,humaneval_plus/81,1,119,15
acc85/semi90,humaneval_plus/82,1,225,20
acc85/semi90,humaneval_plus/83,1,174,12
acc85/semi90,humaneval_plus/84,1,105,8
acc85/semi90,humaneval_plus/85,1,76,6
acc85/semi90,humaneval_plus/86,1,110,8
acc85/semi90,humaneval_plus/87,1,159,12
acc85/semi90,humaneval_plus/88,1,143,11
acc85/semi90,humaneval_plus/89,1,245,17
acc85/semi90,humaneval_plus/90,0,3750,729
acc85/semi90,humaneval_plus/91,1,299,28
acc85/semi90,humaneval_plus/92,0,77,9
acc85/semi90,humaneval_plus/93,1,144,12
acc85/semi90,humaneval_plus/94,1,157,14
acc85/semi90,humaneval_plus/95,1,252,28
acc85/semi90,humaneval_plus/96,0,285,20
acc85/semi90,humaneval_plus/97,1,258,18
acc85/semi90,humaneval_plus/98,0,221,28
acc85/semi90,humaneval_plus/99,1,366,70
acc85/semi90,humaneval_plus/100,0,200,42
acc85/semi90,humaneval_plus/101,1,133,7
acc85/semi90,humaneval_plus/102,1,254,25
acc85/semi90,humaneval_plus/103,1,159,11
acc85/semi90,humaneval_plus/104,1,60,7
acc85/semi90,humaneval_plus/105,1,324,27
acc85/semi90,humaneval_plus/106,1,205,17
acc85/semi90,humaneval_plus/107,1,109,8
acc85/semi90,humaneval_plus/108,0,209,17
acc85/semi90,humaneval_plus/109,1,336,25
acc85/semi90,humaneval_plus/110,1,137,10
acc85/semi90,humaneval_plus/111,1,179,10
acc85/semi90,humaneval_plus/112,1,110,7
acc85/semi90,humaneval_plus/113,1,63,4
acc85/semi90,humaneval_plus/114,0,155,11
acc85/semi90,humaneval_plus/115,1,130,10
acc85/semi90,humaneval_plus/116,0,184,21
acc85/semi90,humaneval_plus/117,1,189,15
acc85/semi90,humaneval_plus/118,1,200,15
acc85/semi90,humaneval_plus/119,1,212,13
acc85/semi90,humaneval_plus/120,1,469,39
acc85/semi90,humaneval_plus/121,1,125,7
acc85/semi90,humaneval_plus/122,1,184,19
acc85/semi90,humaneval_plus/123,1,169,13
acc85/semi90,humaneval_plus/124,1,273,30
acc85/semi90,humaneval_plus/125,1,221,23
acc85/semi90,humaneval_plus/126,1,200,34
acc85/semi90,humaneval_plus/127,1,155,12
acc85/semi90,humaneval_plus/128,0,229,46
acc85/semi90,humaneval_plus/129,0,427,40
acc85/semi90,humaneval_plus/130,1,260,23
acc85/semi90,humaneval_plus/131,1,118,11
acc85/semi90,humaneval_plus/132,1,568,54
acc85/semi90,humaneval_plus/133,1,293,39
acc85/semi90,humaneval_plus/134,1,165,42
acc85/semi90,humaneval_plus/135,1,227,22
acc85/semi90,humaneval_plus/136,1,297,22
acc85/semi90,humaneval_plus/137,1,331,39
acc85/semi90,humaneval_plus/138,0,342,91
acc85/semi90,humaneval_plus/139,1,529,91
acc85/semi90,humaneval_plus/140,0,143,32
acc85/semi90,humaneval_plus/141,1,153,29
acc85/semi90,humaneval_plus/142,1,177,14
acc85/semi90,humaneval_plus/143,1,437,42
acc85/semi90,humaneval_plus/144,1,749,56
acc85/semi90,humaneval_plus/145,0,178,13
acc85/semi90,humaneval_plus/146,0,368,79
acc85/semi90,humaneval_plus/147,0,230,20
acc85/semi90,humaneval_plus/148,1,134,17
acc85/semi90,humaneval_plus/149,1,224,23
acc85/semi90,humaneval_plus/150,0,402,45
acc85/semi90,humaneval_plus/151,1,356,33
acc85/semi90,humaneval_plus/152,0,641,73
acc85/semi90,humaneval_plus/153,1,168,13
acc85/semi90,humaneval_plus/154,1,231,30
acc85/semi90,humaneval_plus/155,0,253,36
acc85/semi90,humaneval_plus/156,0,220,20
acc85/semi90,humaneval_plus/157,0,284,54
acc85/semi90,humaneval_plus/158,0,177,18
acc85/semi90,humaneval_plus/159,1,181,24
acc85/semi90,humaneval_plus/160,1,1360,95
acc85/semi90,humaneval_plus/161,1,187,20
acc85/semi90,humaneval_plus/162,0,142,19
acc85/semi90,humaneval_plus/163,0,316,42
acc85/semi90,mbpp_plus/0,0,142,18
acc85/semi90,mbpp_plus/1,1,90,18
acc85/semi90,mbpp_plus/2,0,139,25
acc85/semi90,mbpp_plus/3,0,377,73
acc85/semi90,mbpp_plus/4,1,104,17
acc85/semi90,mbpp_plus/5,1,69,13
acc85/semi90,mbpp_plus/6,1,80,17
acc85/semi90,mbpp_plus/7,1,117,15
acc85/semi90,mbpp_plus/8,0,213,53
acc85/semi90,mbpp_plus/9,0,403,49
acc85/semi90,mbpp_plus/10,0,142,20
acc85/semi90,mbpp_plus/11,0,90,17
acc85/semi90,mbpp_plus/12,0,129,22
acc85/semi90,mbpp_plus/13,1,75,16
acc85/semi90,mbpp_plus/14,0,430,84
acc85/semi90,mbpp_plus/15,1,82,11
acc85/semi90,mbpp_plus/16,0,278,40
acc85/semi90,mbpp_plus/17,1,336,67
acc85/semi90,mbpp_plus/18,0,101,10
acc85/semi90,mbpp_plus/19,1,214,34
acc85/semi90,mbpp_plus/20,1,199,21
acc85/semi90,mbpp_plus/21,1,19,3
acc85/semi90,mbpp_plus/22,1,130,17
acc85/semi90,mbpp_plus/23,1,371,41
acc85/semi90,mbpp_plus/24,1,153,19
acc85/semi90,mbpp_plus/25,1,286,25
acc85/semi90,mbpp_plus/26,1,122,16
acc85/semi90,mbpp_plus/27,1,149,12
acc85/semi90,mbpp_plus/28,1,121,14
acc85/semi90,mbpp_plus/29,0,165,22
acc85/semi90,mbpp_plus/30,0,216,45
acc85/semi90,mbpp_plus/31,1,79,6
acc85/semi90,mbpp_plus/32,0,284,38
acc85/semi90,mbpp_plus/33,1,108,15
acc85/semi90,mbpp_plus/34,1,306,46
acc85/semi90,mbpp_plus/35,0,135,16
acc85/semi90,mbpp_plus/36,0,124,25
acc85/semi90,mbpp_plus/37,0,158,34
acc85/semi90,mbpp_plus/38,0,572,70
acc85/semi90,mbpp_plus/39,0,224,29
acc85/semi90,mbpp_plus/40,1,141,23
acc85/semi90,mbpp_plus/41,1,229,51
acc85/semi90,mbpp_plus/42,1,170,21
acc85/semi90,mbpp_plus/43,1,109,10
acc85/semi90,mbpp_plus/44,1,78,16
acc85/semi90,mbpp_plus/45,1,82,9
acc85/semi90,mbpp_plus/46,1,161,26
acc85/semi90,mbpp_plus/47,1,89,10
acc85/semi90,mbpp_plus/48,1,184,26
acc85/semi90,mbpp_plus/49,0,156,25
acc85/semi90,mbpp_plus/50,0,126,21
acc85/semi90,mbpp_plus/51,0,175,23
acc85/semi90,mbpp_plus/52,1,193,31
acc85/semi90,mbpp_plus/53,0,153,16
acc85/semi90,mbpp_plus/54,0,352,38
acc85/semi90,mbpp_plus/55,1,142,23
acc85/semi90,mbpp_plus/56,1,107,21
acc85/semi90,mbpp_plus/57,1,27,6
acc85/semi90,mbpp_plus/58,1,110,14
acc85/semi90,mbpp_plus/59,0,119,20
acc85/semi90,mbpp_plus/60,1,304,33
acc85/semi90,mbpp_plus/61,1,101,10
acc85/semi90,mbpp_plus/62,0,294,73
acc85/semi90,mbpp_plus/63,0,136,16
acc85/semi90,mbpp_plus/64,1,174,34
acc85/semi90,mbpp_plus/65,0,316,83
acc85/semi90,mbpp_plus/66,1,158,37
acc85/semi90,mbpp_plus/67,1,88,9
acc85/semi90,mbpp_plus/68,0,168,20
acc85/semi90,mbpp_plus/69,1,953,76
acc85/semi90,mbpp_plus/70,1,321,22
acc85/semi90,mbpp_plus/71,1,89,15
acc85/semi90,mbpp_plus/72,1,103,12
acc85/semi90,mbpp_plus/73,0,126,25
acc85/semi90,mbpp_plus/74,1,125,15
acc85/semi90,mbpp_plus/75,0,90,16
acc85/semi90,mbpp_plus/76,1,233,29
acc85/semi90,mbpp_plus/77,0,85,14
acc85/semi90,mbpp_plus/78,1,328,56
acc85/semi90,mbpp_plus/79,0,550,123
acc85/semi90,mbpp_plus/80,1,111,25
acc85/semi90,mbpp_plus/81,1,114,17
acc85/semi90,mbpp_plus/82,0,152,29
acc85/semi90,mbpp_plus/83,0,154,32
acc85/semi90,mbpp_plus/84,1,128,28
acc85/semi90,mbpp_plus/85,0,149,18
acc85/semi90,mbpp_plus/86,1,127,20
acc85/semi90,mbpp_plus/87,1,22,4
acc85/semi90,mbpp_plus/88,0,177,26
acc85/semi90,mbpp_plus/89,1,146,18
acc85/semi90,mbpp_plus/90,1,89,9
acc85/semi90,mbpp_plus/91,0,100,24
acc85/semi90,mbpp_plus/92,0,175,35
acc85/semi90,mbpp_plus/93,1,98,13
acc85/semi90,mbpp_plus/94,1,104,12
acc85/semi90,mbpp_plus/95,0,127,21
acc85/semi90,mbpp_plus/96,1,126,17
acc85/semi90,mbpp_plus/97,1,113,20
acc85/semi90,mbpp_plus/98,1,125,14
acc85/semi90,mbpp_plus/99,1,129,16
acc85/semi90,mbpp_plus/100,1,392,49
acc85/semi90,mbpp_plus/101,1,107,13
acc85/semi90,mbpp_plus/102,0,135,21
acc85/semi90,mbpp_plus/103,0,626,148
acc85/semi90,mbpp_plus/104,0,3984,367
acc85/semi90,mbpp_plus/105,0,95,11
acc85/semi90,mbpp_plus/106,1,23,5
acc85/semi90,mbpp_plus/107,1,100,16
acc85/semi90,mbpp_plus/108,0,108,18
acc85/semi90,mbpp_plus/109,1,189,25
acc85/semi90,mbpp_plus/110,1,143,15
acc85/semi90,mbpp_plus/111,1,206,35
acc85/semi90,mbpp_plus/112,1,203,20
acc85/semi90,mbpp_plus/113,0,235,49
acc85/semi90,mbpp_plus/114,1,155,29
acc85/semi90,mbpp_plus/115,0,128,31
acc85/semi90,mbpp_plus/116,0,3900,460
acc85/semi90,mbpp_plus/117,1,353,30
acc85/semi90,mbpp_plus/118,1,99,11
acc85/semi90,mbpp_plus/119,0,71,11
acc85/semi90,mbpp_plus/120,0,182,38
acc85/semi90,mbpp_plus/121,1,153,21
acc85/semi90,mbpp_plus/122,0,163,22
acc85/semi90,mbpp_plus/123,1,439,45
acc85/semi90,mbpp_plus/124,0,89,18
acc85/semi90,mbpp_plus/125,0,150,31
acc85/semi90,mbpp_plus/126,0,251,50
acc85/semi90,mbpp_plus/127,1,105,21
acc85/semi90,mbpp_plus/128,0,201,32
acc85/semi90,mbpp_plus/129,0,123,21
acc85/semi90,mbpp_plus/130,0,171,29
acc85/semi90,mbpp_plus/131,1,97,10
acc85/semi90,mbpp_plus/132,0,22,8
acc85/semi90,mbpp_plus/133,1,88,10
acc85/semi90,mbpp_plus/134,1,77,9
acc85/semi90,mbpp_plus/135,1,129,21
acc85/semi90,mbpp_plus/136,0,110,21
acc85/semi90,mbpp_plus/137,1,77,11
acc85/semi90,mbpp_plus/138,0,94,13
acc85/semi90,mbpp_plus/139,1,116,14
acc85/semi90,mbpp_plus/140,0,212,19
acc85/semi90,mbpp_plus/141,1,89,16
acc85/semi90,mbpp_plus/142,0,237,29
acc85/semi90,mbpp_plus/143,1,134,18
acc85/semi90,mbpp_plus/144,1,83,16
acc85/semi90,mbpp_plus/145,1,170,15
acc85/semi90,mbpp_plus/146,0,98,22
acc85/semi90,mbpp_plus/147,1,116,14
acc85/semi90,mbpp_plus/148,1,80,15
acc85/semi90,mbpp_plus/149,1,138,21
acc85/semi90,mbpp_plus/150,0,602,66
acc85/semi90,mbpp_plus/151,1,112,23
acc85/semi90,mbpp_plus/152,0,2111,495
acc85/semi90,mbpp_plus/153,1,169,34
acc85/semi90,mbpp_plus/154,1,103,9
acc85/semi90,mbpp_plus/155,1,116,20
acc85/semi90,mbpp_plus/156,1,107,15
acc85/semi90,mbpp_plus/157,0,91,21
acc85/semi90,mbpp_plus/158,1,140,20
acc85/semi90,mbpp_plus/159,1,268,78
acc85/semi90,mbpp_plus/160,0,116,17
acc85/semi90,mbpp_plus/161,0,150,22
acc85/semi90,mbpp_plus/162,1,113,19
acc85/semi90,mbpp_plus/163,1,166,15
acc85/semi90,mbpp_plus/164,0,301,45
acc85/semi90,mbpp_plus/165,1,100,13
acc85/semi90,mbpp_plus/166,0,22,10
acc85/semi90,mbpp_plus/167,1,166,22
acc85/semi90,mbpp_plus/168,0,133,32
acc85/semi90,mbpp_plus/169,0,167,19
acc85/semi90,mbpp_plus/170,1,79,7
acc85/semi90,mbpp_plus/171,1,96,14
acc85/semi90,mbpp_plus/172,1,110,10
acc85/semi90,mbpp_plus/173,0,160,26
acc85/semi90,mbpp_plus/174,1,107,17
acc85/semi90,mbpp_plus/175,0,139,17
acc85/semi90,mbpp_plus/176,0,225,29
acc85/semi90,mbpp_plus/177,0,81,12
acc85/semi90,mbpp_plus/178,0,177,25
acc85/semi90,mbpp_plus/179,1,134,16
acc85/semi90,mbpp_plus/180,0,95,14
acc85/semi90,mbpp_plus/181,1,194,20
acc85/semi90,mbpp_plus/182,0,137,25
acc85/semi90,mbpp_plus/183,1,126,15
acc85/semi90,mbpp_plus/184,1,85,13
acc85/semi90,mbpp_plus/185,0,125,22
acc85/semi90,mbpp_plus/186,1,17,5
acc85/semi90,mbpp_plus/187,1,110,15
acc85/semi90,mbpp_plus/188,1,122,18
acc85/semi90,mbpp_plus/189,1,86,10
acc85/semi90,mbpp_plus/190,1,197,26
acc85/semi90,mbpp_plus/191,1,148,16
acc85/semi90,mbpp_plus/192,1,90,14
acc85/semi90,mbpp_plus/193,0,211,27
acc85/semi90,mbpp_plus/194,0,206,29
acc85/semi90,mbpp_plus/195,1,117,17
acc85/semi90,mbpp_plus/196,1,199,31
acc85/semi90,mbpp_plus/197,1,124,17
acc85/semi90,mbpp_plus/198,1,130,18
acc85/semi90,mbpp_plus/199,1,120,13
acc85/semi90,mbpp_plus/200,1,16,5
acc85/semi90,mbpp_plus/201,1,142,29
acc85/semi90,mbpp_plus/202,1,147,16
acc85/semi90,mbpp_plus/203,1,73,10
acc85/semi90,mbpp_plus/204,1,106,11
acc85/semi90,mbpp_plus/205,1,130,19
acc85/semi90,mbpp_plus/206,1,152,23
acc85/semi90,mbpp_plus/207,1,171,21
acc85/semi90,mbpp_plus/208,0,210,33
acc85/semi90,mbpp_plus/209,0,183,36
acc85/semi90,mbpp_plus/210,1,132,13
acc85/semi90,mbpp_plus/211,0,166,32
acc85/semi90,mbpp_plus/212,1,94,10
acc85/semi90,mbpp_plus/213,1,185,38
acc85/semi90,mbpp_plus/214,0,309,67
acc85/semi90,mbpp_plus/215,1,258,38
acc85/semi90,mbpp_plus/216,1,129,16
acc85/semi90,mbpp_plus/217,1,132,22
acc85/semi90,mbpp_plus/218,0,70,11
acc85/semi90,mbpp_plus/219,1,111,21
acc85/semi90,mbpp_plus/220,0,215,24
acc85/semi90,mbpp_plus/221,1,126,17
acc85/semi90,mbpp_plus/222,0,108,22
acc85/semi90,mbpp_plus/223,0,179,18
acc85/semi90,mbpp_plus/224,0,395,65
acc85/semi90,mbpp_plus/225,1,220,34
acc85/semi90,mbpp_plus/226,0,187,28
acc85/semi90,mbpp_plus/227,1,75,9
acc85/semi90,mbpp_plus/228,0,307,46
acc85/semi90,mbpp_plus/229,1,206,25
acc85/semi90,mbpp_plus/230,1,167,20
acc85/semi90,mbpp_plus/231,1,199,51
acc85/semi90,mbpp_plus/232,1,75,9
acc85/semi90,mbpp_plus/233,1,111,14
acc85/semi90,mbpp_plus/234,0,506,180
acc85/semi90,mbpp_plus/235,1,126,18
acc85/semi90,mbpp_plus/236,1,180,16
acc85/semi90,mbpp_plus/237,1,72,10
acc85/semi90,mbpp_plus/238,1,195,34
acc85/semi90,mbpp_plus/239,1,265,61
acc85/semi90,mbpp_plus/240,0,185,25
acc85/semi90,mbpp_plus/241,1,141,27
acc85/semi90,mbpp_plus/242,0,135,30
acc85/semi90,mbpp_plus/243,1,166,23
acc85/semi90,mbpp_plus/244,1,142,21
acc85/semi90,mbpp_plus/245,0,151,21
acc85/semi90,mbpp_plus/246,1,97,19
acc85/semi90,mbpp_plus/247,1,100,13
acc85/semi90,mbpp_plus/248,1,179,24
acc85/semi90,mbpp_plus/249,1,114,13
acc85/semi90,mbpp_plus/250,0,167,25
acc85/semi90,mbpp_plus/251,0,303,40
acc85/semi90,mbpp_plus/252,1,88,9
acc85/semi90,mbpp_plus/253,1,17,5
acc85/semi90,mbpp_plus/254,1,220,49
acc85/semi90,mbpp_plus/255,1,113,10
acc90/semi70,humaneval_plus/0,1,206,21
acc90/semi70,humaneval_plus/1,1,238,34
acc90/semi70,humaneval_plus/2,1,280,52
acc90/semi70,humaneval_plus/3,1,213,22
acc90/semi70,humaneval_plus/4,1,152,19
acc90/semi70,humaneval_plus/5,0,201,28
acc90/semi70,humaneval_plus/6,1,531,57
acc90/semi70,humaneval_plus/7,1,259,29
acc90/semi70,humaneval_plus/8,0,301,40
acc90/semi70,humaneval_plus/9,1,539,48
acc90/semi70,humaneval_plus/10,1,346,28
acc90/semi70,humaneval_plus/11,1,287,48
acc90/semi70,humaneval_plus/12,1,258,57
acc90/semi70,humaneval_plus/13,0,218,37
acc90/semi70,humaneval_plus/14,0,223,49
acc90/semi70,humaneval_plus/15,1,634,57
acc90/semi70,humaneval_plus/16,1,279,33
acc90/semi70,humaneval_plus/17,0,295,41
acc90/semi70,humaneval_plus/18,1,182,26
acc90/semi70,humaneval_plus/19,1,275,58
acc90/semi70,humaneval_plus/20,1,337,64
acc90/semi70,humaneval_plus/21,1,291,26
acc90/semi70,humaneval_plus/22,1,285,43
acc90/semi70,humaneval_plus/23,1,305,39
acc90/semi70,humaneval_plus/24,0,163,19
acc90/semi70,humaneval_plus/25,1,292,26
acc90/semi70,humaneval_plus/26,1,186,24
acc90/semi70,humaneval_plus/27,1,183,19
acc90/semi70,humaneval_plus/28,0,356,37
acc90/semi70,humaneval_plus/29,0,512,99
acc90/semi70,humaneval_plus/30,1,569,67
acc90/semi70,humaneval_plus/31,1,382,49
acc90/semi70,humaneval_plus/32,1,367,56
acc90/semi70,humaneval_plus/33,1,230,38
acc90/semi70,humaneval_plus/34,0,512,128
acc90/semi70,humaneval_plus/35,1,129,11
acc90/semi70,humaneval_plus/36,0,396,52
acc90/semi70,humaneval_plus/37,0,173,24
acc90/semi70,humaneval_plus/38,0,299,75
acc90/semi70,humaneval_plus/39,1,227,24
acc90/semi70,humaneval_plus/40,0,262,42
acc90/semi70,humaneval_plus/41,0,189,25
acc90/semi70,humaneval_plus/42,1,279,33
acc90/semi70,humaneval_plus/43,0,240,25
acc90/semi70,humaneval_plus/44,1,311,83
acc90/semi70,humaneval_plus/45,1,185,21
acc90/semi70,humaneval_plus/46,1,98,9
acc90/semi70,humaneval_plus/47,0,206,39
acc90/semi70,humaneval_plus/48,0,442,57
acc90/semi70,humaneval_plus/49,0,252,25
acc90/semi70,humaneval_plus/50,0,248,49
acc90/semi70,humaneval_plus/51,1,300,68
acc90/semi70,humaneval_plus/52,0,483,86
acc90/semi70,humaneval_plus/53,1,297,34
acc90/semi70,humaneval_plus/54,0,299,28
acc90/semi70,humaneval_plus/55,0,418,50
acc90/semi70,humaneval_plus/56,1,269,31
acc90/semi70,humaneval_plus/57,1,92,8
acc90/semi70,humaneval_plus/58,1,202,13
acc90/semi70,humaneval_plus/59,0,209,20
acc90/semi70,humaneval_plus/60,1,224,34
acc90/semi70,humaneval_plus/61,1,454,60
acc90/semi70,humaneval_plus/62,1,263,59
acc90/semi70,humaneval_plus/63,1,205,26
acc90/semi70,humaneval_plus/64,1,327,27
acc90/semi70,humaneval_plus/65,0,199,29
acc90/semi70,humaneval_plus/66,1,216,25
acc90/semi70,humaneval_plus/67,1,386,40
acc90/semi70,humaneval_plus/68,0,132,19
acc90/semi70,humaneval_plus/69,0,207,32
acc90/semi70,humaneval_plus/70,1,262,29
acc90/semi70,humaneval_plus/71,1,137,19
acc90/semi70,humaneval_plus/72,0,200,26
acc90/semi70,humaneval_plus/73,1,259,28
acc90/semi70,humaneval_plus/74,1,166,23
acc90/semi70,humaneval_plus/75,0,234,35
acc90/semi70,humaneval_plus/76,1,105,16
acc90/semi70,humaneval_plus/77,1,316,33
acc90/semi70,humaneval_plus/78,0,263,32
acc90/semi70,humaneval_plus/79,1,121,10
acc90/semi70,humaneval_plus/80,1,58,7
acc90/semi70,humaneval_plus/81,1,119,16
acc90/semi70,humaneval_plus/82,1,224,21
acc90/semi70,humaneval_plus/83,1,175,14
acc90/semi70,humaneval_plus/84,1,105,9
acc90/semi70,humaneval_plus/85,1,76,6
acc90/semi70,humaneval_plus/86,1,110,9
acc90/semi70,humaneval_plus/87,1,159,14
acc90/semi70,humaneval_plus/88,1,143,10
acc90/semi70,humaneval_plus/89,1,249,17
acc90/semi70,humaneval_plus/90,0,973,229
acc90/semi70,humaneval_plus/91,0,276,28
acc90/semi70,humaneval_plus/92,1,88,11
acc90/semi70,humaneval_plus/93,1,144,13
acc90/semi70,humaneval_plus/94,1,157,15
acc90/semi70,humaneval_plus/95,0,233,23
acc90/semi70,humaneval_plus/96,0,386,66
acc90/semi70,humaneval_plus/97,1,263,20
acc90/semi70,humaneval_plus/98,0,220,29
acc90/semi70,humaneval_plus/99,1,276,22
acc90/semi70,humaneval_plus/100,1,204,36
acc90/semi70,humaneval_plus/101,1,133,7
acc90/semi70,humaneval_plus/102,1,254,25
acc90/semi70,humaneval_plus/103,1,159,11
acc90/semi70,humaneval_plus/104,1,60,7
acc90/semi70,humaneval_plus/105,1,325,32
acc90/semi70,humaneval_plus/106,0,204,20
acc90/semi70,humaneval_plus/107,1,109,8
acc90/semi70,humaneval_plus/108,0,432,39
acc90/semi70,humaneval_plus/109,1,165,14
acc90/semi70,humaneval_plus/110,0,138,10
acc90/semi70,humaneval_plus/111,1,179,10
acc90/semi70,humaneval_plus/112,1,110,7
acc90/semi70,humaneval_plus/113,1,63,5
acc90/semi70,humaneval_plus/114,0,155,11
acc90/semi70,humaneval_plus/115,1,130,11
acc90/semi70,humaneval_plus/116,0,186,23
acc90/semi70,humaneval_plus/117,1,391,35
acc90/semi70,humaneval_plus/118,1,420,36
acc90/semi70,humaneval_plus/119,1,212,14
acc90/semi70,humaneval_plus/120,1,465,36
acc90/semi70,humaneval_plus/121,1,125,10
acc90/semi70,humaneval_plus/122,1,184,20
acc90/semi70,humaneval_plus/123,1,168,13
acc90/semi70,humaneval_plus/124,1,268,35
acc90/semi70,humaneval_plus/125,1,216,27
acc90/semi70,humaneval_plus/126,1,197,34
acc90/semi70,humaneval_plus/127,1,155,17
acc90/semi70,humaneval_plus/128,0,350,61
acc90/semi70,humaneval_plus/129,1,452,60
acc90/semi70,humaneval_plus/130,1,260,28
acc90/semi70,humaneval_plus/131,1,118,11
acc90/semi70,humaneval_plus/132,0,267,24
acc90/semi70,humaneval_plus/133,1,292,40
acc90/semi70,humaneval_plus/134,1,170,43
acc90/semi70,humaneval_plus/135,1,240,26
acc90/semi70,humaneval_plus/136,1,296,23
acc90/semi70,humaneval_plus/137,1,290,30
acc90/semi70,humaneval_plus/138,0,258,44
acc90/semi70,humaneval_plus/139,0,268,51
acc90/semi70,humaneval_plus/140,1,178,35
acc90/semi70,humaneval_plus/141,1,150,28
acc90/semi70,humaneval_plus/142,1,178,13
acc90/semi70,humaneval_plus/143,1,440,41
acc90/semi70,humaneval_plus/144,1,720,55
acc90/semi70,humaneval_plus/145,0,178,15
acc90/semi70,humaneval_plus/146,0,304,80
acc90/semi70,humaneval_plus/147,0,228,23
acc90/semi70,humaneval_plus/148,1,134,18
acc90/semi70,humaneval_plus/149,0,227,30
acc90/semi70,humaneval_plus/150,0,401,44
acc90/semi70,humaneval_plus/151,1,717,74
acc90/semi70,humaneval_plus/152,0,263,45
acc90/semi70,humaneval_plus/153,1,168,14
acc90/semi70,humaneval_plus/154,1,230,22
acc90/semi70,humaneval_plus/155,0,236,30
acc90/semi70,humaneval_plus/156,1,220,19
acc90/semi70,humaneval_plus/157,0,253,44
acc90/semi70,humaneval_plus/158,0,171,15
acc90/semi70,humaneval_plus/159,0,298,35
acc90/semi70,humaneval_plus/160,1,298,27
acc90/semi70,humaneval_plus/161,1,188,18
acc90/semi70,humaneval_plus/162,0,142,20
acc90/semi70,humaneval_plus/163,0,710,87
acc90/semi70,mbpp_plus/0,1,140,17
acc90/semi70,mbpp_plus/1,1,88,16
acc90/semi70,mbpp_plus/2,0,136,27
acc90/semi70,mbpp_plus/3,0,401,89
acc90/semi70,mbpp_plus/4,1,104,19
acc90/semi70,mbpp_plus/5,1,70,13
acc90/semi70,mbpp_plus/6,1,84,18
acc90/semi70,mbpp_plus/7,1,118,18
acc90/semi70,mbpp_plus/8,0,494,73
acc90/semi70,mbpp_plus/9,0,197,30
acc90/semi70,mbpp_plus/10,0,141,26
acc90/semi70,mbpp_plus/11,0,104,13
acc90/semi70,mbpp_plus/12,0,103,25
acc90/semi70,mbpp_plus/13,1,75,17
acc90/semi70,mbpp_plus/14,0,320,51
acc90/semi70,mbpp_plus/15,1,82,13
acc90/semi70,mbpp_plus/16,1,159,29
acc90/semi70,mbpp_plus/17,1,568,93
acc90/semi70,mbpp_plus/18,0,95,13
acc90/semi70,mbpp_plus/19,1,214,37
acc90/semi70,mbpp_plus/20,1,203,30
acc90/semi70,mbpp_plus/21,1,19,3
acc90/semi70,mbpp_plus/22,1,159,21
acc90/semi70,mbpp_plus/23,1,356,42
acc90/semi70,mbpp_plus/24,1,153,18
acc90/semi70,mbpp_plus/25,1,287,30
acc90/semi70,mbpp_plus/26,1,122,20
acc90/semi70,mbpp_plus/27,1,149,12
acc90/semi70,mbpp_plus/28,1,120,16
acc90/semi70,mbpp_plus/29,0,165,22
acc90/semi70,mbpp_plus/30,0,193,49
acc90/semi70,mbpp_plus/31,1,79,6
acc90/semi70,mbpp_plus/32,0,173,34
acc90/semi70,mbpp_plus/33,1,109,18
acc90/semi70,mbpp_plus/34,0,614,72
acc90/semi70,mbpp_plus/35,1,153,22
acc90/semi70,mbpp_plus/36,1,135,21
acc90/semi70,mbpp_plus/37,0,160,40
acc90/semi70,mbpp_plus/38,0,569,66
acc90/semi70,mbpp_plus/39,0,226,32
acc90/semi70,mbpp_plus/40,1,175,26
acc90/semi70,mbpp_plus/41,0,204,58
acc90/semi70,mbpp_plus/42,1,171,19
acc90/semi70,mbpp_plus/43,1,109,13
acc90/semi70,mbpp_plus/44,1,78,18
acc90/semi70,mbpp_plus/45,1,82,9
acc90/semi70,mbpp_plus/46,0,103,20
acc90/semi70,mbpp_plus/47,1,89,11
acc90/semi70,mbpp_plus/48,1,288,42
acc90/semi70,mbpp_plus/49,0,172,37
acc90/semi70,mbpp_plus/50,1,136,21
acc90/semi70,mbpp_plus/51,0,170,35
acc90/semi70,mbpp_plus/52,1,189,38
acc90/semi70,mbpp_plus/53,0,191,23
acc90/semi70,mbpp_plus/54,0,262,39
acc90/semi70,mbpp_plus/55,1,142,26
acc90/semi70,mbpp_plus/56,1,89,20
acc90/semi70,mbpp_plus/57,0,28,12
acc90/semi70,mbpp_plus/58,0,110,20
acc90/semi70,mbpp_plus/59,0,114,22
acc90/semi70,mbpp_plus/60,1,312,42
acc90/semi70,mbpp_plus/61,1,101,11
acc90/semi70,mbpp_plus/62,0,224,69
acc90/semi70,mbpp_plus/63,0,292,37
acc90/semi70,mbpp_plus/64,1,138,31
acc90/semi70,mbpp_plus/65,0,685,96
acc90/semi70,mbpp_plus/66,0,158,47
acc90/semi70,mbpp_plus/67,1,88,11
acc90/semi70,mbpp_plus/68,0,166,23
acc90/semi70,mbpp_plus/69,0,441,57
acc90/semi70,mbpp_plus/70,1,321,27
acc90/semi70,mbpp_plus/71,1,90,17
acc90/semi70,mbpp_plus/72,1,103,11
acc90/semi70,mbpp_plus/73,0,106,24
acc90/semi70,mbpp_plus/74,1,125,16
acc90/semi70,mbpp_plus/75,0,89,22
acc90/semi70,mbpp_plus/76,1,238,26
acc90/semi70,mbpp_plus/77,0,21,6
acc90/semi70,mbpp_plus/78,0,146,30
acc90/semi70,mbpp_plus/79,0,813,114
acc90/semi70,mbpp_plus/80,1,107,23
acc90/semi70,mbpp_plus/81,1,113,14
acc90/semi70,mbpp_plus/82,0,156,37
acc90/semi70,mbpp_plus/83,1,367,58
acc90/semi70,mbpp_plus/84,1,153,36
acc90/semi70,mbpp_plus/85,0,142,17
acc90/semi70,mbpp_plus/86,1,129,18
acc90/semi70,mbpp_plus/87,1,22,4
acc90/semi70,mbpp_plus/88,1,178,24
acc90/semi70,mbpp_plus/89,1,124,16
acc90/semi70,mbpp_plus/90,1,85,10
acc90/semi70,mbpp_plus/91,0,106,24
acc90/semi70,mbpp_plus/92,0,134,31
acc90/semi70,mbpp_plus/93,1,98,14
acc90/semi70,mbpp_plus/94,1,107,13
acc90/semi70,mbpp_plus/95,0,127,27
acc90/semi70,mbpp_plus/96,1,122,19
acc90/semi70,mbpp_plus/97,1,131,29
acc90/semi70,mbpp_plus/98,1,106,13
acc90/semi70,mbpp_plus/99,1,130,16
acc90/semi70,mbpp_plus/100,1,196,36
acc90/semi70,mbpp_plus/101,1,108,14
acc90/semi70,mbpp_plus/102,1,116,19
acc90/semi70,mbpp_plus/103,0,738,165
acc90/semi70,mbpp_plus/104,0,253,48
acc90/semi70,mbpp_plus/105,0,96,14
acc90/semi70,mbpp_plus/106,1,23,5
acc90/semi70,mbpp_plus/107,1,103,21
acc90/semi70,mbpp_plus/108,0,160,32
acc90/semi70,mbpp_plus/109,1,188,28
acc90/semi70,mbpp_plus/110,1,143,16
acc90/semi70,mbpp_plus/111,1,205,42
acc90/semi70,mbpp_plus/112,1,444,41
acc90/semi70,mbpp_plus/113,0,231,52
acc90/semi70,mbpp_plus/114,1,325,40
acc90/semi70,mbpp_plus/115,0,179,49
acc90/semi70,mbpp_plus/116,0,2684,1024
acc90/semi70,mbpp_plus/117,1,171,19
acc90/semi70,mbpp_plus/118,1,99,13
acc90/semi70,mbpp_plus/119,0,71,11
acc90/semi70,mbpp_plus/120,0,219,66
acc90/semi70,mbpp_plus/121,1,224,28
acc90/semi70,mbpp_plus/122,0,69,13
acc90/semi70,mbpp_plus/123,1,224,28
acc90/semi70,mbpp_plus/124,0,90,20
acc90/semi70,mbpp_plus/125,0,141,22
acc90/semi70,mbpp_plus/126,0,255,51
acc90/semi70,mbpp_plus/127,1,105,24
acc90/semi70,mbpp_plus/128,1,359,35
acc90/semi70,mbpp_plus/129,1,124,26
acc90/semi70,mbpp_plus/130,0,164,38
acc90/semi70,mbpp_plus/131,1,97,9
acc90/semi70,mbpp_plus/132,0,22,9
acc90/semi70,mbpp_plus/133,1,88,10
acc90/semi70,mbpp_plus/134,1,77,12
acc90/semi70,mbpp_plus/135,1,141,25
acc90/semi70,mbpp_plus/136,0,234,36
acc90/semi70,mbpp_plus/137,1,77,17
acc90/semi70,mbpp_plus/138,1,95,18
acc90/semi70,mbpp_plus/139,1,116,16
acc90/semi70,mbpp_plus/140,0,182,21
acc90/semi70,mbpp_plus/141,1,89,16
acc90/semi70,mbpp_plus/142,0,244,30
acc90/semi70,mbpp_plus/143,1,131,22
acc90/semi70,mbpp_plus/144,1,84,22
acc90/semi70,mbpp_plus/145,0,357,37
acc90/semi70,mbpp_plus/146,1,86,20
acc90/semi70,mbpp_plus/147,1,107,18
acc90/semi70,mbpp_plus/148,1,145,14
acc90/semi70,mbpp_plus/149,1,126,19
acc90/semi70,mbpp_plus/150,0,288,49
acc90/semi70,mbpp_plus/151,1,112,24
acc90/semi70,mbpp_plus/152,0,337,92
acc90/semi70,mbpp_plus/153,0,402,64
acc90/semi70,mbpp_plus/154,1,103,10
acc90/semi70,mbpp_plus/155,1,116,20
acc90/semi70,mbpp_plus/156,1,107,17
acc90/semi70,mbpp_plus/157,0,95,24
acc90/semi70,mbpp_plus/158,1,123,22
acc90/semi70,mbpp_plus/159,0,397,119
acc90/semi70,mbpp_plus/160,0,116,20
acc90/semi70,mbpp_plus/161,0,148,28
acc90/semi70,mbpp_plus/162,1,116,21
acc90/semi70,mbpp_plus/163,1,166,17
acc90/semi70,mbpp_plus/164,0,303,57
acc90/semi70,mbpp_plus/165,1,100,18
acc90/semi70,mbpp_plus/166,0,22,10
acc90/semi70,mbpp_plus/167,1,174,23
acc90/semi70,mbpp_plus/168,0,142,44
acc90/semi70,mbpp_plus/169,1,166,23
acc90/semi70,mbpp_plus/170,1,133,14
acc90/semi70,mbpp_plus/171,1,96,17
acc90/semi70,mbpp_plus/172,1,110,12
acc90/semi70,mbpp_plus/173,0,147,23
acc90/semi70,mbpp_plus/174,1,103,14
acc90/semi70,mbpp_plus/175,0,140,21
acc90/semi70,mbpp_plus/176,1,228,34
acc90/semi70,mbpp_plus/177,0,84,17
acc90/semi70,mbpp_plus/178,0,173,29
acc90/semi70,mbpp_plus/179,1,133,16
acc90/semi70,mbpp_plus/180,1,95,16
acc90/semi70,mbpp_plus/181,1,360,39
acc90/semi70,mbpp_plus/182,0,138,26
acc90/semi70,mbpp_plus/183,1,126,18
acc90/semi70,mbpp_plus/184,1,85,12
acc90/semi70,mbpp_plus/185,1,224,32
acc90/semi70,mbpp_plus/186,1,17,5
acc90/semi70,mbpp_plus/187,1,110,16
acc90/semi70,mbpp_plus/188,1,137,23
acc90/semi70,mbpp_plus/189,1,86,10
acc90/semi70,mbpp_plus/190,1,201,34
acc90/semi70,mbpp_plus/191,1,176,24
acc90/semi70,mbpp_plus/192,1,88,18
acc90/semi70,mbpp_plus/193,0,664,63
acc90/semi70,mbpp_plus/194,0,201,27
acc90/semi70,mbpp_plus/195,1,135,23
acc90/semi70,mbpp_plus/196,1,134,33
acc90/semi70,mbpp_plus/197,1,123,18
acc90/semi70,mbpp_plus/198,1,127,19
acc90/semi70,mbpp_plus/199,1,120,14
acc90/semi70,mbpp_plus/200,1,16,6
acc90/semi70,mbpp_plus/201,1,111,18
acc90/semi70,mbpp_plus/202,1,147,18
acc90/semi70,mbpp_plus/203,1,73,12
acc90/semi70,mbpp_plus/204,1,232,26
acc90/semi70,mbpp_plus/205,1,133,24
acc90/semi70,mbpp_plus/206,1,149,31
acc90/semi70,mbpp_plus/207,1,166,23
acc90/semi70,mbpp_plus/208,0,216,39
acc90/semi70,mbpp_plus/209,0,335,46
acc90/semi70,mbpp_plus/210,1,127,19
acc90/semi70,mbpp_plus/211,0,166,34
acc90/semi70,mbpp_plus/212,1,95,12
acc90/semi70,mbpp_plus/213,1,164,40
acc90/semi70,mbpp_plus/214,0,611,91
acc90/semi70,mbpp_plus/215,1,231,43
acc90/semi70,mbpp_plus/216,1,129,18
acc90/semi70,mbpp_plus/217,1,165,34
acc90/semi70,mbpp_plus/218,1,68,10
acc90/semi70,mbpp_plus/219,1,89,15
acc90/semi70,mbpp_plus/220,0,222,28
acc90/semi70,mbpp_plus/221,1,126,19
acc90/semi70,mbpp_plus/222,0,108,22
acc90/semi70,mbpp_plus/223,1,277,34
acc90/semi70,mbpp_plus/224,0,180,42
acc90/semi70,mbpp_plus/225,1,567,80
acc90/semi70,mbpp_plus/226,0,179,35
acc90/semi70,mbpp_plus/227,1,76,16
acc90/semi70,mbpp_plus/228,0,259,48
acc90/semi70,mbpp_plus/229,1,205,28
acc90/semi70,mbpp_plus/230,1,138,19
acc90/semi70,mbpp_plus/231,0,190,51
acc90/semi70,mbpp_plus/232,1,74,10
acc90/semi70,mbpp_plus/233,1,111,16
acc90/semi70,mbpp_plus/234,0,329,75
acc90/semi70,mbpp_plus/235,1,126,20
acc90/semi70,mbpp_plus/236,1,166,18
acc90/semi70,mbpp_plus/237,1,109,11
acc90/semi70,mbpp_plus/238,1,152,23
acc90/semi70,mbpp_plus/239,0,616,66
acc90/semi70,mbpp_plus/240,0,185,28
acc90/semi70,mbpp_plus/241,1,130,27
acc90/semi70,mbpp_plus/242,0,142,33
acc90/semi70,mbpp_plus/243,1,164,26
acc90/semi70,mbpp_plus/244,1,143,22
acc90/semi70,mbpp_plus/245,0,119,19
acc90/semi70,mbpp_plus/246,1,97,18
acc90/semi70,mbpp_plus/247,1,100,17
acc90/semi70,mbpp_plus/248,1,131,20
acc90/semi70,mbpp_plus/249,1,81,11
acc90/semi70,mbpp_plus/250,0,167,25
acc90/semi70,mbpp_plus/251,0,305,47
acc90/semi70,mbpp_plus/252,1,88,9
acc90/semi70,mbpp_plus/253,1,17,6
acc90/semi70,mbpp_plus/254,0,231,71
acc90/semi70,mbpp_plus/255,1,113,9
acc90/semi90,humaneval_plus/0,1,206,22
acc90/semi90,humaneval_plus/1,1,255,33
acc90/semi90,humaneval_plus/2,1,290,45
acc90/semi90,humaneval_plus/3,1,211,26
acc90/semi90,humaneval_plus/4,1,152,18
acc90/semi90,humaneval_plus/5,1,224,50
acc90/semi90,humaneval_plus/6,1,264,41
acc90/semi90,humaneval_plus/7,0,254,30
acc90/semi90,humaneval_plus/8,1,440,46
acc90/semi90,humaneval_plus/9,1,539,50
acc90/semi90,humaneval_plus/10,1,348,29
acc90/semi90,humaneval_plus/11,1,293,47
acc90/semi90,humaneval_plus/12,0,237,63
acc90/semi90,humaneval_plus/13,0,453,65
acc90/semi90,humaneval_plus/14,1,315,58
acc90/semi90,humaneval_plus/15,1,310,33
acc90/semi90,humaneval_plus/16,1,279,38
acc90/semi90,humaneval_plus/17,0,316,53
acc90/semi90,humaneval_plus/18,1,199,24
acc90/semi90,humaneval_plus/19,0,368,60
acc90/semi90,humaneval_plus/20,0,691,118
acc90/semi90,humaneval_plus/21,0,289,25
acc90/semi90,humaneval_plus/22,1,269,35
acc90/semi90,humaneval_plus/23,1,305,41
acc90/semi90,humaneval_plus/24,0,163,19
acc90/semi90,humaneval_plus/25,0,300,28
acc90/semi90,humaneval_plus/26,1,178,24
acc90/semi90,humaneval_plus/27,1,183,21
acc90/semi90,humaneval_plus/28,1,356,50
acc90/semi90,humaneval_plus/29,0,413,70
acc90/semi90,humaneval_plus/30,0,281,38
acc90/semi90,humaneval_plus/31,0,462,54
acc90/semi90,humaneval_plus/32,1,326,44
acc90/semi90,humaneval_plus/33,1,254,35
acc90/semi90,humaneval_plus/34,1,1147,418
acc90/semi90,humaneval_plus/35,1,129,11
acc90/semi90,humaneval_plus/36,0,380,43
acc90/semi90,humaneval_plus/37,1,382,45
acc90/semi90,humaneval_plus/38,0,1672,284
acc90/semi90,humaneval_plus/39,1,224,24
acc90/semi90,humaneval_plus/40,0,275,55
acc90/semi90,humaneval_plus/41,0,189,29
acc90/semi90,humaneval_plus/42,1,276,37
acc90/semi90,humaneval_plus/43,0,242,34
acc90/semi90,humaneval_plus/44,1,231,62
acc90/semi90,humaneval_plus/45,1,182,23
acc90/semi90,humaneval_plus/46,1,98,10
acc90/semi90,humaneval_plus/47,0,206,33
acc90/semi90,humaneval_plus/48,1,441,56
acc90/semi90,humaneval_plus/49,0,274,29
acc90/semi90,humaneval_plus/50,1,307,32
acc90/semi90,humaneval_plus/51,0,539,87
acc90/semi90,humaneval_plus/52,0,181,50
acc90/semi90,humaneval_plus/53,1,298,36
acc90/semi90,humaneval_plus/54,1,298,27
acc90/semi90,humaneval_plus/55,0,412,50
acc90/semi90,humaneval_plus/56,1,148,33
acc90/semi90,humaneval_plus/57,1,92,7
acc90/semi90,humaneval_plus/58,1,205,13
acc90/semi90,humaneval_plus/59,0,209,23
acc90/semi90,humaneval_plus/60,1,115,26
acc90/semi90,humaneval_plus/61,1,215,40
acc90/semi90,humaneval_plus/62,0,258,54
acc90/semi90,humaneval_plus/63,1,205,27
acc90/semi90,humaneval_plus/64,1,327,27
acc90/semi90,humaneval_plus/65,1,205,29
acc90/semi90,humaneval_plus/66,0,217,22
acc90/semi90,humaneval_plus/67,1,388,41
acc90/semi90,humaneval_plus/68,0,132,19
acc90/semi90,humaneval_plus/69,0,210,39
acc90/semi90,humaneval_plus/70,1,261,35
acc90/semi90,humaneval_plus/71,1,137,18
acc90/semi90,humaneval_plus/72,0,200,24
acc90/semi90,humaneval_plus/73,1,257,26
acc90/semi90,humaneval_plus/74,1,166,24
acc90/semi90,humaneval_plus/75,1,289,34
acc90/semi90,humaneval_plus/76,1,105,17
acc90/semi90,humaneval_plus/77,1,316,31
acc90/semi90,humaneval_plus/78,0,240,35
acc90/semi90,humaneval_plus/79,1,121,10
acc90/semi90,humaneval_plus/80,1,58,7
acc90/semi90,humaneval_plus/81,1,131,18
acc90/semi90,humaneval_plus/82,1,226,19
acc90/semi90,humaneval_plus/83,1,176,14
acc90/semi90,humaneval_plus/84,1,105,9
acc90/semi90,humaneval_plus/85,1,76,6
acc90/semi90,humaneval_plus/86,1,110,9
acc90/semi90,humaneval_plus/87,1,159,13
acc90/semi90,humaneval_plus/88,1,143,10
acc90/semi90,humaneval_plus/89,1,249,19
acc90/semi90,humaneval_plus/90,0,1227,267
acc90/semi90,humaneval_plus/91,0,276,28
acc90/semi90,humaneval_plus/92,1,86,8
acc90/semi90,humaneval_plus/93,1,144,13
acc90/semi90,humaneval_plus/94,1,157,16
acc90/semi90,humaneval_plus/95,0,252,28
acc90/semi90,humaneval_plus/96,0,279,24
acc90/semi90,humaneval_plus/97,1,253,21
acc90/semi90,humaneval_plus/98,0,221,32
acc90/semi90,humaneval_plus/99,0,316,63
acc90/semi90,humaneval_plus/100,1,213,34
acc90/semi90,humaneval_plus/101,1,133,7
acc90/semi90,humaneval_plus/102,1,254,28
acc90/semi90,humaneval_plus/103,0,161,21
acc90/semi90,humaneval_plus/104,1,60,7
acc90/semi90,humaneval_plus/105,1,325,31
acc90/semi90,humaneval_plus/106,0,209,16
acc90/semi90,humaneval_plus/107,1,109,7
acc90/semi90,humaneval_plus/108,0,209,23
acc90/semi90,humaneval_plus/109,1,159,11
acc90/semi90,humaneval_plus/110,1,137,10
acc90/semi90,humaneval_plus/111,1,179,10
acc90/semi90,humaneval_plus/112,1,110,7
acc90/semi90,humaneval_plus/113,1,63,5
acc90/semi90,humaneval_plus/114,0,155,11
acc90/semi90,humaneval_plus/115,1,130,11
acc90/semi90,humaneval_plus/116,0,186,20
acc90/semi90,humaneval_plus/117,1,191,21
acc90/semi90,humaneval_plus/118,1,200,21
acc90/semi90,humaneval_plus/119,1,208,17
acc90/semi90,humaneval_plus/120,1,464,36
acc90/semi90,humaneval_plus/121,1,125,10
acc90/semi90,humaneval_plus/122,1,184,21
acc90/semi90,humaneval_plus/123,1,168,13
acc90/semi90,humaneval_plus/124,1,274,35
acc90/semi90,humaneval_plus/125,1,221,27
acc90/semi90,humaneval_plus/126,0,201,36
acc90/semi90,humaneval_plus/127,1,155,18
acc90/semi90,humaneval_plus/128,0,229,52
acc90/semi90,humaneval_plus/129,1,425,45
acc90/semi90,humaneval_plus/130,1,260,29
acc90/semi90,humaneval_plus/131,1,118,11
acc90/semi90,humaneval_plus/132,1,273,25
acc90/semi90,humaneval_plus/133,1,289,40
acc90/semi90,humaneval_plus/134,0,152,41
acc90/semi90,humaneval_plus/135,1,227,23
acc90/semi90,humaneval_plus/136,1,303,25
acc90/semi90,humaneval_plus/137,1,333,43
acc90/semi90,humaneval_plus/138,0,285,66
acc90/semi90,humaneval_plus/139,1,275,57
acc90/semi90,humaneval_plus/140,1,179,35
acc90/semi90,humaneval_plus/141,0,221,41
acc90/semi90,humaneval_plus/142,1,177,12
acc90/semi90,humaneval_plus/143,1,438,48
acc90/semi90,humaneval_plus/144,0,365,41
acc90/semi90,humaneval_plus/145,0,178,15
acc90/semi90,humaneval_plus/146,0,3978,354
acc90/semi90,humaneval_plus/147,0,230,21
acc90/semi90,humaneval_plus/148,1,134,20
acc90/semi90,humaneval_plus/149,1,226,29
acc90/semi90,humaneval_plus/150,0,402,49
acc90/semi90,humaneval_plus/151,1,369,45
acc90/semi90,humaneval_plus/152,0,547,66
acc90/semi90,humaneval_plus/153,1,168,14
acc90/semi90,humaneval_plus/154,1,230,26
acc90/semi90,humaneval_plus/155,0,241,32
acc90/semi90,humaneval_plus/156,1,220,19
acc90/semi90,humaneval_plus/157,0,301,58
acc90/semi90,humaneval_plus/158,1,178,17
acc90/semi90,humaneval_plus/159,1,297,33
acc90/semi90,humaneval_plus/160,1,298,28
acc90/semi90,humaneval_plus/161,1,187,22
acc90/semi90,humaneval_plus/162,0,142,20
acc90/semi90,humaneval_plus/163,0,354,47
acc90/semi90,mbpp_plus/0,1,140,18
acc90/semi90,mbpp_plus/1,1,84,17
acc90/semi90,mbpp_plus/2,0,160,30
acc90/semi90,mbpp_plus/3,0,422,91
acc90/semi90,mbpp_plus/4,1,104,17
acc90/semi90,mbpp_plus/5,1,70,13
acc90/semi90,mbpp_plus/6,1,80,22
acc90/semi90,mbpp_plus/7,0,118,17
acc90/semi90,mbpp_plus/8,0,243,73
acc90/semi90,mbpp_plus/9,0,326,52
acc90/semi90,mbpp_plus/10,0,145,25
acc90/semi90,mbpp_plus/11,0,104,13
acc90/semi90,mbpp_plus/12,0,129,25
acc90/semi90,mbpp_plus/13,1,75,15
acc90/semi90,mbpp_plus/14,0,347,57
acc90/semi90,mbpp_plus/15,1,82,12
acc90/semi90,mbpp_plus/16,0,278,40
acc90/semi90,mbpp_plus/17,1,653,96
acc90/semi90,mbpp_plus/18,0,101,15
acc90/semi90,mbpp_plus/19,1,217,39
acc90/semi90,mbpp_plus/20,1,199,27
acc90/semi90,mbpp_plus/21,1,19,3
acc90/semi90,mbpp_plus/22,1,160,23
acc90/semi90,mbpp_plus/23,1,361,44
acc90/semi90,mbpp_plus/24,1,104,18
acc90/semi90,mbpp_plus/25,1,279,30
acc90/semi90,mbpp_plus/26,0,77,18
acc90/semi90,mbpp_plus/27,1,150,15
acc90/semi90,mbpp_plus/28,1,121,16
acc90/semi90,mbpp_plus/29,0,165,21
acc90/semi90,mbpp_plus/30,0,224,54
acc90/semi90,mbpp_plus/31,1,79,6
acc90/semi90,mbpp_plus/32,0,173,35
acc90/semi90,mbpp_plus/33,1,109,19
acc90/semi90,mbpp_plus/34,1,290,49
acc90/semi90,mbpp_plus/35,1,177,35
acc90/semi90,mbpp_plus/36,0,110,20
acc90/semi90,mbpp_plus/37,1,164,43
acc90/semi90,mbpp_plus/38,0,276,57
acc90/semi90,mbpp_plus/39,0,224,30
acc90/semi90,mbpp_plus/40,1,168,26
acc90/semi90,mbpp_plus/41,1,229,52
acc90/semi90,mbpp_plus/42,1,315,44
acc90/semi90,mbpp_plus/43,0,130,25
acc90/semi90,mbpp_plus/44,1,78,19
acc90/semi90,mbpp_plus/45,1,82,9
acc90/semi90,mbpp_plus/46,1,161,30
acc90/semi90,mbpp_plus/47,1,90,11
acc90/semi90,mbpp_plus/48,0,173,32
acc90/semi90,mbpp_plus/49,1,160,32
acc90/semi90,mbpp_plus/50,1,125,22
acc90/semi90,mbpp_plus/51,0,174,34
acc90/semi90,mbpp_plus/52,1,193,40
acc90/semi90,mbpp_plus/53,0,191,22
acc90/semi90,mbpp_plus/54,0,320,67
acc90/semi90,mbpp_plus/55,1,142,26
acc90/semi90,mbpp_plus/56,1,107,22
acc90/semi90,mbpp_plus/57,1,27,6
acc90/semi90,mbpp_plus/58,1,109,16
acc90/semi90,mbpp_plus/59,1,122,20
acc90/semi90,mbpp_plus/60,1,196,24
acc90/semi90,mbpp_plus/61,1,101,12
acc90/semi90,mbpp_plus/62,0,189,60
acc90/semi90,mbpp_plus/63,0,136,22
acc90/semi90,mbpp_plus/64,1,157,33
acc90/semi90,mbpp_plus/65,1,331,95
acc90/semi90,mbpp_plus/66,1,157,41
acc90/semi90,mbpp_plus/67,1,88,11
acc90/semi90,mbpp_plus/68,0,166,23
acc90/semi90,mbpp_plus/69,0,440,54
acc90/semi90,mbpp_plus/70,1,321,27
acc90/semi90,mbpp_plus/71,1,91,15
acc90/semi90,mbpp_plus/72,1,103,11
acc90/semi90,mbpp_plus/73,0,127,30
acc90/semi90,mbpp_plus/74,1,125,16
acc90/semi90,mbpp_plus/75,0,89,18
acc90/semi90,mbpp_plus/76,1,243,35
acc90/semi90,mbpp_plus/77,0,21,7
acc90/semi90,mbpp_plus/78,0,129,32
acc90/semi90,mbpp_plus/79,0,517,86
acc90/semi90,mbpp_plus/80,1,111,28
acc90/semi90,mbpp_plus/81,1,114,17
acc90/semi90,mbpp_plus/82,0,151,41
acc90/semi90,mbpp_plus/83,1,158,30
acc90/semi90,mbpp_plus/84,1,128,32
acc90/semi90,mbpp_plus/85,0,149,24
acc90/semi90,mbpp_plus/86,1,149,32
acc90/semi90,mbpp_plus/87,1,22,4
acc90/semi90,mbpp_plus/88,1,176,27
acc90/semi90,mbpp_plus/89,1,124,17
acc90/semi90,mbpp_plus/90,1,85,12
acc90/semi90,mbpp_plus/91,0,100,27
acc90/semi90,mbpp_plus/92,1,185,42
acc90/semi90,mbpp_plus/93,1,98,14
acc90/semi90,mbpp_plus/94,1,104,13
acc90/semi90,mbpp_plus/95,0,122,27
acc90/semi90,mbpp_plus/96,1,126,20
acc90/semi90,mbpp_plus/97,1,113,21
acc90/semi90,mbpp_plus/98,1,125,16
acc90/semi90,mbpp_plus/99,1,129,17
acc90/semi90,mbpp_plus/100,1,196,37
acc90/semi90,mbpp_plus/101,1,108,15
acc90/semi90,mbpp_plus/102,1,116,19
acc90/semi90,mbpp_plus/103,0,730,197
acc90/semi90,mbpp_plus/104,0,265,50
acc90/semi90,mbpp_plus/105,0,95,16
acc90/semi90,mbpp_plus/106,1,23,5
acc90/semi90,mbpp_plus/107,1,103,21
acc90/semi90,mbpp_plus/108,0,156,34
acc90/semi90,mbpp_plus/109,1,189,28
acc90/semi90,mbpp_plus/110,1,143,16
acc90/semi90,mbpp_plus/111,1,206,39
acc90/semi90,mbpp_plus/112,1,209,28
acc90/semi90,mbpp_plus/113,0,230,60
acc90/semi90,mbpp_plus/114,1,153,31
acc90/semi90,mbpp_plus/115,1,156,36
acc90/semi90,mbpp_plus/116,0,383,110
acc90/semi90,mbpp_plus/117,1,170,16
acc90/semi90,mbpp_plus/118,1,99,13
acc90/semi90,mbpp_plus/119,0,71,11
acc90/semi90,mbpp_plus/120,0,184,43
acc90/semi90,mbpp_plus/121,1,155,23
acc90/semi90,mbpp_plus/122,1,140,21
acc90/semi90,mbpp_plus/123,1,272,30
acc90/semi90,mbpp_plus/124,0,90,20
acc90/semi90,mbpp_plus/125,0,147,31
acc90/semi90,mbpp_plus/126,0,260,62
acc90/semi90,mbpp_plus/127,1,105,24
acc90/semi90,mbpp_plus/128,0,206,36
acc90/semi90,mbpp_plus/129,1,124,25
acc90/semi90,mbpp_plus/130,0,168,31
acc90/semi90,mbpp_plus/131,1,97,11
acc90/semi90,mbpp_plus/132,0,22,9
acc90/semi90,mbpp_plus/133,1,88,10
acc90/semi90,mbpp_plus/134,1,77,12
acc90/semi90,mbpp_plus/135,1,129,24
acc90/semi90,mbpp_plus/136,0,102,26
acc90/semi90,mbpp_plus/137,1,77,16
acc90/semi90,mbpp_plus/138,1,95,17
acc90/semi90,mbpp_plus/139,1,102,15
acc90/semi90,mbpp_plus/140,0,212,22
acc90/semi90,mbpp_plus/141,1,89,18
acc90/semi90,mbpp_plus/142,0,235,29
acc90/semi90,mbpp_plus/143,1,134,20
acc90/semi90,mbpp_plus/144,1,84,23
acc90/semi90,mbpp_plus/145,1,171,21
acc90/semi90,mbpp_plus/146,0,102,26
acc90/semi90,mbpp_plus/147,1,106,17
acc90/semi90,mbpp_plus/148,1,138,18
acc90/semi90,mbpp_plus/149,1,136,27
acc90/semi90,mbpp_plus/150,1,288,47
acc90/semi90,mbpp_plus/151,1,112,27
acc90/semi90,mbpp_plus/152,0,188,54
acc90/semi90,mbpp_plus/153,0,3979,875
acc90/semi90,mbpp_plus/154,1,105,15
acc90/semi90,mbpp_plus/155,1,116,20
acc90/semi90,mbpp_plus/156,1,107,17
acc90/semi90,mbpp_plus/157,0,91,23
acc90/semi90,mbpp_plus/158,1,140,27
acc90/semi90,mbpp_plus/159,0,305,117
acc90/semi90,mbpp_plus/160,0,115,21
acc90/semi90,mbpp_plus/161,0,150,23
acc90/semi90,mbpp_plus/162,1,113,22
acc90/semi90,mbpp_plus/163,1,166,17
acc90/semi90,mbpp_plus/164,0,310,54
acc90/semi90,mbpp_plus/165,1,100,19
acc90/semi90,mbpp_plus/166,0,22,10
acc90/semi90,mbpp_plus/167,1,174,26
acc90/semi90,mbpp_plus/168,1,99,26
acc90/semi90,mbpp_plus/169,1,167,18
acc90/semi90,mbpp_plus/170,1,132,13
acc90/semi90,mbpp_plus/171,1,96,17
acc90/semi90,mbpp_plus/172,1,110,13
acc90/semi90,mbpp_plus/173,0,160,28
acc90/semi90,mbpp_plus/174,1,107,17
acc90/semi90,mbpp_plus/175,0,141,20
acc90/semi90,mbpp_plus/176,1,225,35
acc90/semi90,mbpp_plus/177,1,86,14
acc90/semi90,mbpp_plus/178,0,178,26
acc90/semi90,mbpp_plus/179,1,133,16
acc90/semi90,mbpp_plus/180,1,95,16
acc90/semi90,mbpp_plus/181,0,170,26
acc90/semi90,mbpp_plus/182,0,135,30
acc90/semi90,mbpp_plus/183,1,127,18
acc90/semi90,mbpp_plus/184,1,84,14
acc90/semi90,mbpp_plus/185,1,194,27
acc90/semi90,mbpp_plus/186,1,17,5
acc90/semi90,mbpp_plus/187,1,89,16
acc90/semi90,mbpp_plus/188,1,137,23
acc90/semi90,mbpp_plus/189,1,86,10
acc90/semi90,mbpp_plus/190,1,197,33
acc90/semi90,mbpp_plus/191,1,175,24
acc90/semi90,mbpp_plus/192,0,131,20
acc90/semi90,mbpp_plus/193,0,228,37
acc90/semi90,mbpp_plus/194,0,206,34
acc90/semi90,mbpp_plus/195,1,117,20
acc90/semi90,mbpp_plus/196,1,157,37
acc90/semi90,mbpp_plus/197,1,124,17
acc90/semi90,mbpp_plus/198,1,131,21
acc90/semi90,mbpp_plus/199,1,120,15
acc90/semi90,mbpp_plus/200,1,16,6
acc90/semi90,mbpp_plus/201,1,111,18
acc90/semi90,mbpp_plus/202,1,147,18
acc90/semi90,mbpp_plus/203,1,73,10
acc90/semi90,mbpp_plus/204,1,106,15
acc90/semi90,mbpp_plus/205,1,132,25
acc90/semi90,mbpp_plus/206,1,149,32
acc90/semi90,mbpp_plus/207,1,166,25
acc90/semi90,mbpp_plus/208,0,255,45
acc90/semi90,mbpp_plus/209,0,155,27
acc90/semi90,mbpp_plus/210,1,127,16
acc90/semi90,mbpp_plus/211,0,166,32
acc90/semi90,mbpp_plus/212,1,95,12
acc90/semi90,mbpp_plus/213,1,160,41
acc90/semi90,mbpp_plus/214,0,293,60
acc90/semi90,mbpp_plus/215,1,258,44
acc90/semi90,mbpp_plus/216,1,128,16
acc90/semi90,mbpp_plus/217,1,170,33
acc90/semi90,mbpp_plus/218,1,72,11
acc90/semi90,mbpp_plus/219,1,123,19
acc90/semi90,mbpp_plus/220,0,216,26
acc90/semi90,mbpp_plus/221,1,126,19
acc90/semi90,mbpp_plus/222,0,105,19
acc90/semi90,mbpp_plus/223,0,179,17
acc90/semi90,mbpp_plus/224,1,239,52
acc90/semi90,mbpp_plus/225,1,216,39
acc90/semi90,mbpp_plus/226,0,190,38
acc90/semi90,mbpp_plus/227,1,75,12
acc90/semi90,mbpp_plus/228,0,308,56
acc90/semi90,mbpp_plus/229,1,205,27
acc90/semi90,mbpp_plus/230,1,162,27
acc90/semi90,mbpp_plus/231,1,184,50
acc90/semi90,mbpp_plus/232,1,75,12
acc90/semi90,mbpp_plus/233,1,112,13
acc90/semi90,mbpp_plus/234,0,335,128
acc90/semi90,mbpp_plus/235,1,126,20
acc90/semi90,mbpp_plus/236,1,180,17
acc90/semi90,mbpp_plus/237,1,109,13
acc90/semi90,mbpp_plus/238,1,201,41
acc90/semi90,mbpp_plus/239,0,319,76
acc90/semi90,mbpp_plus/240,0,163,26
acc90/semi90,mbpp_plus/241,0,136,30
acc90/semi90,mbpp_plus/242,1,140,36
acc90/semi90,mbpp_plus/243,1,160,35
acc90/semi90,mbpp_plus/244,1,142,21
acc90/semi90,mbpp_plus/245,0,118,18
acc90/semi90,mbpp_plus/246,1,97,18
acc90/semi90,mbpp_plus/247,1,100,16
acc90/semi90,mbpp_plus/248,1,178,24
acc90/semi90,mbpp_plus/249,1,81,11
acc90/semi90,mbpp_plus/250,0,167,28
acc90/semi90,mbpp_plus/251,0,303,41
acc90/semi90,mbpp_plus/252,1,88,10
acc90/semi90,mbpp_plus/253,1,17,6
acc90/semi90,mbpp_plus/254,1,235,78
acc90/semi90,mbpp_plus/255,1,112,9
acc95/semi70,humaneval_plus/0,1,207,25
acc95/semi70,humaneval_plus/1,1,253,42
acc95/semi70,humaneval_plus/2,0,292,45
acc95/semi70,humaneval_plus/3,1,213,29
acc95/semi70,humaneval_plus/4,1,176,36
acc95/semi70,humaneval_plus/5,0,210,44
acc95/semi70,humaneval_plus/6,0,278,49
acc95/semi70,humaneval_plus/7,1,259,37
acc95/semi70,humaneval_plus/8,1,1031,94
acc95/semi70,humaneval_plus/9,0,260,32
acc95/semi70,humaneval_plus/10,1,347,27
acc95/semi70,humaneval_plus/11,0,306,70
acc95/semi70,humaneval_plus/12,1,251,73
acc95/semi70,humaneval_plus/13,1,214,35
acc95/semi70,humaneval_plus/14,1,237,51
acc95/semi70,humaneval_plus/15,1,632,57
acc95/semi70,humaneval_plus/16,1,279,43
acc95/semi70,humaneval_plus/17,0,308,60
acc95/semi70,humaneval_plus/18,1,161,24
acc95/semi70,humaneval_plus/19,1,387,72
acc95/semi70,humaneval_plus/20,0,347,78
acc95/semi70,humaneval_plus/21,1,290,33
acc95/semi70,humaneval_plus/22,1,266,37
acc95/semi70,humaneval_plus/23,1,316,51
acc95/semi70,humaneval_plus/24,0,162,28
acc95/semi70,humaneval_plus/25,1,301,37
acc95/semi70,humaneval_plus/26,1,178,29
acc95/semi70,humaneval_plus/27,1,183,23
acc95/semi70,humaneval_plus/28,1,215,45
acc95/semi70,humaneval_plus/29,0,455,85
acc95/semi70,humaneval_plus/30,0,282,53
acc95/semi70,humaneval_plus/31,0,382,57
acc95/semi70,humaneval_plus/32,0,668,84
acc95/semi70,humaneval_plus/33,0,509,73
acc95/semi70,humaneval_plus/34,0,500,165
acc95/semi70,humaneval_plus/35,1,129,11
acc95/semi70,humaneval_plus/36,0,393,46
acc95/semi70,humaneval_plus/37,0,379,63
acc95/semi70,humaneval_plus/38,0,310,90
acc95/semi70,humaneval_plus/39,1,225,29
acc95/semi70,humaneval_plus/40,0,271,42
acc95/semi70,humaneval_plus/41,0,189,30
acc95/semi70,humaneval_plus/42,1,263,34
acc95/semi70,humaneval_plus/43,0,238,32
acc95/semi70,humaneval_plus/44,1,405,183
acc95/semi70,humaneval_plus/45,1,181,27
acc95/semi70,humaneval_plus/46,1,98,13
acc95/semi70,humaneval_plus/47,0,204,34
acc95/semi70,humaneval_plus/48,1,427,58
acc95/semi70,humaneval_plus/49,0,251,33
acc95/semi70,humaneval_plus/50,0,155,22
acc95/semi70,humaneval_plus/51,1,251,59
acc95/semi70,humaneval_plus/52,0,231,74
acc95/semi70,humaneval_plus/53,0,271,34
acc95/semi70,humaneval_plus/54,1,300,28
acc95/semi70,humaneval_plus/55,1,406,72
acc95/semi70,humaneval_plus/56,1,153,47
acc95/semi70,humaneval_plus/57,1,92,9
acc95/semi70,humaneval_plus/58,1,205,15
acc95/semi70,humaneval_plus/59,1,212,20
acc95/semi70,humaneval_plus/60,1,295,37
acc95/semi70,humaneval_plus/61,1,217,47
acc95/semi70,humaneval_plus/62,0,251,32
acc95/semi70,humaneval_plus/63,1,205,32
acc95/semi70,humaneval_plus/64,1,329,27
acc95/semi70,humaneval_plus/65,0,199,32
acc95/semi70,humaneval_plus/66,0,217,30
acc95/semi70,humaneval_plus/67,1,390,52
acc95/semi70,humaneval_plus/68,1,135,28
acc95/semi70,humaneval_plus/69,0,205,42
acc95/semi70,humaneval_plus/70,0,227,25
acc95/semi70,humaneval_plus/71,1,137,20
acc95/semi70,humaneval_plus/72,0,200,28
acc95/semi70,humaneval_plus/73,1,266,39
acc95/semi70,humaneval_plus/74,1,177,29
acc95/semi70,humaneval_plus/75,1,595,59
acc95/semi70,humaneval_plus/76,1,96,13
acc95/semi70,humaneval_plus/77,1,307,33
acc95/semi70,humaneval_plus/78,0,203,31
acc95/semi70,humaneval_plus/79,1,122,13
acc95/semi70,humaneval_plus/80,1,58,9
acc95/semi70,humaneval_plus/81,1,119,20
acc95/semi70,humaneval_plus/82,1,225,20
acc95/semi70,humaneval_plus/83,1,176,20
acc95/semi70,humaneval_plus/84,1,105,9
acc95/semi70,humaneval_plus/85,1,76,6
acc95/semi70,humaneval_plus/86,1,111,10
acc95/semi70,humaneval_plus/87,1,159,15
acc95/semi70,humaneval_plus/88,1,142,9
acc95/semi70,humaneval_plus/89,1,249,22
acc95/semi70,humaneval_plus/90,0,1273,227
acc95/semi70,humaneval_plus/91,1,301,40
acc95/semi70,humaneval_plus/92,1,86,13
acc95/semi70,humaneval_plus/93,1,144,14
acc95/semi70,humaneval_plus/94,1,157,18
acc95/semi70,humaneval_plus/95,0,251,33
acc95/semi70,humaneval_plus/96,1,285,26
acc95/semi70,humaneval_plus/97,1,263,20
acc95/semi70,humaneval_plus/98,1,222,32
acc95/semi70,humaneval_plus/99,1,276,26
acc95/semi70,humaneval_plus/100,1,204,60
acc95/semi70,humaneval_plus/101,1,133,7
acc95/semi70,humaneval_plus/102,1,254,30
acc95/semi70,humaneval_plus/103,1,164,18
acc95/semi70,humaneval_plus/104,1,60,7
acc95/semi70,humaneval_plus/105,1,339,43
acc95/semi70,humaneval_plus/106,1,205,17
acc95/semi70,humaneval_plus/107,1,109,8
acc95/semi70,humaneval_plus/108,0,433,46
acc95/semi70,humaneval_plus/109,1,159,15
acc95/semi70,humaneval_plus/110,1,137,13
acc95/semi70,humaneval_plus/111,1,179,12
acc95/semi70,humaneval_plus/112,1,110,7
acc95/semi70,humaneval_plus/113,1,63,5
acc95/semi70,humaneval_plus/114,0,155,13
acc95/semi70,humaneval_plus/115,1,130,12
acc95/semi70,humaneval_plus/116,0,186,29
acc95/semi70,humaneval_plus/117,1,392,42
acc95/semi70,humaneval_plus/118,1,202,31
acc95/semi70,humaneval_plus/119,1,209,18
acc95/semi70,humaneval_plus/120,0,227,30
acc95/semi70,humaneval_plus/121,1,125,11
acc95/semi70,humaneval_plus/122,1,386,38
acc95/semi70,humaneval_plus/123,1,168,15
acc95/semi70,humaneval_plus/124,1,260,34
acc95/semi70,humaneval_plus/125,1,221,32
acc95/semi70,humaneval_plus/126,1,208,50
acc95/semi70,humaneval_plus/127,1,155,19
acc95/semi70,humaneval_plus/128,0,237,65
acc95/semi70,humaneval_plus/129,1,426,52
acc95/semi70,humaneval_plus/130,1,264,29
acc95/semi70,humaneval_plus/131,1,251,27
acc95/semi70,humaneval_plus/132,0,267,26
acc95/semi70,humaneval_plus/133,1,278,47
acc95/semi70,humaneval_plus/134,1,166,52
acc95/semi70,humaneval_plus/135,1,323,43
acc95/semi70,humaneval_plus/136,1,303,32
acc95/semi70,humaneval_plus/137,1,331,52
acc95/semi70,humaneval_plus/138,0,319,93
acc95/semi70,humaneval_plus/139,1,255,65
acc95/semi70,humaneval_plus/140,1,375,62
acc95/semi70,humaneval_plus/141,1,130,32
acc95/semi70,humaneval_plus/142,1,181,14
acc95/semi70,humaneval_plus/143,1,208,25
acc95/semi70,humaneval_plus/144,0,732,66
acc95/semi70,humaneval_plus/145,0,168,19
acc95/semi70,humaneval_plus/146,1,293,76
acc95/semi70,humaneval_plus/147,0,244,31
acc95/semi70,humaneval_plus/148,1,134,22
acc95/semi70,humaneval_plus/149,1,339,75
acc95/semi70,humaneval_plus/150,0,403,53
acc95/semi70,humaneval_plus/151,0,345,56
acc95/semi70,humaneval_plus/152,0,282,61
acc95/semi70,humaneval_plus/153,1,168,15
acc95/semi70,humaneval_plus/154,1,230,31
acc95/semi70,humaneval_plus/155,0,240,42
acc95/semi70,humaneval_plus/156,0,225,25
acc95/semi70,humaneval_plus/157,0,248,54
acc95/semi70,humaneval_plus/158,1,178,20
acc95/semi70,humaneval_plus/159,1,297,38
acc95/semi70,humaneval_plus/160,0,302,36
acc95/semi70,humaneval_plus/161,1,189,19
acc95/semi70,humaneval_plus/162,0,325,55
acc95/semi70,humaneval_plus/163,0,357,58
acc95/semi70,mbpp_plus/0,1,140,23
acc95/semi70,mbpp_plus/1,1,89,19
acc95/semi70,mbpp_plus/2,0,136,30
acc95/semi70,mbpp_plus/3,0,406,100
acc95/semi70,mbpp_plus/4,1,104,21
acc95/semi70,mbpp_plus/5,1,70,17
acc95/semi70,mbpp_plus/6,1,80,23
acc95/semi70,mbpp_plus/7,1,118,26
acc95/semi70,mbpp_plus/8,0,507,95
acc95/semi70,mbpp_plus/9,0,216,45
acc95/semi70,mbpp_plus/10,0,138,31
acc95/semi70,mbpp_plus/11,0,104,14
acc95/semi70,mbpp_plus/12,1,130,34
acc95/semi70,mbpp_plus/13,1,76,19
acc95/semi70,mbpp_plus/14,0,726,107
acc95/semi70,mbpp_plus/15,1,82,16
acc95/semi70,mbpp_plus/16,0,231,40
acc95/semi70,mbpp_plus/17,0,810,142
acc95/semi70,mbpp_plus/18,0,101,16
acc95/semi70,mbpp_plus/19,1,205,47
acc95/semi70,mbpp_plus/20,1,377,50
acc95/semi70,mbpp_plus/21,1,19,6
acc95/semi70,mbpp_plus/22,1,159,30
acc95/semi70,mbpp_plus/23,1,760,83
acc95/semi70,mbpp_plus/24,0,153,27
acc95/semi70,mbpp_plus/25,1,287,32
acc95/semi70,mbpp_plus/26,1,121,21
acc95/semi70,mbpp_plus/27,1,141,20
acc95/semi70,mbpp_plus/28,1,120,21
acc95/semi70,mbpp_plus/29,0,164,25
acc95/semi70,mbpp_plus/30,0,148,33
acc95/semi70,mbpp_plus/31,1,79,6
acc95/semi70,mbpp_plus/32,0,273,43
acc95/semi70,mbpp_plus/33,1,109,23
acc95/semi70,mbpp_plus/34,1,316,71
acc95/semi70,mbpp_plus/35,0,123,27
acc95/semi70,mbpp_plus/36,1,135,26
acc95/semi70,mbpp_plus/37,1,164,48
acc95/semi70,mbpp_plus/38,0,272,46
acc95/semi70,mbpp_plus/39,0,225,39
acc95/semi70,mbpp_plus/40,1,168,34
acc95/semi70,mbpp_plus/41,0,444,90
acc95/semi70,mbpp_plus/42,1,171,24
acc95/semi70,mbpp_plus/43,1,109,16
acc95/semi70,mbpp_plus/44,1,78,21
acc95/semi70,mbpp_plus/45,1,81,11
acc95/semi70,mbpp_plus/46,1,161,38
acc95/semi70,mbpp_plus/47,1,90,14
acc95/semi70,mbpp_plus/48,0,172,35
acc95/semi70,mbpp_plus/49,0,172,43
acc95/semi70,mbpp_plus/50,1,125,25
acc95/semi70,mbpp_plus/51,0,184,32
acc95/semi70,mbpp_plus/52,1,207,46
acc95/semi70,mbpp_plus/53,1,326,39
acc95/semi70,mbpp_plus/54,0,252,49
acc95/semi70,mbpp_plus/55,1,142,34
acc95/semi70,mbpp_plus/56,1,89,28
acc95/semi70,mbpp_plus/57,0,28,12
acc95/semi70,mbpp_plus/58,1,110,24
acc95/semi70,mbpp_plus/59,0,109,33
acc95/semi70,mbpp_plus/60,1,379,120
acc95/semi70,mbpp_plus/61,1,101,15
acc95/semi70,mbpp_plus/62,0,317,96
acc95/semi70,mbpp_plus/63,0,289,42
acc95/semi70,mbpp_plus/64,1,163,50
acc95/semi70,mbpp_plus/65,1,378,120
acc95/semi70,mbpp_plus/66,1,159,48
acc95/semi70,mbpp_plus/67,1,88,13
acc95/semi70,mbpp_plus/68,0,163,38
acc95/semi70,mbpp_plus/69,1,423,59
acc95/semi70,mbpp_plus/70,1,321,34
acc95/semi70,mbpp_plus/71,1,113,20
acc95/semi70,mbpp_plus/72,1,103,17
acc95/semi70,mbpp_plus/73,0,106,33
acc95/semi70,mbpp_plus/74,1,126,17
acc95/semi70,mbpp_plus/75,0,90,24
acc95/semi70,mbpp_plus/76,1,243,41
acc95/semi70,mbpp_plus/77,0,21,6
acc95/semi70,mbpp_plus/78,0,142,42
acc95/semi70,mbpp_plus/79,0,917,136
acc95/semi70,mbpp_plus/80,1,112,31
acc95/semi70,mbpp_plus/81,1,111,16
acc95/semi70,mbpp_plus/82,0,160,43
acc95/semi70,mbpp_plus/83,0,141,47
acc95/semi70,mbpp_plus/84,1,153,43
acc95/semi70,mbpp_plus/85,0,288,45
acc95/semi70,mbpp_plus/86,1,131,25
acc95/semi70,mbpp_plus/87,1,22,5
acc95/semi70,mbpp_plus/88,0,289,45
acc95/semi70,mbpp_plus/89,1,146,22
acc95/semi70,mbpp_plus/90,1,89,18
acc95/semi70,mbpp_plus/91,0,103,24
acc95/semi70,mbpp_plus/92,0,130,33
acc95/semi70,mbpp_plus/93,1,98,15
acc95/semi70,mbpp_plus/94,1,107,16
acc95/semi70,mbpp_plus/95,0,128,31
acc95/semi70,mbpp_plus/96,1,126,22
acc95/semi70,mbpp_plus/97,1,114,25
acc95/semi70,mbpp_plus/98,1,125,26
acc95/semi70,mbpp_plus/99,1,127,21
acc95/semi70,mbpp_plus/100,1,194,39
acc95/semi70,mbpp_plus/101,1,106,17
acc95/semi70,mbpp_plus/102,1,110,33
acc95/semi70,mbpp_plus/103,0,648,180
acc95/semi70,mbpp_plus/104,0,329,81
acc95/semi70,mbpp_plus/105,0,95,15
acc95/semi70,mbpp_plus/106,1,23,6
acc95/semi70,mbpp_plus/107,1,103,22
acc95/semi70,mbpp_plus/108,0,153,32
acc95/semi70,mbpp_plus/109,1,188,33
acc95/semi70,mbpp_plus/110,1,156,20
acc95/semi70,mbpp_plus/111,1,205,48
acc95/semi70,mbpp_plus/112,0,213,35
acc95/semi70,mbpp_plus/113,0,221,56
acc95/semi70,mbpp_plus/114,1,150,37
acc95/semi70,mbpp_plus/115,1,158,45
acc95/semi70,mbpp_plus/116,0,1551,558
acc95/semi70,mbpp_plus/117,1,170,23
acc95/semi70,mbpp_plus/118,1,78,13
acc95/semi70,mbpp_plus/119,0,71,12
acc95/semi70,mbpp_plus/120,0,196,67
acc95/semi70,mbpp_plus/121,1,153,23
acc95/semi70,mbpp_plus/122,0,150,27
acc95/semi70,mbpp_plus/123,1,257,34
acc95/semi70,mbpp_plus/124,0,107,24
acc95/semi70,mbpp_plus/125,0,148,32
acc95/semi70,mbpp_plus/126,0,295,75
acc95/semi70,mbpp_plus/127,1,105,30
acc95/semi70,mbpp_plus/128,1,175,17
acc95/semi70,mbpp_plus/129,1,123,28
acc95/semi70,mbpp_plus/130,0,171,35
acc95/semi70,mbpp_plus/131,1,97,15
acc95/semi70,mbpp_plus/132,0,22,11
acc95/semi70,mbpp_plus/133,1,88,19
acc95/semi70,mbpp_plus/134,1,77,16
acc95/semi70,mbpp_plus/135,1,299,50
acc95/semi70,mbpp_plus/136,0,112,30
acc95/semi70,mbpp_plus/137,1,77,19
acc95/semi70,mbpp_plus/138,0,94,25
acc95/semi70,mbpp_plus/139,1,104,18
acc95/semi70,mbpp_plus/140,0,182,26
acc95/semi70,mbpp_plus/141,1,89,21
acc95/semi70,mbpp_plus/142,1,165,60
acc95/semi70,mbpp_plus/143,1,135,27
acc95/semi70,mbpp_plus/144,1,84,31
acc95/semi70,mbpp_plus/145,1,311,30
acc95/semi70,mbpp_plus/146,1,110,26
acc95/semi70,mbpp_plus/147,1,106,23
acc95/semi70,mbpp_plus/148,1,138,19
acc95/semi70,mbpp_plus/149,1,136,31
acc95/semi70,mbpp_plus/150,0,295,59
acc95/semi70,mbpp_plus/151,1,112,31
acc95/semi70,mbpp_plus/152,0,3983,860
acc95/semi70,mbpp_plus/153,1,187,60
acc95/semi70,mbpp_plus/154,1,103,14
acc95/semi70,mbpp_plus/155,0,116,25
acc95/semi70,mbpp_plus/156,1,107,18
acc95/semi70,mbpp_plus/157,0,97,31
acc95/semi70,mbpp_plus/158,1,140,28
acc95/semi70,mbpp_plus/159,0,1051,329
acc95/semi70,mbpp_plus/160,0,115,25
acc95/semi70,mbpp_plus/161,0,343,58
acc95/semi70,mbpp_plus/162,1,116,25
acc95/semi70,mbpp_plus/163,1,166,19
acc95/semi70,mbpp_plus/164,0,310,57
acc95/semi70,mbpp_plus/165,1,100,22
acc95/semi70,mbpp_plus/166,1,75,15
acc95/semi70,mbpp_plus/167,1,160,25
acc95/semi70,mbpp_plus/168,1,98,30
acc95/semi70,mbpp_plus/169,1,165,27
acc95/semi70,mbpp_plus/170,1,132,14
acc95/semi70,mbpp_plus/171,1,143,26
acc95/semi70,mbpp_plus/172,1,110,14
acc95/semi70,mbpp_plus/173,0,158,32
acc95/semi70,mbpp_plus/174,1,103,16
acc95/semi70,mbpp_plus/175,0,140,25
acc95/semi70,mbpp_plus/176,0,227,57
acc95/semi70,mbpp_plus/177,1,86,20
acc95/semi70,mbpp_plus/178,0,167,40
acc95/semi70,mbpp_plus/179,1,128,22
acc95/semi70,mbpp_plus/180,1,96,20
acc95/semi70,mbpp_plus/181,0,169,29
acc95/semi70,mbpp_plus/182,0,144,32
acc95/semi70,mbpp_plus/183,1,126,22
acc95/semi70,mbpp_plus/184,1,85,17
acc95/semi70,mbpp_plus/185,1,86,18
acc95/semi70,mbpp_plus/186,1,17,7
acc95/semi70,mbpp_plus/187,1,88,19
acc95/semi70,mbpp_plus/188,1,124,43
acc95/semi70,mbpp_plus/189,1,86,13
acc95/semi70,mbpp_plus/190,1,200,38
acc95/semi70,mbpp_plus/191,1,176,26
acc95/semi70,mbpp_plus/192,1,87,21
acc95/semi70,mbpp_plus/193,0,493,59
acc95/semi70,mbpp_plus/194,0,204,31
acc95/semi70,mbpp_plus/195,0,116,27
acc95/semi70,mbpp_plus/196,1,294,49
acc95/semi70,mbpp_plus/197,1,123,22
acc95/semi70,mbpp_plus/198,1,130,28
acc95/semi70,mbpp_plus/199,1,120,19
acc95/semi70,mbpp_plus/200,1,16,6
acc95/semi70,mbpp_plus/201,1,140,33
acc95/semi70,mbpp_plus/202,1,147,19
acc95/semi70,mbpp_plus/203,1,27,6
acc95/semi70,mbpp_plus/204,1,106,19
acc95/semi70,mbpp_plus/205,1,140,26
acc95/semi70,mbpp_plus/206,1,153,32
acc95/semi70,mbpp_plus/207,1,165,26
acc95/semi70,mbpp_plus/208,0,209,54
acc95/semi70,mbpp_plus/209,0,160,30
acc95/semi70,mbpp_plus/210,1,122,16
acc95/semi70,mbpp_plus/211,0,170,51
acc95/semi70,mbpp_plus/212,1,95,15
acc95/semi70,mbpp_plus/213,1,565,197
acc95/semi70,mbpp_plus/214,0,558,105
acc95/semi70,mbpp_plus/215,1,231,51
acc95/semi70,mbpp_plus/216,1,133,30
acc95/semi70,mbpp_plus/217,1,172,44
acc95/semi70,mbpp_plus/218,1,68,14
acc95/semi70,mbpp_plus/219,1,127,24
acc95/semi70,mbpp_plus/220,0,221,32
acc95/semi70,mbpp_plus/221,1,126,24
acc95/semi70,mbpp_plus/222,0,105,28
acc95/semi70,mbpp_plus/223,1,178,22
acc95/semi70,mbpp_plus/224,0,212,47
acc95/semi70,mbpp_plus/225,1,160,36
acc95/semi70,mbpp_plus/226,0,186,43
acc95/semi70,mbpp_plus/227,1,76,15
acc95/semi70,mbpp_plus/228,0,262,60
acc95/semi70,mbpp_plus/229,1,218,37
acc95/semi70,mbpp_plus/230,1,162,27
acc95/semi70,mbpp_plus/231,1,180,45
acc95/semi70,mbpp_plus/232,1,74,14
acc95/semi70,mbpp_plus/233,1,111,16
acc95/semi70,mbpp_plus/234,0,285,71
acc95/semi70,mbpp_plus/235,1,127,25
acc95/semi70,mbpp_plus/236,0,180,22
acc95/semi70,mbpp_plus/237,1,110,17
acc95/semi70,mbpp_plus/238,1,144,27
acc95/semi70,mbpp_plus/239,0,325,92
acc95/semi70,mbpp_plus/240,0,184,32
acc95/semi70,mbpp_plus/241,1,127,28
acc95/semi70,mbpp_plus/242,0,144,40
acc95/semi70,mbpp_plus/243,1,166,38
acc95/semi70,mbpp_plus/244,1,146,29
acc95/semi70,mbpp_plus/245,0,119,23
acc95/semi70,mbpp_plus/246,1,97,26
acc95/semi70,mbpp_plus/247,1,100,23
acc95/semi70,mbpp_plus/248,1,178,28
acc95/semi70,mbpp_plus/249,1,113,18
acc95/semi70,mbpp_plus/250,0,167,31
acc95/semi70,mbpp_plus/251,0,303,48
acc95/semi70,mbpp_plus/252,1,87,13
acc95/semi70,mbpp_plus/253,1,17,8
acc95/semi70,mbpp_plus/254,1,205,67
acc95/semi70,mbpp_plus/255,1,113,15
acc95/semi90,humaneval_plus/0,1,206,28
acc95/semi90,humaneval_plus/1,1,253,42
acc95/semi90,humaneval_plus/2,1,290,57
acc95/semi90,humaneval_plus/3,1,213,30
acc95/semi90,humaneval_plus/4,1,152,31
acc95/semi90,humaneval_plus/5,1,493,85
acc95/semi90,humaneval_plus/6,1,257,45
acc95/semi90,humaneval_plus/7,1,259,38
acc95/semi90,humaneval_plus/8,1,506,57
acc95/semi90,humaneval_plus/9,0,260,33
acc95/semi90,humaneval_plus/10,1,209,29
acc95/semi90,humaneval_plus/11,1,292,60
acc95/semi90,humaneval_plus/12,0,234,75
acc95/semi90,humaneval_plus/13,1,217,44
acc95/semi90,humaneval_plus/14,1,266,67
acc95/semi90,humaneval_plus/15,0,311,33
acc95/semi90,humaneval_plus/16,1,282,42
acc95/semi90,humaneval_plus/17,0,295,61
acc95/semi90,humaneval_plus/18,1,161,26
acc95/semi90,humaneval_plus/19,1,368,66
acc95/semi90,humaneval_plus/20,1,321,80
acc95/semi90,humaneval_plus/21,1,290,32
acc95/semi90,humaneval_plus/22,1,265,46
acc95/semi90,humaneval_plus/23,1,328,53
acc95/semi90,humaneval_plus/24,1,164,21
acc95/semi90,humaneval_plus/25,0,299,36
acc95/semi90,humaneval_plus/26,1,177,26
acc95/semi90,humaneval_plus/27,1,183,24
acc95/semi90,humaneval_plus/28,1,383,55
acc95/semi90,humaneval_plus/29,0,413,93
acc95/semi90,humaneval_plus/30,0,281,49
acc95/semi90,humaneval_plus/31,0,429,55
acc95/semi90,humaneval_plus/32,0,323,56
acc95/semi90,humaneval_plus/33,1,253,53
acc95/semi90,humaneval_plus/34,0,495,138
acc95/semi90,humaneval_plus/35,1,129,11
acc95/semi90,humaneval_plus/36,0,395,53
acc95/semi90,humaneval_plus/37,1,188,39
acc95/semi90,humaneval_plus/38,0,475,145
acc95/semi90,humaneval_plus/39,1,229,31
acc95/semi90,humaneval_plus/40,0,270,49
acc95/semi90,humaneval_plus/41,0,189,33
acc95/semi90,humaneval_plus/42,1,278,37
acc95/semi90,humaneval_plus/43,0,242,38
acc95/semi90,humaneval_plus/44,1,221,72
acc95/semi90,humaneval_plus/45,1,186,27
acc95/semi90,humaneval_plus/46,1,97,11
acc95/semi90,humaneval_plus/47,0,193,40
acc95/semi90,humaneval_plus/48,1,444,75
acc95/semi90,humaneval_plus/49,1,251,31
acc95/semi90,humaneval_plus/50,1,307,40
acc95/semi90,humaneval_plus/51,1,269,67
acc95/semi90,humaneval_plus/52,0,182,56
acc95/semi90,humaneval_plus/53,1,284,47
acc95/semi90,humaneval_plus/54,1,299,39
acc95/semi90,humaneval_plus/55,0,412,73
acc95/semi90,humaneval_plus/56,1,156,40
acc95/semi90,humaneval_plus/57,1,92,9
acc95/semi90,humaneval_plus/58,1,205,15
acc95/semi90,humaneval_plus/59,1,212,19
acc95/semi90,humaneval_plus/60,1,109,22
acc95/semi90,humaneval_plus/61,1,206,47
acc95/semi90,humaneval_plus/62,1,262,49
acc95/semi90,humaneval_plus/63,1,205,31
acc95/semi90,humaneval_plus/64,0,326,29
acc95/semi90,humaneval_plus/65,1,204,35
acc95/semi90,humaneval_plus/66,0,217,34
acc95/semi90,humaneval_plus/67,1,798,91
acc95/semi90,humaneval_plus/68,1,136,22
acc95/semi90,humaneval_plus/69,0,213,49
acc95/semi90,humaneval_plus/70,1,262,41
acc95/semi90,humaneval_plus/71,1,137,20
acc95/semi90,humaneval_plus/72,0,200,28
acc95/semi90,humaneval_plus/73,1,257,28
acc95/semi90,humaneval_plus/74,0,183,36
acc95/semi90,humaneval_plus/75,1,289,39
acc95/semi90,humaneval_plus/76,0,152,47
acc95/semi90,humaneval_plus/77,1,308,33
acc95/semi90,humaneval_plus/78,0,203,31
acc95/semi90,humaneval_plus/79,0,115,11
acc95/semi90,humaneval_plus/80,1,58,8
acc95/semi90,humaneval_plus/81,1,119,19
acc95/semi90,humaneval_plus/82,1,225,21
acc95/semi90,humaneval_plus/83,1,176,16
acc95/semi90,humaneval_plus/84,1,105,9
acc95/semi90,humaneval_plus/85,1,76,6
acc95/semi90,humaneval_plus/86,1,111,10
acc95/semi90,humaneval_plus/87,1,159,17
acc95/semi90,humaneval_plus/88,1,142,11
acc95/semi90,humaneval_plus/89,1,249,20
acc95/semi90,humaneval_plus/90,0,1225,327
acc95/semi90,humaneval_plus/91,0,287,42
acc95/semi90,humaneval_plus/92,1,87,8
acc95/semi90,humaneval_plus/93,1,144,16
acc95/semi90,humaneval_plus/94,1,157,18
acc95/semi90,humaneval_plus/95,1,252,33
acc95/semi90,humaneval_plus/96,1,285,26
acc95/semi90,humaneval_plus/97,1,263,20
acc95/semi90,humaneval_plus/98,1,221,29
acc95/semi90,humaneval_plus/99,0,274,27
acc95/semi90,humaneval_plus/100,1,213,52
acc95/semi90,humaneval_plus/101,1,133,7
acc95/semi90,humaneval_plus/102,1,254,33
acc95/semi90,humaneval_plus/103,0,163,24
acc95/semi90,humaneval_plus/104,1,60,7
acc95/semi90,humaneval_plus/105,1,325,38
acc95/semi90,humaneval_plus/106,0,209,21
acc95/semi90,humaneval_plus/107,1,109,9
acc95/semi90,humaneval_plus/108,0,209,26
acc95/semi90,humaneval_plus/109,1,159,14
acc95/semi90,humaneval_plus/110,1,137,12
acc95/semi90,humaneval_plus/111,1,179,12
acc95/semi90,humaneval_plus/112,1,110,7
acc95/semi90,humaneval_plus/113,1,63,5
acc95/semi90,humaneval_plus/114,0,155,12
acc95/semi90,humaneval_plus/115,1,130,13
acc95/semi90,humaneval_plus/116,0,599,73
acc95/semi90,humaneval_plus/117,1,189,17
acc95/semi90,humaneval_plus/118,1,200,31
acc95/semi90,humaneval_plus/119,1,208,17
acc95/semi90,humaneval_plus/120,0,227,30
acc95/semi90,humaneval_plus/121,1,125,11
acc95/semi90,humaneval_plus/122,1,386,42
acc95/semi90,humaneval_plus/123,1,168,17
acc95/semi90,humaneval_plus/124,1,278,44
acc95/semi90,humaneval_plus/125,1,216,35
acc95/semi90,humaneval_plus/126,1,198,46
acc95/semi90,humaneval_plus/127,1,156,18
acc95/semi90,humaneval_plus/128,0,230,68
acc95/semi90,humaneval_plus/129,1,455,50
acc95/semi90,humaneval_plus/130,1,264,28
acc95/semi90,humaneval_plus/131,1,116,10
acc95/semi90,humaneval_plus/132,1,273,31
acc95/semi90,humaneval_plus/133,0,285,57
acc95/semi90,humaneval_plus/134,1,165,57
acc95/semi90,humaneval_plus/135,1,240,33
acc95/semi90,humaneval_plus/136,1,302,33
acc95/semi90,humaneval_plus/137,1,331,51
acc95/semi90,humaneval_plus/138,0,267,77
acc95/semi90,humaneval_plus/139,1,280,68
acc95/semi90,humaneval_plus/140,0,174,56
acc95/semi90,humaneval_plus/141,1,236,41
acc95/semi90,humaneval_plus/142,1,178,14
acc95/semi90,humaneval_plus/143,1,208,26
acc95/semi90,humaneval_plus/144,0,731,85
acc95/semi90,humaneval_plus/145,1,179,17
acc95/semi90,humaneval_plus/146,0,258,83
acc95/semi90,humaneval_plus/147,0,255,39
acc95/semi90,humaneval_plus/148,1,134,24
acc95/semi90,humaneval_plus/149,1,229,36
acc95/semi90,humaneval_plus/150,0,103,16
acc95/semi90,humaneval_plus/151,1,357,43
acc95/semi90,humaneval_plus/152,0,262,55
acc95/semi90,humaneval_plus/153,1,169,15
acc95/semi90,humaneval_plus/154,1,230,28
acc95/semi90,humaneval_plus/155,0,242,45
acc95/semi90,humaneval_plus/156,0,219,25
acc95/semi90,humaneval_plus/157,1,289,59
acc95/semi90,humaneval_plus/158,1,177,19
acc95/semi90,humaneval_plus/159,1,304,44
acc95/semi90,humaneval_plus/160,0,641,63
acc95/semi90,humaneval_plus/161,1,187,24
acc95/semi90,humaneval_plus/162,0,145,27
acc95/semi90,humaneval_plus/163,0,318,60
acc95/semi90,mbpp_plus/0,1,140,25
acc95/semi90,mbpp_plus/1,1,89,22
acc95/semi90,mbpp_plus/2,0,140,33
acc95/semi90,mbpp_plus/3,0,423,112
acc95/semi90,mbpp_plus/4,1,104,20
acc95/semi90,mbpp_plus/5,1,70,16
acc95/semi90,mbpp_plus/6,1,80,27
acc95/semi90,mbpp_plus/7,1,118,24
acc95/semi90,mbpp_plus/8,1,216,69
acc95/semi90,mbpp_plus/9,0,203,35
acc95/semi90,mbpp_plus/10,0,140,32
acc95/semi90,mbpp_plus/11,0,104,13
acc95/semi90,mbpp_plus/12,1,110,33
acc95/semi90,mbpp_plus/13,1,97,20
acc95/semi90,mbpp_plus/14,0,359,106
acc95/semi90,mbpp_plus/15,1,82,15
acc95/semi90,mbpp_plus/16,0,278,48
acc95/semi90,mbpp_plus/17,0,664,130
acc95/semi90,mbpp_plus/18,0,100,16
acc95/semi90,mbpp_plus/19,1,205,49
acc95/semi90,mbpp_plus/20,1,198,37
acc95/semi90,mbpp_plus/21,1,19,6
acc95/semi90,mbpp_plus/22,1,160,32
acc95/semi90,mbpp_plus/23,1,357,57
acc95/semi90,mbpp_plus/24,1,153,25
acc95/semi90,mbpp_plus/25,1,286,38
acc95/semi90,mbpp_plus/26,1,76,18
acc95/semi90,mbpp_plus/27,1,147,18
acc95/semi90,mbpp_plus/28,1,120,25
acc95/semi90,mbpp_plus/29,0,164,27
acc95/semi90,mbpp_plus/30,0,204,61
acc95/semi90,mbpp_plus/31,1,79,6
acc95/semi90,mbpp_plus/32,0,173,41
acc95/semi90,mbpp_plus/33,1,109,24
acc95/semi90,mbpp_plus/34,0,307,72
acc95/semi90,mbpp_plus/35,1,172,39
acc95/semi90,mbpp_plus/36,1,135,26
acc95/semi90,mbpp_plus/37,0,185,65
acc95/semi90,mbpp_plus/38,0,277,57
acc95/semi90,mbpp_plus/39,0,224,45
acc95/semi90,mbpp_plus/40,1,168,31
acc95/semi90,mbpp_plus/41,0,228,66
acc95/semi90,mbpp_plus/42,1,297,45
acc95/semi90,mbpp_plus/43,1,109,15
acc95/semi90,mbpp_plus/44,1,78,21
acc95/semi90,mbpp_plus/45,1,82,11
acc95/semi90,mbpp_plus/46,1,161,41
acc95/semi90,mbpp_plus/47,1,90,14
acc95/semi90,mbpp_plus/48,1,184,27
acc95/semi90,mbpp_plus/49,0,175,45
acc95/semi90,mbpp_plus/50,1,126,30
acc95/semi90,mbpp_plus/51,0,175,37
acc95/semi90,mbpp_plus/52,1,188,47
acc95/semi90,mbpp_plus/53,1,157,22
acc95/semi90,mbpp_plus/54,0,320,82
acc95/semi90,mbpp_plus/55,1,142,35
acc95/semi90,mbpp_plus/56,1,107,30
acc95/semi90,mbpp_plus/57,1,27,8
acc95/semi90,mbpp_plus/58,1,110,25
acc95/semi90,mbpp_plus/59,1,122,26
acc95/semi90,mbpp_plus/60,1,703,258
acc95/semi90,mbpp_plus/61,1,101,16
acc95/semi90,mbpp_plus/62,0,188,71
acc95/semi90,mbpp_plus/63,0,136,27
acc95/semi90,mbpp_plus/64,1,157,38
acc95/semi90,mbpp_plus/65,1,335,117
acc95/semi90,mbpp_plus/66,1,173,54
acc95/semi90,mbpp_plus/67,1,88,13
acc95/semi90,mbpp_plus/68,0,159,27
acc95/semi90,mbpp_plus/69,1,441,66
acc95/semi90,mbpp_plus/70,1,321,34
acc95/semi90,mbpp_plus/71,1,113,20
acc95/semi90,mbpp_plus/72,1,103,19
acc95/semi90,mbpp_plus/73,0,126,34
acc95/semi90,mbpp_plus/74,1,125,18
acc95/semi90,mbpp_plus/75,0,89,26
acc95/semi90,mbpp_plus/76,1,243,43
acc95/semi90,mbpp_plus/77,0,21,7
acc95/semi90,mbpp_plus/78,0,127,43
acc95/semi90,mbpp_plus/79,0,460,130
acc95/semi90,mbpp_plus/80,1,111,33
acc95/semi90,mbpp_plus/81,1,113,19
acc95/semi90,mbpp_plus/82,0,131,51
acc95/semi90,mbpp_plus/83,1,158,36
acc95/semi90,mbpp_plus/84,1,105,28
acc95/semi90,mbpp_plus/85,0,149,33
acc95/semi90,mbpp_plus/86,1,130,39
acc95/semi90,mbpp_plus/87,1,22,5
acc95/semi90,mbpp_plus/88,1,175,29
acc95/semi90,mbpp_plus/89,1,146,24
acc95/semi90,mbpp_plus/90,1,85,16
acc95/semi90,mbpp_plus/91,0,106,31
acc95/semi90,mbpp_plus/92,1,184,48
acc95/semi90,mbpp_plus/93,1,98,15
acc95/semi90,mbpp_plus/94,1,104,17
acc95/semi90,mbpp_plus/95,0,127,32
acc95/semi90,mbpp_plus/96,1,126,25
acc95/semi90,mbpp_plus/97,1,114,29
acc95/semi90,mbpp_plus/98,1,125,22
acc95/semi90,mbpp_plus/99,1,129,20
acc95/semi90,mbpp_plus/100,1,196,45
acc95/semi90,mbpp_plus/101,1,107,16
acc95/semi90,mbpp_plus/102,0,155,38
acc95/semi90,mbpp_plus/103,1,663,212
acc95/semi90,mbpp_plus/104,0,294,69
acc95/semi90,mbpp_plus/105,0,95,16
acc95/semi90,mbpp_plus/106,1,23,6
acc95/semi90,mbpp_plus/107,1,103,22
acc95/semi90,mbpp_plus/108,0,165,43
acc95/semi90,mbpp_plus/109,1,189,36
acc95/semi90,mbpp_plus/110,1,153,21
acc95/semi90,mbpp_plus/111,1,205,49
acc95/semi90,mbpp_plus/112,1,444,54
acc95/semi90,mbpp_plus/113,0,226,64
acc95/semi90,mbpp_plus/114,1,153,37
acc95/semi90,mbpp_plus/115,0,160,53
acc95/semi90,mbpp_plus/116,0,781,151
acc95/semi90,mbpp_plus/117,1,170,23
acc95/semi90,mbpp_plus/118,1,98,16
acc95/semi90,mbpp_plus/119,0,71,12
acc95/semi90,mbpp_plus/120,0,181,58
acc95/semi90,mbpp_plus/121,1,155,27
acc95/semi90,mbpp_plus/122,1,144,30
acc95/semi90,mbpp_plus/123,1,253,37
acc95/semi90,mbpp_plus/124,0,107,25
acc95/semi90,mbpp_plus/125,0,148,34
acc95/semi90,mbpp_plus/126,0,243,59
acc95/semi90,mbpp_plus/127,1,105,30
acc95/semi90,mbpp_plus/128,1,175,18
acc95/semi90,mbpp_plus/129,1,123,31
acc95/semi90,mbpp_plus/130,0,170,34
acc95/semi90,mbpp_plus/131,1,97,15
acc95/semi90,mbpp_plus/132,0,22,12
acc95/semi90,mbpp_plus/133,1,88,14
acc95/semi90,mbpp_plus/134,1,77,16
acc95/semi90,mbpp_plus/135,1,129,31
acc95/semi90,mbpp_plus/136,0,128,38
acc95/semi90,mbpp_plus/137,1,77,19
acc95/semi90,mbpp_plus/138,1,107,25
acc95/semi90,mbpp_plus/139,1,104,20
acc95/semi90,mbpp_plus/140,0,178,27
acc95/semi90,mbpp_plus/141,1,39,11
acc95/semi90,mbpp_plus/142,0,237,40
acc95/semi90,mbpp_plus/143,1,134,28
acc95/semi90,mbpp_plus/144,1,84,31
acc95/semi90,mbpp_plus/145,1,171,26
acc95/semi90,mbpp_plus/146,1,110,26
acc95/semi90,mbpp_plus/147,1,112,25
acc95/semi90,mbpp_plus/148,1,145,15
acc95/semi90,mbpp_plus/149,1,136,36
acc95/semi90,mbpp_plus/150,1,287,61
acc95/semi90,mbpp_plus/151,1,112,32
acc95/semi90,mbpp_plus/152,0,262,96
acc95/semi90,mbpp_plus/153,1,413,166
acc95/semi90,mbpp_plus/154,1,103,14
acc95/semi90,mbpp_plus/155,1,116,27
acc95/semi90,mbpp_plus/156,1,107,18
acc95/semi90,mbpp_plus/157,0,92,28
acc95/semi90,mbpp_plus/158,1,140,33
acc95/semi90,mbpp_plus/159,1,449,144
acc95/semi90,mbpp_plus/160,0,116,26
acc95/semi90,mbpp_plus/161,0,150,35
acc95/semi90,mbpp_plus/162,1,117,27
acc95/semi90,mbpp_plus/163,1,166,19
acc95/semi90,mbpp_plus/164,0,309,58
acc95/semi90,mbpp_plus/165,1,102,26
acc95/semi90,mbpp_plus/166,1,75,15
acc95/semi90,mbpp_plus/167,1,159,28
acc95/semi90,mbpp_plus/168,1,97,34
acc95/semi90,mbpp_plus/169,1,149,19
acc95/semi90,mbpp_plus/170,1,132,14
acc95/semi90,mbpp_plus/171,1,96,22
acc95/semi90,mbpp_plus/172,1,110,18
acc95/semi90,mbpp_plus/173,0,158,34
acc95/semi90,mbpp_plus/174,1,103,16
acc95/semi90,mbpp_plus/175,0,140,30
acc95/semi90,mbpp_plus/176,1,225,43
acc95/semi90,mbpp_plus/177,1,86,22
acc95/semi90,mbpp_plus/178,0,225,51
acc95/semi90,mbpp_plus/179,1,129,22
acc95/semi90,mbpp_plus/180,1,95,16
acc95/semi90,mbpp_plus/181,0,170,32
acc95/semi90,mbpp_plus/182,0,135,35
acc95/semi90,mbpp_plus/183,1,126,26
acc95/semi90,mbpp_plus/184,1,85,17
acc95/semi90,mbpp_plus/185,1,194,33
acc95/semi90,mbpp_plus/186,1,17,6
acc95/semi90,mbpp_plus/187,1,89,21
acc95/semi90,mbpp_plus/188,1,116,29
acc95/semi90,mbpp_plus/189,1,86,12
acc95/semi90,mbpp_plus/190,1,197,42
acc95/semi90,mbpp_plus/191,1,177,30
acc95/semi90,mbpp_plus/192,1,87,22
acc95/semi90,mbpp_plus/193,0,212,48
acc95/semi90,mbpp_plus/194,0,204,40
acc95/semi90,mbpp_plus/195,1,116,21
acc95/semi90,mbpp_plus/196,1,139,37
acc95/semi90,mbpp_plus/197,1,124,21
acc95/semi90,mbpp_plus/198,1,127,30
acc95/semi90,mbpp_plus/199,1,120,19
acc95/semi90,mbpp_plus/200,1,16,7
acc95/semi90,mbpp_plus/201,1,142,33
acc95/semi90,mbpp_plus/202,1,147,20
acc95/semi90,mbpp_plus/203,1,73,13
acc95/semi90,mbpp_plus/204,1,108,19
acc95/semi90,mbpp_plus/205,1,140,26
acc95/semi90,mbpp_plus/206,1,149,39
acc95/semi90,mbpp_plus/207,1,166,29
acc95/semi90,mbpp_plus/208,0,205,56
acc95/semi90,mbpp_plus/209,0,183,47
acc95/semi90,mbpp_plus/210,1,127,21
acc95/semi90,mbpp_plus/211,0,170,43
acc95/semi90,mbpp_plus/212,1,95,16
acc95/semi90,mbpp_plus/213,1,160,55
acc95/semi90,mbpp_plus/214,0,290,80
acc95/semi90,mbpp_plus/215,1,258,54
acc95/semi90,mbpp_plus/216,0,129,22
acc95/semi90,mbpp_plus/217,1,170,42
acc95/semi90,mbpp_plus/218,1,68,15
acc95/semi90,mbpp_plus/219,1,123,29
acc95/semi90,mbpp_plus/220,0,216,31
acc95/semi90,mbpp_plus/221,1,126,25
acc95/semi90,mbpp_plus/222,0,105,29
acc95/semi90,mbpp_plus/223,1,178,23
acc95/semi90,mbpp_plus/224,0,192,44
acc95/semi90,mbpp_plus/225,1,201,51
acc95/semi90,mbpp_plus/226,1,188,41
acc95/semi90,mbpp_plus/227,1,76,16
acc95/semi90,mbpp_plus/228,0,303,71
acc95/semi90,mbpp_plus/229,1,219,42
acc95/semi90,mbpp_plus/230,1,162,32
acc95/semi90,mbpp_plus/231,1,190,57
acc95/semi90,mbpp_plus/232,1,75,15
acc95/semi90,mbpp_plus/233,1,111,17
acc95/semi90,mbpp_plus/234,0,3960,915
acc95/semi90,mbpp_plus/235,1,126,24
acc95/semi90,mbpp_plus/236,1,178,24
acc95/semi90,mbpp_plus/237,1,107,13
acc95/semi90,mbpp_plus/238,1,148,33
acc95/semi90,mbpp_plus/239,0,320,95
acc95/semi90,mbpp_plus/240,0,184,31
acc95/semi90,mbpp_plus/241,1,117,27
acc95/semi90,mbpp_plus/242,0,346,66
acc95/semi90,mbpp_plus/243,1,168,50
acc95/semi90,mbpp_plus/244,1,137,25
acc95/semi90,mbpp_plus/245,0,119,25
acc95/semi90,mbpp_plus/246,1,97,24
acc95/semi90,mbpp_plus/247,1,100,23
acc95/semi90,mbpp_plus/248,1,178,28
acc95/semi90,mbpp_plus/249,1,113,18
acc95/semi90,mbpp_plus/250,0,167,33
acc95/semi90,mbpp_plus/251,0,303,53
acc95/semi90,mbpp_plus/252,1,88,13
acc95/semi90,mbpp_plus/253,1,17,8
acc95/semi90,mbpp_plus/254,1,237,95
acc95/semi90,mbpp_plus/255,1,113,14
acc99/semi70,humaneval_plus/0,1,207,37
acc99/semi70,humaneval_plus/1,1,239,51
acc99/semi70,humaneval_plus/2,0,288,78
acc99/semi70,humaneval_plus/3,1,213,43
acc99/semi70,humaneval_plus/4,1,151,29
acc99/semi70,humaneval_plus/5,1,215,60
acc99/semi70,humaneval_plus/6,0,257,56
acc99/semi70,humaneval_plus/7,1,259,51
acc99/semi70,humaneval_plus/8,0,493,81
acc99/semi70,humaneval_plus/9,1,260,45
acc99/semi70,humaneval_plus/10,1,347,40
acc99/semi70,humaneval_plus/11,1,302,87
acc99/semi70,humaneval_plus/12,0,244,85
acc99/semi70,humaneval_plus/13,1,210,54
acc99/semi70,humaneval_plus/14,1,519,137
acc99/semi70,humaneval_plus/15,1,303,50
acc99/semi70,humaneval_plus/16,1,281,65
acc99/semi70,humaneval_plus/17,0,305,80
acc99/semi70,humaneval_plus/18,1,161,32
acc99/semi70,humaneval_plus/19,0,364,90
acc99/semi70,humaneval_plus/20,0,329,120
acc99/semi70,humaneval_plus/21,1,290,44
acc99/semi70,humaneval_plus/22,1,284,71
acc99/semi70,humaneval_plus/23,1,317,68
acc99/semi70,humaneval_plus/24,1,163,28
acc99/semi70,humaneval_plus/25,1,317,53
acc99/semi70,humaneval_plus/26,1,188,42
acc99/semi70,humaneval_plus/27,1,183,32
acc99/semi70,humaneval_plus/28,1,382,77
acc99/semi70,humaneval_plus/29,0,627,100
acc99/semi70,humaneval_plus/30,0,280,88
acc99/semi70,humaneval_plus/31,0,405,70
acc99/semi70,humaneval_plus/32,1,358,90
acc99/semi70,humaneval_plus/33,0,231,60
acc99/semi70,humaneval_plus/34,0,434,119
acc99/semi70,humaneval_plus/35,1,129,18
acc99/semi70,humaneval_plus/36,0,725,115
acc99/semi70,humaneval_plus/37,0,186,61
acc99/semi70,humaneval_plus/38,0,309,108
acc99/semi70,humaneval_plus/39,1,225,48
acc99/semi70,humaneval_plus/40,0,271,70
acc99/semi70,humaneval_plus/41,0,378,59
acc99/semi70,humaneval_plus/42,1,276,50
acc99/semi70,humaneval_plus/43,0,243,40
acc99/semi70,humaneval_plus/44,1,247,104
acc99/semi70,humaneval_plus/45,1,186,37
acc99/semi70,humaneval_plus/46,1,97,16
acc99/semi70,humaneval_plus/47,0,297,89
acc99/semi70,humaneval_plus/48,0,454,105
acc99/semi70,humaneval_plus/49,1,252,48
acc99/semi70,humaneval_plus/50,0,155,37
acc99/semi70,humaneval_plus/51,1,260,88
acc99/semi70,humaneval_plus/52,0,254,84
acc99/semi70,humaneval_plus/53,0,273,53
acc99/semi70,humaneval_plus/54,1,300,42
acc99/semi70,humaneval_plus/55,0,392,104
acc99/semi70,humaneval_plus/56,1,171,64
acc99/semi70,humaneval_plus/57,1,92,14
acc99/semi70,humaneval_plus/58,1,205,26
acc99/semi70,humaneval_plus/59,1,211,31
acc99/semi70,humaneval_plus/60,1,295,52
acc99/semi70,humaneval_plus/61,1,215,60
acc99/semi70,humaneval_plus/62,0,258,52
acc99/semi70,humaneval_plus/63,1,205,39
acc99/semi70,humaneval_plus/64,1,327,41
acc99/semi70,humaneval_plus/65,0,199,47
acc99/semi70,humaneval_plus/66,0,217,52
acc99/semi70,humaneval_plus/67,0,409,82
acc99/semi70,humaneval_plus/68,1,159,34
acc99/semi70,humaneval_plus/69,0,214,58
acc99/semi70,humaneval_plus/70,1,262,55
acc99/semi70,humaneval_plus/71,1,136,21
acc99/semi70,humaneval_plus/72,0,200,38
acc99/semi70,humaneval_plus/73,1,533,110
acc99/semi70,humaneval_plus/74,1,399,67
acc99/semi70,humaneval_plus/75,1,595,78
acc99/semi70,humaneval_plus/76,1,121,29
acc99/semi70,humaneval_plus/77,1,308,51
acc99/semi70,humaneval_plus/78,0,204,45
acc99/semi70,humaneval_plus/79,1,122,18
acc99/semi70,humaneval_plus/80,1,58,13
acc99/semi70,humaneval_plus/81,1,119,28
acc99/semi70,humaneval_plus/82,1,225,30
acc99/semi70,humaneval_plus/83,1,176,26
acc99/semi70,humaneval_plus/84,1,105,12
acc99/semi70,humaneval_plus/85,1,76,9
acc99/semi70,humaneval_plus/86,1,111,12
acc99/semi70,humaneval_plus/87,1,159,21
acc99/semi70,humaneval_plus/88,1,142,13
acc99/semi70,humaneval_plus/89,1,249,27
acc99/semi70,humaneval_plus/90,0,3750,802
acc99/semi70,humaneval_plus/91,1,282,52
acc99/semi70,humaneval_plus/92,1,87,12
acc99/semi70,humaneval_plus/93,1,144,22
acc99/semi70,humaneval_plus/94,1,157,28
acc99/semi70,humaneval_plus/95,0,244,55
acc99/semi70,humaneval_plus/96,1,285,35
acc99/semi70,humaneval_plus/97,1,252,45
acc99/semi70,humaneval_plus/98,1,210,45
acc99/semi70,humaneval_plus/99,1,278,36
acc99/semi70,humaneval_plus/100,1,199,68
acc99/semi70,humaneval_plus/101,1,133,9
acc99/semi70,humaneval_plus/102,1,254,44
acc99/semi70,humaneval_plus/103,1,167,26
acc99/semi70,humaneval_plus/104,1,60,11
acc99/semi70,humaneval_plus/105,1,366,51
acc99/semi70,humaneval_plus/106,1,205,25
acc99/semi70,humaneval_plus/107,1,109,12
acc99/semi70,humaneval_plus/108,0,208,33
acc99/semi70,humaneval_plus/109,1,160,24
acc99/semi70,humaneval_plus/110,1,137,19
acc99/semi70,humaneval_plus/111,1,179,19
acc99/semi70,humaneval_plus/112,1,110,10
acc99/semi70,humaneval_plus/113,1,63,7
acc99/semi70,humaneval_plus/114,0,155,17
acc99/semi70,humaneval_plus/115,1,130,18
acc99/semi70,humaneval_plus/116,1,186,37
acc99/semi70,humaneval_plus/117,1,396,59
acc99/semi70,humaneval_plus/118,1,200,44
acc99/semi70,humaneval_plus/119,1,208,23
acc99/semi70,humaneval_plus/120,0,225,37
acc99/semi70,humaneval_plus/121,1,125,12
acc99/semi70,humaneval_plus/122,1,184,35
acc99/semi70,humaneval_plus/123,1,168,23
acc99/semi70,humaneval_plus/124,1,288,52
acc99/semi70,humaneval_plus/125,0,217,45
acc99/semi70,humaneval_plus/126,1,215,66
acc99/semi70,humaneval_plus/127,1,156,22
acc99/semi70,humaneval_plus/128,1,327,88
acc99/semi70,humaneval_plus/129,1,446,71
acc99/semi70,humaneval_plus/130,1,264,45
acc99/semi70,humaneval_plus/131,1,251,33
acc99/semi70,humaneval_plus/132,1,287,55
acc99/semi70,humaneval_plus/133,1,257,46
acc99/semi70,humaneval_plus/134,1,165,61
acc99/semi70,humaneval_plus/135,1,240,41
acc99/semi70,humaneval_plus/136,1,303,43
acc99/semi70,humaneval_plus/137,0,356,103
acc99/semi70,humaneval_plus/138,0,286,104
acc99/semi70,humaneval_plus/139,1,255,88
acc99/semi70,humaneval_plus/140,1,146,44
acc99/semi70,humaneval_plus/141,1,118,51
acc99/semi70,humaneval_plus/142,1,181,21
acc99/semi70,humaneval_plus/143,1,437,64
acc99/semi70,humaneval_plus/144,1,746,92
acc99/semi70,humaneval_plus/145,0,168,30
acc99/semi70,humaneval_plus/146,0,287,135
acc99/semi70,humaneval_plus/147,0,231,54
acc99/semi70,humaneval_plus/148,1,133,33
acc99/semi70,humaneval_plus/149,1,286,81
acc99/semi70,humaneval_plus/150,0,1102,216
acc99/semi70,humaneval_plus/151,0,237,36
acc99/semi70,humaneval_plus/152,0,280,79
acc99/semi70,humaneval_plus/153,1,168,27
acc99/semi70,humaneval_plus/154,1,230,36
acc99/semi70,humaneval_plus/155,0,243,49
acc99/semi70,humaneval_plus/156,1,226,32
acc99/semi70,humaneval_plus/157,1,328,90
acc99/semi70,humaneval_plus/158,1,177,24
acc99/semi70,humaneval_plus/159,0,304,57
acc99/semi70,humaneval_plus/160,0,646,87
acc99/semi70,humaneval_plus/161,1,189,28
acc99/semi70,humaneval_plus/162,0,158,49
acc99/semi70,humaneval_plus/163,1,302,63
acc99/semi70,mbpp_plus/0,1,140,39
acc99/semi70,mbpp_plus/1,1,89,23
acc99/semi70,mbpp_plus/2,0,139,44
acc99/semi70,mbpp_plus/3,1,759,148
acc99/semi70,mbpp_plus/4,1,104,27
acc99/semi70,mbpp_plus/5,1,70,19
acc99/semi70,mbpp_plus/6,1,80,28
acc99/semi70,mbpp_plus/7,1,117,27
acc99/semi70,mbpp_plus/8,0,233,88
acc99/semi70,mbpp_plus/9,0,214,67
acc99/semi70,mbpp_plus/10,0,138,39
acc99/semi70,mbpp_plus/11,0,102,25
acc99/semi70,mbpp_plus/12,1,130,39
acc99/semi70,mbpp_plus/13,1,75,21
acc99/semi70,mbpp_plus/14,0,345,88
acc99/semi70,mbpp_plus/15,1,82,24
acc99/semi70,mbpp_plus/16,0,291,78
acc99/semi70,mbpp_plus/17,1,328,109
acc99/semi70,mbpp_plus/18,0,101,20
acc99/semi70,mbpp_plus/19,1,205,64
acc99/semi70,mbpp_plus/20,1,377,69
acc99/semi70,mbpp_plus/21,1,19,4
acc99/semi70,mbpp_plus/22,1,161,48
acc99/semi70,mbpp_plus/23,1,356,68
acc99/semi70,mbpp_plus/24,1,153,31
acc99/semi70,mbpp_plus/25,0,285,68
acc99/semi70,mbpp_plus/26,1,123,29
acc99/semi70,mbpp_plus/27,1,147,22
acc99/semi70,mbpp_plus/28,1,120,30
acc99/semi70,mbpp_plus/29,0,164,32
acc99/semi70,mbpp_plus/30,0,137,34
acc99/semi70,mbpp_plus/31,1,79,9
acc99/semi70,mbpp_plus/32,0,172,57
acc99/semi70,mbpp_plus/33,1,109,30
acc99/semi70,mbpp_plus/34,1,725,158
acc99/semi70,mbpp_plus/35,0,125,46
acc99/semi70,mbpp_plus/36,0,110,32
acc99/semi70,mbpp_plus/37,0,170,72
acc99/semi70,mbpp_plus/38,0,584,109
acc99/semi70,mbpp_plus/39,0,229,54
acc99/semi70,mbpp_plus/40,1,168,46
acc99/semi70,mbpp_plus/41,0,448,132
acc99/semi70,mbpp_plus/42,1,189,40
acc99/semi70,mbpp_plus/43,1,137,42
acc99/semi70,mbpp_plus/44,1,78,26
acc99/semi70,mbpp_plus/45,1,81,24
acc99/semi70,mbpp_plus/46,1,161,49
acc99/semi70,mbpp_plus/47,1,90,14
acc99/semi70,mbpp_plus/48,0,239,67
acc99/semi70,mbpp_plus/49,1,169,42
acc99/semi70,mbpp_plus/50,1,136,45
acc99/semi70,mbpp_plus/51,0,186,57
acc99/semi70,mbpp_plus/52,1,187,58
acc99/semi70,mbpp_plus/53,1,187,42
acc99/semi70,mbpp_plus/54,0,254,68
acc99/semi70,mbpp_plus/55,1,142,44
acc99/semi70,mbpp_plus/56,1,89,31
acc99/semi70,mbpp_plus/57,0,28,25
acc99/semi70,mbpp_plus/58,1,109,31
acc99/semi70,mbpp_plus/59,0,109,36
acc99/semi70,mbpp_plus/60,1,96,18
acc99/semi70,mbpp_plus/61,1,101,22
acc99/semi70,mbpp_plus/62,0,168,68
acc99/semi70,mbpp_plus/63,0,291,66
acc99/semi70,mbpp_plus/64,1,158,55
acc99/semi70,mbpp_plus/65,0,713,218
acc99/semi70,mbpp_plus/66,0,159,72
acc99/semi70,mbpp_plus/67,1,88,21
acc99/semi70,mbpp_plus/68,0,160,41
acc99/semi70,mbpp_plus/69,0,414,98
acc99/semi70,mbpp_plus/70,1,321,46
acc99/semi70,mbpp_plus/71,1,113,33
acc99/semi70,mbpp_plus/72,1,103,23
acc99/semi70,mbpp_plus/73,0,106,43
acc99/semi70,mbpp_plus/74,1,124,20
acc99/semi70,mbpp_plus/75,0,90,32
acc99/semi70,mbpp_plus/76,1,243,55
acc99/semi70,mbpp_plus/77,0,21,6
acc99/semi70,mbpp_plus/78,0,147,60
acc99/semi70,mbpp_plus/79,0,342,133
acc99/semi70,mbpp_plus/80,1,111,38
acc99/semi70,mbpp_plus/81,1,113,25
acc99/semi70,mbpp_plus/82,0,353,96
acc99/semi70,mbpp_plus/83,1,158,45
acc99/semi70,mbpp_plus/84,1,131,43
acc99/semi70,mbpp_plus/85,0,286,71
acc99/semi70,mbpp_plus/86,1,129,32
acc99/semi70,mbpp_plus/87,1,22,10
acc99/semi70,mbpp_plus/88,1,178,37
acc99/semi70,mbpp_plus/89,1,146,35
acc99/semi70,mbpp_plus/90,1,89,25
acc99/semi70,mbpp_plus/91,0,106,35
acc99/semi70,mbpp_plus/92,0,136,55
acc99/semi70,mbpp_plus/93,1,98,18
acc99/semi70,mbpp_plus/94,0,108,27
acc99/semi70,mbpp_plus/95,0,128,43
acc99/semi70,mbpp_plus/96,1,126,31
acc99/semi70,mbpp_plus/97,1,136,45
acc99/semi70,mbpp_plus/98,1,125,34
acc99/semi70,mbpp_plus/99,1,124,34
acc99/semi70,mbpp_plus/100,1,204,61
acc99/semi70,mbpp_plus/101,1,107,16
acc99/semi70,mbpp_plus/102,0,135,56
acc99/semi70,mbpp_plus/103,0,517,202
acc99/semi70,mbpp_plus/104,0,273,80
acc99/semi70,mbpp_plus/105,0,95,21
acc99/semi70,mbpp_plus/106,1,23,8
acc99/semi70,mbpp_plus/107,1,103,30
acc99/semi70,mbpp_plus/108,0,325,81
acc99/semi70,mbpp_plus/109,1,188,45
acc99/semi70,mbpp_plus/110,1,151,31
acc99/semi70,mbpp_plus/111,1,202,59
acc99/semi70,mbpp_plus/112,1,209,45
acc99/semi70,mbpp_plus/113,0,221,86
acc99/semi70,mbpp_plus/114,1,146,49
acc99/semi70,mbpp_plus/115,0,174,61
acc99/semi70,mbpp_plus/116,0,326,159
acc99/semi70,mbpp_plus/117,1,171,43
acc99/semi70,mbpp_plus/118,1,69,18
acc99/semi70,mbpp_plus/119,0,71,14
acc99/semi70,mbpp_plus/120,0,163,64
acc99/semi70,mbpp_plus/121,1,102,21
acc99/semi70,mbpp_plus/122,0,149,42
acc99/semi70,mbpp_plus/123,1,273,64
acc99/semi70,mbpp_plus/124,0,107,37
acc99/semi70,mbpp_plus/125,0,148,52
acc99/semi70,mbpp_plus/126,1,508,108
acc99/semi70,mbpp_plus/127,1,105,43
acc99/semi70,mbpp_plus/128,1,176,28
acc99/semi70,mbpp_plus/129,1,122,48
acc99/semi70,mbpp_plus/130,0,172,41
acc99/semi70,mbpp_plus/131,1,97,23
acc99/semi70,mbpp_plus/132,0,22,15
acc99/semi70,mbpp_plus/133,1,86,26
acc99/semi70,mbpp_plus/134,1,77,22
acc99/semi70,mbpp_plus/135,1,142,41
acc99/semi70,mbpp_plus/136,0,102,38
acc99/semi70,mbpp_plus/137,1,77,22
acc99/semi70,mbpp_plus/138,0,94,38
acc99/semi70,mbpp_plus/139,1,161,42
acc99/semi70,mbpp_plus/140,0,183,35
acc99/semi70,mbpp_plus/141,1,90,26
acc99/semi70,mbpp_plus/142,0,233,54
acc99/semi70,mbpp_plus/143,1,134,38
acc99/semi70,mbpp_plus/144,1,84,30
acc99/semi70,mbpp_plus/145,1,311,51
acc99/semi70,mbpp_plus/146,1,110,37
acc99/semi70,mbpp_plus/147,1,112,28
acc99/semi70,mbpp_plus/148,1,145,25
acc99/semi70,mbpp_plus/149,1,126,35
acc99/semi70,mbpp_plus/150,0,291,81
acc99/semi70,mbpp_plus/151,1,112,47
acc99/semi70,mbpp_plus/152,0,144,54
acc99/semi70,mbpp_plus/153,0,2987,1024
acc99/semi70,mbpp_plus/154,1,103,19
acc99/semi70,mbpp_plus/155,1,116,34
acc99/semi70,mbpp_plus/156,1,107,26
acc99/semi70,mbpp_plus/157,0,97,40
acc99/semi70,mbpp_plus/158,1,132,42
acc99/semi70,mbpp_plus/159,0,381,217
acc99/semi70,mbpp_plus/160,0,115,33
acc99/semi70,mbpp_plus/161,0,343,84
acc99/semi70,mbpp_plus/162,1,116,38
acc99/semi70,mbpp_plus/163,1,166,27
acc99/semi70,mbpp_plus/164,0,308,86
acc99/semi70,mbpp_plus/165,1,100,33
acc99/semi70,mbpp_plus/166,1,75,22
acc99/semi70,mbpp_plus/167,1,404,79
acc99/semi70,mbpp_plus/168,1,100,33
acc99/semi70,mbpp_plus/169,1,147,33
acc99/semi70,mbpp_plus/170,1,132,19
acc99/semi70,mbpp_plus/171,1,96,27
acc99/semi70,mbpp_plus/172,1,110,22
acc99/semi70,mbpp_plus/173,0,158,49
acc99/semi70,mbpp_plus/174,1,103,28
acc99/semi70,mbpp_plus/175,0,139,48
acc99/semi70,mbpp_plus/176,1,226,77
acc99/semi70,mbpp_plus/177,0,81,30
acc99/semi70,mbpp_plus/178,0,177,43
acc99/semi70,mbpp_plus/179,1,128,30
acc99/semi70,mbpp_plus/180,1,96,24
acc99/semi70,mbpp_plus/181,0,195,36
acc99/semi70,mbpp_plus/182,0,135,43
acc99/semi70,mbpp_plus/183,1,126,30
acc99/semi70,mbpp_plus/184,1,85,22
acc99/semi70,mbpp_plus/185,1,263,66
acc99/semi70,mbpp_plus/186,1,17,9
acc99/semi70,mbpp_plus/187,1,89,30
acc99/semi70,mbpp_plus/188,1,121,51
acc99/semi70,mbpp_plus/189,1,86,19
acc99/semi70,mbpp_plus/190,1,199,55
acc99/semi70,mbpp_plus/191,1,176,49
acc99/semi70,mbpp_plus/192,0,86,30
acc99/semi70,mbpp_plus/193,0,485,80
acc99/semi70,mbpp_plus/194,0,203,47
acc99/semi70,mbpp_plus/195,1,117,31
acc99/semi70,mbpp_plus/196,1,139,43
acc99/semi70,mbpp_plus/197,0,126,38
acc99/semi70,mbpp_plus/198,1,127,32
acc99/semi70,mbpp_plus/199,1,120,29
acc99/semi70,mbpp_plus/200,1,16,7
acc99/semi70,mbpp_plus/201,1,142,41
acc99/semi70,mbpp_plus/202,1,147,28
acc99/semi70,mbpp_plus/203,1,73,18
acc99/semi70,mbpp_plus/204,1,108,27
acc99/semi70,mbpp_plus/205,1,141,33
acc99/semi70,mbpp_plus/206,1,303,69
acc99/semi70,mbpp_plus/207,1,167,37
acc99/semi70,mbpp_plus/208,0,180,51
acc99/semi70,mbpp_plus/209,0,335,70
acc99/semi70,mbpp_plus/210,1,130,32
acc99/semi70,mbpp_plus/211,0,166,56
acc99/semi70,mbpp_plus/212,1,95,21
acc99/semi70,mbpp_plus/213,1,161,68
acc99/semi70,mbpp_plus/214,0,560,133
acc99/semi70,mbpp_plus/215,1,222,67
acc99/semi70,mbpp_plus/216,1,130,30
acc99/semi70,mbpp_plus/217,1,154,47
acc99/semi70,mbpp_plus/218,1,66,21
acc99/semi70,mbpp_plus/219,1,127,32
acc99/semi70,mbpp_plus/220,0,221,48
acc99/semi70,mbpp_plus/221,1,126,34
acc99/semi70,mbpp_plus/222,0,108,40
acc99/semi70,mbpp_plus/223,1,178,33
acc99/semi70,mbpp_plus/224,0,3986,729
acc99/semi70,mbpp_plus/225,0,205,54
acc99/semi70,mbpp_plus/226,1,241,70
acc99/semi70,mbpp_plus/227,1,75,22
acc99/semi70,mbpp_plus/228,0,753,147
acc99/semi70,mbpp_plus/229,1,218,48
acc99/semi70,mbpp_plus/230,1,162,35
acc99/semi70,mbpp_plus/231,0,217,75
acc99/semi70,mbpp_plus/232,1,74,15
acc99/semi70,mbpp_plus/233,1,111,18
acc99/semi70,mbpp_plus/234,0,283,93
acc99/semi70,mbpp_plus/235,1,127,32
acc99/semi70,mbpp_plus/236,1,180,32
acc99/semi70,mbpp_plus/237,1,109,22
acc99/semi70,mbpp_plus/238,1,144,37
acc99/semi70,mbpp_plus/239,0,512,212
acc99/semi70,mbpp_plus/240,0,184,45
acc99/semi70,mbpp_plus/241,1,116,36
acc99/semi70,mbpp_plus/242,0,142,52
acc99/semi70,mbpp_plus/243,1,169,54
acc99/semi70,mbpp_plus/244,1,142,32
acc99/semi70,mbpp_plus/245,0,118,33
acc99/semi70,mbpp_plus/246,1,97,31
acc99/semi70,mbpp_plus/247,1,100,33
acc99/semi70,mbpp_plus/248,1,178,42
acc99/semi70,mbpp_plus/249,1,113,25
acc99/semi70,mbpp_plus/250,0,161,39
acc99/semi70,mbpp_plus/251,0,312,68
acc99/semi70,mbpp_plus/252,1,88,16
acc99/semi70,mbpp_plus/253,1,17,10
acc99/semi70,mbpp_plus/254,1,215,85
acc99/semi70,mbpp_plus/255,1,112,17
acc99/semi90,humaneval_plus/0,1,206,41
acc99/semi90,humaneval_plus/1,1,239,57
acc99/semi90,humaneval_plus/2,1,292,72
acc99/semi90,humaneval_plus/3,1,213,44
acc99/semi90,humaneval_plus/4,1,152,39
acc99/semi90,humaneval_plus/5,0,222,76
acc99/semi90,humaneval_plus/6,1,252,57
acc99/semi90,humaneval_plus/7,1,259,56
acc99/semi90,humaneval_plus/8,1,293,78
acc99/semi90,humaneval_plus/9,1,260,46
acc99/semi90,humaneval_plus/10,1,347,40
acc99/semi90,humaneval_plus/11,0,254,68
acc99/semi90,humaneval_plus/12,1,243,102
acc99/semi90,humaneval_plus/13,1,217,56
acc99/semi90,humaneval_plus/14,0,266,93
acc99/semi90,humaneval_plus/15,1,309,46
acc99/semi90,humaneval_plus/16,1,280,71
acc99/semi90,humaneval_plus/17,1,302,97
acc99/semi90,humaneval_plus/18,1,161,32
acc99/semi90,humaneval_plus/19,0,377,89
acc99/semi90,humaneval_plus/20,0,3846,836
acc99/semi90,humaneval_plus/21,1,290,49
acc99/semi90,humaneval_plus/22,1,269,64
acc99/semi90,humaneval_plus/23,1,334,66
acc99/semi90,humaneval_plus/24,1,164,32
acc99/semi90,humaneval_plus/25,0,299,48
acc99/semi90,humaneval_plus/26,1,187,45
acc99/semi90,humaneval_plus/27,1,183,43
acc99/semi90,humaneval_plus/28,1,356,77
acc99/semi90,humaneval_plus/29,0,415,120
acc99/semi90,humaneval_plus/30,0,281,92
acc99/semi90,humaneval_plus/31,1,382,64
acc99/semi90,humaneval_plus/32,1,351,90
acc99/semi90,humaneval_plus/33,1,254,71
acc99/semi90,humaneval_plus/34,0,621,317
acc99/semi90,humaneval_plus/35,1,129,17
acc99/semi90,humaneval_plus/36,0,752,126
acc99/semi90,humaneval_plus/37,1,189,59
acc99/semi90,humaneval_plus/38,0,478,190
acc99/semi90,humaneval_plus/39,1,225,49
acc99/semi90,humaneval_plus/40,0,264,71
acc99/semi90,humaneval_plus/41,0,188,49
acc99/semi90,humaneval_plus/42,1,279,45
acc99/semi90,humaneval_plus/43,0,239,48
acc99/semi90,humaneval_plus/44,1,221,91
acc99/semi90,humaneval_plus/45,1,186,42
acc99/semi90,humaneval_plus/46,1,97,16
acc99/semi90,humaneval_plus/47,0,193,52
acc99/semi90,humaneval_plus/48,1,450,110
acc99/semi90,humaneval_plus/49,1,263,60
acc99/semi90,humaneval_plus/50,0,194,48
acc99/semi90,humaneval_plus/51,1,255,96
acc99/semi90,humaneval_plus/52,0,241,96
acc99/semi90,humaneval_plus/53,1,274,55
acc99/semi90,humaneval_plus/54,1,300,44
acc99/semi90,humaneval_plus/55,1,369,100
acc99/semi90,humaneval_plus/56,1,150,56
acc99/semi90,humaneval_plus/57,1,92,12
acc99/semi90,humaneval_plus/58,1,205,29
acc99/semi90,humaneval_plus/59,1,212,28
acc99/semi90,humaneval_plus/60,1,109,31
acc99/semi90,humaneval_plus/61,0,234,86
acc99/semi90,humaneval_plus/62,1,282,80
acc99/semi90,humaneval_plus/63,1,205,41
acc99/semi90,humaneval_plus/64,0,326,55
acc99/semi90,humaneval_plus/65,1,204,48
acc99/semi90,humaneval_plus/66,0,217,57
acc99/semi90,humaneval_plus/67,1,389,71
acc99/semi90,humaneval_plus/68,1,158,34
acc99/semi90,humaneval_plus/69,0,209,68
acc99/semi90,humaneval_plus/70,0,227,41
acc99/semi90,humaneval_plus/71,1,136,19
acc99/semi90,humaneval_plus/72,0,200,40
acc99/semi90,humaneval_plus/73,1,257,43
acc99/semi90,humaneval_plus/74,1,166,44
acc99/semi90,humaneval_plus/75,1,293,60
acc99/semi90,humaneval_plus/76,1,144,39
acc99/semi90,humaneval_plus/77,1,308,55
acc99/semi90,humaneval_plus/78,0,204,44
acc99/semi90,humaneval_plus/79,1,122,20
acc99/semi90,humaneval_plus/80,1,58,13
acc99/semi90,humaneval_plus/81,1,131,32
acc99/semi90,humaneval_plus/82,1,296,34
acc99/semi90,humaneval_plus/83,1,176,27
acc99/semi90,humaneval_plus/84,1,105,13
acc99/semi90,humaneval_plus/85,1,76,11
acc99/semi90,humaneval_plus/86,1,111,12
acc99/semi90,humaneval_plus/87,1,159,22
acc99/semi90,humaneval_plus/88,1,142,13
acc99/semi90,humaneval_plus/89,1,214,21
acc99/semi90,humaneval_plus/90,0,625,216
acc99/semi90,humaneval_plus/91,1,282,50
acc99/semi90,humaneval_plus/92,1,87,12
acc99/semi90,humaneval_plus/93,1,144,23
acc99/semi90,humaneval_plus/94,1,157,30
acc99/semi90,humaneval_plus/95,1,245,56
acc99/semi90,humaneval_plus/96,1,285,37
acc99/semi90,humaneval_plus/97,1,252,49
acc99/semi90,humaneval_plus/98,1,221,42
acc99/semi90,humaneval_plus/99,0,351,107
acc99/semi90,humaneval_plus/100,1,201,87
acc99/semi90,humaneval_plus/101,1,133,9
acc99/semi90,humaneval_plus/102,1,254,42
acc99/semi90,humaneval_plus/103,1,167,26
acc99/semi90,humaneval_plus/104,1,60,11
acc99/semi90,humaneval_plus/105,1,331,55
acc99/semi90,humaneval_plus/106,0,209,31
acc99/semi90,humaneval_plus/107,1,109,11
acc99/semi90,humaneval_plus/108,0,208,35
acc99/semi90,humaneval_plus/109,1,160,24
acc99/semi90,humaneval_plus/110,1,137,19
acc99/semi90,humaneval_plus/111,1,179,19
acc99/semi90,humaneval_plus/112,1,110,10
acc99/semi90,humaneval_plus/113,1,63,7
acc99/semi90,humaneval_plus/114,0,155,19
acc99/semi90,humaneval_plus/115,1,130,18
acc99/semi90,humaneval_plus/116,1,391,64
acc99/semi90,humaneval_plus/117,1,193,31
acc99/semi90,humaneval_plus/118,1,200,43
acc99/semi90,humaneval_plus/119,1,212,20
acc99/semi90,humaneval_plus/120,0,225,37
acc99/semi90,humaneval_plus/121,1,125,14
acc99/semi90,humaneval_plus/122,1,184,34
acc99/semi90,humaneval_plus/123,1,168,23
acc99/semi90,humaneval_plus/124,1,273,52
acc99/semi90,humaneval_plus/125,1,216,48
acc99/semi90,humaneval_plus/126,1,198,59
acc99/semi90,humaneval_plus/127,1,156,22
acc99/semi90,humaneval_plus/128,1,255,85
acc99/semi90,humaneval_plus/129,1,478,100
acc99/semi90,humaneval_plus/130,1,264,49
acc99/semi90,humaneval_plus/131,1,116,14
acc99/semi90,humaneval_plus/132,1,273,51
acc99/semi90,humaneval_plus/133,1,292,65
acc99/semi90,humaneval_plus/134,1,163,77
acc99/semi90,humaneval_plus/135,1,155,33
acc99/semi90,humaneval_plus/136,1,303,46
acc99/semi90,humaneval_plus/137,1,331,81
acc99/semi90,humaneval_plus/138,0,275,98
acc99/semi90,humaneval_plus/139,1,262,94
acc99/semi90,humaneval_plus/140,1,178,60
acc99/semi90,humaneval_plus/141,1,233,64
acc99/semi90,humaneval_plus/142,1,181,23
acc99/semi90,humaneval_plus/143,0,177,61
acc99/semi90,humaneval_plus/144,0,728,98
acc99/semi90,humaneval_plus/145,1,179,34
acc99/semi90,humaneval_plus/146,0,326,137
acc99/semi90,humaneval_plus/147,0,255,59
acc99/semi90,humaneval_plus/148,1,134,37
acc99/semi90,humaneval_plus/149,1,228,55
acc99/semi90,humaneval_plus/150,0,103,28
acc99/semi90,humaneval_plus/151,1,357,64
acc99/semi90,humaneval_plus/152,0,263,77
acc99/semi90,humaneval_plus/153,1,169,27
acc99/semi90,humaneval_plus/154,1,231,38
acc99/semi90,humaneval_plus/155,0,238,60
acc99/semi90,humaneval_plus/156,1,226,34
acc99/semi90,humaneval_plus/157,0,277,90
acc99/semi90,humaneval_plus/158,1,177,26
acc99/semi90,humaneval_plus/159,1,305,54
acc99/semi90,humaneval_plus/160,0,313,50
acc99/semi90,humaneval_plus/161,1,187,30
acc99/semi90,humaneval_plus/162,0,145,34
acc99/semi90,humaneval_plus/163,0,316,92
acc99/semi90,mbpp_plus/0,1,140,45
acc99/semi90,mbpp_plus/1,1,83,26
acc99/semi90,mbpp_plus/2,0,156,51
acc99/semi90,mbpp_plus/3,1,424,148
acc99/semi90,mbpp_plus/4,1,104,28
acc99/semi90,mbpp_plus/5,1,70,22
acc99/semi90,mbpp_plus/6,1,80,34
acc99/semi90,mbpp_plus/7,1,117,31
acc99/semi90,mbpp_plus/8,1,215,97
acc99/semi90,mbpp_plus/9,0,214,70
acc99/semi90,mbpp_plus/10,0,323,63
acc99/semi90,mbpp_plus/11,0,100,18
acc99/semi90,mbpp_plus/12,1,111,46
acc99/semi90,mbpp_plus/13,1,75,24
acc99/semi90,mbpp_plus/14,0,377,136
acc99/semi90,mbpp_plus/15,1,82,25
acc99/semi90,mbpp_plus/16,0,278,71
acc99/semi90,mbpp_plus/17,0,624,184
acc99/semi90,mbpp_plus/18,0,101,23
acc99/semi90,mbpp_plus/19,1,205,69
acc99/semi90,mbpp_plus/20,1,198,52
acc99/semi90,mbpp_plus/21,1,19,4
acc99/semi90,mbpp_plus/22,1,160,52
acc99/semi90,mbpp_plus/23,1,357,83
acc99/semi90,mbpp_plus/24,1,153,31
acc99/semi90,mbpp_plus/25,1,286,59
acc99/semi90,mbpp_plus/26,1,123,34
acc99/semi90,mbpp_plus/27,1,148,27
acc99/semi90,mbpp_plus/28,1,125,36
acc99/semi90,mbpp_plus/29,0,164,33
acc99/semi90,mbpp_plus/30,0,203,72
acc99/semi90,mbpp_plus/31,1,79,8
acc99/semi90,mbpp_plus/32,0,170,61
acc99/semi90,mbpp_plus/33,1,109,36
acc99/semi90,mbpp_plus/34,1,315,101
acc99/semi90,mbpp_plus/35,1,150,55
acc99/semi90,mbpp_plus/36,1,135,37
acc99/semi90,mbpp_plus/37,1,167,78
acc99/semi90,mbpp_plus/38,0,277,80
acc99/semi90,mbpp_plus/39,0,224,59
acc99/semi90,mbpp_plus/40,1,168,52
acc99/semi90,mbpp_plus/41,1,232,86
acc99/semi90,mbpp_plus/42,1,296,61
acc99/semi90,mbpp_plus/43,0,110,30
acc99/semi90,mbpp_plus/44,1,78,28
acc99/semi90,mbpp_plus/45,1,82,16
acc99/semi90,mbpp_plus/46,1,161,56
acc99/semi90,mbpp_plus/47,1,89,20
acc99/semi90,mbpp_plus/48,1,173,59
acc99/semi90,mbpp_plus/49,1,170,54
acc99/semi90,mbpp_plus/50,1,126,52
acc99/semi90,mbpp_plus/51,0,174,53
acc99/semi90,mbpp_plus/52,1,193,67
acc99/semi90,mbpp_plus/53,1,182,37
acc99/semi90,mbpp_plus/54,0,712,129
acc99/semi90,mbpp_plus/55,1,142,46
acc99/semi90,mbpp_plus/56,1,107,40
acc99/semi90,mbpp_plus/57,1,27,8
acc99/semi90,mbpp_plus/58,1,108,31
acc99/semi90,mbpp_plus/59,0,109,49
acc99/semi90,mbpp_plus/60,1,96,19
acc99/semi90,mbpp_plus/61,1,101,23
acc99/semi90,mbpp_plus/62,0,218,99
acc99/semi90,mbpp_plus/63,0,136,39
acc99/semi90,mbpp_plus/64,1,173,65
acc99/semi90,mbpp_plus/65,0,345,158
acc99/semi90,mbpp_plus/66,1,156,65
acc99/semi90,mbpp_plus/67,1,88,21
acc99/semi90,mbpp_plus/68,0,159,47
acc99/semi90,mbpp_plus/69,1,475,113
acc99/semi90,mbpp_plus/70,1,321,47
acc99/semi90,mbpp_plus/71,1,113,34
acc99/semi90,mbpp_plus/72,1,103,26
acc99/semi90,mbpp_plus/73,0,119,54
acc99/semi90,mbpp_plus/74,1,125,22
acc99/semi90,mbpp_plus/75,0,88,35
acc99/semi90,mbpp_plus/76,1,243,62
acc99/semi90,mbpp_plus/77,0,21,7
acc99/semi90,mbpp_plus/78,1,152,56
acc99/semi90,mbpp_plus/79,0,948,302
acc99/semi90,mbpp_plus/80,1,116,45
acc99/semi90,mbpp_plus/81,1,114,31
acc99/semi90,mbpp_plus/82,0,164,65
acc99/semi90,mbpp_plus/83,1,158,48
acc99/semi90,mbpp_plus/84,1,105,37
acc99/semi90,mbpp_plus/85,0,149,53
acc99/semi90,mbpp_plus/86,1,130,51
acc99/semi90,mbpp_plus/87,1,22,10
acc99/semi90,mbpp_plus/88,1,175,40
acc99/semi90,mbpp_plus/89,1,124,33
acc99/semi90,mbpp_plus/90,1,85,25
acc99/semi90,mbpp_plus/91,0,106,40
acc99/semi90,mbpp_plus/92,1,183,59
acc99/semi90,mbpp_plus/93,1,98,18
acc99/semi90,mbpp_plus/94,1,104,24
acc99/semi90,mbpp_plus/95,0,127,50
acc99/semi90,mbpp_plus/96,1,126,39
acc99/semi90,mbpp_plus/97,1,114,42
acc99/semi90,mbpp_plus/98,1,125,36
acc99/semi90,mbpp_plus/99,1,131,29
acc99/semi90,mbpp_plus/100,1,204,64
acc99/semi90,mbpp_plus/101,1,108,27
acc99/semi90,mbpp_plus/102,0,153,64
acc99/semi90,mbpp_plus/103,1,666,259
acc99/semi90,mbpp_plus/104,0,294,100
acc99/semi90,mbpp_plus/105,0,95,24
acc99/semi90,mbpp_plus/106,1,23,8
acc99/semi90,mbpp_plus/107,1,103,30
acc99/semi90,mbpp_plus/108,0,160,66
acc99/semi90,mbpp_plus/109,1,189,52
acc99/semi90,mbpp_plus/110,1,148,33
acc99/semi90,mbpp_plus/111,1,206,66
acc99/semi90,mbpp_plus/112,0,213,58
acc99/semi90,mbpp_plus/113,0,221,96
acc99/semi90,mbpp_plus/114,0,176,70
acc99/semi90,mbpp_plus/115,1,178,75
acc99/semi90,mbpp_plus/116,0,365,156
acc99/semi90,mbpp_plus/117,1,170,43
acc99/semi90,mbpp_plus/118,0,89,27
acc99/semi90,mbpp_plus/119,0,71,14
acc99/semi90,mbpp_plus/120,0,184,80
acc99/semi90,mbpp_plus/121,1,107,23
acc99/semi90,mbpp_plus/122,1,140,40
acc99/semi90,mbpp_plus/123,0,227,78
acc99/semi90,mbpp_plus/124,0,107,37
acc99/semi90,mbpp_plus/125,0,148,58
acc99/semi90,mbpp_plus/126,0,251,86
acc99/semi90,mbpp_plus/127,1,105,44
acc99/semi90,mbpp_plus/128,1,176,29
acc99/semi90,mbpp_plus/129,1,123,40
acc99/semi90,mbpp_plus/130,0,172,50
acc99/semi90,mbpp_plus/131,1,97,21
acc99/semi90,mbpp_plus/132,0,22,15
acc99/semi90,mbpp_plus/133,1,85,23
acc99/semi90,mbpp_plus/134,1,77,22
acc99/semi90,mbpp_plus/135,1,129,44
acc99/semi90,mbpp_plus/136,0,110,47
acc99/semi90,mbpp_plus/137,1,77,26
acc99/semi90,mbpp_plus/138,0,94,42
acc99/semi90,mbpp_plus/139,1,161,47
acc99/semi90,mbpp_plus/140,0,183,34
acc99/semi90,mbpp_plus/141,1,39,13
acc99/semi90,mbpp_plus/142,0,236,58
acc99/semi90,mbpp_plus/143,1,134,49
acc99/semi90,mbpp_plus/144,1,84,35
acc99/semi90,mbpp_plus/145,1,171,39
acc99/semi90,mbpp_plus/146,1,110,39
acc99/semi90,mbpp_plus/147,1,113,25
acc99/semi90,mbpp_plus/148,1,139,32
acc99/semi90,mbpp_plus/149,1,136,46
acc99/semi90,mbpp_plus/150,1,288,94
acc99/semi90,mbpp_plus/151,1,114,44
acc99/semi90,mbpp_plus/152,0,216,119
acc99/semi90,mbpp_plus/153,1,171,76
acc99/semi90,mbpp_plus/154,1,103,22
acc99/semi90,mbpp_plus/155,1,116,38
acc99/semi90,mbpp_plus/156,1,107,27
acc99/semi90,mbpp_plus/157,0,92,38
acc99/semi90,mbpp_plus/158,1,139,45
acc99/semi90,mbpp_plus/159,1,290,154
acc99/semi90,mbpp_plus/160,0,115,37
acc99/semi90,mbpp_plus/161,0,150,53
acc99/semi90,mbpp_plus/162,1,113,39
acc99/semi90,mbpp_plus/163,1,166,27
acc99/semi90,mbpp_plus/164,0,310,86
acc99/semi90,mbpp_plus/165,1,102,40
acc99/semi90,mbpp_plus/166,1,75,25
acc99/semi90,mbpp_plus/167,1,213,59
acc99/semi90,mbpp_plus/168,1,97,44
acc99/semi90,mbpp_plus/169,1,149,29
acc99/semi90,mbpp_plus/170,1,132,20
acc99/semi90,mbpp_plus/171,1,143,35
acc99/semi90,mbpp_plus/172,1,110,22
acc99/semi90,mbpp_plus/173,0,158,47
acc99/semi90,mbpp_plus/174,1,107,27
acc99/semi90,mbpp_plus/175,0,140,43
acc99/semi90,mbpp_plus/176,1,225,61
acc99/semi90,mbpp_plus/177,1,86,26
acc99/semi90,mbpp_plus/178,0,225,73
acc99/semi90,mbpp_plus/179,1,128,31
acc99/semi90,mbpp_plus/180,1,97,25
acc99/semi90,mbpp_plus/181,0,170,45
acc99/semi90,mbpp_plus/182,0,134,53
acc99/semi90,mbpp_plus/183,1,127,36
acc99/semi90,mbpp_plus/184,1,85,24
acc99/semi90,mbpp_plus/185,1,194,52
acc99/semi90,mbpp_plus/186,1,17,9
acc99/semi90,mbpp_plus/187,1,89,32
acc99/semi90,mbpp_plus/188,1,116,42
acc99/semi90,mbpp_plus/189,1,86,22
acc99/semi90,mbpp_plus/190,1,197,59
acc99/semi90,mbpp_plus/191,1,177,51
acc99/semi90,mbpp_plus/192,1,87,28
acc99/semi90,mbpp_plus/193,0,227,56
acc99/semi90,mbpp_plus/194,0,204,55
acc99/semi90,mbpp_plus/195,1,116,36
acc99/semi90,mbpp_plus/196,1,194,56
acc99/semi90,mbpp_plus/197,1,124,32
acc99/semi90,mbpp_plus/198,1,130,37
acc99/semi90,mbpp_plus/199,1,120,29
acc99/semi90,mbpp_plus/200,1,16,8
acc99/semi90,mbpp_plus/201,1,140,47
acc99/semi90,mbpp_plus/202,1,147,28
acc99/semi90,mbpp_plus/203,1,73,17
acc99/semi90,mbpp_plus/204,1,108,30
acc99/semi90,mbpp_plus/205,1,140,40
acc99/semi90,mbpp_plus/206,1,149,53
acc99/semi90,mbpp_plus/207,1,166,34
acc99/semi90,mbpp_plus/208,0,205,74
acc99/semi90,mbpp_plus/209,0,180,73
acc99/semi90,mbpp_plus/210,1,127,29
acc99/semi90,mbpp_plus/211,0,166,56
acc99/semi90,mbpp_plus/212,1,95,23
acc99/semi90,mbpp_plus/213,1,158,76
acc99/semi90,mbpp_plus/214,0,311,129
acc99/semi90,mbpp_plus/215,1,255,68
acc99/semi90,mbpp_plus/216,1,128,31
acc99/semi90,mbpp_plus/217,1,154,56
acc99/semi90,mbpp_plus/218,1,66,21
acc99/semi90,mbpp_plus/219,1,123,36
acc99/semi90,mbpp_plus/220,0,220,57
acc99/semi90,mbpp_plus/221,1,126,39
acc99/semi90,mbpp_plus/222,0,108,39
acc99/semi90,mbpp_plus/223,1,178,31
acc99/semi90,mbpp_plus/224,1,246,91
acc99/semi90,mbpp_plus/225,1,201,71
acc99/semi90,mbpp_plus/226,1,188,52
acc99/semi90,mbpp_plus/227,1,76,24
acc99/semi90,mbpp_plus/228,0,302,98
acc99/semi90,mbpp_plus/229,1,218,57
acc99/semi90,mbpp_plus/230,1,166,48
acc99/semi90,mbpp_plus/231,1,220,92
acc99/semi90,mbpp_plus/232,1,75,18
acc99/semi90,mbpp_plus/233,1,111,25
acc99/semi90,mbpp_plus/234,0,310,122
acc99/semi90,mbpp_plus/235,1,126,34
acc99/semi90,mbpp_plus/236,1,178,36
acc99/semi90,mbpp_plus/237,1,109,22
acc99/semi90,mbpp_plus/238,1,148,46
acc99/semi90,mbpp_plus/239,0,325,160
acc99/semi90,mbpp_plus/240,0,184,45
acc99/semi90,mbpp_plus/241,1,116,38
acc99/semi90,mbpp_plus/242,1,141,59
acc99/semi90,mbpp_plus/243,1,166,63
acc99/semi90,mbpp_plus/244,1,138,39
acc99/semi90,mbpp_plus/245,0,118,37
acc99/semi90,mbpp_plus/246,1,98,35
acc99/semi90,mbpp_plus/247,1,100,33
acc99/semi90,mbpp_plus/248,1,178,45
acc99/semi90,mbpp_plus/249,1,81,23
acc99/semi90,mbpp_plus/250,0,167,44
acc99/semi90,mbpp_plus/251,0,361,74
acc99/semi90,mbpp_plus/252,1,88,17
acc99/semi90,mbpp_plus/253,1,17,10
acc99/semi90,mbpp_plus/254,1,203,96
acc99/semi90,mbpp_plus/255,1,113,22
