config,prompt,correct,tokens,forwards
acc85/semi70,humaneval_plus/0,1,206,19
acc85/semi70,humaneval_plus/1,0,253,28
acc85/semi70,humaneval_plus/2,1,285,39
acc85/semi70,humaneval_plus/3,1,213,20
acc85/semi70,humaneval_plus/4,1,152,17
acc85/semi70,humaneval_plus/5,0,241,36
acc85/semi70,humaneval_plus/6,0,244,31
acc85/semi70,humaneval_plus/7,0,254,29
acc85/semi70,humaneval_plus/8,0,314,38
acc85/semi70,humaneval_plus/9,1,541,41
acc85/semi70,humaneval_plus/10,1,348,25
acc85/semi70,humaneval_plus/11,0,262,51
acc85/semi70,humaneval_plus/12,0,235,47
acc85/semi70,humaneval_plus/13,1,218,39
acc85/semi70,humaneval_plus/14,0,256,53
acc85/semi70,humaneval_plus/15,0,289,28
acc85/semi70,humaneval_plus/16,0,279,30
acc85/semi70,humaneval_plus/17,0,292,41
acc85/semi70,humaneval_plus/18,1,193,26
acc85/semi70,humaneval_plus/19,1,371,53
acc85/semi70,humaneval_plus/20,0,3846,330
acc85/semi70,humaneval_plus/21,0,289,23
acc85/semi70,humaneval_plus/22,1,263,27
acc85/semi70,humaneval_plus/23,1,305,36
acc85/semi70,humaneval_plus/24,0,163,17
acc85/semi70,humaneval_plus/25,1,296,28
acc85/semi70,humaneval_plus/26,1,188,23
acc85/semi70,humaneval_plus/27,0,183,19
acc85/semi70,humaneval_plus/28,0,355,32
acc85/semi70,humaneval_plus/29,0,477,69
acc85/semi70,humaneval_plus/30,0,275,38
acc85/semi70,humaneval_plus/31,0,432,53
acc85/semi70,humaneval_plus/32,0,341,35
acc85/semi70,humaneval_plus/33,0,256,33
acc85/semi70,humaneval_plus/34,1,1007,218
acc85/semi70,humaneval_plus/35,1,129,10
acc85/semi70,humaneval_plus/36,0,414,37
acc85/semi70,humaneval_plus/37,0,387,41
acc85/semi70,humaneval_plus/38,0,749,102
acc85/semi70,humaneval_plus/39,1,227,22
acc85/semi70,humaneval_plus/40,0,269,36
acc85/semi70,humaneval_plus/41,0,376,37
acc85/semi70,humaneval_plus/42,1,283,30
acc85/semi70,humaneval_plus/43,0,276,30
acc85/semi70,humaneval_plus/44,1,232,55
acc85/semi70,humaneval_plus/45,1,181,24
acc85/semi70,humaneval_plus/46,1,97,10
acc85/semi70,humaneval_plus/47,0,571,128
acc85/semi70,humaneval_plus/48,0,441,47
acc85/semi70,humaneval_plus/49,0,251,21
acc85/semi70,humaneval_plus/50,1,173,35
acc85/semi70,humaneval_plus/51,1,261,45
acc85/semi70,humaneval_plus/52,0,176,44
acc85/semi70,humaneval_plus/53,1,281,31
acc85/semi70,humaneval_plus/54,0,297,27
acc85/semi70,humaneval_plus/55,0,418,46
acc85/semi70,humaneval_plus/56,1,273,32
acc85/semi70,humaneval_plus/57,1,92,7
acc85/semi70,humaneval_plus/58,0,204,19
acc85/semi70,humaneval_plus/59,0,207,20
acc85/semi70,humaneval_plus/60,1,239,32
acc85/semi70,humaneval_plus/61,1,211,28
acc85/semi70,humaneval_plus/62,1,242,44
acc85/semi70,humaneval_plus/63,1,188,25
acc85/semi70,humaneval_plus/64,1,327,26
acc85/semi70,humaneval_plus/65,0,199,22
acc85/semi70,humaneval_plus/66,1,210,20
acc85/semi70,humaneval_plus/67,1,266,33
acc85/semi70,humaneval_plus/68,0,136,20
acc85/semi70,humaneval_plus/69,0,219,33
acc85/semi70,humaneval_plus/70,0,221,26
acc85/semi70,humaneval_plus/71,1,144,14
acc85/semi70,humaneval_plus/72,0,201,23
acc85/semi70,humaneval_plus/73,1,221,32
acc85/semi70,humaneval_plus/74,1,167,27
acc85/semi70,humaneval_plus/75,0,290,28
acc85/semi70,humaneval_plus/76,1,98,11
acc85/semi70,humaneval_plus/77,1,641,51
acc85/semi70,humaneval_plus/78,0,263,35
acc85/semi70,humaneval_plus/79,0,115,8
acc85/semi70,humaneval_plus/80,0,53,8
acc85/semi70,humaneval_plus/81,1,131,15
acc85/semi70,humaneval_plus/82,1,225,18
acc85/semi70,humaneval_plus/83,1,174,12
acc85/semi70,humaneval_plus/84,1,105,8
acc85/semi70,humaneval_plus/85,1,77,7
acc85/semi70,humaneval_plus/86,0,110,9
acc85/semi70,humaneval_plus/87,1,159,13
acc85/semi70,humaneval_plus/88,1,143,11
acc85/semi70,humaneval_plus/89,1,245,16
acc85/semi70,humaneval_plus/90,0,2073,425
acc85/semi70,humaneval_plus/91,1,295,33
acc85/semi70,humaneval_plus/92,0,84,12
acc85/semi70,humaneval_plus/93,1,144,12
acc85/semi70,humaneval_plus/94,1,157,15
acc85/semi70,humaneval_plus/95,0,246,25
acc85/semi70,humaneval_plus/96,1,283,20
acc85/semi70,humaneval_plus/97,1,258,18
acc85/semi70,humaneval_plus/98,0,221,30
acc85/semi70,humaneval_plus/99,0,311,59
acc85/semi70,humaneval_plus/100,0,197,46
acc85/semi70,humaneval_plus/101,1,133,7
acc85/semi70,humaneval_plus/102,1,254,22
acc85/semi70,humaneval_plus/103,0,163,20
acc85/semi70,humaneval_plus/104,1,60,7
acc85/semi70,humaneval_plus/105,0,339,33
acc85/semi70,humaneval_plus/106,0,209,15
acc85/semi70,humaneval_plus/107,1,109,8
acc85/semi70,humaneval_plus/108,0,432,34
acc85/semi70,humaneval_plus/109,1,347,26
acc85/semi70,humaneval_plus/110,1,137,10
acc85/semi70,humaneval_plus/111,1,179,10
acc85/semi70,humaneval_plus/112,1,110,7
acc85/semi70,humaneval_plus/113,1,147,20
acc85/semi70,humaneval_plus/114,0,155,10
acc85/semi70,humaneval_plus/115,1,130,10
acc85/semi70,humaneval_plus/116,0,184,19
acc85/semi70,humaneval_plus/117,1,400,39
acc85/semi70,humaneval_plus/118,1,200,17
acc85/semi70,humaneval_plus/119,1,212,11
acc85/semi70,humaneval_plus/120,1,469,41
acc85/semi70,humaneval_plus/121,1,125,9
acc85/semi70,humaneval_plus/122,1,185,17
acc85/semi70,humaneval_plus/123,1,168,12
acc85/semi70,humaneval_plus/124,1,293,31
acc85/semi70,humaneval_plus/125,1,201,27
acc85/semi70,humaneval_plus/126,0,201,32
acc85/semi70,humaneval_plus/127,1,157,11
acc85/semi70,humaneval_plus/128,0,314,41
acc85/semi70,humaneval_plus/129,1,456,39
acc85/semi70,humaneval_plus/130,1,265,30
acc85/semi70,humaneval_plus/131,1,116,8
acc85/semi70,humaneval_plus/132,0,267,22
acc85/semi70,humaneval_plus/133,1,298,36
acc85/semi70,humaneval_plus/134,1,125,29
acc85/semi70,humaneval_plus/135,1,327,31
acc85/semi70,humaneval_plus/136,1,303,21
acc85/semi70,humaneval_plus/137,1,330,35
acc85/semi70,humaneval_plus/138,0,304,67
acc85/semi70,humaneval_plus/139,0,280,47
acc85/semi70,humaneval_plus/140,1,367,45
acc85/semi70,humaneval_plus/141,1,161,29
acc85/semi70,humaneval_plus/142,1,178,13
acc85/semi70,humaneval_plus/143,1,210,22
acc85/semi70,humaneval_plus/144,0,358,34
acc85/semi70,humaneval_plus/145,0,178,14
acc85/semi70,humaneval_plus/146,0,395,79
acc85/semi70,humaneval_plus/147,0,243,21
acc85/semi70,humaneval_plus/148,1,131,16
acc85/semi70,humaneval_plus/149,0,227,24
acc85/semi70,humaneval_plus/150,1,813,74
acc85/semi70,humaneval_plus/151,0,348,42
acc85/semi70,humaneval_plus/152,0,298,43
acc85/semi70,humaneval_plus/153,1,168,13
acc85/semi70,humaneval_plus/154,1,236,27
acc85/semi70,humaneval_plus/155,0,254,37
acc85/semi70,humaneval_plus/156,1,220,19
acc85/semi70,humaneval_plus/157,0,320,52
acc85/semi70,humaneval_plus/158,0,171,14
acc85/semi70,humaneval_plus/159,0,194,26
acc85/semi70,humaneval_plus/160,0,313,25
acc85/semi70,humaneval_plus/161,1,189,16
acc85/semi70,humaneval_plus/162,0,142,18
acc85/semi70,humaneval_plus/163,0,353,38
acc85/semi70,mbpp_plus/0,1,140,17
acc85/semi70,mbpp_plus/1,1,88,15
acc85/semi70,mbpp_plus/2,0,140,24
acc85/semi70,mbpp_plus/3,1,829,109
acc85/semi70,mbpp_plus/4,1,104,16
acc85/semi70,mbpp_plus/5,1,70,12
acc85/semi70,mbpp_plus/6,0,82,17
acc85/semi70,mbpp_plus/7,1,119,17
acc85/semi70,mbpp_plus/8,0,472,76
acc85/semi70,mbpp_plus/9,0,198,27
acc85/semi70,mbpp_plus/10,0,139,24
acc85/semi70,mbpp_plus/11,0,105,13
acc85/semi70,mbpp_plus/12,1,130,17
acc85/semi70,mbpp_plus/13,1,76,16
acc85/semi70,mbpp_plus/14,0,180,49
acc85/semi70,mbpp_plus/15,1,82,11
acc85/semi70,mbpp_plus/16,0,256,39
acc85/semi70,mbpp_plus/17,1,305,56
acc85/semi70,mbpp_plus/18,0,95,14
acc85/semi70,mbpp_plus/19,1,220,34
acc85/semi70,mbpp_plus/20,1,199,21
acc85/semi70,mbpp_plus/21,1,19,3
acc85/semi70,mbpp_plus/22,1,130,17
acc85/semi70,mbpp_plus/23,0,361,40
acc85/semi70,mbpp_plus/24,1,153,17
acc85/semi70,mbpp_plus/25,1,286,27
acc85/semi70,mbpp_plus/26,1,125,18
acc85/semi70,mbpp_plus/27,1,149,12
acc85/semi70,mbpp_plus/28,1,121,15
acc85/semi70,mbpp_plus/29,0,165,19
acc85/semi70,mbpp_plus/30,0,148,24
acc85/semi70,mbpp_plus/31,1,79,6
acc85/semi70,mbpp_plus/32,0,173,31
acc85/semi70,mbpp_plus/33,1,102,14
acc85/semi70,mbpp_plus/34,1,892,97
acc85/semi70,mbpp_plus/35,0,133,19
acc85/semi70,mbpp_plus/36,1,135,19
acc85/semi70,mbpp_plus/37,0,166,35
acc85/semi70,mbpp_plus/38,0,1296,118
acc85/semi70,mbpp_plus/39,0,224,31
acc85/semi70,mbpp_plus/40,1,141,23
acc85/semi70,mbpp_plus/41,1,446,73
acc85/semi70,mbpp_plus/42,0,299,33
acc85/semi70,mbpp_plus/43,1,109,10
acc85/semi70,mbpp_plus/44,1,80,14
acc85/semi70,mbpp_plus/45,1,82,9
acc85/semi70,mbpp_plus/46,1,154,25
acc85/semi70,mbpp_plus/47,1,89,9
acc85/semi70,mbpp_plus/48,1,380,40
acc85/semi70,mbpp_plus/49,0,156,24
acc85/semi70,mbpp_plus/50,1,127,21
acc85/semi70,mbpp_plus/51,0,186,27
acc85/semi70,mbpp_plus/52,1,249,63
acc85/semi70,mbpp_plus/53,0,163,18
acc85/semi70,mbpp_plus/54,0,352,35
acc85/semi70,mbpp_plus/55,1,142,25
acc85/semi70,mbpp_plus/56,1,89,17
acc85/semi70,mbpp_plus/57,0,28,10
acc85/semi70,mbpp_plus/58,1,110,17
acc85/semi70,mbpp_plus/59,0,110,18
acc85/semi70,mbpp_plus/60,0,195,26
acc85/semi70,mbpp_plus/61,1,101,9
acc85/semi70,mbpp_plus/62,0,192,39
acc85/semi70,mbpp_plus/63,0,136,17
acc85/semi70,mbpp_plus/64,1,157,28
acc85/semi70,mbpp_plus/65,1,642,122
acc85/semi70,mbpp_plus/66,0,159,40
acc85/semi70,mbpp_plus/67,1,88,9
acc85/semi70,mbpp_plus/68,0,167,25
acc85/semi70,mbpp_plus/69,1,477,51
acc85/semi70,mbpp_plus/70,1,321,24
acc85/semi70,mbpp_plus/71,1,91,12
acc85/semi70,mbpp_plus/72,1,103,10
acc85/semi70,mbpp_plus/73,0,94,20
acc85/semi70,mbpp_plus/74,1,101,16
acc85/semi70,mbpp_plus/75,0,89,15
acc85/semi70,mbpp_plus/76,1,499,49
acc85/semi70,mbpp_plus/77,0,84,14
acc85/semi70,mbpp_plus/78,0,168,43
acc85/semi70,mbpp_plus/79,0,359,66
acc85/semi70,mbpp_plus/80,0,148,29
acc85/semi70,mbpp_plus/81,1,113,15
acc85/semi70,mbpp_plus/82,0,132,39
acc85/semi70,mbpp_plus/83,1,158,25
acc85/semi70,mbpp_plus/84,1,133,27
acc85/semi70,mbpp_plus/85,0,151,19
acc85/semi70,mbpp_plus/86,1,127,20
acc85/semi70,mbpp_plus/87,1,22,4
acc85/semi70,mbpp_plus/88,1,179,22
acc85/semi70,mbpp_plus/89,1,146,18
acc85/semi70,mbpp_plus/90,1,85,12
acc85/semi70,mbpp_plus/91,0,101,23
acc85/semi70,mbpp_plus/92,0,220,51
acc85/semi70,mbpp_plus/93,1,98,13
acc85/semi70,mbpp_plus/94,1,107,12
acc85/semi70,mbpp_plus/95,0,126,23
acc85/semi70,mbpp_plus/96,1,126,17
acc85/semi70,mbpp_plus/97,0,132,24
acc85/semi70,mbpp_plus/98,1,123,17
acc85/semi70,mbpp_plus/99,1,127,16
acc85/semi70,mbpp_plus/100,0,186,31
acc85/semi70,mbpp_plus/101,1,106,12
acc85/semi70,mbpp_plus/102,0,135,22
acc85/semi70,mbpp_plus/103,0,1419,170
acc85/semi70,mbpp_plus/104,0,525,50
acc85/semi70,mbpp_plus/105,0,95,16
acc85/semi70,mbpp_plus/106,1,23,5
acc85/semi70,mbpp_plus/107,1,102,18
acc85/semi70,mbpp_plus/108,0,108,15
acc85/semi70,mbpp_plus/109,1,191,26
acc85/semi70,mbpp_plus/110,1,143,15
acc85/semi70,mbpp_plus/111,1,209,39
acc85/semi70,mbpp_plus/112,1,203,21
acc85/semi70,mbpp_plus/113,0,775,94
acc85/semi70,mbpp_plus/114,1,146,22
acc85/semi70,mbpp_plus/115,0,173,39
acc85/semi70,mbpp_plus/116,0,416,114
acc85/semi70,mbpp_plus/117,1,168,15
acc85/semi70,mbpp_plus/118,1,99,10
acc85/semi70,mbpp_plus/119,0,71,8
acc85/semi70,mbpp_plus/120,0,190,40
acc85/semi70,mbpp_plus/121,1,102,15
acc85/semi70,mbpp_plus/122,1,331,33
acc85/semi70,mbpp_plus/123,1,254,35
acc85/semi70,mbpp_plus/124,0,89,18
acc85/semi70,mbpp_plus/125,0,131,22
acc85/semi70,mbpp_plus/126,0,255,49
acc85/semi70,mbpp_plus/127,1,105,21
acc85/semi70,mbpp_plus/128,0,165,24
acc85/semi70,mbpp_plus/129,1,123,20
acc85/semi70,mbpp_plus/130,0,164,26
acc85/semi70,mbpp_plus/131,1,97,11
acc85/semi70,mbpp_plus/132,0,22,8
acc85/semi70,mbpp_plus/133,1,88,10
acc85/semi70,mbpp_plus/134,1,77,11
acc85/semi70,mbpp_plus/135,1,360,41
acc85/semi70,mbpp_plus/136,0,110,22
acc85/semi70,mbpp_plus/137,1,112,16
acc85/semi70,mbpp_plus/138,0,94,14
acc85/semi70,mbpp_plus/139,0,115,16
acc85/semi70,mbpp_plus/140,0,182,21
acc85/semi70,mbpp_plus/141,1,89,14
acc85/semi70,mbpp_plus/142,0,244,28
acc85/semi70,mbpp_plus/143,1,131,18
acc85/semi70,mbpp_plus/144,1,83,15
acc85/semi70,mbpp_plus/145,1,171,15
acc85/semi70,mbpp_plus/146,0,98,23
acc85/semi70,mbpp_plus/147,1,108,20
acc85/semi70,mbpp_plus/148,1,143,17
acc85/semi70,mbpp_plus/149,1,293,30
acc85/semi70,mbpp_plus/150,0,279,42
acc85/semi70,mbpp_plus/151,1,112,23
acc85/semi70,mbpp_plus/152,0,832,183
acc85/semi70,mbpp_plus/153,1,169,26
acc85/semi70,mbpp_plus/154,1,103,9
acc85/semi70,mbpp_plus/155,1,116,21
acc85/semi70,mbpp_plus/156,1,107,13
acc85/semi70,mbpp_plus/157,0,103,19
acc85/semi70,mbpp_plus/158,1,156,22
acc85/semi70,mbpp_plus/159,0,548,135
acc85/semi70,mbpp_plus/160,0,115,17
acc85/semi70,mbpp_plus/161,0,147,26
acc85/semi70,mbpp_plus/162,1,117,19
acc85/semi70,mbpp_plus/163,1,166,15
acc85/semi70,mbpp_plus/164,0,303,42
acc85/semi70,mbpp_plus/165,1,101,17
acc85/semi70,mbpp_plus/166,0,22,11
acc85/semi70,mbpp_plus/167,1,161,17
acc85/semi70,mbpp_plus/168,0,139,36
acc85/semi70,mbpp_plus/169,0,162,23
acc85/semi70,mbpp_plus/170,1,79,7
acc85/semi70,mbpp_plus/171,0,101,15
acc85/semi70,mbpp_plus/172,1,110,10
acc85/semi70,mbpp_plus/173,0,160,23
acc85/semi70,mbpp_plus/174,1,107,14
acc85/semi70,mbpp_plus/175,0,140,17
acc85/semi70,mbpp_plus/176,1,228,31
acc85/semi70,mbpp_plus/177,0,81,13
acc85/semi70,mbpp_plus/178,0,179,26
acc85/semi70,mbpp_plus/179,1,134,16
acc85/semi70,mbpp_plus/180,1,95,15
acc85/semi70,mbpp_plus/181,0,194,21
acc85/semi70,mbpp_plus/182,0,135,27
acc85/semi70,mbpp_plus/183,1,126,16
acc85/semi70,mbpp_plus/184,1,85,12
acc85/semi70,mbpp_plus/185,0,125,21
acc85/semi70,mbpp_plus/186,1,17,5
acc85/semi70,mbpp_plus/187,1,110,15
acc85/semi70,mbpp_plus/188,1,120,18
acc85/semi70,mbpp_plus/189,1,86,10
acc85/semi70,mbpp_plus/190,1,199,27
acc85/semi70,mbpp_plus/191,1,177,21
acc85/semi70,mbpp_plus/192,1,87,12
acc85/semi70,mbpp_plus/193,0,214,30
acc85/semi70,mbpp_plus/194,0,200,24
acc85/semi70,mbpp_plus/195,1,117,17
acc85/semi70,mbpp_plus/196,1,133,29
acc85/semi70,mbpp_plus/197,1,123,17
acc85/semi70,mbpp_plus/198,1,97,16
acc85/semi70,mbpp_plus/199,1,120,13
acc85/semi70,mbpp_plus/200,1,16,4
acc85/semi70,mbpp_plus/201,1,111,16
acc85/semi70,mbpp_plus/202,1,147,17
acc85/semi70,mbpp_plus/203,1,27,5
acc85/semi70,mbpp_plus/204,1,106,12
acc85/semi70,mbpp_plus/205,1,133,21
acc85/semi70,mbpp_plus/206,1,152,24
acc85/semi70,mbpp_plus/207,1,167,21
acc85/semi70,mbpp_plus/208,0,205,38
acc85/semi70,mbpp_plus/209,0,214,42
acc85/semi70,mbpp_plus/210,1,132,13
acc85/semi70,mbpp_plus/211,0,170,32
acc85/semi70,mbpp_plus/212,0,94,16
acc85/semi70,mbpp_plus/213,1,172,37
acc85/semi70,mbpp_plus/214,0,577,82
acc85/semi70,mbpp_plus/215,1,491,61
acc85/semi70,mbpp_plus/216,1,126,15
acc85/semi70,mbpp_plus/217,1,158,20
acc85/semi70,mbpp_plus/218,1,66,10
acc85/semi70,mbpp_plus/219,1,214,24
acc85/semi70,mbpp_plus/220,0,222,25
acc85/semi70,mbpp_plus/221,1,126,18
acc85/semi70,mbpp_plus/222,0,108,20
acc85/semi70,mbpp_plus/223,1,178,14
acc85/semi70,mbpp_plus/224,1,209,32
acc85/semi70,mbpp_plus/225,0,160,30
acc85/semi70,mbpp_plus/226,1,185,27
acc85/semi70,mbpp_plus/227,0,119,22
acc85/semi70,mbpp_plus/228,0,291,40
acc85/semi70,mbpp_plus/229,1,206,26
acc85/semi70,mbpp_plus/230,1,162,21
acc85/semi70,mbpp_plus/231,0,180,61
acc85/semi70,mbpp_plus/232,1,74,9
acc85/semi70,mbpp_plus/233,1,112,12
acc85/semi70,mbpp_plus/234,0,916,96
acc85/semi70,mbpp_plus/235,1,126,18
acc85/semi70,mbpp_plus/236,1,182,16
acc85/semi70,mbpp_plus/237,1,111,12
acc85/semi70,mbpp_plus/238,1,151,21
acc85/semi70,mbpp_plus/239,0,325,64
acc85/semi70,mbpp_plus/240,0,185,26
acc85/semi70,mbpp_plus/241,1,138,29
acc85/semi70,mbpp_plus/242,0,142,29
acc85/semi70,mbpp_plus/243,1,163,26
acc85/semi70,mbpp_plus/244,1,140,16
acc85/semi70,mbpp_plus/245,0,120,15
acc85/semi70,mbpp_plus/246,1,93,18
acc85/semi70,mbpp_plus/247,1,100,15
acc85/semi70,mbpp_plus/248,1,129,19
acc85/semi70,mbpp_plus/249,1,114,13
acc85/semi70,mbpp_plus/250,0,167,24
acc85/semi70,mbpp_plus/251,0,303,36
acc85/semi70,mbpp_plus/252,0,91,15
acc85/semi70,mbpp_plus/253,1,17,5
acc85/semi70,mbpp_plus/254,1,222,53
acc85/semi70,mbpp_plus/255,1,113,9
acc85/semi70,mbpp_plus/256,0,183,23
acc85/semi70,mbpp_plus/257,1,289,42
acc85/semi70,mbpp_plus/258,0,352,43
acc85/semi70,mbpp_plus/259,0,140,17
acc85/semi70,mbpp_plus/260,1,181,23
acc85/semi70,mbpp_plus/261,1,161,18
acc85/semi70,mbpp_plus/262,0,463,43
acc85/semi70,mbpp_plus/263,1,102,13
acc85/semi70,mbpp_plus/264,0,251,38
acc85/semi70,mbpp_plus/265,0,211,29
acc85/semi70,mbpp_plus/266,0,90,11
acc85/semi70,mbpp_plus/267,1,131,22
acc85/semi70,mbpp_plus/268,1,167,28
acc85/semi70,mbpp_plus/269,1,140,28
acc85/semi70,mbpp_plus/270,1,142,17
acc85/semi70,mbpp_plus/271,0,118,12
acc85/semi70,mbpp_plus/272,0,288,44
acc85/semi70,mbpp_plus/273,0,182,33
acc85/semi70,mbpp_plus/274,1,403,41
acc85/semi70,mbpp_plus/275,1,128,17
acc85/semi70,mbpp_plus/276,1,149,16
acc85/semi70,mbpp_plus/277,1,233,37
acc85/semi70,mbpp_plus/278,1,241,65
acc85/semi70,mbpp_plus/279,1,95,12
acc85/semi70,mbpp_plus/280,0,390,61
acc85/semi70,mbpp_plus/281,0,166,21
acc85/semi70,mbpp_plus/282,1,116,9
acc85/semi70,mbpp_plus/283,0,148,21
acc85/semi70,mbpp_plus/284,1,108,18
acc85/semi70,mbpp_plus/285,1,148,21
acc85/semi70,mbpp_plus/286,1,108,18
acc85/semi70,mbpp_plus/287,1,133,14
acc85/semi70,mbpp_plus/288,1,320,31
acc85/semi70,mbpp_plus/289,1,111,15
acc85/semi70,mbpp_plus/290,1,203,13
acc85/semi70,mbpp_plus/291,0,153,15
acc85/semi70,mbpp_plus/292,0,265,73
acc85/semi70,mbpp_plus/293,1,144,13
acc85/semi70,mbpp_plus/294,1,133,29
acc85/semi70,mbpp_plus/295,0,489,74
acc85/semi70,mbpp_plus/296,0,262,43
acc85/semi70,mbpp_plus/297,1,128,24
acc85/semi70,mbpp_plus/298,1,117,16
acc85/semi70,mbpp_plus/299,1,163,22
acc85/semi70,mbpp_plus/300,1,217,28
acc85/semi70,mbpp_plus/301,0,74,11
acc85/semi70,mbpp_plus/302,1,246,33
acc85/semi70,mbpp_plus/303,0,143,27
acc85/semi70,mbpp_plus/304,0,74,20
acc85/semi70,mbpp_plus/305,1,125,13
acc85/semi70,mbpp_plus/306,1,83,14
acc85/semi70,mbpp_plus/307,0,249,35
acc85/semi70,mbpp_plus/308,1,266,31
acc85/semi70,mbpp_plus/309,1,131,21
acc85/semi70,mbpp_plus/310,1,144,16
acc85/semi70,mbpp_plus/311,0,338,39
acc85/semi70,mbpp_plus/312,0,167,22
acc85/semi70,mbpp_plus/313,1,165,35
acc85/semi70,mbpp_plus/314,0,268,47
acc85/semi70,mbpp_plus/315,0,101,20
acc85/semi70,mbpp_plus/316,1,145,21
acc85/semi70,mbpp_plus/317,1,220,23
acc85/semi70,mbpp_plus/318,1,92,9
acc85/semi70,mbpp_plus/319,0,216,46
acc85/semi70,mbpp_plus/320,1,119,14
acc85/semi70,mbpp_plus/321,1,173,17
acc85/semi70,mbpp_plus/322,0,145,25
acc85/semi70,mbpp_plus/323,1,221,40
acc85/semi70,mbpp_plus/324,1,128,19
acc85/semi70,mbpp_plus/325,0,273,25
acc85/semi70,mbpp_plus/326,1,143,17
acc85/semi70,mbpp_plus/327,1,128,16
acc85/semi70,mbpp_plus/328,1,133,20
acc85/semi70,mbpp_plus/329,0,179,14
acc85/semi70,mbpp_plus/330,0,204,28
acc85/semi70,mbpp_plus/331,0,185,35
acc85/semi70,mbpp_plus/332,1,163,20
acc85/semi70,mbpp_plus/333,0,201,38
acc85/semi70,mbpp_plus/334,0,182,29
acc85/semi70,mbpp_plus/335,1,116,26
acc85/semi70,mbpp_plus/336,1,147,14
acc85/semi70,mbpp_plus/337,0,102,17
acc85/semi70,mbpp_plus/338,1,85,16
acc85/semi70,mbpp_plus/339,1,80,12
acc85/semi70,mbpp_plus/340,0,133,17
acc85/semi70,mbpp_plus/341,1,96,13
acc85/semi70,mbpp_plus/342,0,72,11
acc85/semi70,mbpp_plus/343,1,195,18
acc85/semi70,mbpp_plus/344,1,118,20
acc85/semi70,mbpp_plus/345,1,74,11
acc85/semi70,mbpp_plus/346,1,158,19
acc85/semi70,mbpp_plus/347,1,17,3
acc85/semi70,mbpp_plus/348,0,177,46
acc85/semi70,mbpp_plus/349,1,160,16
acc85/semi70,mbpp_plus/350,1,159,23
acc85/semi70,mbpp_plus/351,1,26,5
acc85/semi70,mbpp_plus/352,0,120,17
acc85/semi70,mbpp_plus/353,1,158,18
acc85/semi70,mbpp_plus/354,1,141,18
acc85/semi70,mbpp_plus/355,1,99,16
acc85/semi70,mbpp_plus/356,0,173,19
acc85/semi70,mbpp_plus/357,1,116,13
acc85/semi70,mbpp_plus/358,1,84,9
acc85/semi70,mbpp_plus/359,1,363,30
acc85/semi70,mbpp_plus/360,1,182,17
acc85/semi70,mbpp_plus/361,1,238,29
acc85/semi70,mbpp_plus/362,1,83,9
acc85/semi70,mbpp_plus/363,1,128,18
acc85/semi70,mbpp_plus/364,0,320,38
acc85/semi70,mbpp_plus/365,1,116,12
acc85/semi70,mbpp_plus/366,1,18,4
acc85/semi70,mbpp_plus/367,1,182,34
acc85/semi70,mbpp_plus/368,0,35,6
acc85/semi70,mbpp_plus/369,1,148,14
acc85/semi70,mbpp_plus/370,0,256,62
acc85/semi70,mbpp_plus/371,1,23,5
acc85/semi70,mbpp_plus/372,1,300,30
acc85/semi70,mbpp_plus/373,1,106,15
acc85/semi70,mbpp_plus/374,0,3995,314
acc85/semi70,mbpp_plus/375,0,149,20
acc85/semi70,mbpp_plus/376,1,138,19
acc85/semi70,mbpp_plus/377,0,280,32
acc85/semi90,humaneval_plus/0,1,206,19
acc85/semi90,humaneval_plus/1,1,253,32
acc85/semi90,humaneval_plus/2,1,288,42
acc85/semi90,humaneval_plus/3,1,213,20
acc85/semi90,humaneval_plus/4,1,152,19
acc85/semi90,humaneval_plus/5,1,487,59
acc85/semi90,humaneval_plus/6,1,262,35
acc85/semi90,humaneval_plus/7,0,254,30
acc85/semi90,humaneval_plus/8,1,507,41
acc85/semi90,humaneval_plus/9,1,261,23
acc85/semi90,humaneval_plus/10,1,348,25
acc85/semi90,humaneval_plus/11,1,292,47
acc85/semi90,humaneval_plus/12,0,238,52
acc85/semi90,humaneval_plus/13,1,218,36
acc85/semi90,humaneval_plus/14,0,266,52
acc85/semi90,humaneval_plus/15,1,310,27
acc85/semi90,humaneval_plus/16,1,281,30
acc85/semi90,humaneval_plus/17,0,318,53
acc85/semi90,humaneval_plus/18,1,182,25
acc85/semi90,humaneval_plus/19,1,368,59
acc85/semi90,humaneval_plus/20,1,246,25
acc85/semi90,humaneval_plus/21,1,289,23
acc85/semi90,humaneval_plus/22,1,263,29
acc85/semi90,humaneval_plus/23,0,303,40
acc85/semi90,humaneval_plus/24,0,163,16
acc85/semi90,humaneval_plus/25,1,540,46
acc85/semi90,humaneval_plus/26,1,188,21
acc85/semi90,humaneval_plus/27,1,183,19
acc85/semi90,humaneval_plus/28,1,360,37
acc85/semi90,humaneval_plus/29,0,433,63
acc85/semi90,humaneval_plus/30,0,276,32
acc85/semi90,humaneval_plus/31,0,397,40
acc85/semi90,humaneval_plus/32,0,312,36
acc85/semi90,humaneval_plus/33,1,253,34
acc85/semi90,humaneval_plus/34,0,497,107
acc85/semi90,humaneval_plus/35,1,129,10
acc85/semi90,humaneval_plus/36,0,276,45
acc85/semi90,humaneval_plus/37,1,186,24
acc85/semi90,humaneval_plus/38,0,390,92
acc85/semi90,humaneval_plus/39,1,227,26
acc85/semi90,humaneval_plus/40,0,266,40
acc85/semi90,humaneval_plus/41,0,189,26
acc85/semi90,humaneval_plus/42,1,254,28
acc85/semi90,humaneval_plus/43,0,242,28
acc85/semi90,humaneval_plus/44,1,221,53
acc85/semi90,humaneval_plus/45,1,182,23
acc85/semi90,humaneval_plus/46,1,97,10
acc85/semi90,humaneval_plus/47,0,193,32
acc85/semi90,humaneval_plus/48,0,440,42
acc85/semi90,humaneval_plus/49,0,251,21
acc85/semi90,humaneval_plus/50,0,196,36
acc85/semi90,humaneval_plus/51,1,278,51
acc85/semi90,humaneval_plus/52,0,169,45
acc85/semi90,humaneval_plus/53,1,282,29
acc85/semi90,humaneval_plus/54,0,316,35
acc85/semi90,humaneval_plus/55,0,412,56
acc85/semi90,humaneval_plus/56,1,269,26
acc85/semi90,humaneval_plus/57,1,92,6
acc85/semi90,humaneval_plus/58,0,204,12
acc85/semi90,humaneval_plus/59,1,213,17
acc85/semi90,humaneval_plus/60,1,109,17
acc85/semi90,humaneval_plus/61,1,443,45
acc85/semi90,humaneval_plus/62,1,256,49
acc85/semi90,humaneval_plus/63,1,187,24
acc85/semi90,humaneval_plus/64,1,330,21
acc85/semi90,humaneval_plus/65,0,199,27
acc85/semi90,humaneval_plus/66,1,216,25
acc85/semi90,humaneval_plus/67,1,386,34
acc85/semi90,humaneval_plus/68,0,134,16
acc85/semi90,humaneval_plus/69,0,355,34
acc85/semi90,humaneval_plus/70,0,226,23
acc85/semi90,humaneval_plus/71,1,144,14
acc85/semi90,humaneval_plus/72,0,203,27
acc85/semi90,humaneval_plus/73,0,170,31
acc85/semi90,humaneval_plus/74,1,177,21
acc85/semi90,humaneval_plus/75,1,290,30
acc85/semi90,humaneval_plus/76,1,105,16
acc85/semi90,humaneval_plus/77,1,316,29
acc85/semi90,humaneval_plus/78,0,203,23
acc85/semi90,humaneval_plus/79,0,115,8
acc85/semi90,humaneval_plus/80,0,53,8
acc85/semi90,humaneval_plus/81,1,131,14
acc85/semi90,humaneval_plus/82,1,294,21
acc85/semi90,humaneval_plus/83,1,175,12
acc85/semi90,humaneval_plus/84,1,105,8
acc85/semi90,humaneval_plus/85,1,76,5
acc85/semi90,humaneval_plus/86,0,110,10
acc85/semi90,humaneval_plus/87,1,158,15
acc85/semi90,humaneval_plus/88,1,143,9
acc85/semi90,humaneval_plus/89,1,245,15
acc85/semi90,humaneval_plus/90,0,1292,278
acc85/semi90,humaneval_plus/91,0,276,26
acc85/semi90,humaneval_plus/92,0,77,9
acc85/semi90,humaneval_plus/93,1,144,13
acc85/semi90,humaneval_plus/94,1,157,15
acc85/semi90,humaneval_plus/95,0,252,28
acc85/semi90,humaneval_plus/96,0,284,20
acc85/semi90,humaneval_plus/97,1,258,18
acc85/semi90,humaneval_plus/98,0,221,30
acc85/semi90,humaneval_plus/99,1,273,19
acc85/semi90,humaneval_plus/100,1,211,30
acc85/semi90,humaneval_plus/101,1,133,7
acc85/semi90,humaneval_plus/102,1,254,24
acc85/semi90,humaneval_plus/103,1,159,12
acc85/semi90,humaneval_plus/104,1,60,7
acc85/semi90,humaneval_plus/105,1,339,32
acc85/semi90,humaneval_plus/106,0,209,16
acc85/semi90,humaneval_plus/107,1,109,7
acc85/semi90,humaneval_plus/108,0,209,16
acc85/semi90,humaneval_plus/109,1,336,25
acc85/semi90,humaneval_plus/110,1,137,10
acc85/semi90,humaneval_plus/111,1,179,10
acc85/semi90,humaneval_plus/112,1,110,7
acc85/semi90,humaneval_plus/113,1,63,4
acc85/semi90,humaneval_plus/114,0,155,11
acc85/semi90,humaneval_plus/115,1,130,10
acc85/semi90,humaneval_plus/116,0,184,19
acc85/semi90,humaneval_plus/117,1,190,18
acc85/semi90,humaneval_plus/118,1,200,18
acc85/semi90,humaneval_plus/119,1,212,12
acc85/semi90,humaneval_plus/120,1,461,37
acc85/semi90,humaneval_plus/121,1,125,9
acc85/semi90,humaneval_plus/122,1,184,18
acc85/semi90,humaneval_plus/123,1,168,13
acc85/semi90,humaneval_plus/124,1,274,28
acc85/semi90,humaneval_plus/125,1,201,27
acc85/semi90,humaneval_plus/126,1,199,37
acc85/semi90,humaneval_plus/127,1,156,13
acc85/semi90,humaneval_plus/128,0,312,40
acc85/semi90,humaneval_plus/129,1,451,38
acc85/semi90,humaneval_plus/130,1,263,26
acc85/semi90,humaneval_plus/131,1,116,9
acc85/semi90,humaneval_plus/132,0,269,27
acc85/semi90,humaneval_plus/133,1,300,36
acc85/semi90,humaneval_plus/134,1,145,36
acc85/semi90,humaneval_plus/135,1,227,23
acc85/semi90,humaneval_plus/136,1,303,23
acc85/semi90,humaneval_plus/137,0,330,37
acc85/semi90,humaneval_plus/138,0,252,47
acc85/semi90,humaneval_plus/139,1,280,52
acc85/semi90,humaneval_plus/140,0,178,34
acc85/semi90,humaneval_plus/141,1,143,30
acc85/semi90,humaneval_plus/142,1,177,11
acc85/semi90,humaneval_plus/143,0,436,47
acc85/semi90,humaneval_plus/144,0,358,33
acc85/semi90,humaneval_plus/145,0,178,13
acc85/semi90,humaneval_plus/146,1,426,91
acc85/semi90,humaneval_plus/147,0,243,23
acc85/semi90,humaneval_plus/148,1,134,18
acc85/semi90,humaneval_plus/149,1,226,24
acc85/semi90,humaneval_plus/150,0,402,44
acc85/semi90,humaneval_plus/151,0,351,39
acc85/semi90,humaneval_plus/152,0,282,49
acc85/semi90,humaneval_plus/153,1,168,14
acc85/semi90,humaneval_plus/154,1,236,27
acc85/semi90,humaneval_plus/155,0,235,31
acc85/semi90,humaneval_plus/156,1,220,18
acc85/semi90,humaneval_plus/157,0,301,55
acc85/semi90,humaneval_plus/158,1,178,16
acc85/semi90,humaneval_plus/159,0,205,34
acc85/semi90,humaneval_plus/160,0,298,24
acc85/semi90,humaneval_plus/161,1,186,18
acc85/semi90,humaneval_plus/162,0,142,18
acc85/semi90,humaneval_plus/163,0,350,38
acc85/semi90,mbpp_plus/0,1,140,18
acc85/semi90,mbpp_plus/1,1,90,17
acc85/semi90,mbpp_plus/2,0,139,25
acc85/semi90,mbpp_plus/3,1,363,72
acc85/semi90,mbpp_plus/4,1,104,16
acc85/semi90,mbpp_plus/5,1,70,12
acc85/semi90,mbpp_plus/6,1,80,16
acc85/semi90,mbpp_plus/7,1,118,15
acc85/semi90,mbpp_plus/8,1,449,74
acc85/semi90,mbpp_plus/9,0,198,26
acc85/semi90,mbpp_plus/10,0,145,23
acc85/semi90,mbpp_plus/11,0,105,13
acc85/semi90,mbpp_plus/12,0,129,22
acc85/semi90,mbpp_plus/13,1,76,17
acc85/semi90,mbpp_plus/14,0,458,87
acc85/semi90,mbpp_plus/15,1,82,11
acc85/semi90,mbpp_plus/16,1,159,23
acc85/semi90,mbpp_plus/17,1,660,78
acc85/semi90,mbpp_plus/18,0,101,12
acc85/semi90,mbpp_plus/19,0,218,31
acc85/semi90,mbpp_plus/20,1,199,21
acc85/semi90,mbpp_plus/21,1,19,3
acc85/semi90,mbpp_plus/22,1,160,20
acc85/semi90,mbpp_plus/23,1,374,38
acc85/semi90,mbpp_plus/24,1,153,19
acc85/semi90,mbpp_plus/25,1,287,29
acc85/semi90,mbpp_plus/26,1,123,19
acc85/semi90,mbpp_plus/27,1,149,12
acc85/semi90,mbpp_plus/28,1,121,15
acc85/semi90,mbpp_plus/29,0,165,19
acc85/semi90,mbpp_plus/30,0,214,49
acc85/semi90,mbpp_plus/31,1,79,6
acc85/semi90,mbpp_plus/32,0,330,42
acc85/semi90,mbpp_plus/33,1,109,16
acc85/semi90,mbpp_plus/34,0,306,49
acc85/semi90,mbpp_plus/35,0,162,27
acc85/semi90,mbpp_plus/36,1,135,20
acc85/semi90,mbpp_plus/37,0,175,37
acc85/semi90,mbpp_plus/38,0,273,44
acc85/semi90,mbpp_plus/39,0,225,30
acc85/semi90,mbpp_plus/40,1,168,26
acc85/semi90,mbpp_plus/41,1,233,54
acc85/semi90,mbpp_plus/42,1,168,23
acc85/semi90,mbpp_plus/43,1,110,16
acc85/semi90,mbpp_plus/44,1,80,14
acc85/semi90,mbpp_plus/45,1,82,9
acc85/semi90,mbpp_plus/46,1,155,25
acc85/semi90,mbpp_plus/47,1,89,9
acc85/semi90,mbpp_plus/48,1,184,26
acc85/semi90,mbpp_plus/49,0,156,23
acc85/semi90,mbpp_plus/50,0,125,20
acc85/semi90,mbpp_plus/51,0,352,41
acc85/semi90,mbpp_plus/52,1,193,33
acc85/semi90,mbpp_plus/53,0,188,20
acc85/semi90,mbpp_plus/54,0,265,39
acc85/semi90,mbpp_plus/55,1,141,21
acc85/semi90,mbpp_plus/56,1,108,20
acc85/semi90,mbpp_plus/57,1,27,6
acc85/semi90,mbpp_plus/58,1,107,18
acc85/semi90,mbpp_plus/59,0,110,21
acc85/semi90,mbpp_plus/60,1,259,82
acc85/semi90,mbpp_plus/61,1,101,9
acc85/semi90,mbpp_plus/62,0,313,80
acc85/semi90,mbpp_plus/63,0,136,17
acc85/semi90,mbpp_plus/64,1,174,34
acc85/semi90,mbpp_plus/65,1,314,79
acc85/semi90,mbpp_plus/66,1,173,36
acc85/semi90,mbpp_plus/67,1,88,9
acc85/semi90,mbpp_plus/68,0,168,21
acc85/semi90,mbpp_plus/69,1,474,52
acc85/semi90,mbpp_plus/70,1,322,20
acc85/semi90,mbpp_plus/71,1,90,12
acc85/semi90,mbpp_plus/72,1,103,12
acc85/semi90,mbpp_plus/73,0,126,27
acc85/semi90,mbpp_plus/74,1,125,15
acc85/semi90,mbpp_plus/75,0,89,13
acc85/semi90,mbpp_plus/76,1,242,28
acc85/semi90,mbpp_plus/77,0,85,15
acc85/semi90,mbpp_plus/78,0,132,32
acc85/semi90,mbpp_plus/79,0,314,73
acc85/semi90,mbpp_plus/80,1,111,25
acc85/semi90,mbpp_plus/81,1,113,15
acc85/semi90,mbpp_plus/82,0,191,34
acc85/semi90,mbpp_plus/83,1,158,26
acc85/semi90,mbpp_plus/84,0,146,27
acc85/semi90,mbpp_plus/85,0,152,19
acc85/semi90,mbpp_plus/86,1,138,28
acc85/semi90,mbpp_plus/87,1,22,4
acc85/semi90,mbpp_plus/88,1,179,31
acc85/semi90,mbpp_plus/89,1,146,19
acc85/semi90,mbpp_plus/90,1,89,9
acc85/semi90,mbpp_plus/91,0,103,26
acc85/semi90,mbpp_plus/92,0,175,34
acc85/semi90,mbpp_plus/93,1,98,16
acc85/semi90,mbpp_plus/94,1,104,12
acc85/semi90,mbpp_plus/95,0,122,26
acc85/semi90,mbpp_plus/96,1,122,18
acc85/semi90,mbpp_plus/97,1,113,19
acc85/semi90,mbpp_plus/98,1,125,15
acc85/semi90,mbpp_plus/99,1,139,18
acc85/semi90,mbpp_plus/100,0,388,51
acc85/semi90,mbpp_plus/101,1,106,13
acc85/semi90,mbpp_plus/102,0,149,31
acc85/semi90,mbpp_plus/103,1,647,130
acc85/semi90,mbpp_plus/104,0,598,128
acc85/semi90,mbpp_plus/105,0,95,13
acc85/semi90,mbpp_plus/106,1,23,4
acc85/semi90,mbpp_plus/107,1,103,19
acc85/semi90,mbpp_plus/108,0,165,27
acc85/semi90,mbpp_plus/109,1,189,24
acc85/semi90,mbpp_plus/110,1,143,16
acc85/semi90,mbpp_plus/111,1,206,38
acc85/semi90,mbpp_plus/112,1,203,22
acc85/semi90,mbpp_plus/113,0,222,41
acc85/semi90,mbpp_plus/114,1,153,25
acc85/semi90,mbpp_plus/115,1,165,37
acc85/semi90,mbpp_plus/116,0,3900,535
acc85/semi90,mbpp_plus/117,1,168,16
acc85/semi90,mbpp_plus/118,1,99,11
acc85/semi90,mbpp_plus/119,0,71,11
acc85/semi90,mbpp_plus/120,0,185,38
acc85/semi90,mbpp_plus/121,1,102,15
acc85/semi90,mbpp_plus/122,1,331,36
acc85/semi90,mbpp_plus/123,0,231,31
acc85/semi90,mbpp_plus/124,0,108,25
acc85/semi90,mbpp_plus/125,0,138,27
acc85/semi90,mbpp_plus/126,0,252,52
acc85/semi90,mbpp_plus/127,1,105,21
acc85/semi90,mbpp_plus/128,0,201,28
acc85/semi90,mbpp_plus/129,1,123,18
acc85/semi90,mbpp_plus/130,0,171,27
acc85/semi90,mbpp_plus/131,1,97,11
acc85/semi90,mbpp_plus/132,0,22,8
acc85/semi90,mbpp_plus/133,1,88,9
acc85/semi90,mbpp_plus/134,1,77,9
acc85/semi90,mbpp_plus/135,1,131,25
acc85/semi90,mbpp_plus/136,0,110,21
acc85/semi90,mbpp_plus/137,1,112,15
acc85/semi90,mbpp_plus/138,0,94,14
acc85/semi90,mbpp_plus/139,1,116,14
acc85/semi90,mbpp_plus/140,0,212,21
acc85/semi90,mbpp_plus/141,1,89,15
acc85/semi90,mbpp_plus/142,0,234,27
acc85/semi90,mbpp_plus/143,1,134,19
acc85/semi90,mbpp_plus/144,1,84,19
acc85/semi90,mbpp_plus/145,1,169,18
acc85/semi90,mbpp_plus/146,0,98,21
acc85/semi90,mbpp_plus/147,0,112,16
acc85/semi90,mbpp_plus/148,0,137,17
acc85/semi90,mbpp_plus/149,1,136,26
acc85/semi90,mbpp_plus/150,1,289,35
acc85/semi90,mbpp_plus/151,1,113,25
acc85/semi90,mbpp_plus/152,0,1458,360
acc85/semi90,mbpp_plus/153,1,168,33
acc85/semi90,mbpp_plus/154,1,103,9
acc85/semi90,mbpp_plus/155,1,116,22
acc85/semi90,mbpp_plus/156,1,107,13
acc85/semi90,mbpp_plus/157,0,91,21
acc85/semi90,mbpp_plus/158,1,133,17
acc85/semi90,mbpp_plus/159,0,901,139
acc85/semi90,mbpp_plus/160,0,115,21
acc85/semi90,mbpp_plus/161,0,148,22
acc85/semi90,mbpp_plus/162,1,113,21
acc85/semi90,mbpp_plus/163,1,166,15
acc85/semi90,mbpp_plus/164,0,294,42
acc85/semi90,mbpp_plus/165,1,96,16
acc85/semi90,mbpp_plus/166,0,71,17
acc85/semi90,mbpp_plus/167,1,401,43
acc85/semi90,mbpp_plus/168,1,99,22
acc85/semi90,mbpp_plus/169,1,150,16
acc85/semi90,mbpp_plus/170,1,132,12
acc85/semi90,mbpp_plus/171,1,96,13
acc85/semi90,mbpp_plus/172,1,110,11
acc85/semi90,mbpp_plus/173,0,160,26
acc85/semi90,mbpp_plus/174,1,107,15
acc85/semi90,mbpp_plus/175,0,126,26
acc85/semi90,mbpp_plus/176,1,227,34
acc85/semi90,mbpp_plus/177,0,81,13
acc85/semi90,mbpp_plus/178,0,178,27
acc85/semi90,mbpp_plus/179,1,134,16
acc85/semi90,mbpp_plus/180,1,95,16
acc85/semi90,mbpp_plus/181,0,194,22
acc85/semi90,mbpp_plus/182,0,134,28
acc85/semi90,mbpp_plus/183,1,127,15
acc85/semi90,mbpp_plus/184,1,84,11
acc85/semi90,mbpp_plus/185,0,125,22
acc85/semi90,mbpp_plus/186,1,17,4
acc85/semi90,mbpp_plus/187,1,110,15
acc85/semi90,mbpp_plus/188,1,120,20
acc85/semi90,mbpp_plus/189,1,86,10
acc85/semi90,mbpp_plus/190,1,199,26
acc85/semi90,mbpp_plus/191,1,177,21
acc85/semi90,mbpp_plus/192,1,90,14
acc85/semi90,mbpp_plus/193,0,214,33
acc85/semi90,mbpp_plus/194,0,206,26
acc85/semi90,mbpp_plus/195,1,117,17
acc85/semi90,mbpp_plus/196,1,125,26
acc85/semi90,mbpp_plus/197,1,122,15
acc85/semi90,mbpp_plus/198,1,130,17
acc85/semi90,mbpp_plus/199,1,120,13
acc85/semi90,mbpp_plus/200,1,16,4
acc85/semi90,mbpp_plus/201,1,141,29
acc85/semi90,mbpp_plus/202,1,147,17
acc85/semi90,mbpp_plus/203,1,27,5
acc85/semi90,mbpp_plus/204,1,108,12
acc85/semi90,mbpp_plus/205,1,130,21
acc85/semi90,mbpp_plus/206,1,152,24
acc85/semi90,mbpp_plus/207,0,167,21
acc85/semi90,mbpp_plus/208,0,227,30
acc85/semi90,mbpp_plus/209,0,183,36
acc85/semi90,mbpp_plus/210,1,126,14
acc85/semi90,mbpp_plus/211,0,160,28
acc85/semi90,mbpp_plus/212,1,95,12
acc85/semi90,mbpp_plus/213,0,184,40
acc85/semi90,mbpp_plus/214,0,632,78
acc85/semi90,mbpp_plus/215,1,260,35
acc85/semi90,mbpp_plus/216,0,137,18
acc85/semi90,mbpp_plus/217,1,171,29
acc85/semi90,mbpp_plus/218,1,70,10
acc85/semi90,mbpp_plus/219,1,214,25
acc85/semi90,mbpp_plus/220,0,216,21
acc85/semi90,mbpp_plus/221,1,126,18
acc85/semi90,mbpp_plus/222,0,106,23
acc85/semi90,mbpp_plus/223,1,129,18
acc85/semi90,mbpp_plus/224,1,249,41
acc85/semi90,mbpp_plus/225,1,201,29
acc85/semi90,mbpp_plus/226,1,187,27
acc85/semi90,mbpp_plus/227,1,75,9
acc85/semi90,mbpp_plus/228,0,310,59
acc85/semi90,mbpp_plus/229,1,204,23
acc85/semi90,mbpp_plus/230,1,162,22
acc85/semi90,mbpp_plus/231,1,211,47
acc85/semi90,mbpp_plus/232,1,75,9
acc85/semi90,mbpp_plus/233,1,111,14
acc85/semi90,mbpp_plus/234,0,559,205
acc85/semi90,mbpp_plus/235,1,126,16
acc85/semi90,mbpp_plus/236,1,178,18
acc85/semi90,mbpp_plus/237,1,109,10
acc85/semi90,mbpp_plus/238,1,195,35
acc85/semi90,mbpp_plus/239,0,302,75
acc85/semi90,mbpp_plus/240,0,185,25
acc85/semi90,mbpp_plus/241,1,118,19
acc85/semi90,mbpp_plus/242,0,135,32
acc85/semi90,mbpp_plus/243,1,168,30
acc85/semi90,mbpp_plus/244,1,140,17
acc85/semi90,mbpp_plus/245,0,118,15
acc85/semi90,mbpp_plus/246,1,97,15
acc85/semi90,mbpp_plus/247,1,100,13
acc85/semi90,mbpp_plus/248,1,179,22
acc85/semi90,mbpp_plus/249,1,114,13
acc85/semi90,mbpp_plus/250,0,167,24
acc85/semi90,mbpp_plus/251,0,2852,196
acc85/semi90,mbpp_plus/252,1,88,9
acc85/semi90,mbpp_plus/253,1,17,5
acc85/semi90,mbpp_plus/254,1,235,59
acc85/semi90,mbpp_plus/255,1,112,9
acc85/semi90,mbpp_plus/256,1,79,12
acc85/semi90,mbpp_plus/257,1,155,25
acc85/semi90,mbpp_plus/258,0,170,30
acc85/semi90,mbpp_plus/259,0,183,33
acc85/semi90,mbpp_plus/260,1,187,25
acc85/semi90,mbpp_plus/261,1,172,25
acc85/semi90,mbpp_plus/262,0,452,42
acc85/semi90,mbpp_plus/263,1,102,13
acc85/semi90,mbpp_plus/264,0,283,63
acc85/semi90,mbpp_plus/265,0,103,20
acc85/semi90,mbpp_plus/266,1,94,12
acc85/semi90,mbpp_plus/267,1,135,21
acc85/semi90,mbpp_plus/268,1,166,34
acc85/semi90,mbpp_plus/269,1,142,29
acc85/semi90,mbpp_plus/270,1,142,18
acc85/semi90,mbpp_plus/271,1,119,11
acc85/semi90,mbpp_plus/272,1,363,86
acc85/semi90,mbpp_plus/273,1,240,30
acc85/semi90,mbpp_plus/274,1,191,30
acc85/semi90,mbpp_plus/275,1,128,16
acc85/semi90,mbpp_plus/276,1,150,16
acc85/semi90,mbpp_plus/277,1,260,49
acc85/semi90,mbpp_plus/278,1,142,27
acc85/semi90,mbpp_plus/279,1,92,13
acc85/semi90,mbpp_plus/280,0,357,64
acc85/semi90,mbpp_plus/281,0,153,21
acc85/semi90,mbpp_plus/282,1,116,9
acc85/semi90,mbpp_plus/283,0,149,21
acc85/semi90,mbpp_plus/284,1,108,19
acc85/semi90,mbpp_plus/285,1,152,23
acc85/semi90,mbpp_plus/286,1,108,19
acc85/semi90,mbpp_plus/287,1,133,13
acc85/semi90,mbpp_plus/288,0,319,33
acc85/semi90,mbpp_plus/289,1,106,15
acc85/semi90,mbpp_plus/290,1,204,14
acc85/semi90,mbpp_plus/291,0,179,18
acc85/semi90,mbpp_plus/292,0,262,82
acc85/semi90,mbpp_plus/293,1,145,17
acc85/semi90,mbpp_plus/294,1,140,27
acc85/semi90,mbpp_plus/295,1,796,166
acc85/semi90,mbpp_plus/296,0,489,69
acc85/semi90,mbpp_plus/297,1,119,22
acc85/semi90,mbpp_plus/298,1,117,17
acc85/semi90,mbpp_plus/299,1,159,26
acc85/semi90,mbpp_plus/300,1,156,30
acc85/semi90,mbpp_plus/301,0,74,12
acc85/semi90,mbpp_plus/302,1,270,32
acc85/semi90,mbpp_plus/303,1,140,20
acc85/semi90,mbpp_plus/304,0,81,19
acc85/semi90,mbpp_plus/305,1,128,14
acc85/semi90,mbpp_plus/306,1,83,13
acc85/semi90,mbpp_plus/307,1,227,30
acc85/semi90,mbpp_plus/308,0,265,31
acc85/semi90,mbpp_plus/309,1,130,22
acc85/semi90,mbpp_plus/310,1,145,17
acc85/semi90,mbpp_plus/311,0,176,19
acc85/semi90,mbpp_plus/312,0,167,23
acc85/semi90,mbpp_plus/313,1,159,32
acc85/semi90,mbpp_plus/314,0,284,40
acc85/semi90,mbpp_plus/315,1,100,20
acc85/semi90,mbpp_plus/316,1,145,21
acc85/semi90,mbpp_plus/317,1,220,25
acc85/semi90,mbpp_plus/318,1,92,9
acc85/semi90,mbpp_plus/319,1,241,41
acc85/semi90,mbpp_plus/320,0,120,16
acc85/semi90,mbpp_plus/321,1,172,21
acc85/semi90,mbpp_plus/322,0,148,25
acc85/semi90,mbpp_plus/323,1,268,50
acc85/semi90,mbpp_plus/324,1,148,23
acc85/semi90,mbpp_plus/325,0,275,24
acc85/semi90,mbpp_plus/326,1,143,15
acc85/semi90,mbpp_plus/327,0,130,19
acc85/semi90,mbpp_plus/328,1,135,18
acc85/semi90,mbpp_plus/329,0,179,14
acc85/semi90,mbpp_plus/330,1,171,19
acc85/semi90,mbpp_plus/331,0,197,42
acc85/semi90,mbpp_plus/332,1,172,19
acc85/semi90,mbpp_plus/333,1,208,42
acc85/semi90,mbpp_plus/334,0,184,28
acc85/semi90,mbpp_plus/335,0,134,30
acc85/semi90,mbpp_plus/336,1,148,13
acc85/semi90,mbpp_plus/337,1,102,14
acc85/semi90,mbpp_plus/338,1,86,19
acc85/semi90,mbpp_plus/339,1,80,11
acc85/semi90,mbpp_plus/340,0,133,18
acc85/semi90,mbpp_plus/341,1,96,12
acc85/semi90,mbpp_plus/342,0,72,8
acc85/semi90,mbpp_plus/343,1,192,21
acc85/semi90,mbpp_plus/344,1,121,25
acc85/semi90,mbpp_plus/345,1,76,9
acc85/semi90,mbpp_plus/346,1,159,20
acc85/semi90,mbpp_plus/347,1,17,3
acc85/semi90,mbpp_plus/348,0,205,60
acc85/semi90,mbpp_plus/349,1,79,11
acc85/semi90,mbpp_plus/350,1,159,26
acc85/semi90,mbpp_plus/351,1,26,6
acc85/semi90,mbpp_plus/352,0,120,17
acc85/semi90,mbpp_plus/353,1,163,18
acc85/semi90,mbpp_plus/354,1,146,26
acc85/semi90,mbpp_plus/355,1,99,15
acc85/semi90,mbpp_plus/356,0,173,18
acc85/semi90,mbpp_plus/357,1,116,13
acc85/semi90,mbpp_plus/358,1,84,9
acc85/semi90,mbpp_plus/359,1,171,19
acc85/semi90,mbpp_plus/360,1,182,17
acc85/semi90,mbpp_plus/361,0,238,28
acc85/semi90,mbpp_plus/362,1,83,9
acc85/semi90,mbpp_plus/363,1,128,18
acc85/semi90,mbpp_plus/364,0,155,26
acc85/semi90,mbpp_plus/365,1,116,14
acc85/semi90,mbpp_plus/366,1,18,4
acc85/semi90,mbpp_plus/367,1,182,34
acc85/semi90,mbpp_plus/368,1,40,5
acc85/semi90,mbpp_plus/369,1,110,11
acc85/semi90,mbpp_plus/370,0,323,75
acc85/semi90,mbpp_plus/371,1,23,4
acc85/semi90,mbpp_plus/372,0,142,18
acc85/semi90,mbpp_plus/373,1,108,17
acc85/semi90,mbpp_plus/374,1,135,15
acc85/semi90,mbpp_plus/375,0,149,24
acc85/semi90,mbpp_plus/376,1,121,16
acc85/semi90,mbpp_plus/377,0,126,15
acc90/semi70,humaneval_plus/0,1,206,21
acc90/semi70,humaneval_plus/1,0,271,39
acc90/semi70,humaneval_plus/2,0,295,50
acc90/semi70,humaneval_plus/3,1,213,22
acc90/semi70,humaneval_plus/4,1,152,19
acc90/semi70,humaneval_plus/5,0,218,30
acc90/semi70,humaneval_plus/6,0,253,36
acc90/semi70,humaneval_plus/7,1,259,29
acc90/semi70,humaneval_plus/8,0,315,35
acc90/semi70,humaneval_plus/9,0,260,26
acc90/semi70,humaneval_plus/10,1,348,28
acc90/semi70,humaneval_plus/11,1,285,56
acc90/semi70,humaneval_plus/12,1,243,59
acc90/semi70,humaneval_plus/13,0,232,41
acc90/semi70,humaneval_plus/14,0,241,55
acc90/semi70,humaneval_plus/15,1,312,29
acc90/semi70,humaneval_plus/16,1,281,31
acc90/semi70,humaneval_plus/17,0,297,43
acc90/semi70,humaneval_plus/18,1,198,21
acc90/semi70,humaneval_plus/19,1,358,51
acc90/semi70,humaneval_plus/20,0,339,62
acc90/semi70,humaneval_plus/21,0,289,27
acc90/semi70,humaneval_plus/22,1,266,33
acc90/semi70,humaneval_plus/23,1,304,39
acc90/semi70,humaneval_plus/24,0,163,18
acc90/semi70,humaneval_plus/25,1,296,29
acc90/semi70,humaneval_plus/26,1,185,25
acc90/semi70,humaneval_plus/27,1,183,20
acc90/semi70,humaneval_plus/28,1,350,39
acc90/semi70,humaneval_plus/29,0,471,73
acc90/semi70,humaneval_plus/30,0,278,40
acc90/semi70,humaneval_plus/31,0,397,43
acc90/semi70,humaneval_plus/32,1,326,47
acc90/semi70,humaneval_plus/33,1,242,31
acc90/semi70,humaneval_plus/34,0,501,113
acc90/semi70,humaneval_plus/35,1,129,10
acc90/semi70,humaneval_plus/36,0,1229,115
acc90/semi70,humaneval_plus/37,0,173,23
acc90/semi70,humaneval_plus/38,0,304,78
acc90/semi70,humaneval_plus/39,1,227,25
acc90/semi70,humaneval_plus/40,0,268,39
acc90/semi70,humaneval_plus/41,0,179,22
acc90/semi70,humaneval_plus/42,1,568,58
acc90/semi70,humaneval_plus/43,0,240,26
acc90/semi70,humaneval_plus/44,0,249,56
acc90/semi70,humaneval_plus/45,1,185,22
acc90/semi70,humaneval_plus/46,1,97,10
acc90/semi70,humaneval_plus/47,0,208,36
acc90/semi70,humaneval_plus/48,0,431,54
acc90/semi70,humaneval_plus/49,0,274,29
acc90/semi70,humaneval_plus/50,0,194,40
acc90/semi70,humaneval_plus/51,1,252,52
acc90/semi70,humaneval_plus/52,0,232,52
acc90/semi70,humaneval_plus/53,1,283,30
acc90/semi70,humaneval_plus/54,1,298,29
acc90/semi70,humaneval_plus/55,1,417,56
acc90/semi70,humaneval_plus/56,1,272,31
acc90/semi70,humaneval_plus/57,1,92,8
acc90/semi70,humaneval_plus/58,0,216,21
acc90/semi70,humaneval_plus/59,1,213,19
acc90/semi70,humaneval_plus/60,1,235,34
acc90/semi70,humaneval_plus/61,1,211,32
acc90/semi70,humaneval_plus/62,1,256,55
acc90/semi70,humaneval_plus/63,1,184,30
acc90/semi70,humaneval_plus/64,1,327,27
acc90/semi70,humaneval_plus/65,0,199,28
acc90/semi70,humaneval_plus/66,1,216,26
acc90/semi70,humaneval_plus/67,1,390,39
acc90/semi70,humaneval_plus/68,0,134,17
acc90/semi70,humaneval_plus/69,0,206,32
acc90/semi70,humaneval_plus/70,0,226,26
acc90/semi70,humaneval_plus/71,1,137,18
acc90/semi70,humaneval_plus/72,0,200,26
acc90/semi70,humaneval_plus/73,1,257,35
acc90/semi70,humaneval_plus/74,1,166,24
acc90/semi70,humaneval_plus/75,1,287,33
acc90/semi70,humaneval_plus/76,1,105,18
acc90/semi70,humaneval_plus/77,1,307,30
acc90/semi70,humaneval_plus/78,0,240,34
acc90/semi70,humaneval_plus/79,0,114,9
acc90/semi70,humaneval_plus/80,1,58,7
acc90/semi70,humaneval_plus/81,1,119,18
acc90/semi70,humaneval_plus/82,1,226,20
acc90/semi70,humaneval_plus/83,1,176,16
acc90/semi70,humaneval_plus/84,1,105,9
acc90/semi70,humaneval_plus/85,1,76,6
acc90/semi70,humaneval_plus/86,1,111,9
acc90/semi70,humaneval_plus/87,1,159,14
acc90/semi70,humaneval_plus/88,1,143,9
acc90/semi70,humaneval_plus/89,1,249,18
acc90/semi70,humaneval_plus/90,0,1184,172
acc90/semi70,humaneval_plus/91,0,294,35
acc90/semi70,humaneval_plus/92,1,86,8
acc90/semi70,humaneval_plus/93,1,144,13
acc90/semi70,humaneval_plus/94,1,157,15
acc90/semi70,humaneval_plus/95,0,252,29
acc90/semi70,humaneval_plus/96,0,584,45
acc90/semi70,humaneval_plus/97,1,266,24
acc90/semi70,humaneval_plus/98,0,220,29
acc90/semi70,humaneval_plus/99,0,3856,336
acc90/semi70,humaneval_plus/100,1,200,46
acc90/semi70,humaneval_plus/101,1,133,7
acc90/semi70,humaneval_plus/102,1,254,26
acc90/semi70,humaneval_plus/103,0,159,17
acc90/semi70,humaneval_plus/104,1,60,7
acc90/semi70,humaneval_plus/105,0,339,37
acc90/semi70,humaneval_plus/106,1,205,17
acc90/semi70,humaneval_plus/107,1,109,7
acc90/semi70,humaneval_plus/108,0,208,16
acc90/semi70,humaneval_plus/109,1,165,13
acc90/semi70,humaneval_plus/110,1,137,10
acc90/semi70,humaneval_plus/111,1,179,11
acc90/semi70,humaneval_plus/112,1,110,7
acc90/semi70,humaneval_plus/113,1,63,5
acc90/semi70,humaneval_plus/114,0,155,11
acc90/semi70,humaneval_plus/115,1,130,11
acc90/semi70,humaneval_plus/116,0,185,22
acc90/semi70,humaneval_plus/117,1,391,36
acc90/semi70,humaneval_plus/118,1,202,23
acc90/semi70,humaneval_plus/119,1,212,12
acc90/semi70,humaneval_plus/120,1,464,36
acc90/semi70,humaneval_plus/121,1,125,10
acc90/semi70,humaneval_plus/122,1,184,22
acc90/semi70,humaneval_plus/123,1,168,13
acc90/semi70,humaneval_plus/124,1,274,33
acc90/semi70,humaneval_plus/125,0,193,28
acc90/semi70,humaneval_plus/126,0,207,34
acc90/semi70,humaneval_plus/127,1,155,14
acc90/semi70,humaneval_plus/128,0,355,61
acc90/semi70,humaneval_plus/129,1,425,46
acc90/semi70,humaneval_plus/130,1,260,28
acc90/semi70,humaneval_plus/131,1,118,10
acc90/semi70,humaneval_plus/132,0,267,23
acc90/semi70,humaneval_plus/133,1,297,39
acc90/semi70,humaneval_plus/134,0,150,42
acc90/semi70,humaneval_plus/135,1,323,38
acc90/semi70,humaneval_plus/136,1,296,25
acc90/semi70,humaneval_plus/137,0,286,49
acc90/semi70,humaneval_plus/138,0,526,63
acc90/semi70,humaneval_plus/139,1,542,82
acc90/semi70,humaneval_plus/140,1,178,34
acc90/semi70,humaneval_plus/141,0,148,43
acc90/semi70,humaneval_plus/142,1,178,13
acc90/semi70,humaneval_plus/143,0,208,32
acc90/semi70,humaneval_plus/144,1,359,35
acc90/semi70,humaneval_plus/145,0,178,16
acc90/semi70,humaneval_plus/146,0,670,143
acc90/semi70,humaneval_plus/147,0,244,26
acc90/semi70,humaneval_plus/148,1,134,18
acc90/semi70,humaneval_plus/149,0,227,30
acc90/semi70,humaneval_plus/150,1,815,76
acc90/semi70,humaneval_plus/151,1,362,35
acc90/semi70,humaneval_plus/152,0,304,57
acc90/semi70,humaneval_plus/153,1,168,14
acc90/semi70,humaneval_plus/154,1,230,24
acc90/semi70,humaneval_plus/155,0,235,34
acc90/semi70,humaneval_plus/156,1,220,18
acc90/semi70,humaneval_plus/157,0,254,38
acc90/semi70,humaneval_plus/158,0,171,15
acc90/semi70,humaneval_plus/159,1,295,32
acc90/semi70,humaneval_plus/160,0,658,62
acc90/semi70,humaneval_plus/161,1,186,17
acc90/semi70,humaneval_plus/162,1,142,24
acc90/semi70,humaneval_plus/163,0,353,45
acc90/semi70,mbpp_plus/0,1,140,19
acc90/semi70,mbpp_plus/1,1,88,17
acc90/semi70,mbpp_plus/2,0,136,27
acc90/semi70,mbpp_plus/3,1,465,95
acc90/semi70,mbpp_plus/4,1,104,19
acc90/semi70,mbpp_plus/5,1,70,13
acc90/semi70,mbpp_plus/6,1,80,19
acc90/semi70,mbpp_plus/7,1,118,16
acc90/semi70,mbpp_plus/8,0,468,80
acc90/semi70,mbpp_plus/9,0,204,32
acc90/semi70,mbpp_plus/10,0,142,23
acc90/semi70,mbpp_plus/11,0,104,13
acc90/semi70,mbpp_plus/12,1,130,21
acc90/semi70,mbpp_plus/13,1,76,17
acc90/semi70,mbpp_plus/14,0,451,93
acc90/semi70,mbpp_plus/15,1,82,11
acc90/semi70,mbpp_plus/16,0,281,40
acc90/semi70,mbpp_plus/17,0,683,106
acc90/semi70,mbpp_plus/18,0,95,13
acc90/semi70,mbpp_plus/19,1,240,40
acc90/semi70,mbpp_plus/20,0,187,29
acc90/semi70,mbpp_plus/21,1,19,3
acc90/semi70,mbpp_plus/22,1,159,21
acc90/semi70,mbpp_plus/23,1,356,43
acc90/semi70,mbpp_plus/24,1,153,18
acc90/semi70,mbpp_plus/25,1,287,30
acc90/semi70,mbpp_plus/26,1,122,19
acc90/semi70,mbpp_plus/27,1,149,12
acc90/semi70,mbpp_plus/28,1,120,17
acc90/semi70,mbpp_plus/29,0,165,23
acc90/semi70,mbpp_plus/30,0,151,26
acc90/semi70,mbpp_plus/31,1,79,6
acc90/semi70,mbpp_plus/32,0,174,37
acc90/semi70,mbpp_plus/33,1,109,18
acc90/semi70,mbpp_plus/34,1,297,53
acc90/semi70,mbpp_plus/35,0,154,30
acc90/semi70,mbpp_plus/36,1,135,22
acc90/semi70,mbpp_plus/37,0,175,43
acc90/semi70,mbpp_plus/38,0,273,45
acc90/semi70,mbpp_plus/39,0,226,35
acc90/semi70,mbpp_plus/40,1,168,28
acc90/semi70,mbpp_plus/41,1,229,56
acc90/semi70,mbpp_plus/42,0,299,37
acc90/semi70,mbpp_plus/43,0,110,16
acc90/semi70,mbpp_plus/44,1,79,15
acc90/semi70,mbpp_plus/45,1,81,9
acc90/semi70,mbpp_plus/46,1,105,20
acc90/semi70,mbpp_plus/47,1,89,12
acc90/semi70,mbpp_plus/48,1,288,42
acc90/semi70,mbpp_plus/49,0,172,36
acc90/semi70,mbpp_plus/50,0,125,25
acc90/semi70,mbpp_plus/51,0,178,38
acc90/semi70,mbpp_plus/52,0,553,132
acc90/semi70,mbpp_plus/53,1,154,21
acc90/semi70,mbpp_plus/54,0,349,38
acc90/semi70,mbpp_plus/55,1,142,26
acc90/semi70,mbpp_plus/56,1,89,18
acc90/semi70,mbpp_plus/57,0,28,11
acc90/semi70,mbpp_plus/58,0,110,20
acc90/semi70,mbpp_plus/59,0,114,23
acc90/semi70,mbpp_plus/60,1,196,24
acc90/semi70,mbpp_plus/61,1,101,12
acc90/semi70,mbpp_plus/62,0,252,58
acc90/semi70,mbpp_plus/63,0,291,36
acc90/semi70,mbpp_plus/64,1,159,32
acc90/semi70,mbpp_plus/65,0,646,103
acc90/semi70,mbpp_plus/66,0,159,49
acc90/semi70,mbpp_plus/67,1,88,10
acc90/semi70,mbpp_plus/68,0,166,23
acc90/semi70,mbpp_plus/69,1,464,57
acc90/semi70,mbpp_plus/70,1,321,25
acc90/semi70,mbpp_plus/71,1,90,16
acc90/semi70,mbpp_plus/72,1,103,12
acc90/semi70,mbpp_plus/73,0,96,23
acc90/semi70,mbpp_plus/74,1,125,16
acc90/semi70,mbpp_plus/75,0,89,24
acc90/semi70,mbpp_plus/76,1,406,41
acc90/semi70,mbpp_plus/77,0,21,6
acc90/semi70,mbpp_plus/78,0,141,34
acc90/semi70,mbpp_plus/79,0,393,80
acc90/semi70,mbpp_plus/80,0,268,46
acc90/semi70,mbpp_plus/81,1,112,13
acc90/semi70,mbpp_plus/82,0,178,50
acc90/semi70,mbpp_plus/83,0,153,34
acc90/semi70,mbpp_plus/84,1,106,22
acc90/semi70,mbpp_plus/85,0,143,19
acc90/semi70,mbpp_plus/86,1,127,21
acc90/semi70,mbpp_plus/87,1,22,4
acc90/semi70,mbpp_plus/88,1,178,23
acc90/semi70,mbpp_plus/89,1,146,18
acc90/semi70,mbpp_plus/90,1,89,15
acc90/semi70,mbpp_plus/91,0,101,27
acc90/semi70,mbpp_plus/92,0,170,49
acc90/semi70,mbpp_plus/93,1,98,13
acc90/semi70,mbpp_plus/94,1,107,12
acc90/semi70,mbpp_plus/95,0,125,25
acc90/semi70,mbpp_plus/96,1,126,20
acc90/semi70,mbpp_plus/97,1,113,20
acc90/semi70,mbpp_plus/98,1,125,16
acc90/semi70,mbpp_plus/99,1,130,16
acc90/semi70,mbpp_plus/100,1,195,33
acc90/semi70,mbpp_plus/101,1,108,14
acc90/semi70,mbpp_plus/102,0,157,28
acc90/semi70,mbpp_plus/103,0,712,185
acc90/semi70,mbpp_plus/104,0,317,72
acc90/semi70,mbpp_plus/105,0,95,16
acc90/semi70,mbpp_plus/106,1,23,5
acc90/semi70,mbpp_plus/107,1,103,21
acc90/semi70,mbpp_plus/108,0,167,33
acc90/semi70,mbpp_plus/109,1,188,28
acc90/semi70,mbpp_plus/110,1,143,16
acc90/semi70,mbpp_plus/111,1,396,50
acc90/semi70,mbpp_plus/112,1,208,27
acc90/semi70,mbpp_plus/113,0,231,53
acc90/semi70,mbpp_plus/114,1,325,41
acc90/semi70,mbpp_plus/115,0,317,52
acc90/semi70,mbpp_plus/116,0,706,116
acc90/semi70,mbpp_plus/117,1,170,16
acc90/semi70,mbpp_plus/118,1,99,13
acc90/semi70,mbpp_plus/119,0,71,11
acc90/semi70,mbpp_plus/120,0,313,62
acc90/semi70,mbpp_plus/121,1,102,15
acc90/semi70,mbpp_plus/122,0,146,26
acc90/semi70,mbpp_plus/123,0,228,41
acc90/semi70,mbpp_plus/124,0,109,23
acc90/semi70,mbpp_plus/125,0,142,26
acc90/semi70,mbpp_plus/126,0,257,54
acc90/semi70,mbpp_plus/127,1,105,23
acc90/semi70,mbpp_plus/128,0,168,25
acc90/semi70,mbpp_plus/129,1,123,24
acc90/semi70,mbpp_plus/130,0,164,37
acc90/semi70,mbpp_plus/131,1,97,11
acc90/semi70,mbpp_plus/132,0,22,9
acc90/semi70,mbpp_plus/133,1,88,10
acc90/semi70,mbpp_plus/134,1,77,12
acc90/semi70,mbpp_plus/135,1,301,39
acc90/semi70,mbpp_plus/136,0,109,23
acc90/semi70,mbpp_plus/137,1,77,16
acc90/semi70,mbpp_plus/138,1,95,17
acc90/semi70,mbpp_plus/139,1,102,17
acc90/semi70,mbpp_plus/140,0,178,20
acc90/semi70,mbpp_plus/141,1,89,17
acc90/semi70,mbpp_plus/142,0,243,33
acc90/semi70,mbpp_plus/143,1,131,22
acc90/semi70,mbpp_plus/144,1,84,24
acc90/semi70,mbpp_plus/145,1,552,60
acc90/semi70,mbpp_plus/146,0,98,26
acc90/semi70,mbpp_plus/147,0,107,19
acc90/semi70,mbpp_plus/148,1,145,14
acc90/semi70,mbpp_plus/149,1,136,25
acc90/semi70,mbpp_plus/150,1,594,66
acc90/semi70,mbpp_plus/151,1,112,25
acc90/semi70,mbpp_plus/152,0,208,48
acc90/semi70,mbpp_plus/153,1,182,38
acc90/semi70,mbpp_plus/154,1,103,11
acc90/semi70,mbpp_plus/155,1,116,25
acc90/semi70,mbpp_plus/156,1,107,17
acc90/semi70,mbpp_plus/157,0,108,25
acc90/semi70,mbpp_plus/158,1,123,21
acc90/semi70,mbpp_plus/159,1,263,90
acc90/semi70,mbpp_plus/160,0,114,19
acc90/semi70,mbpp_plus/161,0,148,27
acc90/semi70,mbpp_plus/162,1,116,21
acc90/semi70,mbpp_plus/163,1,166,18
acc90/semi70,mbpp_plus/164,0,310,49
acc90/semi70,mbpp_plus/165,1,101,17
acc90/semi70,mbpp_plus/166,0,22,8
acc90/semi70,mbpp_plus/167,1,401,42
acc90/semi70,mbpp_plus/168,0,118,29
acc90/semi70,mbpp_plus/169,1,154,20
acc90/semi70,mbpp_plus/170,1,132,13
acc90/semi70,mbpp_plus/171,1,143,22
acc90/semi70,mbpp_plus/172,1,110,11
acc90/semi70,mbpp_plus/173,0,160,25
acc90/semi70,mbpp_plus/174,1,111,20
acc90/semi70,mbpp_plus/175,0,140,21
acc90/semi70,mbpp_plus/176,1,229,42
acc90/semi70,mbpp_plus/177,1,86,16
acc90/semi70,mbpp_plus/178,0,179,33
acc90/semi70,mbpp_plus/179,1,132,18
acc90/semi70,mbpp_plus/180,0,95,15
acc90/semi70,mbpp_plus/181,1,360,40
acc90/semi70,mbpp_plus/182,0,133,33
acc90/semi70,mbpp_plus/183,1,126,16
acc90/semi70,mbpp_plus/184,1,85,13
acc90/semi70,mbpp_plus/185,0,111,22
acc90/semi70,mbpp_plus/186,1,17,5
acc90/semi70,mbpp_plus/187,1,111,16
acc90/semi70,mbpp_plus/188,1,130,18
acc90/semi70,mbpp_plus/189,1,86,10
acc90/semi70,mbpp_plus/190,1,200,30
acc90/semi70,mbpp_plus/191,1,148,20
acc90/semi70,mbpp_plus/192,1,88,17
acc90/semi70,mbpp_plus/193,0,487,50
acc90/semi70,mbpp_plus/194,0,189,35
acc90/semi70,mbpp_plus/195,1,117,19
acc90/semi70,mbpp_plus/196,1,155,29
acc90/semi70,mbpp_plus/197,1,123,17
acc90/semi70,mbpp_plus/198,1,127,19
acc90/semi70,mbpp_plus/199,1,120,14
acc90/semi70,mbpp_plus/200,1,16,6
acc90/semi70,mbpp_plus/201,1,141,29
acc90/semi70,mbpp_plus/202,1,147,18
acc90/semi70,mbpp_plus/203,1,27,5
acc90/semi70,mbpp_plus/204,1,232,25
acc90/semi70,mbpp_plus/205,1,130,22
acc90/semi70,mbpp_plus/206,1,152,24
acc90/semi70,mbpp_plus/207,1,166,23
acc90/semi70,mbpp_plus/208,0,205,41
acc90/semi70,mbpp_plus/209,0,155,27
acc90/semi70,mbpp_plus/210,1,128,17
acc90/semi70,mbpp_plus/211,0,166,32
acc90/semi70,mbpp_plus/212,1,95,12
acc90/semi70,mbpp_plus/213,1,168,39
acc90/semi70,mbpp_plus/214,0,316,76
acc90/semi70,mbpp_plus/215,1,231,46
acc90/semi70,mbpp_plus/216,1,131,20
acc90/semi70,mbpp_plus/217,1,155,25
acc90/semi70,mbpp_plus/218,1,68,11
acc90/semi70,mbpp_plus/219,1,214,28
acc90/semi70,mbpp_plus/220,0,218,27
acc90/semi70,mbpp_plus/221,1,126,18
acc90/semi70,mbpp_plus/222,0,108,21
acc90/semi70,mbpp_plus/223,1,178,16
acc90/semi70,mbpp_plus/224,0,276,63
acc90/semi70,mbpp_plus/225,1,216,35
acc90/semi70,mbpp_plus/226,1,186,29
acc90/semi70,mbpp_plus/227,1,75,16
acc90/semi70,mbpp_plus/228,0,587,67
acc90/semi70,mbpp_plus/229,1,204,25
acc90/semi70,mbpp_plus/230,1,162,22
acc90/semi70,mbpp_plus/231,0,198,39
acc90/semi70,mbpp_plus/232,1,74,12
acc90/semi70,mbpp_plus/233,1,111,16
acc90/semi70,mbpp_plus/234,0,296,55
acc90/semi70,mbpp_plus/235,1,127,20
acc90/semi70,mbpp_plus/236,1,182,16
acc90/semi70,mbpp_plus/237,1,109,11
acc90/semi70,mbpp_plus/238,1,145,24
acc90/semi70,mbpp_plus/239,0,299,76
acc90/semi70,mbpp_plus/240,0,171,30
acc90/semi70,mbpp_plus/241,1,129,27
acc90/semi70,mbpp_plus/242,0,139,32
acc90/semi70,mbpp_plus/243,1,163,29
acc90/semi70,mbpp_plus/244,1,142,19
acc90/semi70,mbpp_plus/245,0,118,19
acc90/semi70,mbpp_plus/246,1,97,17
acc90/semi70,mbpp_plus/247,1,100,17
acc90/semi70,mbpp_plus/248,1,178,25
acc90/semi70,mbpp_plus/249,1,113,14
acc90/semi70,mbpp_plus/250,0,167,25
acc90/semi70,mbpp_plus/251,0,630,67
acc90/semi70,mbpp_plus/252,1,87,11
acc90/semi70,mbpp_plus/253,1,17,6
acc90/semi70,mbpp_plus/254,1,228,67
acc90/semi70,mbpp_plus/255,1,113,9
acc90/semi70,mbpp_plus/256,1,174,24
acc90/semi70,mbpp_plus/257,0,211,32
acc90/semi70,mbpp_plus/258,0,170,34
acc90/semi70,mbpp_plus/259,0,176,37
acc90/semi70,mbpp_plus/260,1,180,24
acc90/semi70,mbpp_plus/261,1,161,19
acc90/semi70,mbpp_plus/262,0,951,82
acc90/semi70,mbpp_plus/263,1,102,14
acc90/semi70,mbpp_plus/264,0,250,43
acc90/semi70,mbpp_plus/265,0,213,35
acc90/semi70,mbpp_plus/266,0,90,13
acc90/semi70,mbpp_plus/267,1,128,22
acc90/semi70,mbpp_plus/268,0,150,34
acc90/semi70,mbpp_plus/269,0,141,37
acc90/semi70,mbpp_plus/270,1,143,23
acc90/semi70,mbpp_plus/271,1,117,18
acc90/semi70,mbpp_plus/272,0,325,80
acc90/semi70,mbpp_plus/273,1,211,33
acc90/semi70,mbpp_plus/274,0,222,39
acc90/semi70,mbpp_plus/275,1,128,19
acc90/semi70,mbpp_plus/276,1,150,21
acc90/semi70,mbpp_plus/277,1,492,68
acc90/semi70,mbpp_plus/278,1,368,115
acc90/semi70,mbpp_plus/279,1,92,12
acc90/semi70,mbpp_plus/280,0,389,76
acc90/semi70,mbpp_plus/281,0,335,36
acc90/semi70,mbpp_plus/282,1,116,11
acc90/semi70,mbpp_plus/283,0,132,25
acc90/semi70,mbpp_plus/284,0,147,23
acc90/semi70,mbpp_plus/285,1,152,22
acc90/semi70,mbpp_plus/286,0,143,24
acc90/semi70,mbpp_plus/287,1,133,18
acc90/semi70,mbpp_plus/288,1,190,26
acc90/semi70,mbpp_plus/289,1,111,18
acc90/semi70,mbpp_plus/290,1,203,16
acc90/semi70,mbpp_plus/291,1,445,88
acc90/semi70,mbpp_plus/292,0,217,60
acc90/semi70,mbpp_plus/293,1,144,19
acc90/semi70,mbpp_plus/294,1,144,34
acc90/semi70,mbpp_plus/295,0,306,84
acc90/semi70,mbpp_plus/296,0,209,56
acc90/semi70,mbpp_plus/297,0,131,29
acc90/semi70,mbpp_plus/298,1,137,20
acc90/semi70,mbpp_plus/299,1,202,41
acc90/semi70,mbpp_plus/300,1,149,25
acc90/semi70,mbpp_plus/301,0,72,15
acc90/semi70,mbpp_plus/302,1,241,36
acc90/semi70,mbpp_plus/303,1,140,23
acc90/semi70,mbpp_plus/304,1,80,17
acc90/semi70,mbpp_plus/305,1,125,16
acc90/semi70,mbpp_plus/306,1,83,15
acc90/semi70,mbpp_plus/307,1,211,29
acc90/semi70,mbpp_plus/308,1,265,32
acc90/semi70,mbpp_plus/309,1,131,27
acc90/semi70,mbpp_plus/310,1,143,19
acc90/semi70,mbpp_plus/311,0,167,22
acc90/semi70,mbpp_plus/312,0,167,28
acc90/semi70,mbpp_plus/313,0,146,27
acc90/semi70,mbpp_plus/314,0,375,79
acc90/semi70,mbpp_plus/315,1,98,20
acc90/semi70,mbpp_plus/316,1,146,24
acc90/semi70,mbpp_plus/317,1,220,28
acc90/semi70,mbpp_plus/318,1,92,10
acc90/semi70,mbpp_plus/319,0,169,48
acc90/semi70,mbpp_plus/320,1,117,9
acc90/semi70,mbpp_plus/321,1,173,18
acc90/semi70,mbpp_plus/322,0,142,22
acc90/semi70,mbpp_plus/323,1,211,37
acc90/semi70,mbpp_plus/324,1,151,28
acc90/semi70,mbpp_plus/325,0,276,30
acc90/semi70,mbpp_plus/326,1,143,18
acc90/semi70,mbpp_plus/327,1,128,19
acc90/semi70,mbpp_plus/328,1,133,24
acc90/semi70,mbpp_plus/329,0,178,17
acc90/semi70,mbpp_plus/330,1,201,27
acc90/semi70,mbpp_plus/331,0,201,55
acc90/semi70,mbpp_plus/332,1,131,21
acc90/semi70,mbpp_plus/333,0,196,42
acc90/semi70,mbpp_plus/334,0,182,30
acc90/semi70,mbpp_plus/335,1,114,32
acc90/semi70,mbpp_plus/336,1,147,16
acc90/semi70,mbpp_plus/337,0,102,21
acc90/semi70,mbpp_plus/338,0,85,19
acc90/semi70,mbpp_plus/339,1,80,13
acc90/semi70,mbpp_plus/340,0,133,18
acc90/semi70,mbpp_plus/341,1,96,13
acc90/semi70,mbpp_plus/342,0,72,10
acc90/semi70,mbpp_plus/343,1,199,24
acc90/semi70,mbpp_plus/344,1,120,25
acc90/semi70,mbpp_plus/345,1,74,11
acc90/semi70,mbpp_plus/346,1,158,22
acc90/semi70,mbpp_plus/347,1,17,5
acc90/semi70,mbpp_plus/348,0,312,64
acc90/semi70,mbpp_plus/349,1,160,17
acc90/semi70,mbpp_plus/350,1,158,31
acc90/semi70,mbpp_plus/351,1,26,6
acc90/semi70,mbpp_plus/352,0,120,18
acc90/semi70,mbpp_plus/353,1,158,19
acc90/semi70,mbpp_plus/354,1,141,20
acc90/semi70,mbpp_plus/355,1,99,18
acc90/semi70,mbpp_plus/356,0,173,18
acc90/semi70,mbpp_plus/357,1,116,17
acc90/semi70,mbpp_plus/358,1,84,12
acc90/semi70,mbpp_plus/359,1,173,18
acc90/semi70,mbpp_plus/360,1,85,11
acc90/semi70,mbpp_plus/361,1,237,30
acc90/semi70,mbpp_plus/362,1,83,9
acc90/semi70,mbpp_plus/363,1,127,16
acc90/semi70,mbpp_plus/364,0,320,44
acc90/semi70,mbpp_plus/365,1,116,13
acc90/semi70,mbpp_plus/366,1,18,6
acc90/semi70,mbpp_plus/367,1,182,37
acc90/semi70,mbpp_plus/368,1,40,7
acc90/semi70,mbpp_plus/369,1,147,15
acc90/semi70,mbpp_plus/370,0,468,79
acc90/semi70,mbpp_plus/371,1,23,5
acc90/semi70,mbpp_plus/372,0,142,19
acc90/semi70,mbpp_plus/373,1,106,15
acc90/semi70,mbpp_plus/374,1,379,37
acc90/semi70,mbpp_plus/375,0,149,24
acc90/semi70,mbpp_plus/376,1,118,16
acc90/semi70,mbpp_plus/377,0,126,18
acc90/semi90,humaneval_plus/0,1,206,21
acc90/semi90,humaneval_plus/1,1,239,29
acc90/semi90,humaneval_plus/2,1,288,45
acc90/semi90,humaneval_plus/3,1,219,28
acc90/semi90,humaneval_plus/4,1,152,18
acc90/semi90,humaneval_plus/5,0,223,37
acc90/semi90,humaneval_plus/6,1,265,40
acc90/semi90,humaneval_plus/7,1,259,31
acc90/semi90,humaneval_plus/8,1,481,48
acc90/semi90,humaneval_plus/9,0,260,25
acc90/semi90,humaneval_plus/10,1,348,28
acc90/semi90,humaneval_plus/11,1,293,50
acc90/semi90,humaneval_plus/12,1,248,68
acc90/semi90,humaneval_plus/13,1,210,36
acc90/semi90,humaneval_plus/14,1,267,57
acc90/semi90,humaneval_plus/15,1,311,27
acc90/semi90,humaneval_plus/16,1,281,34
acc90/semi90,humaneval_plus/17,0,314,52
acc90/semi90,humaneval_plus/18,1,199,24
acc90/semi90,humaneval_plus/19,1,360,55
acc90/semi90,humaneval_plus/20,1,246,27
acc90/semi90,humaneval_plus/21,0,289,25
acc90/semi90,humaneval_plus/22,1,263,31
acc90/semi90,humaneval_plus/23,0,302,42
acc90/semi90,humaneval_plus/24,0,163,19
acc90/semi90,humaneval_plus/25,0,294,28
acc90/semi90,humaneval_plus/26,1,177,22
acc90/semi90,humaneval_plus/27,1,183,20
acc90/semi90,humaneval_plus/28,0,358,56
acc90/semi90,humaneval_plus/29,0,411,67
acc90/semi90,humaneval_plus/30,0,277,38
acc90/semi90,humaneval_plus/31,1,382,45
acc90/semi90,humaneval_plus/32,1,326,46
acc90/semi90,humaneval_plus/33,1,254,36
acc90/semi90,humaneval_plus/34,0,758,283
acc90/semi90,humaneval_plus/35,1,129,11
acc90/semi90,humaneval_plus/36,0,387,40
acc90/semi90,humaneval_plus/37,1,377,42
acc90/semi90,humaneval_plus/38,0,504,150
acc90/semi90,humaneval_plus/39,1,229,28
acc90/semi90,humaneval_plus/40,0,279,46
acc90/semi90,humaneval_plus/41,0,189,27
acc90/semi90,humaneval_plus/42,1,255,30
acc90/semi90,humaneval_plus/43,0,240,35
acc90/semi90,humaneval_plus/44,1,223,66
acc90/semi90,humaneval_plus/45,1,187,21
acc90/semi90,humaneval_plus/46,1,97,10
acc90/semi90,humaneval_plus/47,0,193,33
acc90/semi90,humaneval_plus/48,0,442,60
acc90/semi90,humaneval_plus/49,0,259,24
acc90/semi90,humaneval_plus/50,1,296,33
acc90/semi90,humaneval_plus/51,1,272,53
acc90/semi90,humaneval_plus/52,0,180,49
acc90/semi90,humaneval_plus/53,1,298,36
acc90/semi90,humaneval_plus/54,1,298,30
acc90/semi90,humaneval_plus/55,0,430,58
acc90/semi90,humaneval_plus/56,1,153,33
acc90/semi90,humaneval_plus/57,1,92,8
acc90/semi90,humaneval_plus/58,1,205,13
acc90/semi90,humaneval_plus/59,0,209,22
acc90/semi90,humaneval_plus/60,1,109,19
acc90/semi90,humaneval_plus/61,1,439,51
acc90/semi90,humaneval_plus/62,1,295,61
acc90/semi90,humaneval_plus/63,1,205,25
acc90/semi90,humaneval_plus/64,1,326,28
acc90/semi90,humaneval_plus/65,1,204,27
acc90/semi90,humaneval_plus/66,1,216,24
acc90/semi90,humaneval_plus/67,1,388,40
acc90/semi90,humaneval_plus/68,0,134,18
acc90/semi90,humaneval_plus/69,0,204,38
acc90/semi90,humaneval_plus/70,1,261,33
acc90/semi90,humaneval_plus/71,1,137,17
acc90/semi90,humaneval_plus/72,0,200,25
acc90/semi90,humaneval_plus/73,1,257,25
acc90/semi90,humaneval_plus/74,1,166,24
acc90/semi90,humaneval_plus/75,1,289,35
acc90/semi90,humaneval_plus/76,1,98,13
acc90/semi90,humaneval_plus/77,1,316,31
acc90/semi90,humaneval_plus/78,0,240,36
acc90/semi90,humaneval_plus/79,0,114,9
acc90/semi90,humaneval_plus/80,1,58,7
acc90/semi90,humaneval_plus/81,1,119,18
acc90/semi90,humaneval_plus/82,1,225,19
acc90/semi90,humaneval_plus/83,1,175,14
acc90/semi90,humaneval_plus/84,1,105,9
acc90/semi90,humaneval_plus/85,1,76,5
acc90/semi90,humaneval_plus/86,1,110,8
acc90/semi90,humaneval_plus/87,1,159,15
acc90/semi90,humaneval_plus/88,1,143,10
acc90/semi90,humaneval_plus/89,1,249,18
acc90/semi90,humaneval_plus/90,0,3750,604
acc90/semi90,humaneval_plus/91,0,281,31
acc90/semi90,humaneval_plus/92,1,88,10
acc90/semi90,humaneval_plus/93,1,144,13
acc90/semi90,humaneval_plus/94,1,157,16
acc90/semi90,humaneval_plus/95,1,239,27
acc90/semi90,humaneval_plus/96,0,284,21
acc90/semi90,humaneval_plus/97,1,257,20
acc90/semi90,humaneval_plus/98,0,191,33
acc90/semi90,humaneval_plus/99,1,273,19
acc90/semi90,humaneval_plus/100,1,200,47
acc90/semi90,humaneval_plus/101,1,133,7
acc90/semi90,humaneval_plus/102,1,254,26
acc90/semi90,humaneval_plus/103,0,160,19
acc90/semi90,humaneval_plus/104,1,60,7
acc90/semi90,humaneval_plus/105,1,325,31
acc90/semi90,humaneval_plus/106,0,209,17
acc90/semi90,humaneval_plus/107,1,109,7
acc90/semi90,humaneval_plus/108,0,208,20
acc90/semi90,humaneval_plus/109,1,159,12
acc90/semi90,humaneval_plus/110,1,137,10
acc90/semi90,humaneval_plus/111,1,179,10
acc90/semi90,humaneval_plus/112,1,110,7
acc90/semi90,humaneval_plus/113,1,63,5
acc90/semi90,humaneval_plus/114,0,155,12
acc90/semi90,humaneval_plus/115,1,130,11
acc90/semi90,humaneval_plus/116,0,186,23
acc90/semi90,humaneval_plus/117,1,191,21
acc90/semi90,humaneval_plus/118,1,200,19
acc90/semi90,humaneval_plus/119,1,212,14
acc90/semi90,humaneval_plus/120,1,464,36
acc90/semi90,humaneval_plus/121,1,125,10
acc90/semi90,humaneval_plus/122,1,184,21
acc90/semi90,humaneval_plus/123,1,168,13
acc90/semi90,humaneval_plus/124,1,275,36
acc90/semi90,humaneval_plus/125,1,221,26
acc90/semi90,humaneval_plus/126,1,200,33
acc90/semi90,humaneval_plus/127,1,156,14
acc90/semi90,humaneval_plus/128,0,298,62
acc90/semi90,humaneval_plus/129,1,455,45
acc90/semi90,humaneval_plus/130,1,260,27
acc90/semi90,humaneval_plus/131,1,118,11
acc90/semi90,humaneval_plus/132,1,273,28
acc90/semi90,humaneval_plus/133,1,298,39
acc90/semi90,humaneval_plus/134,1,165,45
acc90/semi90,humaneval_plus/135,1,155,20
acc90/semi90,humaneval_plus/136,1,303,25
acc90/semi90,humaneval_plus/137,0,371,61
acc90/semi90,humaneval_plus/138,0,312,79
acc90/semi90,humaneval_plus/139,1,230,53
acc90/semi90,humaneval_plus/140,1,148,33
acc90/semi90,humaneval_plus/141,0,163,48
acc90/semi90,humaneval_plus/142,1,178,13
acc90/semi90,humaneval_plus/143,0,435,55
acc90/semi90,humaneval_plus/144,0,377,53
acc90/semi90,humaneval_plus/145,0,178,15
acc90/semi90,humaneval_plus/146,1,363,84
acc90/semi90,humaneval_plus/147,0,243,25
acc90/semi90,humaneval_plus/148,1,134,19
acc90/semi90,humaneval_plus/149,1,226,29
acc90/semi90,humaneval_plus/150,0,377,36
acc90/semi90,humaneval_plus/151,1,369,42
acc90/semi90,humaneval_plus/152,0,263,44
acc90/semi90,humaneval_plus/153,1,168,13
acc90/semi90,humaneval_plus/154,1,230,22
acc90/semi90,humaneval_plus/155,0,241,35
acc90/semi90,humaneval_plus/156,1,220,17
acc90/semi90,humaneval_plus/157,0,282,64
acc90/semi90,humaneval_plus/158,0,171,15
acc90/semi90,humaneval_plus/159,1,297,29
acc90/semi90,humaneval_plus/160,0,301,25
acc90/semi90,humaneval_plus/161,1,187,20
acc90/semi90,humaneval_plus/162,0,149,18
acc90/semi90,humaneval_plus/163,0,354,47
acc90/semi90,mbpp_plus/0,1,140,18
acc90/semi90,mbpp_plus/1,1,90,20
acc90/semi90,mbpp_plus/2,0,135,26
acc90/semi90,mbpp_plus/3,0,411,94
acc90/semi90,mbpp_plus/4,1,104,19
acc90/semi90,mbpp_plus/5,1,70,13
acc90/semi90,mbpp_plus/6,1,83,19
acc90/semi90,mbpp_plus/7,1,118,16
acc90/semi90,mbpp_plus/8,1,213,53
acc90/semi90,mbpp_plus/9,0,326,49
acc90/semi90,mbpp_plus/10,0,141,24
acc90/semi90,mbpp_plus/11,0,104,13
acc90/semi90,mbpp_plus/12,0,110,26
acc90/semi90,mbpp_plus/13,1,76,18
acc90/semi90,mbpp_plus/14,0,386,96
acc90/semi90,mbpp_plus/15,1,82,12
acc90/semi90,mbpp_plus/16,0,244,37
acc90/semi90,mbpp_plus/17,1,321,61
acc90/semi90,mbpp_plus/18,0,101,14
acc90/semi90,mbpp_plus/19,1,214,41
acc90/semi90,mbpp_plus/20,1,199,29
acc90/semi90,mbpp_plus/21,1,19,3
acc90/semi90,mbpp_plus/22,1,160,23
acc90/semi90,mbpp_plus/23,1,361,45
acc90/semi90,mbpp_plus/24,1,148,20
acc90/semi90,mbpp_plus/25,1,287,32
acc90/semi90,mbpp_plus/26,1,123,22
acc90/semi90,mbpp_plus/27,1,148,13
acc90/semi90,mbpp_plus/28,1,121,16
acc90/semi90,mbpp_plus/29,0,165,23
acc90/semi90,mbpp_plus/30,0,221,54
acc90/semi90,mbpp_plus/31,1,79,6
acc90/semi90,mbpp_plus/32,0,173,33
acc90/semi90,mbpp_plus/33,1,109,20
acc90/semi90,mbpp_plus/34,1,297,49
acc90/semi90,mbpp_plus/35,0,162,27
acc90/semi90,mbpp_plus/36,1,135,23
acc90/semi90,mbpp_plus/37,1,164,40
acc90/semi90,mbpp_plus/38,0,277,53
acc90/semi90,mbpp_plus/39,0,224,34
acc90/semi90,mbpp_plus/40,1,168,28
acc90/semi90,mbpp_plus/41,1,208,59
acc90/semi90,mbpp_plus/42,0,468,63
acc90/semi90,mbpp_plus/43,1,120,14
acc90/semi90,mbpp_plus/44,1,79,14
acc90/semi90,mbpp_plus/45,1,27,7
acc90/semi90,mbpp_plus/46,1,161,31
acc90/semi90,mbpp_plus/47,1,84,12
acc90/semi90,mbpp_plus/48,1,174,34
acc90/semi90,mbpp_plus/49,0,161,34
acc90/semi90,mbpp_plus/50,1,126,26
acc90/semi90,mbpp_plus/51,0,175,30
acc90/semi90,mbpp_plus/52,1,204,41
acc90/semi90,mbpp_plus/53,1,160,20
acc90/semi90,mbpp_plus/54,0,316,59
acc90/semi90,mbpp_plus/55,1,142,27
acc90/semi90,mbpp_plus/56,1,107,21
acc90/semi90,mbpp_plus/57,1,27,5
acc90/semi90,mbpp_plus/58,1,109,17
acc90/semi90,mbpp_plus/59,1,122,22
acc90/semi90,mbpp_plus/60,1,330,93
acc90/semi90,mbpp_plus/61,1,101,11
acc90/semi90,mbpp_plus/62,0,3988,609
acc90/semi90,mbpp_plus/63,0,136,20
acc90/semi90,mbpp_plus/64,1,173,44
acc90/semi90,mbpp_plus/65,0,708,113
acc90/semi90,mbpp_plus/66,1,160,38
acc90/semi90,mbpp_plus/67,1,88,10
acc90/semi90,mbpp_plus/68,0,166,22
acc90/semi90,mbpp_plus/69,1,464,64
acc90/semi90,mbpp_plus/70,1,321,28
acc90/semi90,mbpp_plus/71,1,91,15
acc90/semi90,mbpp_plus/72,1,103,12
acc90/semi90,mbpp_plus/73,0,126,28
acc90/semi90,mbpp_plus/74,1,125,15
acc90/semi90,mbpp_plus/75,0,89,24
acc90/semi90,mbpp_plus/76,1,238,34
acc90/semi90,mbpp_plus/77,0,21,6
acc90/semi90,mbpp_plus/78,0,129,32
acc90/semi90,mbpp_plus/79,0,534,93
acc90/semi90,mbpp_plus/80,1,111,27
acc90/semi90,mbpp_plus/81,1,114,17
acc90/semi90,mbpp_plus/82,0,189,54
acc90/semi90,mbpp_plus/83,0,187,49
acc90/semi90,mbpp_plus/84,0,122,28
acc90/semi90,mbpp_plus/85,0,149,23
acc90/semi90,mbpp_plus/86,1,149,31
acc90/semi90,mbpp_plus/87,1,22,4
acc90/semi90,mbpp_plus/88,1,176,27
acc90/semi90,mbpp_plus/89,1,146,19
acc90/semi90,mbpp_plus/90,1,85,14
acc90/semi90,mbpp_plus/91,0,106,23
acc90/semi90,mbpp_plus/92,1,174,39
acc90/semi90,mbpp_plus/93,1,98,13
acc90/semi90,mbpp_plus/94,1,104,12
acc90/semi90,mbpp_plus/95,0,127,26
acc90/semi90,mbpp_plus/96,1,127,19
acc90/semi90,mbpp_plus/97,1,113,21
acc90/semi90,mbpp_plus/98,1,125,15
acc90/semi90,mbpp_plus/99,1,129,16
acc90/semi90,mbpp_plus/100,1,196,36
acc90/semi90,mbpp_plus/101,1,108,13
acc90/semi90,mbpp_plus/102,0,117,20
acc90/semi90,mbpp_plus/103,0,693,182
acc90/semi90,mbpp_plus/104,0,575,69
acc90/semi90,mbpp_plus/105,0,95,16
acc90/semi90,mbpp_plus/106,1,23,5
acc90/semi90,mbpp_plus/107,1,103,21
acc90/semi90,mbpp_plus/108,0,108,22
acc90/semi90,mbpp_plus/109,1,189,28
acc90/semi90,mbpp_plus/110,1,143,16
acc90/semi90,mbpp_plus/111,1,196,37
acc90/semi90,mbpp_plus/112,1,444,37
acc90/semi90,mbpp_plus/113,0,217,57
acc90/semi90,mbpp_plus/114,1,153,28
acc90/semi90,mbpp_plus/115,1,156,35
acc90/semi90,mbpp_plus/116,0,1101,326
acc90/semi90,mbpp_plus/117,1,170,17
acc90/semi90,mbpp_plus/118,0,88,14
acc90/semi90,mbpp_plus/119,0,71,11
acc90/semi90,mbpp_plus/120,0,185,40
acc90/semi90,mbpp_plus/121,1,104,14
acc90/semi90,mbpp_plus/122,1,140,20
acc90/semi90,mbpp_plus/123,1,253,30
acc90/semi90,mbpp_plus/124,0,107,22
acc90/semi90,mbpp_plus/125,0,148,31
acc90/semi90,mbpp_plus/126,0,253,60
acc90/semi90,mbpp_plus/127,1,105,28
acc90/semi90,mbpp_plus/128,0,207,35
acc90/semi90,mbpp_plus/129,1,123,24
acc90/semi90,mbpp_plus/130,0,167,28
acc90/semi90,mbpp_plus/131,1,97,11
acc90/semi90,mbpp_plus/132,0,22,9
acc90/semi90,mbpp_plus/133,1,88,10
acc90/semi90,mbpp_plus/134,1,77,13
acc90/semi90,mbpp_plus/135,1,141,29
acc90/semi90,mbpp_plus/136,0,110,24
acc90/semi90,mbpp_plus/137,1,112,16
acc90/semi90,mbpp_plus/138,1,95,18
acc90/semi90,mbpp_plus/139,1,116,16
acc90/semi90,mbpp_plus/140,0,212,23
acc90/semi90,mbpp_plus/141,1,89,18
acc90/semi90,mbpp_plus/142,0,235,29
acc90/semi90,mbpp_plus/143,1,135,21
acc90/semi90,mbpp_plus/144,0,82,20
acc90/semi90,mbpp_plus/145,1,171,21
acc90/semi90,mbpp_plus/146,0,101,28
acc90/semi90,mbpp_plus/147,1,108,17
acc90/semi90,mbpp_plus/148,1,145,14
acc90/semi90,mbpp_plus/149,1,136,28
acc90/semi90,mbpp_plus/150,1,287,48
acc90/semi90,mbpp_plus/151,1,117,25
acc90/semi90,mbpp_plus/152,0,1694,472
acc90/semi90,mbpp_plus/153,0,3979,753
acc90/semi90,mbpp_plus/154,1,105,16
acc90/semi90,mbpp_plus/155,1,116,21
acc90/semi90,mbpp_plus/156,1,107,17
acc90/semi90,mbpp_plus/157,0,92,23
acc90/semi90,mbpp_plus/158,1,140,25
acc90/semi90,mbpp_plus/159,1,387,103
acc90/semi90,mbpp_plus/160,0,116,21
acc90/semi90,mbpp_plus/161,0,150,22
acc90/semi90,mbpp_plus/162,1,117,22
acc90/semi90,mbpp_plus/163,1,166,15
acc90/semi90,mbpp_plus/164,0,297,55
acc90/semi90,mbpp_plus/165,1,102,19
acc90/semi90,mbpp_plus/166,0,22,9
acc90/semi90,mbpp_plus/167,1,161,19
acc90/semi90,mbpp_plus/168,1,97,26
acc90/semi90,mbpp_plus/169,1,150,19
acc90/semi90,mbpp_plus/170,1,132,13
acc90/semi90,mbpp_plus/171,1,143,22
acc90/semi90,mbpp_plus/172,1,110,14
acc90/semi90,mbpp_plus/173,0,147,27
acc90/semi90,mbpp_plus/174,1,107,17
acc90/semi90,mbpp_plus/175,0,140,20
acc90/semi90,mbpp_plus/176,1,228,38
acc90/semi90,mbpp_plus/177,1,86,15
acc90/semi90,mbpp_plus/178,0,178,33
acc90/semi90,mbpp_plus/179,1,132,19
acc90/semi90,mbpp_plus/180,1,95,16
acc90/semi90,mbpp_plus/181,0,170,26
acc90/semi90,mbpp_plus/182,0,135,26
acc90/semi90,mbpp_plus/183,1,126,17
acc90/semi90,mbpp_plus/184,1,85,16
acc90/semi90,mbpp_plus/185,1,86,20
acc90/semi90,mbpp_plus/186,1,17,5
acc90/semi90,mbpp_plus/187,1,110,16
acc90/semi90,mbpp_plus/188,1,116,26
acc90/semi90,mbpp_plus/189,1,86,9
acc90/semi90,mbpp_plus/190,1,197,29
acc90/semi90,mbpp_plus/191,1,148,21
acc90/semi90,mbpp_plus/192,1,87,19
acc90/semi90,mbpp_plus/193,0,229,34
acc90/semi90,mbpp_plus/194,0,206,33
acc90/semi90,mbpp_plus/195,1,117,20
acc90/semi90,mbpp_plus/196,1,139,33
acc90/semi90,mbpp_plus/197,1,123,17
acc90/semi90,mbpp_plus/198,1,131,21
acc90/semi90,mbpp_plus/199,1,120,14
acc90/semi90,mbpp_plus/200,1,16,6
acc90/semi90,mbpp_plus/201,1,111,18
acc90/semi90,mbpp_plus/202,1,147,18
acc90/semi90,mbpp_plus/203,1,27,5
acc90/semi90,mbpp_plus/204,1,106,13
acc90/semi90,mbpp_plus/205,1,130,22
acc90/semi90,mbpp_plus/206,1,152,24
acc90/semi90,mbpp_plus/207,1,166,24
acc90/semi90,mbpp_plus/208,0,205,42
acc90/semi90,mbpp_plus/209,0,180,40
acc90/semi90,mbpp_plus/210,1,127,19
acc90/semi90,mbpp_plus/211,0,170,35
acc90/semi90,mbpp_plus/212,1,95,13
acc90/semi90,mbpp_plus/213,1,160,37
acc90/semi90,mbpp_plus/214,0,1284,193
acc90/semi90,mbpp_plus/215,1,258,44
acc90/semi90,mbpp_plus/216,1,274,27
acc90/semi90,mbpp_plus/217,1,155,28
acc90/semi90,mbpp_plus/218,1,68,12
acc90/semi90,mbpp_plus/219,1,214,28
acc90/semi90,mbpp_plus/220,0,218,27
acc90/semi90,mbpp_plus/221,1,126,19
acc90/semi90,mbpp_plus/222,0,106,26
acc90/semi90,mbpp_plus/223,1,178,16
acc90/semi90,mbpp_plus/224,1,246,47
acc90/semi90,mbpp_plus/225,0,449,74
acc90/semi90,mbpp_plus/226,0,188,36
acc90/semi90,mbpp_plus/227,1,75,12
acc90/semi90,mbpp_plus/228,0,247,42
acc90/semi90,mbpp_plus/229,1,204,26
acc90/semi90,mbpp_plus/230,1,162,27
acc90/semi90,mbpp_plus/231,1,182,43
acc90/semi90,mbpp_plus/232,1,75,12
acc90/semi90,mbpp_plus/233,1,111,15
acc90/semi90,mbpp_plus/234,0,434,102
acc90/semi90,mbpp_plus/235,1,126,21
acc90/semi90,mbpp_plus/236,1,180,18
acc90/semi90,mbpp_plus/237,1,109,12
acc90/semi90,mbpp_plus/238,1,148,30
acc90/semi90,mbpp_plus/239,1,304,82
acc90/semi90,mbpp_plus/240,0,163,28
acc90/semi90,mbpp_plus/241,1,130,28
acc90/semi90,mbpp_plus/242,1,141,35
acc90/semi90,mbpp_plus/243,1,168,40
acc90/semi90,mbpp_plus/244,1,142,21
acc90/semi90,mbpp_plus/245,0,120,20
acc90/semi90,mbpp_plus/246,1,97,18
acc90/semi90,mbpp_plus/247,1,100,16
acc90/semi90,mbpp_plus/248,1,179,25
acc90/semi90,mbpp_plus/249,1,113,15
acc90/semi90,mbpp_plus/250,0,167,26
acc90/semi90,mbpp_plus/251,0,304,51
acc90/semi90,mbpp_plus/252,1,88,9
acc90/semi90,mbpp_plus/253,1,17,6
acc90/semi90,mbpp_plus/254,1,235,83
acc90/semi90,mbpp_plus/255,1,113,10
acc90/semi90,mbpp_plus/256,1,79,13
acc90/semi90,mbpp_plus/257,0,195,32
acc90/semi90,mbpp_plus/258,0,169,30
acc90/semi90,mbpp_plus/259,0,182,43
acc90/semi90,mbpp_plus/260,1,187,29
acc90/semi90,mbpp_plus/261,1,160,22
acc90/semi90,mbpp_plus/262,0,477,64
acc90/semi90,mbpp_plus/263,1,102,14
acc90/semi90,mbpp_plus/264,0,273,69
acc90/semi90,mbpp_plus/265,0,116,22
acc90/semi90,mbpp_plus/266,1,94,12
acc90/semi90,mbpp_plus/267,1,128,23
acc90/semi90,mbpp_plus/268,0,360,52
acc90/semi90,mbpp_plus/269,0,197,36
acc90/semi90,mbpp_plus/270,1,143,20
acc90/semi90,mbpp_plus/271,1,118,14
acc90/semi90,mbpp_plus/272,0,364,85
acc90/semi90,mbpp_plus/273,0,216,34
acc90/semi90,mbpp_plus/274,1,191,28
acc90/semi90,mbpp_plus/275,1,128,18
acc90/semi90,mbpp_plus/276,1,151,18
acc90/semi90,mbpp_plus/277,1,260,54
acc90/semi90,mbpp_plus/278,1,170,42
acc90/semi90,mbpp_plus/279,1,92,13
acc90/semi90,mbpp_plus/280,1,387,68
acc90/semi90,mbpp_plus/281,0,152,23
acc90/semi90,mbpp_plus/282,1,181,20
acc90/semi90,mbpp_plus/283,0,131,23
acc90/semi90,mbpp_plus/284,0,143,24
acc90/semi90,mbpp_plus/285,1,152,23
acc90/semi90,mbpp_plus/286,0,143,24
acc90/semi90,mbpp_plus/287,1,133,16
acc90/semi90,mbpp_plus/288,1,190,27
acc90/semi90,mbpp_plus/289,1,106,17
acc90/semi90,mbpp_plus/290,1,202,13
acc90/semi90,mbpp_plus/291,0,179,20
acc90/semi90,mbpp_plus/292,0,241,65
acc90/semi90,mbpp_plus/293,1,143,21
acc90/semi90,mbpp_plus/294,1,145,33
acc90/semi90,mbpp_plus/295,1,232,60
acc90/semi90,mbpp_plus/296,0,240,46
acc90/semi90,mbpp_plus/297,1,115,26
acc90/semi90,mbpp_plus/298,1,43,13
acc90/semi90,mbpp_plus/299,1,164,29
acc90/semi90,mbpp_plus/300,1,149,27
acc90/semi90,mbpp_plus/301,0,72,17
acc90/semi90,mbpp_plus/302,1,223,38
acc90/semi90,mbpp_plus/303,0,166,37
acc90/semi90,mbpp_plus/304,1,80,20
acc90/semi90,mbpp_plus/305,1,128,17
acc90/semi90,mbpp_plus/306,1,83,19
acc90/semi90,mbpp_plus/307,1,229,31
acc90/semi90,mbpp_plus/308,1,265,39
acc90/semi90,mbpp_plus/309,1,129,27
acc90/semi90,mbpp_plus/310,1,145,19
acc90/semi90,mbpp_plus/311,0,176,23
acc90/semi90,mbpp_plus/312,0,167,30
acc90/semi90,mbpp_plus/313,1,165,36
acc90/semi90,mbpp_plus/314,0,240,49
acc90/semi90,mbpp_plus/315,1,96,26
acc90/semi90,mbpp_plus/316,1,146,24
acc90/semi90,mbpp_plus/317,1,220,28
acc90/semi90,mbpp_plus/318,1,92,10
acc90/semi90,mbpp_plus/319,1,221,41
acc90/semi90,mbpp_plus/320,1,117,10
acc90/semi90,mbpp_plus/321,1,172,21
acc90/semi90,mbpp_plus/322,0,146,25
acc90/semi90,mbpp_plus/323,1,211,43
acc90/semi90,mbpp_plus/324,1,150,27
acc90/semi90,mbpp_plus/325,0,276,30
acc90/semi90,mbpp_plus/326,1,143,19
acc90/semi90,mbpp_plus/327,1,128,19
acc90/semi90,mbpp_plus/328,0,135,23
acc90/semi90,mbpp_plus/329,0,178,17
acc90/semi90,mbpp_plus/330,1,171,20
acc90/semi90,mbpp_plus/331,0,181,47
acc90/semi90,mbpp_plus/332,1,131,21
acc90/semi90,mbpp_plus/333,1,213,43
acc90/semi90,mbpp_plus/334,1,184,31
acc90/semi90,mbpp_plus/335,0,134,35
acc90/semi90,mbpp_plus/336,1,312,28
acc90/semi90,mbpp_plus/337,1,101,17
acc90/semi90,mbpp_plus/338,1,85,22
acc90/semi90,mbpp_plus/339,1,80,13
acc90/semi90,mbpp_plus/340,0,132,20
acc90/semi90,mbpp_plus/341,1,96,13
acc90/semi90,mbpp_plus/342,0,72,10
acc90/semi90,mbpp_plus/343,0,197,23
acc90/semi90,mbpp_plus/344,1,121,27
acc90/semi90,mbpp_plus/345,1,74,12
acc90/semi90,mbpp_plus/346,0,160,24
acc90/semi90,mbpp_plus/347,1,17,5
acc90/semi90,mbpp_plus/348,0,182,56
acc90/semi90,mbpp_plus/349,1,160,19
acc90/semi90,mbpp_plus/350,1,301,44
acc90/semi90,mbpp_plus/351,1,26,6
acc90/semi90,mbpp_plus/352,0,120,18
acc90/semi90,mbpp_plus/353,1,160,21
acc90/semi90,mbpp_plus/354,1,148,33
acc90/semi90,mbpp_plus/355,1,99,16
acc90/semi90,mbpp_plus/356,0,173,18
acc90/semi90,mbpp_plus/357,1,133,15
acc90/semi90,mbpp_plus/358,1,84,12
acc90/semi90,mbpp_plus/359,0,172,26
acc90/semi90,mbpp_plus/360,1,85,12
acc90/semi90,mbpp_plus/361,1,252,30
acc90/semi90,mbpp_plus/362,1,83,10
acc90/semi90,mbpp_plus/363,1,128,20
acc90/semi90,mbpp_plus/364,0,151,28
acc90/semi90,mbpp_plus/365,1,116,14
acc90/semi90,mbpp_plus/366,1,18,6
acc90/semi90,mbpp_plus/367,0,177,41
acc90/semi90,mbpp_plus/368,1,40,7
acc90/semi90,mbpp_plus/369,1,148,16
acc90/semi90,mbpp_plus/370,0,259,56
acc90/semi90,mbpp_plus/371,1,23,5
acc90/semi90,mbpp_plus/372,1,140,16
acc90/semi90,mbpp_plus/373,1,106,16
acc90/semi90,mbpp_plus/374,1,135,16
acc90/semi90,mbpp_plus/375,0,149,24
acc90/semi90,mbpp_plus/376,1,118,15
acc90/semi90,mbpp_plus/377,0,127,17
acc95/semi70,humaneval_plus/0,1,208,30
acc95/semi70,humaneval_plus/1,1,239,37
acc95/semi70,humaneval_plus/2,1,309,50
acc95/semi70,humaneval_plus/3,1,213,29
acc95/semi70,humaneval_plus/4,1,151,22
acc95/semi70,humaneval_plus/5,1,386,54
acc95/semi70,humaneval_plus/6,1,254,40
acc95/semi70,humaneval_plus/7,1,259,37
acc95/semi70,humaneval_plus/8,1,1005,100
acc95/semi70,humaneval_plus/9,1,539,54
acc95/semi70,humaneval_plus/10,1,347,26
acc95/semi70,humaneval_plus/11,1,297,69
acc95/semi70,humaneval_plus/12,1,202,56
acc95/semi70,humaneval_plus/13,1,210,39
acc95/semi70,humaneval_plus/14,0,3146,1024
acc95/semi70,humaneval_plus/15,1,634,60
acc95/semi70,humaneval_plus/16,1,281,42
acc95/semi70,humaneval_plus/17,1,302,50
acc95/semi70,humaneval_plus/18,1,161,25
acc95/semi70,humaneval_plus/19,1,385,71
acc95/semi70,humaneval_plus/20,0,3846,543
acc95/semi70,humaneval_plus/21,0,288,32
acc95/semi70,humaneval_plus/22,0,247,42
acc95/semi70,humaneval_plus/23,1,643,80
acc95/semi70,humaneval_plus/24,1,164,19
acc95/semi70,humaneval_plus/25,1,300,34
acc95/semi70,humaneval_plus/26,1,178,29
acc95/semi70,humaneval_plus/27,1,182,24
acc95/semi70,humaneval_plus/28,1,717,78
acc95/semi70,humaneval_plus/29,0,638,80
acc95/semi70,humaneval_plus/30,0,282,55
acc95/semi70,humaneval_plus/31,1,382,50
acc95/semi70,humaneval_plus/32,1,313,65
acc95/semi70,humaneval_plus/33,1,254,45
acc95/semi70,humaneval_plus/34,0,633,212
acc95/semi70,humaneval_plus/35,1,129,11
acc95/semi70,humaneval_plus/36,0,799,94
acc95/semi70,humaneval_plus/37,0,187,36
acc95/semi70,humaneval_plus/38,0,307,84
acc95/semi70,humaneval_plus/39,1,224,28
acc95/semi70,humaneval_plus/40,0,272,44
acc95/semi70,humaneval_plus/41,0,188,32
acc95/semi70,humaneval_plus/42,1,276,39
acc95/semi70,humaneval_plus/43,1,281,48
acc95/semi70,humaneval_plus/44,0,248,89
acc95/semi70,humaneval_plus/45,1,186,26
acc95/semi70,humaneval_plus/46,1,97,10
acc95/semi70,humaneval_plus/47,0,592,94
acc95/semi70,humaneval_plus/48,0,456,81
acc95/semi70,humaneval_plus/49,0,267,32
acc95/semi70,humaneval_plus/50,0,195,38
acc95/semi70,humaneval_plus/51,0,261,64
acc95/semi70,humaneval_plus/52,0,184,53
acc95/semi70,humaneval_plus/53,0,271,35
acc95/semi70,humaneval_plus/54,0,360,64
acc95/semi70,humaneval_plus/55,0,413,62
acc95/semi70,humaneval_plus/56,1,156,32
acc95/semi70,humaneval_plus/57,1,91,10
acc95/semi70,humaneval_plus/58,1,205,17
acc95/semi70,humaneval_plus/59,1,212,20
acc95/semi70,humaneval_plus/60,0,299,31
acc95/semi70,humaneval_plus/61,1,211,41
acc95/semi70,humaneval_plus/62,0,256,38
acc95/semi70,humaneval_plus/63,1,188,34
acc95/semi70,humaneval_plus/64,1,327,30
acc95/semi70,humaneval_plus/65,0,199,32
acc95/semi70,humaneval_plus/66,1,220,28
acc95/semi70,humaneval_plus/67,1,390,54
acc95/semi70,humaneval_plus/68,1,135,30
acc95/semi70,humaneval_plus/69,0,207,39
acc95/semi70,humaneval_plus/70,0,227,23
acc95/semi70,humaneval_plus/71,1,136,15
acc95/semi70,humaneval_plus/72,0,200,30
acc95/semi70,humaneval_plus/73,1,257,31
acc95/semi70,humaneval_plus/74,1,398,47
acc95/semi70,humaneval_plus/75,1,233,36
acc95/semi70,humaneval_plus/76,1,97,13
acc95/semi70,humaneval_plus/77,1,307,38
acc95/semi70,humaneval_plus/78,0,263,36
acc95/semi70,humaneval_plus/79,1,122,11
acc95/semi70,humaneval_plus/80,1,58,8
acc95/semi70,humaneval_plus/81,1,119,21
acc95/semi70,humaneval_plus/82,1,226,23
acc95/semi70,humaneval_plus/83,1,176,18
acc95/semi70,humaneval_plus/84,1,105,9
acc95/semi70,humaneval_plus/85,1,76,6
acc95/semi70,humaneval_plus/86,1,111,10
acc95/semi70,humaneval_plus/87,1,159,17
acc95/semi70,humaneval_plus/88,1,142,10
acc95/semi70,humaneval_plus/89,1,249,21
acc95/semi70,humaneval_plus/90,0,1776,421
acc95/semi70,humaneval_plus/91,0,279,31
acc95/semi70,humaneval_plus/92,1,87,8
acc95/semi70,humaneval_plus/93,1,144,15
acc95/semi70,humaneval_plus/94,1,157,18
acc95/semi70,humaneval_plus/95,1,252,32
acc95/semi70,humaneval_plus/96,1,284,26
acc95/semi70,humaneval_plus/97,0,275,37
acc95/semi70,humaneval_plus/98,1,221,29
acc95/semi70,humaneval_plus/99,0,280,32
acc95/semi70,humaneval_plus/100,1,203,62
acc95/semi70,humaneval_plus/101,1,133,7
acc95/semi70,humaneval_plus/102,1,254,30
acc95/semi70,humaneval_plus/103,0,159,24
acc95/semi70,humaneval_plus/104,1,60,7
acc95/semi70,humaneval_plus/105,1,325,39
acc95/semi70,humaneval_plus/106,0,209,21
acc95/semi70,humaneval_plus/107,1,109,7
acc95/semi70,humaneval_plus/108,0,208,23
acc95/semi70,humaneval_plus/109,1,159,17
acc95/semi70,humaneval_plus/110,1,137,13
acc95/semi70,humaneval_plus/111,1,179,11
acc95/semi70,humaneval_plus/112,1,110,7
acc95/semi70,humaneval_plus/113,1,63,5
acc95/semi70,humaneval_plus/114,0,155,13
acc95/semi70,humaneval_plus/115,1,130,13
acc95/semi70,humaneval_plus/116,0,186,28
acc95/semi70,humaneval_plus/117,1,395,39
acc95/semi70,humaneval_plus/118,1,200,31
acc95/semi70,humaneval_plus/119,1,208,17
acc95/semi70,humaneval_plus/120,0,227,31
acc95/semi70,humaneval_plus/121,1,125,11
acc95/semi70,humaneval_plus/122,1,184,23
acc95/semi70,humaneval_plus/123,1,168,17
acc95/semi70,humaneval_plus/124,1,598,64
acc95/semi70,humaneval_plus/125,1,221,30
acc95/semi70,humaneval_plus/126,1,210,50
acc95/semi70,humaneval_plus/127,1,156,17
acc95/semi70,humaneval_plus/128,0,240,67
acc95/semi70,humaneval_plus/129,1,451,62
acc95/semi70,humaneval_plus/130,1,260,29
acc95/semi70,humaneval_plus/131,1,118,15
acc95/semi70,humaneval_plus/132,0,267,26
acc95/semi70,humaneval_plus/133,1,293,46
acc95/semi70,humaneval_plus/134,1,174,51
acc95/semi70,humaneval_plus/135,1,155,25
acc95/semi70,humaneval_plus/136,1,303,32
acc95/semi70,humaneval_plus/137,0,280,45
acc95/semi70,humaneval_plus/138,0,280,68
acc95/semi70,humaneval_plus/139,1,269,63
acc95/semi70,humaneval_plus/140,1,377,61
acc95/semi70,humaneval_plus/141,1,127,34
acc95/semi70,humaneval_plus/142,1,181,14
acc95/semi70,humaneval_plus/143,0,218,27
acc95/semi70,humaneval_plus/144,1,359,38
acc95/semi70,humaneval_plus/145,0,168,20
acc95/semi70,humaneval_plus/146,0,266,64
acc95/semi70,humaneval_plus/147,0,243,42
acc95/semi70,humaneval_plus/148,1,134,23
acc95/semi70,humaneval_plus/149,1,229,39
acc95/semi70,humaneval_plus/150,0,365,31
acc95/semi70,humaneval_plus/151,0,345,58
acc95/semi70,humaneval_plus/152,0,264,57
acc95/semi70,humaneval_plus/153,1,168,16
acc95/semi70,humaneval_plus/154,1,230,33
acc95/semi70,humaneval_plus/155,0,249,40
acc95/semi70,humaneval_plus/156,1,220,25
acc95/semi70,humaneval_plus/157,0,261,57
acc95/semi70,humaneval_plus/158,1,177,17
acc95/semi70,humaneval_plus/159,0,308,43
acc95/semi70,humaneval_plus/160,0,299,34
acc95/semi70,humaneval_plus/161,1,189,20
acc95/semi70,humaneval_plus/162,1,142,27
acc95/semi70,humaneval_plus/163,0,339,57
acc95/semi70,mbpp_plus/0,1,140,26
acc95/semi70,mbpp_plus/1,1,88,18
acc95/semi70,mbpp_plus/2,0,136,29
acc95/semi70,mbpp_plus/3,1,410,109
acc95/semi70,mbpp_plus/4,1,104,21
acc95/semi70,mbpp_plus/5,1,70,16
acc95/semi70,mbpp_plus/6,1,80,24
acc95/semi70,mbpp_plus/7,1,118,25
acc95/semi70,mbpp_plus/8,0,460,86
acc95/semi70,mbpp_plus/9,0,216,45
acc95/semi70,mbpp_plus/10,0,144,31
acc95/semi70,mbpp_plus/11,0,104,13
acc95/semi70,mbpp_plus/12,1,130,30
acc95/semi70,mbpp_plus/13,1,97,17
acc95/semi70,mbpp_plus/14,0,198,47
acc95/semi70,mbpp_plus/15,1,82,17
acc95/semi70,mbpp_plus/16,0,241,52
acc95/semi70,mbpp_plus/17,0,412,101
acc95/semi70,mbpp_plus/18,0,101,16
acc95/semi70,mbpp_plus/19,1,205,46
acc95/semi70,mbpp_plus/20,1,417,52
acc95/semi70,mbpp_plus/21,1,19,4
acc95/semi70,mbpp_plus/22,1,159,28
acc95/semi70,mbpp_plus/23,1,751,81
acc95/semi70,mbpp_plus/24,1,153,25
acc95/semi70,mbpp_plus/25,1,286,38
acc95/semi70,mbpp_plus/26,1,125,25
acc95/semi70,mbpp_plus/27,1,147,16
acc95/semi70,mbpp_plus/28,1,120,19
acc95/semi70,mbpp_plus/29,0,164,25
acc95/semi70,mbpp_plus/30,0,151,30
acc95/semi70,mbpp_plus/31,1,79,7
acc95/semi70,mbpp_plus/32,0,173,41
acc95/semi70,mbpp_plus/33,1,109,24
acc95/semi70,mbpp_plus/34,1,316,65
acc95/semi70,mbpp_plus/35,0,154,33
acc95/semi70,mbpp_plus/36,0,110,23
acc95/semi70,mbpp_plus/37,0,147,46
acc95/semi70,mbpp_plus/38,0,273,52
acc95/semi70,mbpp_plus/39,0,226,37
acc95/semi70,mbpp_plus/40,1,168,32
acc95/semi70,mbpp_plus/41,0,438,84
acc95/semi70,mbpp_plus/42,1,189,31
acc95/semi70,mbpp_plus/43,1,137,35
acc95/semi70,mbpp_plus/44,1,78,21
acc95/semi70,mbpp_plus/45,1,81,11
acc95/semi70,mbpp_plus/46,1,161,36
acc95/semi70,mbpp_plus/47,1,84,15
acc95/semi70,mbpp_plus/48,0,230,58
acc95/semi70,mbpp_plus/49,0,156,34
acc95/semi70,mbpp_plus/50,0,138,34
acc95/semi70,mbpp_plus/51,0,185,34
acc95/semi70,mbpp_plus/52,1,186,49
acc95/semi70,mbpp_plus/53,0,191,26
acc95/semi70,mbpp_plus/54,0,241,54
acc95/semi70,mbpp_plus/55,1,142,34
acc95/semi70,mbpp_plus/56,1,89,27
acc95/semi70,mbpp_plus/57,0,28,14
acc95/semi70,mbpp_plus/58,1,109,20
acc95/semi70,mbpp_plus/59,0,109,31
acc95/semi70,mbpp_plus/60,1,218,41
acc95/semi70,mbpp_plus/61,1,101,14
acc95/semi70,mbpp_plus/62,0,191,57
acc95/semi70,mbpp_plus/63,0,290,42
acc95/semi70,mbpp_plus/64,1,160,45
acc95/semi70,mbpp_plus/65,0,676,138
acc95/semi70,mbpp_plus/66,0,159,57
acc95/semi70,mbpp_plus/67,1,88,12
acc95/semi70,mbpp_plus/68,0,162,34
acc95/semi70,mbpp_plus/69,1,467,68
acc95/semi70,mbpp_plus/70,1,321,36
acc95/semi70,mbpp_plus/71,1,91,19
acc95/semi70,mbpp_plus/72,1,103,17
acc95/semi70,mbpp_plus/73,0,107,33
acc95/semi70,mbpp_plus/74,1,104,15
acc95/semi70,mbpp_plus/75,0,89,27
acc95/semi70,mbpp_plus/76,1,243,38
acc95/semi70,mbpp_plus/77,0,21,6
acc95/semi70,mbpp_plus/78,0,141,39
acc95/semi70,mbpp_plus/79,0,454,124
acc95/semi70,mbpp_plus/80,1,112,28
acc95/semi70,mbpp_plus/81,1,112,17
acc95/semi70,mbpp_plus/82,0,160,44
acc95/semi70,mbpp_plus/83,1,157,30
acc95/semi70,mbpp_plus/84,1,105,28
acc95/semi70,mbpp_plus/85,0,142,28
acc95/semi70,mbpp_plus/86,1,125,25
acc95/semi70,mbpp_plus/87,1,22,5
acc95/semi70,mbpp_plus/88,1,178,24
acc95/semi70,mbpp_plus/89,1,146,22
acc95/semi70,mbpp_plus/90,1,85,12
acc95/semi70,mbpp_plus/91,0,101,26
acc95/semi70,mbpp_plus/92,0,209,67
acc95/semi70,mbpp_plus/93,1,98,15
acc95/semi70,mbpp_plus/94,1,106,14
acc95/semi70,mbpp_plus/95,0,270,55
acc95/semi70,mbpp_plus/96,1,126,24
acc95/semi70,mbpp_plus/97,1,114,25
acc95/semi70,mbpp_plus/98,1,125,21
acc95/semi70,mbpp_plus/99,1,124,24
acc95/semi70,mbpp_plus/100,1,194,42
acc95/semi70,mbpp_plus/101,1,106,19
acc95/semi70,mbpp_plus/102,0,124,26
acc95/semi70,mbpp_plus/103,0,751,193
acc95/semi70,mbpp_plus/104,0,247,39
acc95/semi70,mbpp_plus/105,0,95,15
acc95/semi70,mbpp_plus/106,1,23,5
acc95/semi70,mbpp_plus/107,1,103,22
acc95/semi70,mbpp_plus/108,0,153,33
acc95/semi70,mbpp_plus/109,1,191,31
acc95/semi70,mbpp_plus/110,1,156,20
acc95/semi70,mbpp_plus/111,1,206,44
acc95/semi70,mbpp_plus/112,1,444,55
acc95/semi70,mbpp_plus/113,0,231,62
acc95/semi70,mbpp_plus/114,1,150,35
acc95/semi70,mbpp_plus/115,1,152,44
acc95/semi70,mbpp_plus/116,0,720,270
acc95/semi70,mbpp_plus/117,1,171,23
acc95/semi70,mbpp_plus/118,1,98,16
acc95/semi70,mbpp_plus/119,0,71,11
acc95/semi70,mbpp_plus/120,0,173,60
acc95/semi70,mbpp_plus/121,1,107,19
acc95/semi70,mbpp_plus/122,0,69,16
acc95/semi70,mbpp_plus/123,1,253,34
acc95/semi70,mbpp_plus/124,0,107,24
acc95/semi70,mbpp_plus/125,0,147,39
acc95/semi70,mbpp_plus/126,0,481,88
acc95/semi70,mbpp_plus/127,1,88,30
acc95/semi70,mbpp_plus/128,1,175,18
acc95/semi70,mbpp_plus/129,1,122,30
acc95/semi70,mbpp_plus/130,0,170,32
acc95/semi70,mbpp_plus/131,1,97,15
acc95/semi70,mbpp_plus/132,0,22,12
acc95/semi70,mbpp_plus/133,1,88,23
acc95/semi70,mbpp_plus/134,1,77,17
acc95/semi70,mbpp_plus/135,1,141,29
acc95/semi70,mbpp_plus/136,0,112,30
acc95/semi70,mbpp_plus/137,1,77,17
acc95/semi70,mbpp_plus/138,1,108,23
acc95/semi70,mbpp_plus/139,1,104,18
acc95/semi70,mbpp_plus/140,0,182,28
acc95/semi70,mbpp_plus/141,1,39,8
acc95/semi70,mbpp_plus/142,0,232,37
acc95/semi70,mbpp_plus/143,1,134,27
acc95/semi70,mbpp_plus/144,1,84,29
acc95/semi70,mbpp_plus/145,1,165,24
acc95/semi70,mbpp_plus/146,1,110,25
acc95/semi70,mbpp_plus/147,1,107,23
acc95/semi70,mbpp_plus/148,1,138,20
acc95/semi70,mbpp_plus/149,1,126,25
acc95/semi70,mbpp_plus/150,1,287,54
acc95/semi70,mbpp_plus/151,1,112,32
acc95/semi70,mbpp_plus/152,0,616,176
acc95/semi70,mbpp_plus/153,0,194,61
acc95/semi70,mbpp_plus/154,1,104,16
acc95/semi70,mbpp_plus/155,0,116,25
acc95/semi70,mbpp_plus/156,1,107,17
acc95/semi70,mbpp_plus/157,0,106,30
acc95/semi70,mbpp_plus/158,1,138,27
acc95/semi70,mbpp_plus/159,0,263,114
acc95/semi70,mbpp_plus/160,1,112,25
acc95/semi70,mbpp_plus/161,0,144,33
acc95/semi70,mbpp_plus/162,1,115,25
acc95/semi70,mbpp_plus/163,1,166,20
acc95/semi70,mbpp_plus/164,0,310,54
acc95/semi70,mbpp_plus/165,1,100,20
acc95/semi70,mbpp_plus/166,1,76,15
acc95/semi70,mbpp_plus/167,1,160,25
acc95/semi70,mbpp_plus/168,1,101,26
acc95/semi70,mbpp_plus/169,1,165,24
acc95/semi70,mbpp_plus/170,1,132,14
acc95/semi70,mbpp_plus/171,1,96,20
acc95/semi70,mbpp_plus/172,1,110,17
acc95/semi70,mbpp_plus/173,0,158,32
acc95/semi70,mbpp_plus/174,1,107,18
acc95/semi70,mbpp_plus/175,0,140,25
acc95/semi70,mbpp_plus/176,0,246,60
acc95/semi70,mbpp_plus/177,1,86,20
acc95/semi70,mbpp_plus/178,0,179,37
acc95/semi70,mbpp_plus/179,1,124,17
acc95/semi70,mbpp_plus/180,1,97,17
acc95/semi70,mbpp_plus/181,0,168,30
acc95/semi70,mbpp_plus/182,0,135,32
acc95/semi70,mbpp_plus/183,1,126,23
acc95/semi70,mbpp_plus/184,1,85,15
acc95/semi70,mbpp_plus/185,1,224,34
acc95/semi70,mbpp_plus/186,1,17,8
acc95/semi70,mbpp_plus/187,1,89,18
acc95/semi70,mbpp_plus/188,1,117,24
acc95/semi70,mbpp_plus/189,1,86,12
acc95/semi70,mbpp_plus/190,1,198,38
acc95/semi70,mbpp_plus/191,1,176,27
acc95/semi70,mbpp_plus/192,1,88,21
acc95/semi70,mbpp_plus/193,0,446,56
acc95/semi70,mbpp_plus/194,0,202,43
acc95/semi70,mbpp_plus/195,1,117,21
acc95/semi70,mbpp_plus/196,1,139,34
acc95/semi70,mbpp_plus/197,1,142,32
acc95/semi70,mbpp_plus/198,1,130,25
acc95/semi70,mbpp_plus/199,1,120,19
acc95/semi70,mbpp_plus/200,1,16,6
acc95/semi70,mbpp_plus/201,1,111,21
acc95/semi70,mbpp_plus/202,1,147,19
acc95/semi70,mbpp_plus/203,1,27,6
acc95/semi70,mbpp_plus/204,1,106,18
acc95/semi70,mbpp_plus/205,1,133,28
acc95/semi70,mbpp_plus/206,1,153,30
acc95/semi70,mbpp_plus/207,1,166,26
acc95/semi70,mbpp_plus/208,0,205,53
acc95/semi70,mbpp_plus/209,0,160,29
acc95/semi70,mbpp_plus/210,1,128,20
acc95/semi70,mbpp_plus/211,0,170,53
acc95/semi70,mbpp_plus/212,1,95,13
acc95/semi70,mbpp_plus/213,1,161,49
acc95/semi70,mbpp_plus/214,0,307,79
acc95/semi70,mbpp_plus/215,1,233,55
acc95/semi70,mbpp_plus/216,1,130,23
acc95/semi70,mbpp_plus/217,1,168,44
acc95/semi70,mbpp_plus/218,1,68,13
acc95/semi70,mbpp_plus/219,1,127,24
acc95/semi70,mbpp_plus/220,0,218,29
acc95/semi70,mbpp_plus/221,1,126,22
acc95/semi70,mbpp_plus/222,0,108,29
acc95/semi70,mbpp_plus/223,1,178,22
acc95/semi70,mbpp_plus/224,1,272,57
acc95/semi70,mbpp_plus/225,1,160,36
acc95/semi70,mbpp_plus/226,1,153,32
acc95/semi70,mbpp_plus/227,1,76,15
acc95/semi70,mbpp_plus/228,0,590,75
acc95/semi70,mbpp_plus/229,1,218,36
acc95/semi70,mbpp_plus/230,1,162,26
acc95/semi70,mbpp_plus/231,1,186,48
acc95/semi70,mbpp_plus/232,1,74,14
acc95/semi70,mbpp_plus/233,1,111,16
acc95/semi70,mbpp_plus/234,0,254,71
acc95/semi70,mbpp_plus/235,1,126,24
acc95/semi70,mbpp_plus/236,1,163,22
acc95/semi70,mbpp_plus/237,1,107,13
acc95/semi70,mbpp_plus/238,1,144,27
acc95/semi70,mbpp_plus/239,0,616,133
acc95/semi70,mbpp_plus/240,0,184,33
acc95/semi70,mbpp_plus/241,1,116,27
acc95/semi70,mbpp_plus/242,0,143,41
acc95/semi70,mbpp_plus/243,1,161,37
acc95/semi70,mbpp_plus/244,1,142,24
acc95/semi70,mbpp_plus/245,0,118,24
acc95/semi70,mbpp_plus/246,1,97,21
acc95/semi70,mbpp_plus/247,1,100,24
acc95/semi70,mbpp_plus/248,1,178,29
acc95/semi70,mbpp_plus/249,1,113,18
acc95/semi70,mbpp_plus/250,0,167,30
acc95/semi70,mbpp_plus/251,0,303,51
acc95/semi70,mbpp_plus/252,1,86,15
acc95/semi70,mbpp_plus/253,1,17,9
acc95/semi70,mbpp_plus/254,1,233,81
acc95/semi70,mbpp_plus/255,1,113,14
acc95/semi70,mbpp_plus/256,0,84,17
acc95/semi70,mbpp_plus/257,0,397,54
acc95/semi70,mbpp_plus/258,0,170,38
acc95/semi70,mbpp_plus/259,0,180,47
acc95/semi70,mbpp_plus/260,0,186,31
acc95/semi70,mbpp_plus/261,1,159,27
acc95/semi70,mbpp_plus/262,0,1444,133
acc95/semi70,mbpp_plus/263,1,102,17
acc95/semi70,mbpp_plus/264,0,250,53
acc95/semi70,mbpp_plus/265,0,213,37
acc95/semi70,mbpp_plus/266,0,89,15
acc95/semi70,mbpp_plus/267,1,134,24
acc95/semi70,mbpp_plus/268,1,164,40
acc95/semi70,mbpp_plus/269,1,205,51
acc95/semi70,mbpp_plus/270,1,143,27
acc95/semi70,mbpp_plus/271,0,117,16
acc95/semi70,mbpp_plus/272,0,238,71
acc95/semi70,mbpp_plus/273,1,211,40
acc95/semi70,mbpp_plus/274,1,219,42
acc95/semi70,mbpp_plus/275,1,130,21
acc95/semi70,mbpp_plus/276,1,151,24
acc95/semi70,mbpp_plus/277,0,238,50
acc95/semi70,mbpp_plus/278,1,185,50
acc95/semi70,mbpp_plus/279,1,95,20
acc95/semi70,mbpp_plus/280,1,373,84
acc95/semi70,mbpp_plus/281,0,163,27
acc95/semi70,mbpp_plus/282,1,111,16
acc95/semi70,mbpp_plus/283,1,138,27
acc95/semi70,mbpp_plus/284,1,145,30
acc95/semi70,mbpp_plus/285,1,152,26
acc95/semi70,mbpp_plus/286,1,98,23
acc95/semi70,mbpp_plus/287,1,133,19
acc95/semi70,mbpp_plus/288,1,190,32
acc95/semi70,mbpp_plus/289,1,110,19
acc95/semi70,mbpp_plus/290,1,202,19
acc95/semi70,mbpp_plus/291,0,215,48
acc95/semi70,mbpp_plus/292,0,236,84
acc95/semi70,mbpp_plus/293,1,144,24
acc95/semi70,mbpp_plus/294,1,303,56
acc95/semi70,mbpp_plus/295,1,246,70
acc95/semi70,mbpp_plus/296,1,190,40
acc95/semi70,mbpp_plus/297,0,251,47
acc95/semi70,mbpp_plus/298,1,43,18
acc95/semi70,mbpp_plus/299,1,171,43
acc95/semi70,mbpp_plus/300,1,149,32
acc95/semi70,mbpp_plus/301,0,72,18
acc95/semi70,mbpp_plus/302,1,241,42
acc95/semi70,mbpp_plus/303,0,336,71
acc95/semi70,mbpp_plus/304,1,81,25
acc95/semi70,mbpp_plus/305,1,126,18
acc95/semi70,mbpp_plus/306,1,83,21
acc95/semi70,mbpp_plus/307,1,186,34
acc95/semi70,mbpp_plus/308,1,265,39
acc95/semi70,mbpp_plus/309,1,129,29
acc95/semi70,mbpp_plus/310,1,143,22
acc95/semi70,mbpp_plus/311,0,175,25
acc95/semi70,mbpp_plus/312,0,168,36
acc95/semi70,mbpp_plus/313,1,164,37
acc95/semi70,mbpp_plus/314,0,255,62
acc95/semi70,mbpp_plus/315,0,105,27
acc95/semi70,mbpp_plus/316,1,146,32
acc95/semi70,mbpp_plus/317,1,219,35
acc95/semi70,mbpp_plus/318,1,92,12
acc95/semi70,mbpp_plus/319,1,231,62
acc95/semi70,mbpp_plus/320,1,117,13
acc95/semi70,mbpp_plus/321,1,171,22
acc95/semi70,mbpp_plus/322,0,144,36
acc95/semi70,mbpp_plus/323,1,221,55
acc95/semi70,mbpp_plus/324,1,149,34
acc95/semi70,mbpp_plus/325,0,275,33
acc95/semi70,mbpp_plus/326,1,143,21
acc95/semi70,mbpp_plus/327,1,128,21
acc95/semi70,mbpp_plus/328,1,132,29
acc95/semi70,mbpp_plus/329,0,181,21
acc95/semi70,mbpp_plus/330,1,204,31
acc95/semi70,mbpp_plus/331,0,627,111
acc95/semi70,mbpp_plus/332,1,131,26
acc95/semi70,mbpp_plus/333,1,196,42
acc95/semi70,mbpp_plus/334,0,183,41
acc95/semi70,mbpp_plus/335,1,114,40
acc95/semi70,mbpp_plus/336,1,148,22
acc95/semi70,mbpp_plus/337,1,103,25
acc95/semi70,mbpp_plus/338,1,85,30
acc95/semi70,mbpp_plus/339,1,80,16
acc95/semi70,mbpp_plus/340,0,133,25
acc95/semi70,mbpp_plus/341,1,96,21
acc95/semi70,mbpp_plus/342,0,72,18
acc95/semi70,mbpp_plus/343,0,193,29
acc95/semi70,mbpp_plus/344,1,120,29
acc95/semi70,mbpp_plus/345,1,75,17
acc95/semi70,mbpp_plus/346,1,158,25
acc95/semi70,mbpp_plus/347,1,17,7
acc95/semi70,mbpp_plus/348,0,169,65
acc95/semi70,mbpp_plus/349,1,158,23
acc95/semi70,mbpp_plus/350,1,159,34
acc95/semi70,mbpp_plus/351,1,26,7
acc95/semi70,mbpp_plus/352,0,120,20
acc95/semi70,mbpp_plus/353,1,160,29
acc95/semi70,mbpp_plus/354,1,116,22
acc95/semi70,mbpp_plus/355,1,99,21
acc95/semi70,mbpp_plus/356,0,173,19
acc95/semi70,mbpp_plus/357,1,116,18
acc95/semi70,mbpp_plus/358,1,84,17
acc95/semi70,mbpp_plus/359,1,176,34
acc95/semi70,mbpp_plus/360,1,85,14
acc95/semi70,mbpp_plus/361,1,493,58
acc95/semi70,mbpp_plus/362,1,83,15
acc95/semi70,mbpp_plus/363,1,134,23
acc95/semi70,mbpp_plus/364,0,145,30
acc95/semi70,mbpp_plus/365,1,116,17
acc95/semi70,mbpp_plus/366,1,18,7
acc95/semi70,mbpp_plus/367,1,182,40
acc95/semi70,mbpp_plus/368,1,40,8
acc95/semi70,mbpp_plus/369,0,116,29
acc95/semi70,mbpp_plus/370,0,473,92
acc95/semi70,mbpp_plus/371,1,23,6
acc95/semi70,mbpp_plus/372,1,141,20
acc95/semi70,mbpp_plus/373,1,106,18
acc95/semi70,mbpp_plus/374,1,248,31
acc95/semi70,mbpp_plus/375,1,151,29
acc95/semi70,mbpp_plus/376,0,114,30
acc95/semi70,mbpp_plus/377,0,275,28
acc95/semi90,humaneval_plus/0,1,206,30
acc95/semi90,humaneval_plus/1,1,239,38
acc95/semi90,humaneval_plus/2,1,292,49
acc95/semi90,humaneval_plus/3,1,213,29
acc95/semi90,humaneval_plus/4,1,151,22
acc95/semi90,humaneval_plus/5,1,240,56
acc95/semi90,humaneval_plus/6,1,252,40
acc95/semi90,humaneval_plus/7,1,259,38
acc95/semi90,humaneval_plus/8,0,492,68
acc95/semi90,humaneval_plus/9,1,539,53
acc95/semi90,humaneval_plus/10,1,209,28
acc95/semi90,humaneval_plus/11,1,292,64
acc95/semi90,humaneval_plus/12,0,234,81
acc95/semi90,humaneval_plus/13,1,210,43
acc95/semi90,humaneval_plus/14,0,228,49
acc95/semi90,humaneval_plus/15,1,309,34
acc95/semi90,humaneval_plus/16,1,319,51
acc95/semi90,humaneval_plus/17,0,306,69
acc95/semi90,humaneval_plus/18,1,136,21
acc95/semi90,humaneval_plus/19,1,368,70
acc95/semi90,humaneval_plus/20,1,246,30
acc95/semi90,humaneval_plus/21,1,290,33
acc95/semi90,humaneval_plus/22,1,269,46
acc95/semi90,humaneval_plus/23,1,329,48
acc95/semi90,humaneval_plus/24,1,164,20
acc95/semi90,humaneval_plus/25,0,299,32
acc95/semi90,humaneval_plus/26,1,187,30
acc95/semi90,humaneval_plus/27,1,182,25
acc95/semi90,humaneval_plus/28,0,358,65
acc95/semi90,humaneval_plus/29,0,435,93
acc95/semi90,humaneval_plus/30,0,281,48
acc95/semi90,humaneval_plus/31,1,382,51
acc95/semi90,humaneval_plus/32,1,320,60
acc95/semi90,humaneval_plus/33,0,255,57
acc95/semi90,humaneval_plus/34,1,481,127
acc95/semi90,humaneval_plus/35,1,129,11
acc95/semi90,humaneval_plus/36,0,752,79
acc95/semi90,humaneval_plus/37,1,188,45
acc95/semi90,humaneval_plus/38,0,433,144
acc95/semi90,humaneval_plus/39,1,225,28
acc95/semi90,humaneval_plus/40,0,270,50
acc95/semi90,humaneval_plus/41,0,188,35
acc95/semi90,humaneval_plus/42,1,263,33
acc95/semi90,humaneval_plus/43,0,241,37
acc95/semi90,humaneval_plus/44,1,223,77
acc95/semi90,humaneval_plus/45,1,186,27
acc95/semi90,humaneval_plus/46,1,97,10
acc95/semi90,humaneval_plus/47,0,191,34
acc95/semi90,humaneval_plus/48,0,456,78
acc95/semi90,humaneval_plus/49,0,267,34
acc95/semi90,humaneval_plus/50,1,307,40
acc95/semi90,humaneval_plus/51,1,253,64
acc95/semi90,humaneval_plus/52,0,235,60
acc95/semi90,humaneval_plus/53,1,284,47
acc95/semi90,humaneval_plus/54,1,300,32
acc95/semi90,humaneval_plus/55,0,344,60
acc95/semi90,humaneval_plus/56,1,159,44
acc95/semi90,humaneval_plus/57,1,92,9
acc95/semi90,humaneval_plus/58,1,205,15
acc95/semi90,humaneval_plus/59,1,212,20
acc95/semi90,humaneval_plus/60,1,109,21
acc95/semi90,humaneval_plus/61,1,209,49
acc95/semi90,humaneval_plus/62,1,297,71
acc95/semi90,humaneval_plus/63,1,187,31
acc95/semi90,humaneval_plus/64,1,326,30
acc95/semi90,humaneval_plus/65,1,204,36
acc95/semi90,humaneval_plus/66,1,241,35
acc95/semi90,humaneval_plus/67,1,387,57
acc95/semi90,humaneval_plus/68,1,136,23
acc95/semi90,humaneval_plus/69,0,213,45
acc95/semi90,humaneval_plus/70,0,227,27
acc95/semi90,humaneval_plus/71,1,136,16
acc95/semi90,humaneval_plus/72,0,200,28
acc95/semi90,humaneval_plus/73,1,257,29
acc95/semi90,humaneval_plus/74,1,177,27
acc95/semi90,humaneval_plus/75,1,235,32
acc95/semi90,humaneval_plus/76,1,136,39
acc95/semi90,humaneval_plus/77,1,316,36
acc95/semi90,humaneval_plus/78,0,201,29
acc95/semi90,humaneval_plus/79,1,122,11
acc95/semi90,humaneval_plus/80,1,58,8
acc95/semi90,humaneval_plus/81,1,131,23
acc95/semi90,humaneval_plus/82,1,226,22
acc95/semi90,humaneval_plus/83,1,176,18
acc95/semi90,humaneval_plus/84,1,105,9
acc95/semi90,humaneval_plus/85,1,76,6
acc95/semi90,humaneval_plus/86,1,111,10
acc95/semi90,humaneval_plus/87,1,159,17
acc95/semi90,humaneval_plus/88,1,142,10
acc95/semi90,humaneval_plus/89,1,249,20
acc95/semi90,humaneval_plus/90,0,755,252
acc95/semi90,humaneval_plus/91,1,282,36
acc95/semi90,humaneval_plus/92,1,86,12
acc95/semi90,humaneval_plus/93,1,144,16
acc95/semi90,humaneval_plus/94,1,157,18
acc95/semi90,humaneval_plus/95,0,246,35
acc95/semi90,humaneval_plus/96,1,285,25
acc95/semi90,humaneval_plus/97,1,263,20
acc95/semi90,humaneval_plus/98,1,221,28
acc95/semi90,humaneval_plus/99,0,3856,371
acc95/semi90,humaneval_plus/100,1,215,62
acc95/semi90,humaneval_plus/101,1,133,7
acc95/semi90,humaneval_plus/102,1,254,30
acc95/semi90,humaneval_plus/103,0,161,22
acc95/semi90,humaneval_plus/104,1,60,8
acc95/semi90,humaneval_plus/105,1,339,44
acc95/semi90,humaneval_plus/106,0,209,21
acc95/semi90,humaneval_plus/107,1,109,8
acc95/semi90,humaneval_plus/108,0,208,25
acc95/semi90,humaneval_plus/109,1,159,15
acc95/semi90,humaneval_plus/110,1,137,13
acc95/semi90,humaneval_plus/111,1,179,11
acc95/semi90,humaneval_plus/112,1,110,7
acc95/semi90,humaneval_plus/113,1,63,5
acc95/semi90,humaneval_plus/114,0,155,12
acc95/semi90,humaneval_plus/115,1,130,12
acc95/semi90,humaneval_plus/116,1,186,26
acc95/semi90,humaneval_plus/117,1,193,22
acc95/semi90,humaneval_plus/118,1,200,30
acc95/semi90,humaneval_plus/119,1,208,17
acc95/semi90,humaneval_plus/120,1,464,50
acc95/semi90,humaneval_plus/121,1,125,11
acc95/semi90,humaneval_plus/122,1,386,39
acc95/semi90,humaneval_plus/123,1,168,15
acc95/semi90,humaneval_plus/124,1,278,46
acc95/semi90,humaneval_plus/125,1,221,32
acc95/semi90,humaneval_plus/126,1,198,43
acc95/semi90,humaneval_plus/127,1,156,17
acc95/semi90,humaneval_plus/128,0,247,69
acc95/semi90,humaneval_plus/129,1,455,54
acc95/semi90,humaneval_plus/130,1,264,29
acc95/semi90,humaneval_plus/131,1,118,15
acc95/semi90,humaneval_plus/132,1,273,31
acc95/semi90,humaneval_plus/133,1,292,46
acc95/semi90,humaneval_plus/134,1,165,61
acc95/semi90,humaneval_plus/135,1,227,30
acc95/semi90,humaneval_plus/136,1,303,31
acc95/semi90,humaneval_plus/137,1,298,46
acc95/semi90,humaneval_plus/138,0,266,70
acc95/semi90,humaneval_plus/139,1,262,67
acc95/semi90,humaneval_plus/140,1,179,45
acc95/semi90,humaneval_plus/141,1,162,55
acc95/semi90,humaneval_plus/142,1,181,15
acc95/semi90,humaneval_plus/143,1,436,43
acc95/semi90,humaneval_plus/144,0,356,46
acc95/semi90,humaneval_plus/145,1,179,16
acc95/semi90,humaneval_plus/146,1,288,105
acc95/semi90,humaneval_plus/147,0,256,36
acc95/semi90,humaneval_plus/148,1,134,24
acc95/semi90,humaneval_plus/149,1,228,38
acc95/semi90,humaneval_plus/150,0,103,19
acc95/semi90,humaneval_plus/151,1,369,51
acc95/semi90,humaneval_plus/152,0,264,57
acc95/semi90,humaneval_plus/153,1,169,16
acc95/semi90,humaneval_plus/154,1,230,32
acc95/semi90,humaneval_plus/155,0,235,45
acc95/semi90,humaneval_plus/156,1,220,24
acc95/semi90,humaneval_plus/157,1,317,73
acc95/semi90,humaneval_plus/158,1,178,18
acc95/semi90,humaneval_plus/159,1,295,38
acc95/semi90,humaneval_plus/160,0,313,31
acc95/semi90,humaneval_plus/161,1,186,22
acc95/semi90,humaneval_plus/162,0,145,28
acc95/semi90,humaneval_plus/163,0,353,53
acc95/semi90,mbpp_plus/0,1,140,25
acc95/semi90,mbpp_plus/1,1,89,22
acc95/semi90,mbpp_plus/2,0,140,33
acc95/semi90,mbpp_plus/3,0,422,98
acc95/semi90,mbpp_plus/4,1,104,21
acc95/semi90,mbpp_plus/5,1,70,16
acc95/semi90,mbpp_plus/6,1,80,26
acc95/semi90,mbpp_plus/7,1,118,25
acc95/semi90,mbpp_plus/8,1,216,67
acc95/semi90,mbpp_plus/9,0,206,47
acc95/semi90,mbpp_plus/10,0,140,33
acc95/semi90,mbpp_plus/11,0,104,14
acc95/semi90,mbpp_plus/12,1,110,31
acc95/semi90,mbpp_plus/13,1,97,18
acc95/semi90,mbpp_plus/14,0,225,83
acc95/semi90,mbpp_plus/15,1,82,17
acc95/semi90,mbpp_plus/16,0,236,51
acc95/semi90,mbpp_plus/17,1,306,71
acc95/semi90,mbpp_plus/18,0,100,16
acc95/semi90,mbpp_plus/19,1,205,49
acc95/semi90,mbpp_plus/20,1,198,35
acc95/semi90,mbpp_plus/21,1,19,5
acc95/semi90,mbpp_plus/22,1,160,33
acc95/semi90,mbpp_plus/23,1,367,57
acc95/semi90,mbpp_plus/24,1,153,24
acc95/semi90,mbpp_plus/25,1,286,39
acc95/semi90,mbpp_plus/26,1,123,23
acc95/semi90,mbpp_plus/27,1,147,17
acc95/semi90,mbpp_plus/28,1,125,27
acc95/semi90,mbpp_plus/29,0,164,28
acc95/semi90,mbpp_plus/30,0,215,58
acc95/semi90,mbpp_plus/31,1,79,6
acc95/semi90,mbpp_plus/32,0,173,40
acc95/semi90,mbpp_plus/33,1,109,23
acc95/semi90,mbpp_plus/34,1,306,67
acc95/semi90,mbpp_plus/35,0,141,43
acc95/semi90,mbpp_plus/36,1,135,26
acc95/semi90,mbpp_plus/37,0,191,60
acc95/semi90,mbpp_plus/38,0,277,69
acc95/semi90,mbpp_plus/39,0,225,43
acc95/semi90,mbpp_plus/40,1,168,34
acc95/semi90,mbpp_plus/41,1,231,62
acc95/semi90,mbpp_plus/42,0,607,88
acc95/semi90,mbpp_plus/43,1,109,15
acc95/semi90,mbpp_plus/44,1,79,19
acc95/semi90,mbpp_plus/45,1,82,11
acc95/semi90,mbpp_plus/46,1,161,42
acc95/semi90,mbpp_plus/47,1,84,15
acc95/semi90,mbpp_plus/48,1,172,38
acc95/semi90,mbpp_plus/49,0,175,46
acc95/semi90,mbpp_plus/50,1,126,31
acc95/semi90,mbpp_plus/51,0,202,40
acc95/semi90,mbpp_plus/52,1,187,52
acc95/semi90,mbpp_plus/53,1,157,24
acc95/semi90,mbpp_plus/54,0,254,45
acc95/semi90,mbpp_plus/55,1,142,32
acc95/semi90,mbpp_plus/56,1,107,30
acc95/semi90,mbpp_plus/57,1,27,8
acc95/semi90,mbpp_plus/58,1,109,24
acc95/semi90,mbpp_plus/59,0,125,31
acc95/semi90,mbpp_plus/60,1,424,156
acc95/semi90,mbpp_plus/61,1,101,16
acc95/semi90,mbpp_plus/62,0,273,111
acc95/semi90,mbpp_plus/63,0,134,29
acc95/semi90,mbpp_plus/64,1,156,38
acc95/semi90,mbpp_plus/65,0,332,110
acc95/semi90,mbpp_plus/66,1,173,52
acc95/semi90,mbpp_plus/67,1,88,13
acc95/semi90,mbpp_plus/68,0,159,28
acc95/semi90,mbpp_plus/69,1,471,70
acc95/semi90,mbpp_plus/70,1,321,34
acc95/semi90,mbpp_plus/71,1,91,20
acc95/semi90,mbpp_plus/72,1,103,17
acc95/semi90,mbpp_plus/73,0,126,36
acc95/semi90,mbpp_plus/74,1,128,17
acc95/semi90,mbpp_plus/75,0,89,25
acc95/semi90,mbpp_plus/76,1,243,40
acc95/semi90,mbpp_plus/77,0,21,6
acc95/semi90,mbpp_plus/78,1,171,53
acc95/semi90,mbpp_plus/79,0,684,124
acc95/semi90,mbpp_plus/80,1,111,33
acc95/semi90,mbpp_plus/81,1,113,19
acc95/semi90,mbpp_plus/82,0,193,53
acc95/semi90,mbpp_plus/83,1,158,34
acc95/semi90,mbpp_plus/84,1,105,28
acc95/semi90,mbpp_plus/85,0,149,33
acc95/semi90,mbpp_plus/86,1,130,36
acc95/semi90,mbpp_plus/87,1,22,5
acc95/semi90,mbpp_plus/88,1,175,29
acc95/semi90,mbpp_plus/89,1,146,24
acc95/semi90,mbpp_plus/90,1,85,16
acc95/semi90,mbpp_plus/91,0,100,29
acc95/semi90,mbpp_plus/92,1,184,46
acc95/semi90,mbpp_plus/93,1,98,14
acc95/semi90,mbpp_plus/94,1,104,15
acc95/semi90,mbpp_plus/95,0,122,29
acc95/semi90,mbpp_plus/96,1,126,25
acc95/semi90,mbpp_plus/97,1,114,24
acc95/semi90,mbpp_plus/98,1,125,25
acc95/semi90,mbpp_plus/99,1,126,22
acc95/semi90,mbpp_plus/100,1,196,42
acc95/semi90,mbpp_plus/101,1,108,18
acc95/semi90,mbpp_plus/102,0,155,38
acc95/semi90,mbpp_plus/103,0,716,188
acc95/semi90,mbpp_plus/104,0,132,30
acc95/semi90,mbpp_plus/105,0,95,15
acc95/semi90,mbpp_plus/106,1,23,6
acc95/semi90,mbpp_plus/107,1,103,23
acc95/semi90,mbpp_plus/108,0,160,47
acc95/semi90,mbpp_plus/109,1,189,33
acc95/semi90,mbpp_plus/110,1,148,22
acc95/semi90,mbpp_plus/111,1,206,50
acc95/semi90,mbpp_plus/112,1,444,56
acc95/semi90,mbpp_plus/113,0,226,62
acc95/semi90,mbpp_plus/114,1,153,38
acc95/semi90,mbpp_plus/115,1,176,50
acc95/semi90,mbpp_plus/116,0,3900,583
acc95/semi90,mbpp_plus/117,1,171,24
acc95/semi90,mbpp_plus/118,1,98,16
acc95/semi90,mbpp_plus/119,0,71,11
acc95/semi90,mbpp_plus/120,0,189,60
acc95/semi90,mbpp_plus/121,1,107,17
acc95/semi90,mbpp_plus/122,1,140,25
acc95/semi90,mbpp_plus/123,1,273,45
acc95/semi90,mbpp_plus/124,0,107,24
acc95/semi90,mbpp_plus/125,0,148,33
acc95/semi90,mbpp_plus/126,0,251,71
acc95/semi90,mbpp_plus/127,1,105,30
acc95/semi90,mbpp_plus/128,0,168,24
acc95/semi90,mbpp_plus/129,1,123,31
acc95/semi90,mbpp_plus/130,0,172,34
acc95/semi90,mbpp_plus/131,1,97,15
acc95/semi90,mbpp_plus/132,0,22,12
acc95/semi90,mbpp_plus/133,1,88,14
acc95/semi90,mbpp_plus/134,1,77,16
acc95/semi90,mbpp_plus/135,1,128,33
acc95/semi90,mbpp_plus/136,0,166,45
acc95/semi90,mbpp_plus/137,1,77,19
acc95/semi90,mbpp_plus/138,0,94,21
acc95/semi90,mbpp_plus/139,1,147,32
acc95/semi90,mbpp_plus/140,0,178,24
acc95/semi90,mbpp_plus/141,1,89,20
acc95/semi90,mbpp_plus/142,0,237,41
acc95/semi90,mbpp_plus/143,1,131,31
acc95/semi90,mbpp_plus/144,1,84,31
acc95/semi90,mbpp_plus/145,1,165,24
acc95/semi90,mbpp_plus/146,1,110,27
acc95/semi90,mbpp_plus/147,1,106,23
acc95/semi90,mbpp_plus/148,1,138,24
acc95/semi90,mbpp_plus/149,1,136,36
acc95/semi90,mbpp_plus/150,1,289,61
acc95/semi90,mbpp_plus/151,1,113,30
acc95/semi90,mbpp_plus/152,0,247,81
acc95/semi90,mbpp_plus/153,0,257,105
acc95/semi90,mbpp_plus/154,1,105,19
acc95/semi90,mbpp_plus/155,1,116,27
acc95/semi90,mbpp_plus/156,1,107,17
acc95/semi90,mbpp_plus/157,0,92,28
acc95/semi90,mbpp_plus/158,1,140,33
acc95/semi90,mbpp_plus/159,1,320,126
acc95/semi90,mbpp_plus/160,0,116,26
acc95/semi90,mbpp_plus/161,0,150,33
acc95/semi90,mbpp_plus/162,1,113,24
acc95/semi90,mbpp_plus/163,1,166,19
acc95/semi90,mbpp_plus/164,0,310,62
acc95/semi90,mbpp_plus/165,1,102,27
acc95/semi90,mbpp_plus/166,1,76,14
acc95/semi90,mbpp_plus/167,1,213,41
acc95/semi90,mbpp_plus/168,1,97,34
acc95/semi90,mbpp_plus/169,1,167,21
acc95/semi90,mbpp_plus/170,1,132,14
acc95/semi90,mbpp_plus/171,1,143,27
acc95/semi90,mbpp_plus/172,1,110,17
acc95/semi90,mbpp_plus/173,0,158,35
acc95/semi90,mbpp_plus/174,1,103,17
acc95/semi90,mbpp_plus/175,0,140,31
acc95/semi90,mbpp_plus/176,1,226,43
acc95/semi90,mbpp_plus/177,1,86,22
acc95/semi90,mbpp_plus/178,0,263,48
acc95/semi90,mbpp_plus/179,1,125,17
acc95/semi90,mbpp_plus/180,1,95,18
acc95/semi90,mbpp_plus/181,0,170,30
acc95/semi90,mbpp_plus/182,0,135,35
acc95/semi90,mbpp_plus/183,1,126,25
acc95/semi90,mbpp_plus/184,1,85,17
acc95/semi90,mbpp_plus/185,1,194,33
acc95/semi90,mbpp_plus/186,1,17,8
acc95/semi90,mbpp_plus/187,1,110,20
acc95/semi90,mbpp_plus/188,1,116,31
acc95/semi90,mbpp_plus/189,1,86,12
acc95/semi90,mbpp_plus/190,1,199,47
acc95/semi90,mbpp_plus/191,1,177,28
acc95/semi90,mbpp_plus/192,0,85,24
acc95/semi90,mbpp_plus/193,0,212,46
acc95/semi90,mbpp_plus/194,0,195,38
acc95/semi90,mbpp_plus/195,1,116,23
acc95/semi90,mbpp_plus/196,1,139,36
acc95/semi90,mbpp_plus/197,1,124,20
acc95/semi90,mbpp_plus/198,1,130,29
acc95/semi90,mbpp_plus/199,1,120,18
acc95/semi90,mbpp_plus/200,1,16,7
acc95/semi90,mbpp_plus/201,1,141,33
acc95/semi90,mbpp_plus/202,1,147,20
acc95/semi90,mbpp_plus/203,1,27,6
acc95/semi90,mbpp_plus/204,1,106,20
acc95/semi90,mbpp_plus/205,1,140,29
acc95/semi90,mbpp_plus/206,1,152,33
acc95/semi90,mbpp_plus/207,1,166,29
acc95/semi90,mbpp_plus/208,0,205,57
acc95/semi90,mbpp_plus/209,0,183,50
acc95/semi90,mbpp_plus/210,1,127,22
acc95/semi90,mbpp_plus/211,0,170,47
acc95/semi90,mbpp_plus/212,1,95,15
acc95/semi90,mbpp_plus/213,1,164,65
acc95/semi90,mbpp_plus/214,0,278,83
acc95/semi90,mbpp_plus/215,1,258,53
acc95/semi90,mbpp_plus/216,1,128,16
acc95/semi90,mbpp_plus/217,1,154,41
acc95/semi90,mbpp_plus/218,1,68,15
acc95/semi90,mbpp_plus/219,1,123,28
acc95/semi90,mbpp_plus/220,0,216,33
acc95/semi90,mbpp_plus/221,1,126,25
acc95/semi90,mbpp_plus/222,0,105,29
acc95/semi90,mbpp_plus/223,1,178,21
acc95/semi90,mbpp_plus/224,0,192,46
acc95/semi90,mbpp_plus/225,1,201,44
acc95/semi90,mbpp_plus/226,1,188,43
acc95/semi90,mbpp_plus/227,1,76,19
acc95/semi90,mbpp_plus/228,0,303,66
acc95/semi90,mbpp_plus/229,1,216,41
acc95/semi90,mbpp_plus/230,1,162,31
acc95/semi90,mbpp_plus/231,1,214,71
acc95/semi90,mbpp_plus/232,1,75,14
acc95/semi90,mbpp_plus/233,1,111,17
acc95/semi90,mbpp_plus/234,0,872,364
acc95/semi90,mbpp_plus/235,1,126,25
acc95/semi90,mbpp_plus/236,1,178,20
acc95/semi90,mbpp_plus/237,1,107,13
acc95/semi90,mbpp_plus/238,1,148,31
acc95/semi90,mbpp_plus/239,1,265,94
acc95/semi90,mbpp_plus/240,0,192,34
acc95/semi90,mbpp_plus/241,1,127,35
acc95/semi90,mbpp_plus/242,0,143,43
acc95/semi90,mbpp_plus/243,1,164,46
acc95/semi90,mbpp_plus/244,1,143,32
acc95/semi90,mbpp_plus/245,0,119,24
acc95/semi90,mbpp_plus/246,1,97,23
acc95/semi90,mbpp_plus/247,1,100,23
acc95/semi90,mbpp_plus/248,1,178,31
acc95/semi90,mbpp_plus/249,1,113,18
acc95/semi90,mbpp_plus/250,0,167,32
acc95/semi90,mbpp_plus/251,0,305,48
acc95/semi90,mbpp_plus/252,1,88,13
acc95/semi90,mbpp_plus/253,1,17,9
acc95/semi90,mbpp_plus/254,0,250,103
acc95/semi90,mbpp_plus/255,1,113,14
acc95/semi90,mbpp_plus/256,1,79,15
acc95/semi90,mbpp_plus/257,1,175,34
acc95/semi90,mbpp_plus/258,0,171,43
acc95/semi90,mbpp_plus/259,0,182,50
acc95/semi90,mbpp_plus/260,1,186,33
acc95/semi90,mbpp_plus/261,1,159,27
acc95/semi90,mbpp_plus/262,1,462,62
acc95/semi90,mbpp_plus/263,1,102,17
acc95/semi90,mbpp_plus/264,0,245,62
acc95/semi90,mbpp_plus/265,0,103,31
acc95/semi90,mbpp_plus/266,1,94,15
acc95/semi90,mbpp_plus/267,1,134,25
acc95/semi90,mbpp_plus/268,0,360,65
acc95/semi90,mbpp_plus/269,0,197,48
acc95/semi90,mbpp_plus/270,1,142,24
acc95/semi90,mbpp_plus/271,1,117,20
acc95/semi90,mbpp_plus/272,0,1079,219
acc95/semi90,mbpp_plus/273,1,206,39
acc95/semi90,mbpp_plus/274,1,187,39
acc95/semi90,mbpp_plus/275,1,128,21
acc95/semi90,mbpp_plus/276,1,151,25
acc95/semi90,mbpp_plus/277,1,243,78
acc95/semi90,mbpp_plus/278,1,198,68
acc95/semi90,mbpp_plus/279,1,95,18
acc95/semi90,mbpp_plus/280,1,386,82
acc95/semi90,mbpp_plus/281,0,151,33
acc95/semi90,mbpp_plus/282,1,181,21
acc95/semi90,mbpp_plus/283,1,178,35
acc95/semi90,mbpp_plus/284,1,143,29
acc95/semi90,mbpp_plus/285,1,152,26
acc95/semi90,mbpp_plus/286,1,103,29
acc95/semi90,mbpp_plus/287,1,133,21
acc95/semi90,mbpp_plus/288,1,188,31
acc95/semi90,mbpp_plus/289,1,111,19
acc95/semi90,mbpp_plus/290,1,203,21
acc95/semi90,mbpp_plus/291,0,304,60
acc95/semi90,mbpp_plus/292,0,243,97
acc95/semi90,mbpp_plus/293,1,143,25
acc95/semi90,mbpp_plus/294,1,132,46
acc95/semi90,mbpp_plus/295,0,358,106
acc95/semi90,mbpp_plus/296,0,241,53
acc95/semi90,mbpp_plus/297,0,118,35
acc95/semi90,mbpp_plus/298,1,48,12
acc95/semi90,mbpp_plus/299,1,213,52
acc95/semi90,mbpp_plus/300,1,149,38
acc95/semi90,mbpp_plus/301,0,72,21
acc95/semi90,mbpp_plus/302,1,241,44
acc95/semi90,mbpp_plus/303,1,140,30
acc95/semi90,mbpp_plus/304,0,82,26
acc95/semi90,mbpp_plus/305,1,128,18
acc95/semi90,mbpp_plus/306,1,83,23
acc95/semi90,mbpp_plus/307,1,214,36
acc95/semi90,mbpp_plus/308,0,265,44
acc95/semi90,mbpp_plus/309,1,129,32
acc95/semi90,mbpp_plus/310,1,145,24
acc95/semi90,mbpp_plus/311,0,176,26
acc95/semi90,mbpp_plus/312,0,167,38
acc95/semi90,mbpp_plus/313,1,165,44
acc95/semi90,mbpp_plus/314,0,240,58
acc95/semi90,mbpp_plus/315,1,127,29
acc95/semi90,mbpp_plus/316,1,146,31
acc95/semi90,mbpp_plus/317,1,219,37
acc95/semi90,mbpp_plus/318,1,92,14
acc95/semi90,mbpp_plus/319,1,214,51
acc95/semi90,mbpp_plus/320,1,117,13
acc95/semi90,mbpp_plus/321,1,170,26
acc95/semi90,mbpp_plus/322,0,143,31
acc95/semi90,mbpp_plus/323,1,395,77
acc95/semi90,mbpp_plus/324,1,149,37
acc95/semi90,mbpp_plus/325,0,275,40
acc95/semi90,mbpp_plus/326,1,143,20
acc95/semi90,mbpp_plus/327,1,128,23
acc95/semi90,mbpp_plus/328,1,132,31
acc95/semi90,mbpp_plus/329,0,178,20
acc95/semi90,mbpp_plus/330,1,202,32
acc95/semi90,mbpp_plus/331,0,202,65
acc95/semi90,mbpp_plus/332,1,172,31
acc95/semi90,mbpp_plus/333,1,196,49
acc95/semi90,mbpp_plus/334,1,185,40
acc95/semi90,mbpp_plus/335,0,166,50
acc95/semi90,mbpp_plus/336,1,147,17
acc95/semi90,mbpp_plus/337,1,105,24
acc95/semi90,mbpp_plus/338,1,85,31
acc95/semi90,mbpp_plus/339,1,80,15
acc95/semi90,mbpp_plus/340,0,133,25
acc95/semi90,mbpp_plus/341,1,96,19
acc95/semi90,mbpp_plus/342,0,161,31
acc95/semi90,mbpp_plus/343,1,197,26
acc95/semi90,mbpp_plus/344,1,120,36
acc95/semi90,mbpp_plus/345,1,74,13
acc95/semi90,mbpp_plus/346,1,159,27
acc95/semi90,mbpp_plus/347,1,17,6
acc95/semi90,mbpp_plus/348,0,3974,548
acc95/semi90,mbpp_plus/349,1,158,22
acc95/semi90,mbpp_plus/350,1,162,39
acc95/semi90,mbpp_plus/351,1,26,7
acc95/semi90,mbpp_plus/352,0,120,20
acc95/semi90,mbpp_plus/353,1,165,27
acc95/semi90,mbpp_plus/354,1,121,28
acc95/semi90,mbpp_plus/355,1,99,20
acc95/semi90,mbpp_plus/356,0,173,20
acc95/semi90,mbpp_plus/357,1,116,17
acc95/semi90,mbpp_plus/358,1,84,17
acc95/semi90,mbpp_plus/359,1,173,34
acc95/semi90,mbpp_plus/360,1,85,15
acc95/semi90,mbpp_plus/361,1,252,42
acc95/semi90,mbpp_plus/362,1,83,15
acc95/semi90,mbpp_plus/363,1,133,22
acc95/semi90,mbpp_plus/364,0,144,29
acc95/semi90,mbpp_plus/365,1,116,19
acc95/semi90,mbpp_plus/366,1,18,6
acc95/semi90,mbpp_plus/367,0,200,59
acc95/semi90,mbpp_plus/368,1,40,10
acc95/semi90,mbpp_plus/369,1,148,19
acc95/semi90,mbpp_plus/370,0,273,72
acc95/semi90,mbpp_plus/371,1,23,8
acc95/semi90,mbpp_plus/372,1,140,18
acc95/semi90,mbpp_plus/373,1,106,18
acc95/semi90,mbpp_plus/374,1,135,23
acc95/semi90,mbpp_plus/375,1,148,30
acc95/semi90,mbpp_plus/376,1,116,23
acc95/semi90,mbpp_plus/377,0,132,25
acc99/semi70,humaneval_plus/0,1,206,39
acc99/semi70,humaneval_plus/1,1,239,52
acc99/semi70,humaneval_plus/2,0,276,74
acc99/semi70,humaneval_plus/3,1,213,43
acc99/semi70,humaneval_plus/4,1,152,36
acc99/semi70,humaneval_plus/5,0,214,53
acc99/semi70,humaneval_plus/6,0,242,56
acc99/semi70,humaneval_plus/7,1,260,56
acc99/semi70,humaneval_plus/8,1,540,94
acc99/semi70,humaneval_plus/9,1,260,46
acc99/semi70,humaneval_plus/10,1,347,39
acc99/semi70,humaneval_plus/11,0,1640,632
acc99/semi70,humaneval_plus/12,0,244,86
acc99/semi70,humaneval_plus/13,1,210,54
acc99/semi70,humaneval_plus/14,0,227,87
acc99/semi70,humaneval_plus/15,1,300,47
acc99/semi70,humaneval_plus/16,1,281,68
acc99/semi70,humaneval_plus/17,0,306,83
acc99/semi70,humaneval_plus/18,1,161,31
acc99/semi70,humaneval_plus/19,1,370,87
acc99/semi70,humaneval_plus/20,0,3846,985
acc99/semi70,humaneval_plus/21,1,290,46
acc99/semi70,humaneval_plus/22,1,284,75
acc99/semi70,humaneval_plus/23,0,346,82
acc99/semi70,humaneval_plus/24,1,164,26
acc99/semi70,humaneval_plus/25,1,317,53
acc99/semi70,humaneval_plus/26,1,185,38
acc99/semi70,humaneval_plus/27,1,183,32
acc99/semi70,humaneval_plus/28,1,350,73
acc99/semi70,humaneval_plus/29,0,627,103
acc99/semi70,humaneval_plus/30,0,280,88
acc99/semi70,humaneval_plus/31,0,405,70
acc99/semi70,humaneval_plus/32,0,310,74
acc99/semi70,humaneval_plus/33,0,253,67
acc99/semi70,humaneval_plus/34,1,1561,545
acc99/semi70,humaneval_plus/35,1,129,17
acc99/semi70,humaneval_plus/36,0,1449,223
acc99/semi70,humaneval_plus/37,1,382,84
acc99/semi70,humaneval_plus/38,0,299,106
acc99/semi70,humaneval_plus/39,1,225,48
acc99/semi70,humaneval_plus/40,0,273,72
acc99/semi70,humaneval_plus/41,0,378,58
acc99/semi70,humaneval_plus/42,1,278,47
acc99/semi70,humaneval_plus/43,0,243,46
acc99/semi70,humaneval_plus/44,1,496,132
acc99/semi70,humaneval_plus/45,1,186,38
acc99/semi70,humaneval_plus/46,1,97,16
acc99/semi70,humaneval_plus/47,0,242,91
acc99/semi70,humaneval_plus/48,0,453,91
acc99/semi70,humaneval_plus/49,0,252,48
acc99/semi70,humaneval_plus/50,0,155,35
acc99/semi70,humaneval_plus/51,1,260,79
acc99/semi70,humaneval_plus/52,0,245,78
acc99/semi70,humaneval_plus/53,0,271,53
acc99/semi70,humaneval_plus/54,1,300,40
acc99/semi70,humaneval_plus/55,1,414,97
acc99/semi70,humaneval_plus/56,1,163,54
acc99/semi70,humaneval_plus/57,1,92,12
acc99/semi70,humaneval_plus/58,1,205,26
acc99/semi70,humaneval_plus/59,1,212,26
acc99/semi70,humaneval_plus/60,1,295,51
acc99/semi70,humaneval_plus/61,1,210,60
acc99/semi70,humaneval_plus/62,0,255,57
acc99/semi70,humaneval_plus/63,1,188,45
acc99/semi70,humaneval_plus/64,1,327,43
acc99/semi70,humaneval_plus/65,0,199,43
acc99/semi70,humaneval_plus/66,1,216,38
acc99/semi70,humaneval_plus/67,1,800,121
acc99/semi70,humaneval_plus/68,1,159,34
acc99/semi70,humaneval_plus/69,0,213,60
acc99/semi70,humaneval_plus/70,0,227,40
acc99/semi70,humaneval_plus/71,1,136,20
acc99/semi70,humaneval_plus/72,0,200,38
acc99/semi70,humaneval_plus/73,1,545,97
acc99/semi70,humaneval_plus/74,1,398,64
acc99/semi70,humaneval_plus/75,1,595,78
acc99/semi70,humaneval_plus/76,1,104,23
acc99/semi70,humaneval_plus/77,1,308,51
acc99/semi70,humaneval_plus/78,0,263,64
acc99/semi70,humaneval_plus/79,1,122,19
acc99/semi70,humaneval_plus/80,1,58,13
acc99/semi70,humaneval_plus/81,1,119,29
acc99/semi70,humaneval_plus/82,1,226,33
acc99/semi70,humaneval_plus/83,1,176,29
acc99/semi70,humaneval_plus/84,1,105,12
acc99/semi70,humaneval_plus/85,1,76,10
acc99/semi70,humaneval_plus/86,1,111,12
acc99/semi70,humaneval_plus/87,1,159,20
acc99/semi70,humaneval_plus/88,1,142,13
acc99/semi70,humaneval_plus/89,1,249,26
acc99/semi70,humaneval_plus/90,0,1636,399
acc99/semi70,humaneval_plus/91,1,282,52
acc99/semi70,humaneval_plus/92,1,87,12
acc99/semi70,humaneval_plus/93,1,144,19
acc99/semi70,humaneval_plus/94,1,157,29
acc99/semi70,humaneval_plus/95,0,246,45
acc99/semi70,humaneval_plus/96,1,285,35
acc99/semi70,humaneval_plus/97,1,252,46
acc99/semi70,humaneval_plus/98,1,210,40
acc99/semi70,humaneval_plus/99,1,278,36
acc99/semi70,humaneval_plus/100,1,199,70
acc99/semi70,humaneval_plus/101,1,133,9
acc99/semi70,humaneval_plus/102,1,254,44
acc99/semi70,humaneval_plus/103,1,167,28
acc99/semi70,humaneval_plus/104,1,60,10
acc99/semi70,humaneval_plus/105,1,333,53
acc99/semi70,humaneval_plus/106,1,205,22
acc99/semi70,humaneval_plus/107,1,109,11
acc99/semi70,humaneval_plus/108,0,208,32
acc99/semi70,humaneval_plus/109,1,160,25
acc99/semi70,humaneval_plus/110,1,137,19
acc99/semi70,humaneval_plus/111,1,179,19
acc99/semi70,humaneval_plus/112,1,110,10
acc99/semi70,humaneval_plus/113,1,63,7
acc99/semi70,humaneval_plus/114,0,155,17
acc99/semi70,humaneval_plus/115,1,130,18
acc99/semi70,humaneval_plus/116,1,186,36
acc99/semi70,humaneval_plus/117,0,189,43
acc99/semi70,humaneval_plus/118,1,202,40
acc99/semi70,humaneval_plus/119,1,208,24
acc99/semi70,humaneval_plus/120,0,225,38
acc99/semi70,humaneval_plus/121,1,125,12
acc99/semi70,humaneval_plus/122,1,184,36
acc99/semi70,humaneval_plus/123,1,168,23
acc99/semi70,humaneval_plus/124,1,299,78
acc99/semi70,humaneval_plus/125,1,224,55
acc99/semi70,humaneval_plus/126,1,210,69
acc99/semi70,humaneval_plus/127,1,156,22
acc99/semi70,humaneval_plus/128,0,356,121
acc99/semi70,humaneval_plus/129,1,490,95
acc99/semi70,humaneval_plus/130,1,264,48
acc99/semi70,humaneval_plus/131,0,233,42
acc99/semi70,humaneval_plus/132,1,285,55
acc99/semi70,humaneval_plus/133,1,303,68
acc99/semi70,humaneval_plus/134,1,176,70
acc99/semi70,humaneval_plus/135,1,155,34
acc99/semi70,humaneval_plus/136,1,303,45
acc99/semi70,humaneval_plus/137,0,358,107
acc99/semi70,humaneval_plus/138,0,239,73
acc99/semi70,humaneval_plus/139,1,255,87
acc99/semi70,humaneval_plus/140,0,175,51
acc99/semi70,humaneval_plus/141,1,127,48
acc99/semi70,humaneval_plus/142,1,181,21
acc99/semi70,humaneval_plus/143,0,217,38
acc99/semi70,humaneval_plus/144,1,738,88
acc99/semi70,humaneval_plus/145,1,174,29
acc99/semi70,humaneval_plus/146,0,386,146
acc99/semi70,humaneval_plus/147,0,228,46
acc99/semi70,humaneval_plus/148,1,133,29
acc99/semi70,humaneval_plus/149,0,275,74
acc99/semi70,humaneval_plus/150,0,365,46
acc99/semi70,humaneval_plus/151,0,347,77
acc99/semi70,humaneval_plus/152,0,284,86
acc99/semi70,humaneval_plus/153,1,168,25
acc99/semi70,humaneval_plus/154,1,230,37
acc99/semi70,humaneval_plus/155,0,251,67
acc99/semi70,humaneval_plus/156,1,226,31
acc99/semi70,humaneval_plus/157,1,346,99
acc99/semi70,humaneval_plus/158,1,178,25
acc99/semi70,humaneval_plus/159,0,303,58
acc99/semi70,humaneval_plus/160,0,646,82
acc99/semi70,humaneval_plus/161,1,189,29
acc99/semi70,humaneval_plus/162,0,307,62
acc99/semi70,humaneval_plus/163,1,309,64
acc99/semi70,mbpp_plus/0,1,139,39
acc99/semi70,mbpp_plus/1,1,89,22
acc99/semi70,mbpp_plus/2,0,136,46
acc99/semi70,mbpp_plus/3,0,386,129
acc99/semi70,mbpp_plus/4,1,104,26
acc99/semi70,mbpp_plus/5,1,70,19
acc99/semi70,mbpp_plus/6,1,80,30
acc99/semi70,mbpp_plus/7,1,118,30
acc99/semi70,mbpp_plus/8,0,225,89
acc99/semi70,mbpp_plus/9,0,202,50
acc99/semi70,mbpp_plus/10,0,140,40
acc99/semi70,mbpp_plus/11,0,102,20
acc99/semi70,mbpp_plus/12,1,130,41
acc99/semi70,mbpp_plus/13,1,98,26
acc99/semi70,mbpp_plus/14,0,348,105
acc99/semi70,mbpp_plus/15,1,85,32
acc99/semi70,mbpp_plus/16,0,247,67
acc99/semi70,mbpp_plus/17,0,380,125
acc99/semi70,mbpp_plus/18,0,100,22
acc99/semi70,mbpp_plus/19,1,205,63
acc99/semi70,mbpp_plus/20,1,373,64
acc99/semi70,mbpp_plus/21,1,19,4
acc99/semi70,mbpp_plus/22,1,161,45
acc99/semi70,mbpp_plus/23,1,356,70
acc99/semi70,mbpp_plus/24,1,153,30
acc99/semi70,mbpp_plus/25,1,286,58
acc99/semi70,mbpp_plus/26,1,126,40
acc99/semi70,mbpp_plus/27,1,147,22
acc99/semi70,mbpp_plus/28,1,120,29
acc99/semi70,mbpp_plus/29,0,164,33
acc99/semi70,mbpp_plus/30,0,151,32
acc99/semi70,mbpp_plus/31,1,79,9
acc99/semi70,mbpp_plus/32,0,272,63
acc99/semi70,mbpp_plus/33,1,109,30
acc99/semi70,mbpp_plus/34,0,304,115
acc99/semi70,mbpp_plus/35,1,153,38
acc99/semi70,mbpp_plus/36,1,135,37
acc99/semi70,mbpp_plus/37,1,357,106
acc99/semi70,mbpp_plus/38,0,584,109
acc99/semi70,mbpp_plus/39,0,224,53
acc99/semi70,mbpp_plus/40,1,168,51
acc99/semi70,mbpp_plus/41,0,221,80
acc99/semi70,mbpp_plus/42,1,189,40
acc99/semi70,mbpp_plus/43,1,280,68
acc99/semi70,mbpp_plus/44,1,78,25
acc99/semi70,mbpp_plus/45,1,81,27
acc99/semi70,mbpp_plus/46,1,161,50
acc99/semi70,mbpp_plus/47,1,89,20
acc99/semi70,mbpp_plus/48,1,287,59
acc99/semi70,mbpp_plus/49,0,170,60
acc99/semi70,mbpp_plus/50,1,137,56
acc99/semi70,mbpp_plus/51,0,185,52
acc99/semi70,mbpp_plus/52,1,187,56
acc99/semi70,mbpp_plus/53,0,186,49
acc99/semi70,mbpp_plus/54,0,263,67
acc99/semi70,mbpp_plus/55,1,142,44
acc99/semi70,mbpp_plus/56,1,89,35
acc99/semi70,mbpp_plus/57,0,28,24
acc99/semi70,mbpp_plus/58,1,109,31
acc99/semi70,mbpp_plus/59,0,109,39
acc99/semi70,mbpp_plus/60,1,96,16
acc99/semi70,mbpp_plus/61,1,101,22
acc99/semi70,mbpp_plus/62,0,223,116
acc99/semi70,mbpp_plus/63,0,291,64
acc99/semi70,mbpp_plus/64,1,158,55
acc99/semi70,mbpp_plus/65,1,339,140
acc99/semi70,mbpp_plus/66,0,159,71
acc99/semi70,mbpp_plus/67,1,88,21
acc99/semi70,mbpp_plus/68,0,161,46
acc99/semi70,mbpp_plus/69,1,441,88
acc99/semi70,mbpp_plus/70,1,321,46
acc99/semi70,mbpp_plus/71,1,90,27
acc99/semi70,mbpp_plus/72,1,103,22
acc99/semi70,mbpp_plus/73,0,106,48
acc99/semi70,mbpp_plus/74,1,125,20
acc99/semi70,mbpp_plus/75,0,89,35
acc99/semi70,mbpp_plus/76,1,243,56
acc99/semi70,mbpp_plus/77,0,21,6
acc99/semi70,mbpp_plus/78,0,141,53
acc99/semi70,mbpp_plus/79,0,317,125
acc99/semi70,mbpp_plus/80,1,112,35
acc99/semi70,mbpp_plus/81,1,113,27
acc99/semi70,mbpp_plus/82,0,160,51
acc99/semi70,mbpp_plus/83,1,158,47
acc99/semi70,mbpp_plus/84,1,103,32
acc99/semi70,mbpp_plus/85,0,286,69
acc99/semi70,mbpp_plus/86,1,131,33
acc99/semi70,mbpp_plus/87,1,22,9
acc99/semi70,mbpp_plus/88,1,178,36
acc99/semi70,mbpp_plus/89,1,146,34
acc99/semi70,mbpp_plus/90,1,89,24
acc99/semi70,mbpp_plus/91,0,106,37
acc99/semi70,mbpp_plus/92,1,442,143
acc99/semi70,mbpp_plus/93,1,98,17
acc99/semi70,mbpp_plus/94,1,106,22
acc99/semi70,mbpp_plus/95,0,122,48
acc99/semi70,mbpp_plus/96,1,126,33
acc99/semi70,mbpp_plus/97,1,136,44
acc99/semi70,mbpp_plus/98,1,125,36
acc99/semi70,mbpp_plus/99,1,124,33
acc99/semi70,mbpp_plus/100,1,209,60
acc99/semi70,mbpp_plus/101,1,107,16
acc99/semi70,mbpp_plus/102,0,145,56
acc99/semi70,mbpp_plus/103,0,1206,282
acc99/semi70,mbpp_plus/104,0,273,82
acc99/semi70,mbpp_plus/105,0,96,23
acc99/semi70,mbpp_plus/106,1,23,9
acc99/semi70,mbpp_plus/107,1,103,30
acc99/semi70,mbpp_plus/108,0,335,91
acc99/semi70,mbpp_plus/109,1,188,44
acc99/semi70,mbpp_plus/110,1,151,32
acc99/semi70,mbpp_plus/111,1,194,56
acc99/semi70,mbpp_plus/112,1,209,45
acc99/semi70,mbpp_plus/113,0,221,84
acc99/semi70,mbpp_plus/114,1,146,51
acc99/semi70,mbpp_plus/115,0,167,61
acc99/semi70,mbpp_plus/116,0,1960,744
acc99/semi70,mbpp_plus/117,1,171,44
acc99/semi70,mbpp_plus/118,1,98,21
acc99/semi70,mbpp_plus/119,0,71,14
acc99/semi70,mbpp_plus/120,0,195,66
acc99/semi70,mbpp_plus/121,1,107,26
acc99/semi70,mbpp_plus/122,1,293,60
acc99/semi70,mbpp_plus/123,1,273,64
acc99/semi70,mbpp_plus/124,0,107,37
acc99/semi70,mbpp_plus/125,0,148,51
acc99/semi70,mbpp_plus/126,0,261,80
acc99/semi70,mbpp_plus/127,1,105,44
acc99/semi70,mbpp_plus/128,1,176,27
acc99/semi70,mbpp_plus/129,1,123,37
acc99/semi70,mbpp_plus/130,0,172,43
acc99/semi70,mbpp_plus/131,1,97,23
acc99/semi70,mbpp_plus/132,0,22,15
acc99/semi70,mbpp_plus/133,1,86,26
acc99/semi70,mbpp_plus/134,1,77,22
acc99/semi70,mbpp_plus/135,0,140,48
acc99/semi70,mbpp_plus/136,0,112,41
acc99/semi70,mbpp_plus/137,1,77,22
acc99/semi70,mbpp_plus/138,0,95,31
acc99/semi70,mbpp_plus/139,1,161,43
acc99/semi70,mbpp_plus/140,0,178,32
acc99/semi70,mbpp_plus/141,1,39,12
acc99/semi70,mbpp_plus/142,0,234,52
acc99/semi70,mbpp_plus/143,1,131,41
acc99/semi70,mbpp_plus/144,1,84,32
acc99/semi70,mbpp_plus/145,1,170,37
acc99/semi70,mbpp_plus/146,1,110,35
acc99/semi70,mbpp_plus/147,1,107,26
acc99/semi70,mbpp_plus/148,1,145,23
acc99/semi70,mbpp_plus/149,1,136,39
acc99/semi70,mbpp_plus/150,0,292,99
acc99/semi70,mbpp_plus/151,1,112,40
acc99/semi70,mbpp_plus/152,0,193,74
acc99/semi70,mbpp_plus/153,0,286,132
acc99/semi70,mbpp_plus/154,1,103,18
acc99/semi70,mbpp_plus/155,0,116,36
acc99/semi70,mbpp_plus/156,1,107,25
acc99/semi70,mbpp_plus/157,0,71,39
acc99/semi70,mbpp_plus/158,1,134,40
acc99/semi70,mbpp_plus/159,1,1322,464
acc99/semi70,mbpp_plus/160,0,115,30
acc99/semi70,mbpp_plus/161,0,338,78
acc99/semi70,mbpp_plus/162,1,116,39
acc99/semi70,mbpp_plus/163,1,166,27
acc99/semi70,mbpp_plus/164,0,308,82
acc99/semi70,mbpp_plus/165,1,101,28
acc99/semi70,mbpp_plus/166,1,75,20
acc99/semi70,mbpp_plus/167,1,404,75
acc99/semi70,mbpp_plus/168,1,101,35
acc99/semi70,mbpp_plus/169,1,131,25
acc99/semi70,mbpp_plus/170,1,132,20
acc99/semi70,mbpp_plus/171,1,143,33
acc99/semi70,mbpp_plus/172,1,110,22
acc99/semi70,mbpp_plus/173,0,158,48
acc99/semi70,mbpp_plus/174,1,107,25
acc99/semi70,mbpp_plus/175,0,139,47
acc99/semi70,mbpp_plus/176,0,227,67
acc99/semi70,mbpp_plus/177,0,81,29
acc99/semi70,mbpp_plus/178,0,178,44
acc99/semi70,mbpp_plus/179,1,128,30
acc99/semi70,mbpp_plus/180,1,97,32
acc99/semi70,mbpp_plus/181,0,195,35
acc99/semi70,mbpp_plus/182,0,136,50
acc99/semi70,mbpp_plus/183,1,126,31
acc99/semi70,mbpp_plus/184,1,85,22
acc99/semi70,mbpp_plus/185,1,194,47
acc99/semi70,mbpp_plus/186,1,17,9
acc99/semi70,mbpp_plus/187,1,89,29
acc99/semi70,mbpp_plus/188,1,120,40
acc99/semi70,mbpp_plus/189,1,86,21
acc99/semi70,mbpp_plus/190,1,390,78
acc99/semi70,mbpp_plus/191,1,176,46
acc99/semi70,mbpp_plus/192,1,88,28
acc99/semi70,mbpp_plus/193,0,448,89
acc99/semi70,mbpp_plus/194,0,197,51
acc99/semi70,mbpp_plus/195,1,117,33
acc99/semi70,mbpp_plus/196,1,139,45
acc99/semi70,mbpp_plus/197,1,125,28
acc99/semi70,mbpp_plus/198,1,130,34
acc99/semi70,mbpp_plus/199,1,120,28
acc99/semi70,mbpp_plus/200,1,16,7
acc99/semi70,mbpp_plus/201,1,142,44
acc99/semi70,mbpp_plus/202,1,147,28
acc99/semi70,mbpp_plus/203,1,27,8
acc99/semi70,mbpp_plus/204,1,108,27
acc99/semi70,mbpp_plus/205,1,141,31
acc99/semi70,mbpp_plus/206,1,152,48
acc99/semi70,mbpp_plus/207,1,166,35
acc99/semi70,mbpp_plus/208,0,190,60
acc99/semi70,mbpp_plus/209,0,335,68
acc99/semi70,mbpp_plus/210,1,126,29
acc99/semi70,mbpp_plus/211,0,166,55
acc99/semi70,mbpp_plus/212,1,95,23
acc99/semi70,mbpp_plus/213,1,164,73
acc99/semi70,mbpp_plus/214,0,296,103
acc99/semi70,mbpp_plus/215,1,222,68
acc99/semi70,mbpp_plus/216,1,131,37
acc99/semi70,mbpp_plus/217,1,159,56
acc99/semi70,mbpp_plus/218,1,66,21
acc99/semi70,mbpp_plus/219,1,127,33
acc99/semi70,mbpp_plus/220,0,221,52
acc99/semi70,mbpp_plus/221,1,126,36
acc99/semi70,mbpp_plus/222,0,105,39
acc99/semi70,mbpp_plus/223,1,129,29
acc99/semi70,mbpp_plus/224,0,227,86
acc99/semi70,mbpp_plus/225,1,201,58
acc99/semi70,mbpp_plus/226,1,185,49
acc99/semi70,mbpp_plus/227,1,75,22
acc99/semi70,mbpp_plus/228,0,302,86
acc99/semi70,mbpp_plus/229,1,218,51
acc99/semi70,mbpp_plus/230,1,162,39
acc99/semi70,mbpp_plus/231,1,186,63
acc99/semi70,mbpp_plus/232,1,74,15
acc99/semi70,mbpp_plus/233,1,111,18
acc99/semi70,mbpp_plus/234,0,265,80
acc99/semi70,mbpp_plus/235,1,127,32
acc99/semi70,mbpp_plus/236,0,180,36
acc99/semi70,mbpp_plus/237,1,109,22
acc99/semi70,mbpp_plus/238,1,144,39
acc99/semi70,mbpp_plus/239,0,294,111
acc99/semi70,mbpp_plus/240,0,192,47
acc99/semi70,mbpp_plus/241,1,116,36
acc99/semi70,mbpp_plus/242,0,131,51
acc99/semi70,mbpp_plus/243,1,165,50
acc99/semi70,mbpp_plus/244,1,142,32
acc99/semi70,mbpp_plus/245,0,118,32
acc99/semi70,mbpp_plus/246,1,97,32
acc99/semi70,mbpp_plus/247,1,100,33
acc99/semi70,mbpp_plus/248,1,178,45
acc99/semi70,mbpp_plus/249,1,113,25
acc99/semi70,mbpp_plus/250,0,167,39
acc99/semi70,mbpp_plus/251,0,303,67
acc99/semi70,mbpp_plus/252,1,86,20
acc99/semi70,mbpp_plus/253,1,17,10
acc99/semi70,mbpp_plus/254,0,201,91
acc99/semi70,mbpp_plus/255,1,113,18
acc99/semi70,mbpp_plus/256,1,79,15
acc99/semi70,mbpp_plus/257,1,183,48
acc99/semi70,mbpp_plus/258,0,169,56
acc99/semi70,mbpp_plus/259,0,180,55
acc99/semi70,mbpp_plus/260,1,184,41
acc99/semi70,mbpp_plus/261,1,159,44
acc99/semi70,mbpp_plus/262,1,949,121
acc99/semi70,mbpp_plus/263,1,102,27
acc99/semi70,mbpp_plus/264,0,250,73
acc99/semi70,mbpp_plus/265,0,217,46
acc99/semi70,mbpp_plus/266,0,89,20
acc99/semi70,mbpp_plus/267,1,128,34
acc99/semi70,mbpp_plus/268,0,150,56
acc99/semi70,mbpp_plus/269,1,197,60
acc99/semi70,mbpp_plus/270,1,142,34
acc99/semi70,mbpp_plus/271,1,118,24
acc99/semi70,mbpp_plus/272,0,570,196
acc99/semi70,mbpp_plus/273,1,216,47
acc99/semi70,mbpp_plus/274,0,190,63
acc99/semi70,mbpp_plus/275,1,128,26
acc99/semi70,mbpp_plus/276,1,153,30
acc99/semi70,mbpp_plus/277,1,473,114
acc99/semi70,mbpp_plus/278,1,187,67
acc99/semi70,mbpp_plus/279,1,95,32
acc99/semi70,mbpp_plus/280,1,359,83
acc99/semi70,mbpp_plus/281,0,157,34
acc99/semi70,mbpp_plus/282,1,111,20
acc99/semi70,mbpp_plus/283,1,177,51
acc99/semi70,mbpp_plus/284,1,143,41
acc99/semi70,mbpp_plus/285,1,151,35
acc99/semi70,mbpp_plus/286,1,39,9
acc99/semi70,mbpp_plus/287,1,133,26
acc99/semi70,mbpp_plus/288,1,188,48
acc99/semi70,mbpp_plus/289,1,106,24
acc99/semi70,mbpp_plus/290,1,203,26
acc99/semi70,mbpp_plus/291,1,427,153
acc99/semi70,mbpp_plus/292,0,216,104
acc99/semi70,mbpp_plus/293,1,144,28
acc99/semi70,mbpp_plus/294,1,321,77
acc99/semi70,mbpp_plus/295,1,534,143
acc99/semi70,mbpp_plus/296,0,241,64
acc99/semi70,mbpp_plus/297,0,271,71
acc99/semi70,mbpp_plus/298,1,43,22
acc99/semi70,mbpp_plus/299,1,168,58
acc99/semi70,mbpp_plus/300,1,149,51
acc99/semi70,mbpp_plus/301,0,90,24
acc99/semi70,mbpp_plus/302,1,241,62
acc99/semi70,mbpp_plus/303,0,164,52
acc99/semi70,mbpp_plus/304,1,81,42
acc99/semi70,mbpp_plus/305,1,125,22
acc99/semi70,mbpp_plus/306,1,83,26
acc99/semi70,mbpp_plus/307,1,230,49
acc99/semi70,mbpp_plus/308,0,265,57
acc99/semi70,mbpp_plus/309,1,127,35
acc99/semi70,mbpp_plus/310,0,122,31
acc99/semi70,mbpp_plus/311,0,406,81
acc99/semi70,mbpp_plus/312,0,167,46
acc99/semi70,mbpp_plus/313,1,139,50
acc99/semi70,mbpp_plus/314,0,232,69
acc99/semi70,mbpp_plus/315,0,105,33
acc99/semi70,mbpp_plus/316,1,144,44
acc99/semi70,mbpp_plus/317,1,219,56
acc99/semi70,mbpp_plus/318,1,92,17
acc99/semi70,mbpp_plus/319,0,119,59
acc99/semi70,mbpp_plus/320,1,117,22
acc99/semi70,mbpp_plus/321,1,171,36
acc99/semi70,mbpp_plus/322,0,147,48
acc99/semi70,mbpp_plus/323,1,243,89
acc99/semi70,mbpp_plus/324,1,149,54
acc99/semi70,mbpp_plus/325,0,257,50
acc99/semi70,mbpp_plus/326,1,143,32
acc99/semi70,mbpp_plus/327,1,128,26
acc99/semi70,mbpp_plus/328,1,139,49
acc99/semi70,mbpp_plus/329,0,178,26
acc99/semi70,mbpp_plus/330,0,185,49
acc99/semi70,mbpp_plus/331,0,166,74
acc99/semi70,mbpp_plus/332,1,131,41
acc99/semi70,mbpp_plus/333,1,192,56
acc99/semi70,mbpp_plus/334,0,185,47
acc99/semi70,mbpp_plus/335,1,116,50
acc99/semi70,mbpp_plus/336,1,147,30
acc99/semi70,mbpp_plus/337,1,103,32
acc99/semi70,mbpp_plus/338,1,85,46
acc99/semi70,mbpp_plus/339,1,80,20
acc99/semi70,mbpp_plus/340,0,133,35
acc99/semi70,mbpp_plus/341,1,96,31
acc99/semi70,mbpp_plus/342,0,71,29
acc99/semi70,mbpp_plus/343,1,194,35
acc99/semi70,mbpp_plus/344,1,120,42
acc99/semi70,mbpp_plus/345,1,74,18
acc99/semi70,mbpp_plus/346,1,159,36
acc99/semi70,mbpp_plus/347,1,17,8
acc99/semi70,mbpp_plus/348,0,174,68
acc99/semi70,mbpp_plus/349,1,158,29
acc99/semi70,mbpp_plus/350,1,158,52
acc99/semi70,mbpp_plus/351,1,26,7
acc99/semi70,mbpp_plus/352,0,122,32
acc99/semi70,mbpp_plus/353,1,159,38
acc99/semi70,mbpp_plus/354,1,130,29
acc99/semi70,mbpp_plus/355,0,98,43
acc99/semi70,mbpp_plus/356,0,173,27
acc99/semi70,mbpp_plus/357,1,118,26
acc99/semi70,mbpp_plus/358,0,84,28
acc99/semi70,mbpp_plus/359,1,173,51
acc99/semi70,mbpp_plus/360,1,85,18
acc99/semi70,mbpp_plus/361,1,238,55
acc99/semi70,mbpp_plus/362,1,83,20
acc99/semi70,mbpp_plus/363,1,134,36
acc99/semi70,mbpp_plus/364,0,155,45
acc99/semi70,mbpp_plus/365,1,116,23
acc99/semi70,mbpp_plus/366,1,18,9
acc99/semi70,mbpp_plus/367,1,182,60
acc99/semi70,mbpp_plus/368,1,40,10
acc99/semi70,mbpp_plus/369,1,148,28
acc99/semi70,mbpp_plus/370,0,213,82
acc99/semi70,mbpp_plus/371,1,23,7
acc99/semi70,mbpp_plus/372,1,140,30
acc99/semi70,mbpp_plus/373,1,106,28
acc99/semi70,mbpp_plus/374,1,355,61
acc99/semi70,mbpp_plus/375,1,151,41
acc99/semi70,mbpp_plus/376,1,134,46
acc99/semi70,mbpp_plus/377,0,158,35
acc99/semi90,humaneval_plus/0,1,207,41
acc99/semi90,humaneval_plus/1,1,239,58
acc99/semi90,humaneval_plus/2,1,286,79
acc99/semi90,humaneval_plus/3,1,213,45
acc99/semi90,humaneval_plus/4,1,152,41
acc99/semi90,humaneval_plus/5,1,267,96
acc99/semi90,humaneval_plus/6,1,256,56
acc99/semi90,humaneval_plus/7,1,259,57
acc99/semi90,humaneval_plus/8,1,494,82
acc99/semi90,humaneval_plus/9,1,260,45
acc99/semi90,humaneval_plus/10,1,347,40
acc99/semi90,humaneval_plus/11,1,290,80
acc99/semi90,humaneval_plus/12,1,241,105
acc99/semi90,humaneval_plus/13,1,210,56
acc99/semi90,humaneval_plus/14,1,266,87
acc99/semi90,humaneval_plus/15,1,311,48
acc99/semi90,humaneval_plus/16,1,277,74
acc99/semi90,humaneval_plus/17,0,298,90
acc99/semi90,humaneval_plus/18,1,161,33
acc99/semi90,humaneval_plus/19,1,371,97
acc99/semi90,humaneval_plus/20,1,591,308
acc99/semi90,humaneval_plus/21,1,290,49
acc99/semi90,humaneval_plus/22,1,268,60
acc99/semi90,humaneval_plus/23,1,318,66
acc99/semi90,humaneval_plus/24,1,164,31
acc99/semi90,humaneval_plus/25,0,299,42
acc99/semi90,humaneval_plus/26,1,177,40
acc99/semi90,humaneval_plus/27,1,183,37
acc99/semi90,humaneval_plus/28,1,369,78
acc99/semi90,humaneval_plus/29,0,419,116
acc99/semi90,humaneval_plus/30,0,281,92
acc99/semi90,humaneval_plus/31,1,382,69
acc99/semi90,humaneval_plus/32,0,338,94
acc99/semi90,humaneval_plus/33,1,253,68
acc99/semi90,humaneval_plus/34,0,560,258
acc99/semi90,humaneval_plus/35,1,129,17
acc99/semi90,humaneval_plus/36,0,752,123
acc99/semi90,humaneval_plus/37,1,189,60
acc99/semi90,humaneval_plus/38,0,601,240
acc99/semi90,humaneval_plus/39,1,225,49
acc99/semi90,humaneval_plus/40,0,270,77
acc99/semi90,humaneval_plus/41,0,188,49
acc99/semi90,humaneval_plus/42,1,282,56
acc99/semi90,humaneval_plus/43,0,240,46
acc99/semi90,humaneval_plus/44,1,221,94
acc99/semi90,humaneval_plus/45,1,186,40
acc99/semi90,humaneval_plus/46,1,97,15
acc99/semi90,humaneval_plus/47,0,193,51
acc99/semi90,humaneval_plus/48,1,450,108
acc99/semi90,humaneval_plus/49,1,263,64
acc99/semi90,humaneval_plus/50,1,307,58
acc99/semi90,humaneval_plus/51,1,254,91
acc99/semi90,humaneval_plus/52,0,231,88
acc99/semi90,humaneval_plus/53,1,298,67
acc99/semi90,humaneval_plus/54,1,300,43
acc99/semi90,humaneval_plus/55,1,345,92
acc99/semi90,humaneval_plus/56,1,270,43
acc99/semi90,humaneval_plus/57,1,92,13
acc99/semi90,humaneval_plus/58,1,205,27
acc99/semi90,humaneval_plus/59,1,211,32
acc99/semi90,humaneval_plus/60,1,109,29
acc99/semi90,humaneval_plus/61,1,212,60
acc99/semi90,humaneval_plus/62,1,289,80
acc99/semi90,humaneval_plus/63,1,205,40
acc99/semi90,humaneval_plus/64,0,326,53
acc99/semi90,humaneval_plus/65,1,204,53
acc99/semi90,humaneval_plus/66,1,218,57
acc99/semi90,humaneval_plus/67,1,389,74
acc99/semi90,humaneval_plus/68,1,158,34
acc99/semi90,humaneval_plus/69,0,210,62
acc99/semi90,humaneval_plus/70,1,262,57
acc99/semi90,humaneval_plus/71,1,136,22
acc99/semi90,humaneval_plus/72,0,200,40
acc99/semi90,humaneval_plus/73,1,257,41
acc99/semi90,humaneval_plus/74,1,166,45
acc99/semi90,humaneval_plus/75,0,238,66
acc99/semi90,humaneval_plus/76,1,97,16
acc99/semi90,humaneval_plus/77,1,308,56
acc99/semi90,humaneval_plus/78,0,272,66
acc99/semi90,humaneval_plus/79,1,122,21
acc99/semi90,humaneval_plus/80,1,58,13
acc99/semi90,humaneval_plus/81,1,131,33
acc99/semi90,humaneval_plus/82,1,226,31
acc99/semi90,humaneval_plus/83,1,176,26
acc99/semi90,humaneval_plus/84,1,105,12
acc99/semi90,humaneval_plus/85,1,76,10
acc99/semi90,humaneval_plus/86,1,111,11
acc99/semi90,humaneval_plus/87,1,159,21
acc99/semi90,humaneval_plus/88,1,142,13
acc99/semi90,humaneval_plus/89,1,249,27
acc99/semi90,humaneval_plus/90,0,761,256
acc99/semi90,humaneval_plus/91,1,282,51
acc99/semi90,humaneval_plus/92,1,87,13
acc99/semi90,humaneval_plus/93,1,140,24
acc99/semi90,humaneval_plus/94,1,157,32
acc99/semi90,humaneval_plus/95,1,247,49
acc99/semi90,humaneval_plus/96,1,285,38
acc99/semi90,humaneval_plus/97,1,263,39
acc99/semi90,humaneval_plus/98,1,221,39
acc99/semi90,humaneval_plus/99,0,3856,464
acc99/semi90,humaneval_plus/100,1,201,82
acc99/semi90,humaneval_plus/101,1,133,9
acc99/semi90,humaneval_plus/102,1,254,48
acc99/semi90,humaneval_plus/103,1,166,28
acc99/semi90,humaneval_plus/104,1,60,11
acc99/semi90,humaneval_plus/105,1,387,79
acc99/semi90,humaneval_plus/106,0,209,30
acc99/semi90,humaneval_plus/107,1,109,12
acc99/semi90,humaneval_plus/108,0,208,34
acc99/semi90,humaneval_plus/109,1,160,25
acc99/semi90,humaneval_plus/110,1,137,20
acc99/semi90,humaneval_plus/111,1,179,19
acc99/semi90,humaneval_plus/112,1,110,10
acc99/semi90,humaneval_plus/113,1,63,7
acc99/semi90,humaneval_plus/114,0,155,17
acc99/semi90,humaneval_plus/115,1,130,19
acc99/semi90,humaneval_plus/116,1,186,37
acc99/semi90,humaneval_plus/117,1,193,30
acc99/semi90,humaneval_plus/118,1,200,41
acc99/semi90,humaneval_plus/119,1,212,20
acc99/semi90,humaneval_plus/120,0,225,35
acc99/semi90,humaneval_plus/121,1,125,12
acc99/semi90,humaneval_plus/122,1,184,36
acc99/semi90,humaneval_plus/123,1,168,25
acc99/semi90,humaneval_plus/124,1,260,54
acc99/semi90,humaneval_plus/125,1,201,53
acc99/semi90,humaneval_plus/126,1,198,59
acc99/semi90,humaneval_plus/127,1,156,22
acc99/semi90,humaneval_plus/128,1,277,93
acc99/semi90,humaneval_plus/129,1,423,81
acc99/semi90,humaneval_plus/130,1,264,50
acc99/semi90,humaneval_plus/131,1,116,14
acc99/semi90,humaneval_plus/132,1,273,50
acc99/semi90,humaneval_plus/133,1,292,66
acc99/semi90,humaneval_plus/134,1,166,76
acc99/semi90,humaneval_plus/135,1,155,35
acc99/semi90,humaneval_plus/136,1,303,48
acc99/semi90,humaneval_plus/137,0,286,73
acc99/semi90,humaneval_plus/138,0,260,93
acc99/semi90,humaneval_plus/139,1,280,91
acc99/semi90,humaneval_plus/140,1,177,64
acc99/semi90,humaneval_plus/141,1,130,51
acc99/semi90,humaneval_plus/142,1,181,21
acc99/semi90,humaneval_plus/143,0,220,40
acc99/semi90,humaneval_plus/144,0,733,100
acc99/semi90,humaneval_plus/145,1,179,34
acc99/semi90,humaneval_plus/146,0,286,120
acc99/semi90,humaneval_plus/147,0,228,51
acc99/semi90,humaneval_plus/148,1,134,36
acc99/semi90,humaneval_plus/149,1,229,59
acc99/semi90,humaneval_plus/150,0,100,31
acc99/semi90,humaneval_plus/151,1,358,73
acc99/semi90,humaneval_plus/152,0,263,77
acc99/semi90,humaneval_plus/153,1,169,28
acc99/semi90,humaneval_plus/154,1,231,38
acc99/semi90,humaneval_plus/155,0,252,70
acc99/semi90,humaneval_plus/156,1,226,32
acc99/semi90,humaneval_plus/157,0,277,93
acc99/semi90,humaneval_plus/158,1,177,26
acc99/semi90,humaneval_plus/159,1,297,54
acc99/semi90,humaneval_plus/160,0,313,48
acc99/semi90,humaneval_plus/161,1,186,26
acc99/semi90,humaneval_plus/162,0,145,38
acc99/semi90,humaneval_plus/163,0,316,86
acc99/semi90,mbpp_plus/0,1,140,47
acc99/semi90,mbpp_plus/1,1,89,29
acc99/semi90,mbpp_plus/2,0,135,49
acc99/semi90,mbpp_plus/3,1,423,141
acc99/semi90,mbpp_plus/4,1,104,28
acc99/semi90,mbpp_plus/5,1,70,20
acc99/semi90,mbpp_plus/6,1,82,32
acc99/semi90,mbpp_plus/7,1,118,30
acc99/semi90,mbpp_plus/8,0,219,87
acc99/semi90,mbpp_plus/9,0,208,62
acc99/semi90,mbpp_plus/10,0,140,44
acc99/semi90,mbpp_plus/11,0,102,19
acc99/semi90,mbpp_plus/12,1,128,45
acc99/semi90,mbpp_plus/13,1,75,22
acc99/semi90,mbpp_plus/14,0,310,91
acc99/semi90,mbpp_plus/15,1,85,31
acc99/semi90,mbpp_plus/16,0,247,85
acc99/semi90,mbpp_plus/17,0,385,160
acc99/semi90,mbpp_plus/18,0,100,24
acc99/semi90,mbpp_plus/19,1,205,64
acc99/semi90,mbpp_plus/20,1,198,58
acc99/semi90,mbpp_plus/21,1,19,4
acc99/semi90,mbpp_plus/22,1,160,53
acc99/semi90,mbpp_plus/23,1,355,83
acc99/semi90,mbpp_plus/24,1,153,34
acc99/semi90,mbpp_plus/25,1,286,59
acc99/semi90,mbpp_plus/26,1,122,31
acc99/semi90,mbpp_plus/27,1,147,21
acc99/semi90,mbpp_plus/28,1,125,45
acc99/semi90,mbpp_plus/29,0,164,36
acc99/semi90,mbpp_plus/30,0,221,78
acc99/semi90,mbpp_plus/31,1,79,9
acc99/semi90,mbpp_plus/32,0,144,57
acc99/semi90,mbpp_plus/33,1,109,36
acc99/semi90,mbpp_plus/34,1,316,104
acc99/semi90,mbpp_plus/35,1,163,52
acc99/semi90,mbpp_plus/36,0,111,37
acc99/semi90,mbpp_plus/37,0,191,86
acc99/semi90,mbpp_plus/38,0,277,85
acc99/semi90,mbpp_plus/39,0,224,57
acc99/semi90,mbpp_plus/40,1,175,59
acc99/semi90,mbpp_plus/41,1,231,79
acc99/semi90,mbpp_plus/42,1,313,74
acc99/semi90,mbpp_plus/43,0,110,33
acc99/semi90,mbpp_plus/44,1,78,23
acc99/semi90,mbpp_plus/45,1,82,16
acc99/semi90,mbpp_plus/46,1,161,55
acc99/semi90,mbpp_plus/47,1,84,21
acc99/semi90,mbpp_plus/48,1,173,55
acc99/semi90,mbpp_plus/49,0,175,65
acc99/semi90,mbpp_plus/50,1,126,47
acc99/semi90,mbpp_plus/51,0,181,60
acc99/semi90,mbpp_plus/52,1,188,70
acc99/semi90,mbpp_plus/53,1,157,37
acc99/semi90,mbpp_plus/54,0,383,82
acc99/semi90,mbpp_plus/55,1,142,46
acc99/semi90,mbpp_plus/56,1,107,41
acc99/semi90,mbpp_plus/57,1,27,8
acc99/semi90,mbpp_plus/58,1,109,31
acc99/semi90,mbpp_plus/59,0,109,48
acc99/semi90,mbpp_plus/60,1,96,16
acc99/semi90,mbpp_plus/61,1,101,23
acc99/semi90,mbpp_plus/62,0,218,100
acc99/semi90,mbpp_plus/63,0,136,41
acc99/semi90,mbpp_plus/64,1,156,53
acc99/semi90,mbpp_plus/65,0,333,152
acc99/semi90,mbpp_plus/66,1,173,71
acc99/semi90,mbpp_plus/67,1,88,22
acc99/semi90,mbpp_plus/68,0,159,47
acc99/semi90,mbpp_plus/69,1,441,108
acc99/semi90,mbpp_plus/70,1,321,48
acc99/semi90,mbpp_plus/71,1,91,29
acc99/semi90,mbpp_plus/72,1,103,25
acc99/semi90,mbpp_plus/73,0,129,50
acc99/semi90,mbpp_plus/74,1,125,23
acc99/semi90,mbpp_plus/75,0,88,30
acc99/semi90,mbpp_plus/76,1,243,65
acc99/semi90,mbpp_plus/77,0,21,7
acc99/semi90,mbpp_plus/78,1,170,67
acc99/semi90,mbpp_plus/79,0,633,161
acc99/semi90,mbpp_plus/80,1,111,43
acc99/semi90,mbpp_plus/81,1,114,32
acc99/semi90,mbpp_plus/82,0,201,85
acc99/semi90,mbpp_plus/83,1,158,51
acc99/semi90,mbpp_plus/84,1,105,38
acc99/semi90,mbpp_plus/85,0,149,53
acc99/semi90,mbpp_plus/86,1,130,52
acc99/semi90,mbpp_plus/87,1,22,10
acc99/semi90,mbpp_plus/88,1,175,39
acc99/semi90,mbpp_plus/89,1,146,40
acc99/semi90,mbpp_plus/90,1,85,25
acc99/semi90,mbpp_plus/91,0,100,40
acc99/semi90,mbpp_plus/92,1,184,62
acc99/semi90,mbpp_plus/93,1,98,19
acc99/semi90,mbpp_plus/94,1,104,25
acc99/semi90,mbpp_plus/95,0,127,48
acc99/semi90,mbpp_plus/96,1,126,36
acc99/semi90,mbpp_plus/97,1,114,43
acc99/semi90,mbpp_plus/98,1,125,41
acc99/semi90,mbpp_plus/99,1,128,33
acc99/semi90,mbpp_plus/100,1,194,58
acc99/semi90,mbpp_plus/101,1,107,25
acc99/semi90,mbpp_plus/102,0,155,53
acc99/semi90,mbpp_plus/103,0,612,244
acc99/semi90,mbpp_plus/104,0,132,41
acc99/semi90,mbpp_plus/105,0,96,25
acc99/semi90,mbpp_plus/106,1,23,8
acc99/semi90,mbpp_plus/107,1,103,30
acc99/semi90,mbpp_plus/108,0,172,66
acc99/semi90,mbpp_plus/109,1,189,52
acc99/semi90,mbpp_plus/110,1,148,35
acc99/semi90,mbpp_plus/111,1,206,63
acc99/semi90,mbpp_plus/112,0,213,60
acc99/semi90,mbpp_plus/113,0,221,98
acc99/semi90,mbpp_plus/114,1,153,55
acc99/semi90,mbpp_plus/115,0,156,73
acc99/semi90,mbpp_plus/116,0,3900,790
acc99/semi90,mbpp_plus/117,1,170,43
acc99/semi90,mbpp_plus/118,1,98,23
acc99/semi90,mbpp_plus/119,0,71,14
acc99/semi90,mbpp_plus/120,0,185,74
acc99/semi90,mbpp_plus/121,0,155,39
acc99/semi90,mbpp_plus/122,1,140,40
acc99/semi90,mbpp_plus/123,1,257,57
acc99/semi90,mbpp_plus/124,0,107,37
acc99/semi90,mbpp_plus/125,0,148,57
acc99/semi90,mbpp_plus/126,0,260,91
acc99/semi90,mbpp_plus/127,1,105,48
acc99/semi90,mbpp_plus/128,1,176,27
acc99/semi90,mbpp_plus/129,1,123,41
acc99/semi90,mbpp_plus/130,0,172,46
acc99/semi90,mbpp_plus/131,1,97,22
acc99/semi90,mbpp_plus/132,0,22,14
acc99/semi90,mbpp_plus/133,1,90,23
acc99/semi90,mbpp_plus/134,1,77,23
acc99/semi90,mbpp_plus/135,1,170,52
acc99/semi90,mbpp_plus/136,0,141,51
acc99/semi90,mbpp_plus/137,1,77,26
acc99/semi90,mbpp_plus/138,0,94,42
acc99/semi90,mbpp_plus/139,1,161,47
acc99/semi90,mbpp_plus/140,0,178,33
acc99/semi90,mbpp_plus/141,1,39,13
acc99/semi90,mbpp_plus/142,0,237,54
acc99/semi90,mbpp_plus/143,1,131,47
acc99/semi90,mbpp_plus/144,1,84,35
acc99/semi90,mbpp_plus/145,1,169,38
acc99/semi90,mbpp_plus/146,1,110,37
acc99/semi90,mbpp_plus/147,1,106,26
acc99/semi90,mbpp_plus/148,1,139,32
acc99/semi90,mbpp_plus/149,1,126,38
acc99/semi90,mbpp_plus/150,1,296,98
acc99/semi90,mbpp_plus/151,1,110,47
acc99/semi90,mbpp_plus/152,0,198,73
acc99/semi90,mbpp_plus/153,1,175,77
acc99/semi90,mbpp_plus/154,1,103,21
acc99/semi90,mbpp_plus/155,1,116,37
acc99/semi90,mbpp_plus/156,1,107,27
acc99/semi90,mbpp_plus/157,0,91,38
acc99/semi90,mbpp_plus/158,1,139,38
acc99/semi90,mbpp_plus/159,1,299,163
acc99/semi90,mbpp_plus/160,0,116,38
acc99/semi90,mbpp_plus/161,0,149,50
acc99/semi90,mbpp_plus/162,1,117,43
acc99/semi90,mbpp_plus/163,1,166,27
acc99/semi90,mbpp_plus/164,0,310,85
acc99/semi90,mbpp_plus/165,1,102,40
acc99/semi90,mbpp_plus/166,1,75,24
acc99/semi90,mbpp_plus/167,1,213,58
acc99/semi90,mbpp_plus/168,1,97,44
acc99/semi90,mbpp_plus/169,1,167,35
acc99/semi90,mbpp_plus/170,1,132,20
acc99/semi90,mbpp_plus/171,1,143,35
acc99/semi90,mbpp_plus/172,1,110,22
acc99/semi90,mbpp_plus/173,0,158,52
acc99/semi90,mbpp_plus/174,1,107,30
acc99/semi90,mbpp_plus/175,0,140,45
acc99/semi90,mbpp_plus/176,1,228,74
acc99/semi90,mbpp_plus/177,1,86,25
acc99/semi90,mbpp_plus/178,0,263,73
acc99/semi90,mbpp_plus/179,1,128,31
acc99/semi90,mbpp_plus/180,1,97,27
acc99/semi90,mbpp_plus/181,0,170,46
acc99/semi90,mbpp_plus/182,0,136,46
acc99/semi90,mbpp_plus/183,1,126,34
acc99/semi90,mbpp_plus/184,1,85,24
acc99/semi90,mbpp_plus/185,1,194,46
acc99/semi90,mbpp_plus/186,1,17,10
acc99/semi90,mbpp_plus/187,1,89,30
acc99/semi90,mbpp_plus/188,1,116,42
acc99/semi90,mbpp_plus/189,1,86,23
acc99/semi90,mbpp_plus/190,0,202,67
acc99/semi90,mbpp_plus/191,1,177,51
acc99/semi90,mbpp_plus/192,1,87,27
acc99/semi90,mbpp_plus/193,0,213,61
acc99/semi90,mbpp_plus/194,0,185,56
acc99/semi90,mbpp_plus/195,1,116,37
acc99/semi90,mbpp_plus/196,1,139,52
acc99/semi90,mbpp_plus/197,1,123,32
acc99/semi90,mbpp_plus/198,1,130,41
acc99/semi90,mbpp_plus/199,1,120,28
acc99/semi90,mbpp_plus/200,1,16,10
acc99/semi90,mbpp_plus/201,1,111,28
acc99/semi90,mbpp_plus/202,1,147,30
acc99/semi90,mbpp_plus/203,1,27,8
acc99/semi90,mbpp_plus/204,1,108,33
acc99/semi90,mbpp_plus/205,1,140,40
acc99/semi90,mbpp_plus/206,1,152,47
acc99/semi90,mbpp_plus/207,1,166,35
acc99/semi90,mbpp_plus/208,0,205,76
acc99/semi90,mbpp_plus/209,0,183,64
acc99/semi90,mbpp_plus/210,1,139,36
acc99/semi90,mbpp_plus/211,0,166,54
acc99/semi90,mbpp_plus/212,1,95,27
acc99/semi90,mbpp_plus/213,1,158,77
acc99/semi90,mbpp_plus/214,0,300,128
acc99/semi90,mbpp_plus/215,1,255,74
acc99/semi90,mbpp_plus/216,1,130,45
acc99/semi90,mbpp_plus/217,1,155,52
acc99/semi90,mbpp_plus/218,1,66,21
acc99/semi90,mbpp_plus/219,1,123,36
acc99/semi90,mbpp_plus/220,0,216,58
acc99/semi90,mbpp_plus/221,1,126,41
acc99/semi90,mbpp_plus/222,0,108,38
acc99/semi90,mbpp_plus/223,1,129,28
acc99/semi90,mbpp_plus/224,0,214,90
acc99/semi90,mbpp_plus/225,1,222,75
acc99/semi90,mbpp_plus/226,1,187,51
acc99/semi90,mbpp_plus/227,1,75,23
acc99/semi90,mbpp_plus/228,0,238,97
acc99/semi90,mbpp_plus/229,1,218,60
acc99/semi90,mbpp_plus/230,1,166,46
acc99/semi90,mbpp_plus/231,1,209,76
acc99/semi90,mbpp_plus/232,1,75,18
acc99/semi90,mbpp_plus/233,1,113,22
acc99/semi90,mbpp_plus/234,0,258,144
acc99/semi90,mbpp_plus/235,1,126,33
acc99/semi90,mbpp_plus/236,1,162,32
acc99/semi90,mbpp_plus/237,1,109,22
acc99/semi90,mbpp_plus/238,1,148,43
acc99/semi90,mbpp_plus/239,0,302,154
acc99/semi90,mbpp_plus/240,0,184,46
acc99/semi90,mbpp_plus/241,1,117,38
acc99/semi90,mbpp_plus/242,1,141,61
acc99/semi90,mbpp_plus/243,1,163,59
acc99/semi90,mbpp_plus/244,1,143,40
acc99/semi90,mbpp_plus/245,0,119,34
acc99/semi90,mbpp_plus/246,1,98,36
acc99/semi90,mbpp_plus/247,1,100,32
acc99/semi90,mbpp_plus/248,1,178,47
acc99/semi90,mbpp_plus/249,1,81,25
acc99/semi90,mbpp_plus/250,0,167,43
acc99/semi90,mbpp_plus/251,0,308,74
acc99/semi90,mbpp_plus/252,1,88,18
acc99/semi90,mbpp_plus/253,1,17,10
acc99/semi90,mbpp_plus/254,1,235,117
acc99/semi90,mbpp_plus/255,1,113,18
acc99/semi90,mbpp_plus/256,1,79,17
acc99/semi90,mbpp_plus/257,1,170,52
acc99/semi90,mbpp_plus/258,0,169,61
acc99/semi90,mbpp_plus/259,0,184,68
acc99/semi90,mbpp_plus/260,1,187,56
acc99/semi90,mbpp_plus/261,1,159,44
acc99/semi90,mbpp_plus/262,1,469,87
acc99/semi90,mbpp_plus/263,1,102,30
acc99/semi90,mbpp_plus/264,0,288,112
acc99/semi90,mbpp_plus/265,0,103,37
acc99/semi90,mbpp_plus/266,1,94,20
acc99/semi90,mbpp_plus/267,1,128,42
acc99/semi90,mbpp_plus/268,1,166,62
acc99/semi90,mbpp_plus/269,0,197,63
acc99/semi90,mbpp_plus/270,1,146,43
acc99/semi90,mbpp_plus/271,1,118,25
acc99/semi90,mbpp_plus/272,0,576,298
acc99/semi90,mbpp_plus/273,1,206,50
acc99/semi90,mbpp_plus/274,1,221,68
acc99/semi90,mbpp_plus/275,1,128,28
acc99/semi90,mbpp_plus/276,1,152,44
acc99/semi90,mbpp_plus/277,1,242,83
acc99/semi90,mbpp_plus/278,1,175,71
acc99/semi90,mbpp_plus/279,1,95,39
acc99/semi90,mbpp_plus/280,1,378,94
acc99/semi90,mbpp_plus/281,0,151,42
acc99/semi90,mbpp_plus/282,1,181,32
acc99/semi90,mbpp_plus/283,1,137,48
acc99/semi90,mbpp_plus/284,1,142,39
acc99/semi90,mbpp_plus/285,1,151,36
acc99/semi90,mbpp_plus/286,1,103,35
acc99/semi90,mbpp_plus/287,1,133,28
acc99/semi90,mbpp_plus/288,1,187,48
acc99/semi90,mbpp_plus/289,1,106,28
acc99/semi90,mbpp_plus/290,1,202,27
acc99/semi90,mbpp_plus/291,0,304,92
acc99/semi90,mbpp_plus/292,0,261,145
acc99/semi90,mbpp_plus/293,1,143,38
acc99/semi90,mbpp_plus/294,1,145,62
acc99/semi90,mbpp_plus/295,0,405,166
acc99/semi90,mbpp_plus/296,1,186,63
acc99/semi90,mbpp_plus/297,0,118,49
acc99/semi90,mbpp_plus/298,1,115,32
acc99/semi90,mbpp_plus/299,1,213,74
acc99/semi90,mbpp_plus/300,1,149,58
acc99/semi90,mbpp_plus/301,1,198,53
acc99/semi90,mbpp_plus/302,1,251,68
acc99/semi90,mbpp_plus/303,1,166,71
acc99/semi90,mbpp_plus/304,0,82,37
acc99/semi90,mbpp_plus/305,1,128,24
acc99/semi90,mbpp_plus/306,1,82,29
acc99/semi90,mbpp_plus/307,1,211,45
acc99/semi90,mbpp_plus/308,0,265,62
acc99/semi90,mbpp_plus/309,1,129,40
acc99/semi90,mbpp_plus/310,1,145,35
acc99/semi90,mbpp_plus/311,0,176,42
acc99/semi90,mbpp_plus/312,0,168,51
acc99/semi90,mbpp_plus/313,1,162,63
acc99/semi90,mbpp_plus/314,0,240,84
acc99/semi90,mbpp_plus/315,0,105,34
acc99/semi90,mbpp_plus/316,1,146,46
acc99/semi90,mbpp_plus/317,1,219,59
acc99/semi90,mbpp_plus/318,1,92,18
acc99/semi90,mbpp_plus/319,1,256,95
acc99/semi90,mbpp_plus/320,1,117,24
acc99/semi90,mbpp_plus/321,1,171,48
acc99/semi90,mbpp_plus/322,0,143,47
acc99/semi90,mbpp_plus/323,1,495,117
acc99/semi90,mbpp_plus/324,1,151,56
acc99/semi90,mbpp_plus/325,0,275,56
acc99/semi90,mbpp_plus/326,1,143,35
acc99/semi90,mbpp_plus/327,1,128,33
acc99/semi90,mbpp_plus/328,1,133,37
acc99/semi90,mbpp_plus/329,0,181,34
acc99/semi90,mbpp_plus/330,1,200,46
acc99/semi90,mbpp_plus/331,0,204,85
acc99/semi90,mbpp_plus/332,1,172,49
acc99/semi90,mbpp_plus/333,1,194,66
acc99/semi90,mbpp_plus/334,1,185,56
acc99/semi90,mbpp_plus/335,1,114,59
acc99/semi90,mbpp_plus/336,1,148,34
acc99/semi90,mbpp_plus/337,1,103,36
acc99/semi90,mbpp_plus/338,1,85,47
acc99/semi90,mbpp_plus/339,1,80,21
acc99/semi90,mbpp_plus/340,0,133,38
acc99/semi90,mbpp_plus/341,1,96,33
acc99/semi90,mbpp_plus/342,0,71,32
acc99/semi90,mbpp_plus/343,1,198,42
acc99/semi90,mbpp_plus/344,1,120,52
acc99/semi90,mbpp_plus/345,1,74,17
acc99/semi90,mbpp_plus/346,1,159,35
acc99/semi90,mbpp_plus/347,1,17,8
acc99/semi90,mbpp_plus/348,0,520,311
acc99/semi90,mbpp_plus/349,1,158,28
acc99/semi90,mbpp_plus/350,1,162,58
acc99/semi90,mbpp_plus/351,1,26,8
acc99/semi90,mbpp_plus/352,0,120,31
acc99/semi90,mbpp_plus/353,1,163,34
acc99/semi90,mbpp_plus/354,1,121,39
acc99/semi90,mbpp_plus/355,1,97,27
acc99/semi90,mbpp_plus/356,0,173,27
acc99/semi90,mbpp_plus/357,1,118,28
acc99/semi90,mbpp_plus/358,1,85,29
acc99/semi90,mbpp_plus/359,1,173,52
acc99/semi90,mbpp_plus/360,1,85,18
acc99/semi90,mbpp_plus/361,1,252,63
acc99/semi90,mbpp_plus/362,1,83,20
acc99/semi90,mbpp_plus/363,1,133,36
acc99/semi90,mbpp_plus/364,0,146,40
acc99/semi90,mbpp_plus/365,1,116,26
acc99/semi90,mbpp_plus/366,1,18,9
acc99/semi90,mbpp_plus/367,0,177,65
acc99/semi90,mbpp_plus/368,1,40,12
acc99/semi90,mbpp_plus/369,1,148,27
acc99/semi90,mbpp_plus/370,0,274,112
acc99/semi90,mbpp_plus/371,1,23,19
acc99/semi90,mbpp_plus/372,1,140,32
acc99/semi90,mbpp_plus/373,1,109,32
acc99/semi90,mbpp_plus/374,1,135,32
acc99/semi90,mbpp_plus/375,1,148,39
acc99/semi90,mbpp_plus/376,1,132,53
acc99/semi90,mbpp_plus/377,0,135,35
