config,prompt,correct,tokens,forwards
acc85/semi70,gsm8k/0,1,177,30
acc85/semi70,gsm8k/1,1,259,59
acc85/semi70,gsm8k/2,1,736,93
acc85/semi70,gsm8k/3,1,177,21
acc85/semi70,gsm8k/4,1,262,46
acc85/semi70,gsm8k/5,1,172,20
acc85/semi70,gsm8k/6,1,140,14
acc85/semi70,gsm8k/7,1,229,36
acc85/semi70,gsm8k/8,1,430,72
acc85/semi70,gsm8k/9,0,212,36
acc85/semi70,gsm8k/10,0,418,70
acc85/semi70,gsm8k/11,1,432,65
acc85/semi70,gsm8k/12,1,147,17
acc85/semi70,gsm8k/13,1,324,29
acc85/semi70,gsm8k/14,1,377,59
acc85/semi70,gsm8k/15,1,188,32
acc85/semi70,gsm8k/16,1,220,22
acc85/semi70,gsm8k/17,1,140,13
acc85/semi70,gsm8k/18,1,173,31
acc85/semi70,gsm8k/19,1,230,21
acc85/semi70,gsm8k/20,1,220,24
acc85/semi70,gsm8k/21,1,251,31
acc85/semi70,gsm8k/22,1,298,38
acc85/semi70,gsm8k/23,1,317,58
acc85/semi70,gsm8k/24,1,190,25
acc85/semi70,gsm8k/25,0,278,34
acc85/semi70,gsm8k/26,1,229,39
acc85/semi70,gsm8k/27,1,199,43
acc85/semi70,gsm8k/28,1,226,38
acc85/semi70,gsm8k/29,1,210,30
acc85/semi70,gsm8k/30,1,187,30
acc85/semi70,gsm8k/31,1,342,56
acc85/semi70,gsm8k/32,1,106,19
acc85/semi70,gsm8k/33,1,255,32
acc85/semi70,gsm8k/34,1,332,51
acc85/semi70,gsm8k/35,1,200,27
acc85/semi70,gsm8k/36,1,230,31
acc85/semi70,gsm8k/37,1,173,28
acc85/semi70,gsm8k/38,0,391,82
acc85/semi70,gsm8k/39,1,290,37
acc85/semi70,gsm8k/40,1,271,45
acc85/semi70,gsm8k/41,1,271,31
acc85/semi70,gsm8k/42,1,346,41
acc85/semi70,gsm8k/43,1,212,25
acc85/semi70,gsm8k/44,1,286,45
acc85/semi70,gsm8k/45,1,131,21
acc85/semi70,gsm8k/46,1,229,38
acc85/semi70,gsm8k/47,1,135,20
acc85/semi70,gsm8k/48,1,166,32
acc85/semi70,gsm8k/49,1,417,83
acc85/semi70,gsm8k/50,0,277,80
acc85/semi70,gsm8k/51,1,147,20
acc85/semi70,gsm8k/52,1,190,33
acc85/semi70,gsm8k/53,1,130,17
acc85/semi70,gsm8k/54,1,360,63
acc85/semi70,gsm8k/55,1,194,35
acc85/semi70,gsm8k/56,1,302,25
acc85/semi70,gsm8k/57,1,133,18
acc85/semi70,gsm8k/58,1,164,16
acc85/semi70,gsm8k/59,1,173,25
acc85/semi70,gsm8k/60,1,180,21
acc85/semi70,gsm8k/61,1,193,18
acc85/semi70,gsm8k/62,1,233,40
acc85/semi70,gsm8k/63,1,148,24
acc85/semi70,gsm8k/64,1,461,74
acc85/semi70,gsm8k/65,0,211,30
acc85/semi70,gsm8k/66,1,308,44
acc85/semi70,gsm8k/67,1,248,48
acc85/semi70,gsm8k/68,1,333,55
acc85/semi70,gsm8k/69,1,187,18
acc85/semi70,gsm8k/70,1,343,53
acc85/semi70,gsm8k/71,1,360,30
acc85/semi70,gsm8k/72,1,210,23
acc85/semi70,gsm8k/73,1,229,31
acc85/semi70,gsm8k/74,1,152,28
acc85/semi70,gsm8k/75,1,353,61
acc85/semi70,gsm8k/76,1,212,22
acc85/semi70,gsm8k/77,1,2491,633
acc85/semi70,gsm8k/78,1,273,38
acc85/semi70,gsm8k/79,1,276,38
acc85/semi70,gsm8k/80,1,238,37
acc85/semi70,gsm8k/81,1,355,47
acc85/semi70,gsm8k/82,1,146,14
acc85/semi70,gsm8k/83,1,243,45
acc85/semi70,gsm8k/84,1,179,27
acc85/semi70,gsm8k/85,1,200,38
acc85/semi70,gsm8k/86,1,296,55
acc85/semi70,gsm8k/87,1,192,18
acc85/semi70,gsm8k/88,1,147,16
acc85/semi70,gsm8k/89,1,173,21
acc85/semi70,gsm8k/90,1,220,15
acc85/semi70,gsm8k/91,1,518,75
acc85/semi70,gsm8k/92,1,219,33
acc85/semi70,gsm8k/93,1,136,24
acc85/semi70,gsm8k/94,1,216,47
acc85/semi70,gsm8k/95,1,268,29
acc85/semi70,gsm8k/96,0,969,270
acc85/semi70,gsm8k/97,1,198,41
acc85/semi70,gsm8k/98,1,206,34
acc85/semi70,gsm8k/99,1,185,21
acc85/semi70,gsm8k/100,1,245,65
acc85/semi70,gsm8k/101,1,255,43
acc85/semi70,gsm8k/102,1,341,51
acc85/semi70,gsm8k/103,1,151,21
acc85/semi70,gsm8k/104,1,138,27
acc85/semi70,gsm8k/105,1,394,40
acc85/semi70,gsm8k/106,1,270,36
acc85/semi70,gsm8k/107,1,344,53
acc85/semi70,gsm8k/108,1,193,30
acc85/semi70,gsm8k/109,1,375,48
acc85/semi70,gsm8k/110,1,198,18
acc85/semi70,gsm8k/111,1,156,22
acc85/semi70,gsm8k/112,1,227,41
acc85/semi70,gsm8k/113,1,235,33
acc85/semi70,gsm8k/114,1,191,19
acc85/semi70,gsm8k/115,1,173,21
acc85/semi70,gsm8k/116,1,625,154
acc85/semi70,gsm8k/117,1,335,55
acc85/semi70,gsm8k/118,1,339,46
acc85/semi70,gsm8k/119,1,316,43
acc85/semi70,gsm8k/120,1,108,17
acc85/semi70,gsm8k/121,1,720,150
acc85/semi70,gsm8k/122,1,177,13
acc85/semi70,gsm8k/123,1,895,252
acc85/semi70,gsm8k/124,1,185,25
acc85/semi70,gsm8k/125,1,150,21
acc85/semi70,gsm8k/126,1,274,50
acc85/semi70,gsm8k/127,1,218,26
acc85/semi70,gsm8k/128,1,592,75
acc85/semi70,gsm8k/129,1,247,56
acc85/semi70,gsm8k/130,1,323,75
acc85/semi70,gsm8k/131,0,397,64
acc85/semi70,gsm8k/132,1,217,39
acc85/semi70,gsm8k/133,1,275,41
acc85/semi70,gsm8k/134,1,200,22
acc85/semi70,gsm8k/135,0,392,51
acc85/semi70,gsm8k/136,1,550,64
acc85/semi70,gsm8k/137,0,215,25
acc85/semi70,gsm8k/138,1,347,61
acc85/semi70,gsm8k/139,1,244,35
acc85/semi70,gsm8k/140,1,233,24
acc85/semi70,gsm8k/141,1,227,36
acc85/semi70,gsm8k/142,1,160,19
acc85/semi70,gsm8k/143,1,299,44
acc85/semi70,gsm8k/144,1,533,73
acc85/semi70,gsm8k/145,1,179,39
acc85/semi70,gsm8k/146,1,312,30
acc85/semi70,gsm8k/147,1,136,26
acc85/semi70,gsm8k/148,1,279,51
acc85/semi70,gsm8k/149,1,326,72
acc85/semi70,gsm8k/150,1,214,26
acc85/semi70,gsm8k/151,1,375,64
acc85/semi70,gsm8k/152,1,252,47
acc85/semi70,gsm8k/153,1,197,25
acc85/semi70,gsm8k/154,1,168,16
acc85/semi70,gsm8k/155,0,165,22
acc85/semi70,gsm8k/156,1,277,26
acc85/semi70,gsm8k/157,1,213,31
acc85/semi70,gsm8k/158,1,254,33
acc85/semi70,gsm8k/159,1,285,39
acc85/semi70,gsm8k/160,1,153,22
acc85/semi70,gsm8k/161,1,226,38
acc85/semi70,gsm8k/162,1,226,36
acc85/semi70,gsm8k/163,1,267,37
acc85/semi70,gsm8k/164,1,384,41
acc85/semi70,gsm8k/165,1,333,36
acc85/semi70,gsm8k/166,1,172,21
acc85/semi70,gsm8k/167,1,178,22
acc85/semi70,gsm8k/168,1,400,94
acc85/semi70,gsm8k/169,1,279,34
acc85/semi70,gsm8k/170,1,512,70
acc85/semi70,gsm8k/171,1,265,42
acc85/semi70,gsm8k/172,1,206,31
acc85/semi70,gsm8k/173,1,301,37
acc85/semi70,gsm8k/174,1,236,46
acc85/semi70,gsm8k/175,1,223,36
acc85/semi70,gsm8k/176,1,237,48
acc85/semi70,gsm8k/177,1,146,17
acc85/semi70,gsm8k/178,1,267,40
acc85/semi70,gsm8k/179,1,268,37
acc85/semi70,gsm8k/180,1,138,28
acc85/semi70,gsm8k/181,1,201,32
acc85/semi70,gsm8k/182,1,253,42
acc85/semi70,gsm8k/183,1,246,32
acc85/semi70,gsm8k/184,1,401,70
acc85/semi70,gsm8k/185,1,216,24
acc85/semi70,gsm8k/186,0,190,30
acc85/semi70,gsm8k/187,1,202,24
acc85/semi70,gsm8k/188,1,403,45
acc85/semi70,gsm8k/189,1,200,33
acc85/semi70,gsm8k/190,1,324,34
acc85/semi70,gsm8k/191,1,304,70
acc85/semi70,gsm8k/192,1,242,52
acc85/semi70,gsm8k/193,1,168,28
acc85/semi70,gsm8k/194,1,104,21
acc85/semi70,gsm8k/195,1,420,64
acc85/semi70,gsm8k/196,1,232,49
acc85/semi70,gsm8k/197,1,472,42
acc85/semi70,gsm8k/198,0,266,54
acc85/semi70,gsm8k/199,1,132,19
acc85/semi70,gsm8k/200,1,251,32
acc85/semi70,gsm8k/201,1,247,36
acc85/semi70,gsm8k/202,1,129,26
acc85/semi70,gsm8k/203,1,191,32
acc85/semi70,gsm8k/204,1,214,36
acc85/semi70,gsm8k/205,1,402,40
acc85/semi70,gsm8k/206,1,219,40
acc85/semi70,gsm8k/207,1,303,38
acc85/semi70,gsm8k/208,1,191,20
acc85/semi70,gsm8k/209,1,261,40
acc85/semi70,gsm8k/210,1,385,70
acc85/semi70,gsm8k/211,1,194,25
acc85/semi70,gsm8k/212,1,158,25
acc85/semi70,gsm8k/213,1,293,48
acc85/semi70,gsm8k/214,1,109,14
acc85/semi70,gsm8k/215,1,371,73
acc85/semi70,gsm8k/216,1,368,44
acc85/semi70,gsm8k/217,1,286,42
acc85/semi70,gsm8k/218,1,383,65
acc85/semi70,gsm8k/219,1,200,24
acc85/semi70,gsm8k/220,1,217,22
acc85/semi70,gsm8k/221,1,221,17
acc85/semi70,gsm8k/222,1,156,19
acc85/semi70,gsm8k/223,1,296,40
acc85/semi70,gsm8k/224,1,184,23
acc85/semi70,gsm8k/225,0,452,129
acc85/semi70,gsm8k/226,1,115,19
acc85/semi70,gsm8k/227,1,335,38
acc85/semi70,gsm8k/228,1,231,38
acc85/semi70,gsm8k/229,0,326,49
acc85/semi70,gsm8k/230,0,462,114
acc85/semi70,gsm8k/231,1,228,32
acc85/semi70,gsm8k/232,1,237,26
acc85/semi70,gsm8k/233,1,192,18
acc85/semi70,gsm8k/234,1,220,30
acc85/semi70,gsm8k/235,1,217,33
acc85/semi70,gsm8k/236,1,192,31
acc85/semi70,gsm8k/237,1,207,24
acc85/semi70,gsm8k/238,1,238,39
acc85/semi70,gsm8k/239,1,151,23
acc85/semi70,gsm8k/240,1,212,41
acc85/semi70,gsm8k/241,1,178,15
acc85/semi70,gsm8k/242,1,365,87
acc85/semi70,gsm8k/243,1,311,72
acc85/semi70,gsm8k/244,1,144,21
acc85/semi70,gsm8k/245,1,210,21
acc85/semi70,gsm8k/246,1,195,23
acc85/semi70,gsm8k/247,1,278,47
acc85/semi70,gsm8k/248,1,169,18
acc85/semi70,gsm8k/249,1,195,22
acc85/semi70,gsm8k/250,1,237,27
acc85/semi70,gsm8k/251,1,251,27
acc85/semi70,gsm8k/252,1,654,143
acc85/semi70,gsm8k/253,1,233,26
acc85/semi70,gsm8k/254,1,245,21
acc85/semi70,gsm8k/255,1,310,46
acc85/semi70,math500/0,1,353,53
acc85/semi70,math500/1,1,695,106
acc85/semi70,math500/2,1,397,28
acc85/semi70,math500/3,1,357,44
acc85/semi70,math500/4,0,801,158
acc85/semi70,math500/5,1,306,46
acc85/semi70,math500/6,1,805,145
acc85/semi70,math500/7,1,878,109
acc85/semi70,math500/8,1,337,32
acc85/semi70,math500/9,0,3927,940
acc85/semi70,math500/10,1,2469,689
acc85/semi70,math500/11,0,4011,881
acc85/semi70,math500/12,0,624,68
acc85/semi70,math500/13,1,307,21
acc85/semi70,math500/14,0,361,56
acc85/semi70,math500/15,1,924,105
acc85/semi70,math500/16,1,275,31
acc85/semi70,math500/17,1,1862,442
acc85/semi70,math500/18,0,3914,732
acc85/semi70,math500/19,1,2620,513
acc85/semi70,math500/20,1,140,15
acc85/semi70,math500/21,0,3800,571
acc85/semi70,math500/22,1,1955,349
acc85/semi70,math500/23,1,545,43
acc85/semi70,math500/24,1,1022,138
acc85/semi70,math500/25,0,3074,464
acc85/semi70,math500/26,1,1988,441
acc85/semi70,math500/27,1,320,50
acc85/semi70,math500/28,1,283,47
acc85/semi70,math500/29,0,342,55
acc85/semi70,math500/30,1,264,32
acc85/semi70,math500/31,1,289,40
acc85/semi70,math500/32,1,472,113
acc85/semi70,math500/33,1,3821,552
acc85/semi70,math500/34,1,718,54
acc85/semi70,math500/35,1,318,37
acc85/semi70,math500/36,1,977,92
acc85/semi70,math500/37,1,289,47
acc85/semi70,math500/38,0,182,24
acc85/semi70,math500/39,1,560,88
acc85/semi70,math500/40,1,269,21
acc85/semi70,math500/41,0,4021,768
acc85/semi70,math500/42,1,306,35
acc85/semi70,math500/43,0,3988,805
acc85/semi70,math500/44,1,403,50
acc85/semi70,math500/45,1,360,41
acc85/semi70,math500/46,1,2162,416
acc85/semi70,math500/47,1,504,51
acc85/semi70,math500/48,1,260,30
acc85/semi70,math500/49,1,242,23
acc85/semi70,math500/50,1,2375,397
acc85/semi70,math500/51,1,731,112
acc85/semi70,math500/52,1,253,23
acc85/semi70,math500/53,1,279,50
acc85/semi70,math500/54,1,210,33
acc85/semi70,math500/55,1,449,84
acc85/semi70,math500/56,1,248,28
acc85/semi70,math500/57,1,316,33
acc85/semi70,math500/58,1,245,15
acc85/semi70,math500/59,1,395,34
acc85/semi70,math500/60,0,4019,864
acc85/semi70,math500/61,1,3253,758
acc85/semi70,math500/62,1,905,95
acc85/semi70,math500/63,1,1125,145
acc85/semi70,math500/64,0,4007,511
acc85/semi70,math500/65,1,224,44
acc85/semi70,math500/66,1,382,45
acc85/semi70,math500/67,0,457,56
acc85/semi70,math500/68,1,905,166
acc85/semi70,math500/69,1,529,79
acc85/semi70,math500/70,1,579,84
acc85/semi70,math500/71,0,627,101
acc85/semi70,math500/72,1,399,47
acc85/semi70,math500/73,1,326,26
acc85/semi70,math500/74,1,466,52
acc85/semi70,math500/75,1,435,67
acc85/semi70,math500/76,1,446,62
acc85/semi70,math500/77,1,233,21
acc85/semi70,math500/78,1,1374,184
acc85/semi70,math500/79,1,206,12
acc85/semi70,math500/80,0,4025,869
acc85/semi70,math500/81,1,569,83
acc85/semi70,math500/82,0,3986,637
acc85/semi70,math500/83,1,896,158
acc85/semi70,math500/84,1,818,87
acc85/semi70,math500/85,1,432,75
acc85/semi70,math500/86,1,241,32
acc85/semi70,math500/87,1,704,101
acc85/semi70,math500/88,0,2867,571
acc85/semi70,math500/89,0,946,123
acc85/semi70,math500/90,1,199,38
acc85/semi70,math500/91,1,493,82
acc85/semi70,math500/92,1,830,103
acc85/semi70,math500/93,1,550,41
acc85/semi70,math500/94,0,1139,261
acc85/semi70,math500/95,1,563,39
acc85/semi70,math500/96,0,3967,548
acc85/semi70,math500/97,0,301,62
acc85/semi70,math500/98,1,163,23
acc85/semi70,math500/99,0,1086,95
acc85/semi70,math500/100,0,3855,905
acc85/semi70,math500/101,1,2537,452
acc85/semi70,math500/102,0,259,33
acc85/semi70,math500/103,0,3965,831
acc85/semi70,math500/104,1,3822,554
acc85/semi70,math500/105,1,402,43
acc85/semi70,math500/106,1,436,54
acc85/semi70,math500/107,1,523,78
acc85/semi70,math500/108,1,2381,502
acc85/semi70,math500/109,0,3932,572
acc85/semi70,math500/110,0,3959,754
acc85/semi70,math500/111,1,348,33
acc85/semi70,math500/112,1,738,79
acc85/semi70,math500/113,1,293,20
acc85/semi70,math500/114,1,714,70
acc85/semi70,math500/115,1,418,48
acc85/semi70,math500/116,1,213,12
acc85/semi70,math500/117,1,227,13
acc85/semi70,math500/118,1,1330,132
acc85/semi70,math500/119,1,3916,648
acc85/semi70,math500/120,0,4016,562
acc85/semi70,math500/121,1,235,26
acc85/semi70,math500/122,1,301,33
acc85/semi70,math500/123,0,3805,590
acc85/semi70,math500/124,1,1948,246
acc85/semi70,math500/125,1,333,32
acc85/semi70,math500/126,0,4003,716
acc85/semi70,math500/127,0,306,38
acc85/semi70,math500/128,0,496,123
acc85/semi70,math500/129,1,3721,568
acc85/semi70,math500/130,0,899,136
acc85/semi70,math500/131,1,403,32
acc85/semi70,math500/132,1,393,40
acc85/semi70,math500/133,1,399,45
acc85/semi70,math500/134,1,705,78
acc85/semi70,math500/135,1,524,55
acc85/semi70,math500/136,1,3918,809
acc85/semi70,math500/137,1,493,64
acc85/semi70,math500/138,1,1573,531
acc85/semi70,math500/139,0,4022,739
acc85/semi70,math500/140,1,524,77
acc85/semi70,math500/141,0,443,127
acc85/semi70,math500/142,1,522,95
acc85/semi70,math500/143,1,680,55
acc85/semi70,math500/144,1,244,19
acc85/semi70,math500/145,0,4015,610
acc85/semi70,math500/146,1,244,27
acc85/semi70,math500/147,0,2146,416
acc85/semi70,math500/148,1,251,28
acc85/semi70,math500/149,1,1017,106
acc85/semi70,math500/150,0,3852,452
acc85/semi70,math500/151,1,1666,308
acc85/semi70,math500/152,1,2142,317
acc85/semi70,math500/153,1,1258,285
acc85/semi70,math500/154,0,3738,1024
acc85/semi70,math500/155,1,573,85
acc85/semi70,math500/156,0,3857,658
acc85/semi70,math500/157,1,550,58
acc85/semi70,math500/158,1,696,77
acc85/semi70,math500/159,1,567,80
acc85/semi70,math500/160,1,506,54
acc85/semi70,math500/161,1,186,24
acc85/semi70,math500/162,1,520,63
acc85/semi70,math500/163,1,4008,800
acc85/semi70,math500/164,1,1943,300
acc85/semi70,math500/165,1,278,59
acc85/semi70,math500/166,0,3851,803
acc85/semi70,math500/167,1,221,30
acc85/semi70,math500/168,0,3397,760
acc85/semi70,math500/169,1,594,78
acc85/semi70,math500/170,1,2403,302
acc85/semi70,math500/171,1,236,22
acc85/semi70,math500/172,1,428,32
acc85/semi70,math500/173,0,4018,574
acc85/semi70,math500/174,1,432,46
acc85/semi70,math500/175,1,1498,192
acc85/semi70,math500/176,0,447,71
acc85/semi70,math500/177,1,3663,771
acc85/semi70,math500/178,1,288,33
acc85/semi70,math500/179,1,1018,100
acc85/semi70,math500/180,1,524,76
acc85/semi70,math500/181,1,318,40
acc85/semi70,math500/182,1,231,23
acc85/semi70,math500/183,1,814,139
acc85/semi70,math500/184,1,3601,664
acc85/semi70,math500/185,1,180,13
acc85/semi70,math500/186,1,681,115
acc85/semi70,math500/187,0,460,61
acc85/semi70,math500/188,1,3678,717
acc85/semi70,math500/189,0,3572,551
acc85/semi70,math500/190,1,612,104
acc85/semi70,math500/191,1,191,18
acc85/semi70,math500/192,1,641,80
acc85/semi70,math500/193,1,613,82
acc85/semi70,math500/194,1,2656,464
acc85/semi70,math500/195,1,528,62
acc85/semi70,math500/196,1,273,28
acc85/semi70,math500/197,1,1531,236
acc85/semi70,math500/198,1,362,59
acc85/semi70,math500/199,1,275,26
acc85/semi70,math500/200,1,386,44
acc85/semi70,math500/201,1,640,78
acc85/semi70,math500/202,1,821,151
acc85/semi70,math500/203,1,631,57
acc85/semi70,math500/204,0,3984,1010
acc85/semi70,math500/205,0,905,79
acc85/semi70,math500/206,1,415,43
acc85/semi70,math500/207,0,286,34
acc85/semi70,math500/208,1,362,49
acc85/semi70,math500/209,1,418,60
acc85/semi70,math500/210,1,1202,269
acc85/semi70,math500/211,1,376,30
acc85/semi70,math500/212,1,466,62
acc85/semi70,math500/213,1,1241,143
acc85/semi70,math500/214,0,2392,412
acc85/semi70,math500/215,1,345,37
acc85/semi70,math500/216,1,372,32
acc85/semi70,math500/217,0,4051,953
acc85/semi70,math500/218,1,277,26
acc85/semi70,math500/219,0,3352,625
acc85/semi70,math500/220,1,427,69
acc85/semi70,math500/221,0,793,113
acc85/semi70,math500/222,0,3933,941
acc85/semi70,math500/223,0,4038,658
acc85/semi70,math500/224,1,1982,222
acc85/semi70,math500/225,1,305,27
acc85/semi70,math500/226,1,460,120
acc85/semi70,math500/227,0,340,71
acc85/semi70,math500/228,0,1715,164
acc85/semi70,math500/229,1,315,66
acc85/semi70,math500/230,1,1377,151
acc85/semi70,math500/231,1,920,96
acc85/semi70,math500/232,1,4003,734
acc85/semi70,math500/233,1,447,42
acc85/semi70,math500/234,1,572,94
acc85/semi70,math500/235,1,552,41
acc85/semi70,math500/236,1,4023,658
acc85/semi70,math500/237,1,719,65
acc85/semi70,math500/238,1,703,94
acc85/semi70,math500/239,0,3960,584
acc85/semi70,math500/240,0,3728,945
acc85/semi70,math500/241,1,823,102
acc85/semi70,math500/242,1,471,60
acc85/semi70,math500/243,1,283,34
acc85/semi70,math500/244,1,1286,216
acc85/semi70,math500/245,0,1406,130
acc85/semi70,math500/246,0,346,101
acc85/semi70,math500/247,1,766,104
acc85/semi70,math500/248,0,3796,639
acc85/semi70,math500/249,0,4031,651
acc85/semi70,math500/250,1,520,40
acc85/semi70,math500/251,1,1035,213
acc85/semi70,math500/252,1,621,44
acc85/semi70,math500/253,1,224,24
acc85/semi70,math500/254,1,381,45
acc85/semi70,math500/255,1,442,55
acc85/semi90,gsm8k/0,1,179,31
acc85/semi90,gsm8k/1,0,213,38
acc85/semi90,gsm8k/2,0,383,39
acc85/semi90,gsm8k/3,1,178,20
acc85/semi90,gsm8k/4,1,265,48
acc85/semi90,gsm8k/5,1,174,21
acc85/semi90,gsm8k/6,1,139,17
acc85/semi90,gsm8k/7,1,239,29
acc85/semi90,gsm8k/8,1,446,80
acc85/semi90,gsm8k/9,0,201,34
acc85/semi90,gsm8k/10,1,329,58
acc85/semi90,gsm8k/11,0,457,67
acc85/semi90,gsm8k/12,1,149,18
acc85/semi90,gsm8k/13,1,330,29
acc85/semi90,gsm8k/14,1,376,65
acc85/semi90,gsm8k/15,1,178,32
acc85/semi90,gsm8k/16,1,219,23
acc85/semi90,gsm8k/17,1,136,17
acc85/semi90,gsm8k/18,1,182,25
acc85/semi90,gsm8k/19,1,266,33
acc85/semi90,gsm8k/20,1,210,24
acc85/semi90,gsm8k/21,1,252,33
acc85/semi90,gsm8k/22,1,292,39
acc85/semi90,gsm8k/23,1,325,47
acc85/semi90,gsm8k/24,1,195,30
acc85/semi90,gsm8k/25,0,244,39
acc85/semi90,gsm8k/26,1,211,31
acc85/semi90,gsm8k/27,1,192,47
acc85/semi90,gsm8k/28,1,225,42
acc85/semi90,gsm8k/29,1,180,19
acc85/semi90,gsm8k/30,1,235,27
acc85/semi90,gsm8k/31,0,4013,748
acc85/semi90,gsm8k/32,1,126,17
acc85/semi90,gsm8k/33,1,262,32
acc85/semi90,gsm8k/34,1,295,55
acc85/semi90,gsm8k/35,1,216,19
acc85/semi90,gsm8k/36,1,227,27
acc85/semi90,gsm8k/37,1,197,45
acc85/semi90,gsm8k/38,0,373,73
acc85/semi90,gsm8k/39,1,292,49
acc85/semi90,gsm8k/40,1,242,49
acc85/semi90,gsm8k/41,1,278,30
acc85/semi90,gsm8k/42,1,340,41
acc85/semi90,gsm8k/43,1,211,27
acc85/semi90,gsm8k/44,1,306,42
acc85/semi90,gsm8k/45,1,117,17
acc85/semi90,gsm8k/46,1,224,35
acc85/semi90,gsm8k/47,1,126,17
acc85/semi90,gsm8k/48,1,158,39
acc85/semi90,gsm8k/49,1,342,80
acc85/semi90,gsm8k/50,0,259,81
acc85/semi90,gsm8k/51,1,176,25
acc85/semi90,gsm8k/52,1,194,25
acc85/semi90,gsm8k/53,1,130,17
acc85/semi90,gsm8k/54,1,363,54
acc85/semi90,gsm8k/55,1,209,44
acc85/semi90,gsm8k/56,1,294,30
acc85/semi90,gsm8k/57,1,148,18
acc85/semi90,gsm8k/58,1,169,16
acc85/semi90,gsm8k/59,1,174,24
acc85/semi90,gsm8k/60,1,181,24
acc85/semi90,gsm8k/61,1,193,20
acc85/semi90,gsm8k/62,1,250,30
acc85/semi90,gsm8k/63,1,145,25
acc85/semi90,gsm8k/64,1,508,81
acc85/semi90,gsm8k/65,1,218,24
acc85/semi90,gsm8k/66,1,266,47
acc85/semi90,gsm8k/67,1,242,48
acc85/semi90,gsm8k/68,1,301,67
acc85/semi90,gsm8k/69,1,188,25
acc85/semi90,gsm8k/70,1,343,46
acc85/semi90,gsm8k/71,1,338,39
acc85/semi90,gsm8k/72,1,275,28
acc85/semi90,gsm8k/73,1,244,38
acc85/semi90,gsm8k/74,1,152,25
acc85/semi90,gsm8k/75,1,354,67
acc85/semi90,gsm8k/76,1,238,26
acc85/semi90,gsm8k/77,1,2734,689
acc85/semi90,gsm8k/78,1,260,31
acc85/semi90,gsm8k/79,1,270,43
acc85/semi90,gsm8k/80,1,228,36
acc85/semi90,gsm8k/81,1,358,53
acc85/semi90,gsm8k/82,1,147,15
acc85/semi90,gsm8k/83,1,267,48
acc85/semi90,gsm8k/84,1,143,25
acc85/semi90,gsm8k/85,1,158,24
acc85/semi90,gsm8k/86,1,367,87
acc85/semi90,gsm8k/87,1,192,23
acc85/semi90,gsm8k/88,1,148,16
acc85/semi90,gsm8k/89,1,159,18
acc85/semi90,gsm8k/90,1,212,17
acc85/semi90,gsm8k/91,1,404,42
acc85/semi90,gsm8k/92,1,216,31
acc85/semi90,gsm8k/93,1,149,22
acc85/semi90,gsm8k/94,1,208,47
acc85/semi90,gsm8k/95,1,241,31
acc85/semi90,gsm8k/96,0,247,72
acc85/semi90,gsm8k/97,1,222,38
acc85/semi90,gsm8k/98,1,207,32
acc85/semi90,gsm8k/99,1,175,19
acc85/semi90,gsm8k/100,1,223,46
acc85/semi90,gsm8k/101,1,261,54
acc85/semi90,gsm8k/102,1,361,65
acc85/semi90,gsm8k/103,1,167,25
acc85/semi90,gsm8k/104,1,144,51
acc85/semi90,gsm8k/105,1,377,42
acc85/semi90,gsm8k/106,1,241,38
acc85/semi90,gsm8k/107,1,392,51
acc85/semi90,gsm8k/108,1,256,38
acc85/semi90,gsm8k/109,1,427,72
acc85/semi90,gsm8k/110,1,198,18
acc85/semi90,gsm8k/111,1,155,19
acc85/semi90,gsm8k/112,1,275,55
acc85/semi90,gsm8k/113,1,242,37
acc85/semi90,gsm8k/114,1,193,23
acc85/semi90,gsm8k/115,0,182,24
acc85/semi90,gsm8k/116,1,393,52
acc85/semi90,gsm8k/117,1,324,49
acc85/semi90,gsm8k/118,1,346,52
acc85/semi90,gsm8k/119,1,326,34
acc85/semi90,gsm8k/120,1,104,17
acc85/semi90,gsm8k/121,1,373,82
acc85/semi90,gsm8k/122,1,177,14
acc85/semi90,gsm8k/123,1,485,87
acc85/semi90,gsm8k/124,1,184,23
acc85/semi90,gsm8k/125,1,154,22
acc85/semi90,gsm8k/126,1,283,56
acc85/semi90,gsm8k/127,1,221,25
acc85/semi90,gsm8k/128,1,584,66
acc85/semi90,gsm8k/129,1,246,56
acc85/semi90,gsm8k/130,1,263,71
acc85/semi90,gsm8k/131,0,395,63
acc85/semi90,gsm8k/132,1,211,34
acc85/semi90,gsm8k/133,1,271,41
acc85/semi90,gsm8k/134,1,191,26
acc85/semi90,gsm8k/135,1,363,44
acc85/semi90,gsm8k/136,1,556,70
acc85/semi90,gsm8k/137,0,269,62
acc85/semi90,gsm8k/138,0,409,106
acc85/semi90,gsm8k/139,1,278,32
acc85/semi90,gsm8k/140,1,230,23
acc85/semi90,gsm8k/141,1,225,36
acc85/semi90,gsm8k/142,1,160,18
acc85/semi90,gsm8k/143,1,288,42
acc85/semi90,gsm8k/144,1,658,128
acc85/semi90,gsm8k/145,1,177,31
acc85/semi90,gsm8k/146,1,313,28
acc85/semi90,gsm8k/147,1,169,20
acc85/semi90,gsm8k/148,1,291,58
acc85/semi90,gsm8k/149,1,281,55
acc85/semi90,gsm8k/150,1,212,26
acc85/semi90,gsm8k/151,0,3389,877
acc85/semi90,gsm8k/152,1,250,45
acc85/semi90,gsm8k/153,1,197,29
acc85/semi90,gsm8k/154,1,168,16
acc85/semi90,gsm8k/155,0,200,31
acc85/semi90,gsm8k/156,1,275,28
acc85/semi90,gsm8k/157,1,216,30
acc85/semi90,gsm8k/158,1,240,30
acc85/semi90,gsm8k/159,1,292,48
acc85/semi90,gsm8k/160,1,146,20
acc85/semi90,gsm8k/161,1,248,33
acc85/semi90,gsm8k/162,1,235,33
acc85/semi90,gsm8k/163,1,248,33
acc85/semi90,gsm8k/164,1,378,43
acc85/semi90,gsm8k/165,1,311,39
acc85/semi90,gsm8k/166,1,167,19
acc85/semi90,gsm8k/167,1,142,16
acc85/semi90,gsm8k/168,1,433,102
acc85/semi90,gsm8k/169,1,275,35
acc85/semi90,gsm8k/170,1,509,74
acc85/semi90,gsm8k/171,1,269,41
acc85/semi90,gsm8k/172,1,217,38
acc85/semi90,gsm8k/173,1,307,36
acc85/semi90,gsm8k/174,1,234,48
acc85/semi90,gsm8k/175,1,236,45
acc85/semi90,gsm8k/176,1,389,49
acc85/semi90,gsm8k/177,1,146,24
acc85/semi90,gsm8k/178,1,293,47
acc85/semi90,gsm8k/179,1,254,39
acc85/semi90,gsm8k/180,1,119,18
acc85/semi90,gsm8k/181,1,197,33
acc85/semi90,gsm8k/182,1,267,38
acc85/semi90,gsm8k/183,1,249,33
acc85/semi90,gsm8k/184,1,395,62
acc85/semi90,gsm8k/185,1,229,24
acc85/semi90,gsm8k/186,1,216,40
acc85/semi90,gsm8k/187,1,171,27
acc85/semi90,gsm8k/188,1,404,46
acc85/semi90,gsm8k/189,1,218,29
acc85/semi90,gsm8k/190,1,396,49
acc85/semi90,gsm8k/191,1,287,51
acc85/semi90,gsm8k/192,1,239,48
acc85/semi90,gsm8k/193,1,195,35
acc85/semi90,gsm8k/194,1,104,22
acc85/semi90,gsm8k/195,1,388,62
acc85/semi90,gsm8k/196,1,253,34
acc85/semi90,gsm8k/197,1,469,45
acc85/semi90,gsm8k/198,0,285,49
acc85/semi90,gsm8k/199,1,126,22
acc85/semi90,gsm8k/200,1,271,48
acc85/semi90,gsm8k/201,1,208,26
acc85/semi90,gsm8k/202,1,135,17
acc85/semi90,gsm8k/203,1,191,31
acc85/semi90,gsm8k/204,1,205,33
acc85/semi90,gsm8k/205,1,389,42
acc85/semi90,gsm8k/206,1,212,41
acc85/semi90,gsm8k/207,1,301,31
acc85/semi90,gsm8k/208,1,190,25
acc85/semi90,gsm8k/209,1,254,30
acc85/semi90,gsm8k/210,1,432,81
acc85/semi90,gsm8k/211,1,193,22
acc85/semi90,gsm8k/212,1,164,27
acc85/semi90,gsm8k/213,0,198,30
acc85/semi90,gsm8k/214,1,114,14
acc85/semi90,gsm8k/215,1,341,48
acc85/semi90,gsm8k/216,1,360,41
acc85/semi90,gsm8k/217,1,247,39
acc85/semi90,gsm8k/218,1,350,65
acc85/semi90,gsm8k/219,1,206,34
acc85/semi90,gsm8k/220,1,217,24
acc85/semi90,gsm8k/221,1,219,20
acc85/semi90,gsm8k/222,1,156,18
acc85/semi90,gsm8k/223,1,264,42
acc85/semi90,gsm8k/224,1,201,31
acc85/semi90,gsm8k/225,0,580,195
acc85/semi90,gsm8k/226,1,114,17
acc85/semi90,gsm8k/227,1,283,35
acc85/semi90,gsm8k/228,1,253,35
acc85/semi90,gsm8k/229,0,317,54
acc85/semi90,gsm8k/230,0,358,84
acc85/semi90,gsm8k/231,1,220,25
acc85/semi90,gsm8k/232,1,197,31
acc85/semi90,gsm8k/233,1,188,21
acc85/semi90,gsm8k/234,1,212,28
acc85/semi90,gsm8k/235,1,265,38
acc85/semi90,gsm8k/236,1,192,35
acc85/semi90,gsm8k/237,1,206,25
acc85/semi90,gsm8k/238,1,231,44
acc85/semi90,gsm8k/239,1,151,24
acc85/semi90,gsm8k/240,1,230,44
acc85/semi90,gsm8k/241,1,179,18
acc85/semi90,gsm8k/242,1,255,49
acc85/semi90,gsm8k/243,1,250,36
acc85/semi90,gsm8k/244,1,143,20
acc85/semi90,gsm8k/245,1,248,28
acc85/semi90,gsm8k/246,1,199,24
acc85/semi90,gsm8k/247,1,290,43
acc85/semi90,gsm8k/248,1,169,18
acc85/semi90,gsm8k/249,1,189,21
acc85/semi90,gsm8k/250,1,236,27
acc85/semi90,gsm8k/251,1,252,28
acc85/semi90,gsm8k/252,1,674,217
acc85/semi90,gsm8k/253,1,211,28
acc85/semi90,gsm8k/254,1,236,16
acc85/semi90,gsm8k/255,1,299,52
acc85/semi90,math500/0,0,356,49
acc85/semi90,math500/1,1,712,76
acc85/semi90,math500/2,1,408,31
acc85/semi90,math500/3,1,355,42
acc85/semi90,math500/4,0,682,93
acc85/semi90,math500/5,1,350,57
acc85/semi90,math500/6,1,687,111
acc85/semi90,math500/7,1,675,71
acc85/semi90,math500/8,1,339,27
acc85/semi90,math500/9,0,3927,763
acc85/semi90,math500/10,1,1422,355
acc85/semi90,math500/11,0,4011,669
acc85/semi90,math500/12,1,778,97
acc85/semi90,math500/13,1,303,25
acc85/semi90,math500/14,0,346,56
acc85/semi90,math500/15,0,1411,175
acc85/semi90,math500/16,1,277,35
acc85/semi90,math500/17,1,3266,715
acc85/semi90,math500/18,0,3530,1024
acc85/semi90,math500/19,1,1213,226
acc85/semi90,math500/20,1,139,20
acc85/semi90,math500/21,1,1398,202
acc85/semi90,math500/22,1,1487,272
acc85/semi90,math500/23,1,544,44
acc85/semi90,math500/24,1,1000,116
acc85/semi90,math500/25,0,1596,221
acc85/semi90,math500/26,0,3186,1024
acc85/semi90,math500/27,1,314,47
acc85/semi90,math500/28,1,260,51
acc85/semi90,math500/29,1,380,52
acc85/semi90,math500/30,1,231,25
acc85/semi90,math500/31,1,285,42
acc85/semi90,math500/32,1,481,116
acc85/semi90,math500/33,1,1500,192
acc85/semi90,math500/34,0,691,61
acc85/semi90,math500/35,1,299,28
acc85/semi90,math500/36,1,971,99
acc85/semi90,math500/37,1,352,82
acc85/semi90,math500/38,1,180,18
acc85/semi90,math500/39,1,479,60
acc85/semi90,math500/40,1,269,19
acc85/semi90,math500/41,0,4021,769
acc85/semi90,math500/42,1,306,34
acc85/semi90,math500/43,0,3988,650
acc85/semi90,math500/44,1,415,57
acc85/semi90,math500/45,1,219,32
acc85/semi90,math500/46,1,2345,443
acc85/semi90,math500/47,1,496,44
acc85/semi90,math500/48,1,246,34
acc85/semi90,math500/49,1,322,31
acc85/semi90,math500/50,0,1643,279
acc85/semi90,math500/51,0,713,103
acc85/semi90,math500/52,1,596,104
acc85/semi90,math500/53,1,311,50
acc85/semi90,math500/54,1,208,30
acc85/semi90,math500/55,1,499,81
acc85/semi90,math500/56,1,266,35
acc85/semi90,math500/57,1,342,31
acc85/semi90,math500/58,1,245,15
acc85/semi90,math500/59,1,392,29
acc85/semi90,math500/60,0,4019,694
acc85/semi90,math500/61,1,753,111
acc85/semi90,math500/62,1,1000,130
acc85/semi90,math500/63,1,1076,122
acc85/semi90,math500/64,0,4007,476
acc85/semi90,math500/65,1,215,43
acc85/semi90,math500/66,1,436,56
acc85/semi90,math500/67,0,390,56
acc85/semi90,math500/68,0,4005,702
acc85/semi90,math500/69,1,510,84
acc85/semi90,math500/70,1,349,37
acc85/semi90,math500/71,0,696,147
acc85/semi90,math500/72,1,414,49
acc85/semi90,math500/73,1,312,26
acc85/semi90,math500/74,1,422,40
acc85/semi90,math500/75,1,427,64
acc85/semi90,math500/76,0,4031,784
acc85/semi90,math500/77,1,234,21
acc85/semi90,math500/78,1,1271,190
acc85/semi90,math500/79,1,198,13
acc85/semi90,math500/80,0,4025,977
acc85/semi90,math500/81,0,534,83
acc85/semi90,math500/82,1,3842,674
acc85/semi90,math500/83,1,1106,203
acc85/semi90,math500/84,0,4015,771
acc85/semi90,math500/85,1,378,52
acc85/semi90,math500/86,1,244,32
acc85/semi90,math500/87,1,703,77
acc85/semi90,math500/88,1,1861,374
acc85/semi90,math500/89,1,925,98
acc85/semi90,math500/90,1,214,32
acc85/semi90,math500/91,1,492,74
acc85/semi90,math500/92,0,722,95
acc85/semi90,math500/93,1,561,39
acc85/semi90,math500/94,0,1238,288
acc85/semi90,math500/95,1,562,37
acc85/semi90,math500/96,0,3967,569
acc85/semi90,math500/97,1,289,91
acc85/semi90,math500/98,1,129,18
acc85/semi90,math500/99,0,1404,160
acc85/semi90,math500/100,0,3855,850
acc85/semi90,math500/101,1,3004,558
acc85/semi90,math500/102,0,240,35
acc85/semi90,math500/103,0,3965,768
acc85/semi90,math500/104,0,3990,625
acc85/semi90,math500/105,1,333,42
acc85/semi90,math500/106,1,417,57
acc85/semi90,math500/107,0,588,115
acc85/semi90,math500/108,1,3585,982
acc85/semi90,math500/109,1,1662,174
acc85/semi90,math500/110,0,3959,537
acc85/semi90,math500/111,1,363,37
acc85/semi90,math500/112,1,927,108
acc85/semi90,math500/113,1,284,22
acc85/semi90,math500/114,1,760,71
acc85/semi90,math500/115,1,418,46
acc85/semi90,math500/116,1,213,12
acc85/semi90,math500/117,1,227,13
acc85/semi90,math500/118,0,1261,186
acc85/semi90,math500/119,1,3916,867
acc85/semi90,math500/120,0,4016,619
acc85/semi90,math500/121,1,245,28
acc85/semi90,math500/122,1,307,33
acc85/semi90,math500/123,0,3805,746
acc85/semi90,math500/124,0,708,86
acc85/semi90,math500/125,1,361,40
acc85/semi90,math500/126,0,4003,645
acc85/semi90,math500/127,0,304,45
acc85/semi90,math500/128,0,372,89
acc85/semi90,math500/129,0,2159,412
acc85/semi90,math500/130,0,2260,436
acc85/semi90,math500/131,1,490,44
acc85/semi90,math500/132,1,401,47
acc85/semi90,math500/133,1,390,48
acc85/semi90,math500/134,1,657,78
acc85/semi90,math500/135,1,547,62
acc85/semi90,math500/136,0,3973,798
acc85/semi90,math500/137,1,395,37
acc85/semi90,math500/138,1,746,233
acc85/semi90,math500/139,1,2087,286
acc85/semi90,math500/140,1,703,100
acc85/semi90,math500/141,0,387,124
acc85/semi90,math500/142,1,534,97
acc85/semi90,math500/143,1,711,58
acc85/semi90,math500/144,1,253,25
acc85/semi90,math500/145,1,1715,236
acc85/semi90,math500/146,1,259,32
acc85/semi90,math500/147,0,1681,257
acc85/semi90,math500/148,1,190,18
acc85/semi90,math500/149,1,1054,139
acc85/semi90,math500/150,1,2458,241
acc85/semi90,math500/151,1,910,127
acc85/semi90,math500/152,1,3012,589
acc85/semi90,math500/153,1,786,179
acc85/semi90,math500/154,0,3930,881
acc85/semi90,math500/155,1,597,84
acc85/semi90,math500/156,0,3857,603
acc85/semi90,math500/157,1,396,38
acc85/semi90,math500/158,1,592,57
acc85/semi90,math500/159,1,449,54
acc85/semi90,math500/160,1,602,90
acc85/semi90,math500/161,1,188,26
acc85/semi90,math500/162,1,580,64
acc85/semi90,math500/163,0,4008,749
acc85/semi90,math500/164,1,1541,230
acc85/semi90,math500/165,0,409,68
acc85/semi90,math500/166,0,3531,1024
acc85/semi90,math500/167,1,213,26
acc85/semi90,math500/168,0,3397,951
acc85/semi90,math500/169,1,336,39
acc85/semi90,math500/170,0,1933,195
acc85/semi90,math500/171,1,236,24
acc85/semi90,math500/172,1,458,35
acc85/semi90,math500/173,1,3450,620
acc85/semi90,math500/174,1,428,54
acc85/semi90,math500/175,1,1116,146
acc85/semi90,math500/176,0,570,97
acc85/semi90,math500/177,1,2606,584
acc85/semi90,math500/178,1,298,23
acc85/semi90,math500/179,1,998,102
acc85/semi90,math500/180,1,560,95
acc85/semi90,math500/181,1,338,48
acc85/semi90,math500/182,1,220,21
acc85/semi90,math500/183,1,916,155
acc85/semi90,math500/184,1,2667,572
acc85/semi90,math500/185,1,180,14
acc85/semi90,math500/186,1,573,81
acc85/semi90,math500/187,0,504,60
acc85/semi90,math500/188,1,1763,264
acc85/semi90,math500/189,0,3572,832
acc85/semi90,math500/190,1,507,77
acc85/semi90,math500/191,1,180,14
acc85/semi90,math500/192,1,845,136
acc85/semi90,math500/193,1,464,63
acc85/semi90,math500/194,0,4035,708
acc85/semi90,math500/195,1,543,77
acc85/semi90,math500/196,1,251,28
acc85/semi90,math500/197,1,979,109
acc85/semi90,math500/198,0,364,78
acc85/semi90,math500/199,1,265,24
acc85/semi90,math500/200,0,359,52
acc85/semi90,math500/201,1,619,68
acc85/semi90,math500/202,1,652,109
acc85/semi90,math500/203,1,565,59
acc85/semi90,math500/204,0,3984,907
acc85/semi90,math500/205,1,782,65
acc85/semi90,math500/206,1,410,49
acc85/semi90,math500/207,0,284,37
acc85/semi90,math500/208,1,421,67
acc85/semi90,math500/209,1,426,54
acc85/semi90,math500/210,1,728,134
acc85/semi90,math500/211,1,345,36
acc85/semi90,math500/212,1,469,51
acc85/semi90,math500/213,1,1525,179
acc85/semi90,math500/214,1,751,97
acc85/semi90,math500/215,1,337,30
acc85/semi90,math500/216,1,420,40
acc85/semi90,math500/217,0,4051,933
acc85/semi90,math500/218,1,283,28
acc85/semi90,math500/219,0,3352,654
acc85/semi90,math500/220,1,395,81
acc85/semi90,math500/221,1,896,111
acc85/semi90,math500/222,0,3933,927
acc85/semi90,math500/223,1,823,139
acc85/semi90,math500/224,1,1339,174
acc85/semi90,math500/225,1,291,26
acc85/semi90,math500/226,1,436,109
acc85/semi90,math500/227,1,403,94
acc85/semi90,math500/228,0,3955,680
acc85/semi90,math500/229,1,342,67
acc85/semi90,math500/230,1,1289,148
acc85/semi90,math500/231,1,742,79
acc85/semi90,math500/232,1,2597,389
acc85/semi90,math500/233,1,618,102
acc85/semi90,math500/234,1,1264,167
acc85/semi90,math500/235,1,561,44
acc85/semi90,math500/236,1,4023,653
acc85/semi90,math500/237,1,892,97
acc85/semi90,math500/238,1,648,90
acc85/semi90,math500/239,0,3960,421
acc85/semi90,math500/240,0,3836,1004
acc85/semi90,math500/241,1,830,91
acc85/semi90,math500/242,1,478,83
acc85/semi90,math500/243,1,304,39
acc85/semi90,math500/244,1,874,111
acc85/semi90,math500/245,1,1398,104
acc85/semi90,math500/246,0,4009,670
acc85/semi90,math500/247,1,610,95
acc85/semi90,math500/248,0,1840,228
acc85/semi90,math500/249,1,1423,195
acc85/semi90,math500/250,1,522,51
acc85/semi90,math500/251,1,2443,731
acc85/semi90,math500/252,1,623,44
acc85/semi90,math500/253,1,223,27
acc85/semi90,math500/254,1,412,47
acc85/semi90,math500/255,1,463,68
acc90/semi70,gsm8k/0,1,171,27
acc90/semi70,gsm8k/1,1,196,39
acc90/semi70,gsm8k/2,1,243,33
acc90/semi70,gsm8k/3,1,208,27
acc90/semi70,gsm8k/4,0,307,88
acc90/semi70,gsm8k/5,1,137,22
acc90/semi70,gsm8k/6,1,139,19
acc90/semi70,gsm8k/7,1,256,33
acc90/semi70,gsm8k/8,1,443,87
acc90/semi70,gsm8k/9,0,212,33
acc90/semi70,gsm8k/10,1,362,70
acc90/semi70,gsm8k/11,0,596,105
acc90/semi70,gsm8k/12,1,164,21
acc90/semi70,gsm8k/13,1,325,28
acc90/semi70,gsm8k/14,1,355,71
acc90/semi70,gsm8k/15,1,186,36
acc90/semi70,gsm8k/16,1,206,27
acc90/semi70,gsm8k/17,1,142,18
acc90/semi70,gsm8k/18,1,192,43
acc90/semi70,gsm8k/19,1,244,29
acc90/semi70,gsm8k/20,1,221,31
acc90/semi70,gsm8k/21,1,225,36
acc90/semi70,gsm8k/22,1,295,46
acc90/semi70,gsm8k/23,1,286,48
acc90/semi70,gsm8k/24,1,186,29
acc90/semi70,gsm8k/25,1,211,36
acc90/semi70,gsm8k/26,1,213,26
acc90/semi70,gsm8k/27,1,195,48
acc90/semi70,gsm8k/28,1,231,37
acc90/semi70,gsm8k/29,1,217,28
acc90/semi70,gsm8k/30,1,186,32
acc90/semi70,gsm8k/31,0,454,114
acc90/semi70,gsm8k/32,1,124,29
acc90/semi70,gsm8k/33,1,260,35
acc90/semi70,gsm8k/34,1,417,65
acc90/semi70,gsm8k/35,1,192,24
acc90/semi70,gsm8k/36,1,225,41
acc90/semi70,gsm8k/37,1,303,95
acc90/semi70,gsm8k/38,0,333,59
acc90/semi70,gsm8k/39,1,292,43
acc90/semi70,gsm8k/40,1,263,47
acc90/semi70,gsm8k/41,1,274,36
acc90/semi70,gsm8k/42,1,358,43
acc90/semi70,gsm8k/43,1,210,32
acc90/semi70,gsm8k/44,1,305,54
acc90/semi70,gsm8k/45,1,138,21
acc90/semi70,gsm8k/46,1,238,39
acc90/semi70,gsm8k/47,1,119,25
acc90/semi70,gsm8k/48,1,167,35
acc90/semi70,gsm8k/49,1,464,143
acc90/semi70,gsm8k/50,0,258,87
acc90/semi70,gsm8k/51,1,152,22
acc90/semi70,gsm8k/52,1,169,36
acc90/semi70,gsm8k/53,1,129,22
acc90/semi70,gsm8k/54,0,322,62
acc90/semi70,gsm8k/55,1,204,41
acc90/semi70,gsm8k/56,1,326,34
acc90/semi70,gsm8k/57,1,135,22
acc90/semi70,gsm8k/58,1,200,23
acc90/semi70,gsm8k/59,1,189,30
acc90/semi70,gsm8k/60,1,181,26
acc90/semi70,gsm8k/61,1,173,19
acc90/semi70,gsm8k/62,1,240,39
acc90/semi70,gsm8k/63,1,153,33
acc90/semi70,gsm8k/64,1,946,208
acc90/semi70,gsm8k/65,1,209,27
acc90/semi70,gsm8k/66,1,303,45
acc90/semi70,gsm8k/67,1,256,49
acc90/semi70,gsm8k/68,1,326,83
acc90/semi70,gsm8k/69,1,196,25
acc90/semi70,gsm8k/70,1,429,63
acc90/semi70,gsm8k/71,1,356,43
acc90/semi70,gsm8k/72,1,247,26
acc90/semi70,gsm8k/73,1,225,39
acc90/semi70,gsm8k/74,1,151,28
acc90/semi70,gsm8k/75,1,360,72
acc90/semi70,gsm8k/76,1,210,27
acc90/semi70,gsm8k/77,1,1281,337
acc90/semi70,gsm8k/78,1,256,50
acc90/semi70,gsm8k/79,1,319,57
acc90/semi70,gsm8k/80,1,2519,409
acc90/semi70,gsm8k/81,1,343,44
acc90/semi70,gsm8k/82,1,146,17
acc90/semi70,gsm8k/83,1,251,62
acc90/semi70,gsm8k/84,1,146,26
acc90/semi70,gsm8k/85,1,235,48
acc90/semi70,gsm8k/86,1,256,54
acc90/semi70,gsm8k/87,1,209,21
acc90/semi70,gsm8k/88,1,186,27
acc90/semi70,gsm8k/89,1,177,24
acc90/semi70,gsm8k/90,1,214,19
acc90/semi70,gsm8k/91,1,419,64
acc90/semi70,gsm8k/92,1,196,40
acc90/semi70,gsm8k/93,1,135,24
acc90/semi70,gsm8k/94,1,189,39
acc90/semi70,gsm8k/95,1,237,34
acc90/semi70,gsm8k/96,0,299,95
acc90/semi70,gsm8k/97,1,211,46
acc90/semi70,gsm8k/98,1,185,34
acc90/semi70,gsm8k/99,1,176,23
acc90/semi70,gsm8k/100,1,240,56
acc90/semi70,gsm8k/101,1,363,57
acc90/semi70,gsm8k/102,1,299,70
acc90/semi70,gsm8k/103,1,162,26
acc90/semi70,gsm8k/104,1,138,34
acc90/semi70,gsm8k/105,1,326,48
acc90/semi70,gsm8k/106,1,253,47
acc90/semi70,gsm8k/107,1,356,53
acc90/semi70,gsm8k/108,1,193,36
acc90/semi70,gsm8k/109,0,330,57
acc90/semi70,gsm8k/110,1,199,20
acc90/semi70,gsm8k/111,1,160,20
acc90/semi70,gsm8k/112,1,241,45
acc90/semi70,gsm8k/113,1,750,216
acc90/semi70,gsm8k/114,1,193,24
acc90/semi70,gsm8k/115,1,172,20
acc90/semi70,gsm8k/116,1,358,71
acc90/semi70,gsm8k/117,1,289,47
acc90/semi70,gsm8k/118,1,274,51
acc90/semi70,gsm8k/119,1,322,40
acc90/semi70,gsm8k/120,1,136,29
acc90/semi70,gsm8k/121,1,458,99
acc90/semi70,gsm8k/122,1,181,19
acc90/semi70,gsm8k/123,1,654,160
acc90/semi70,gsm8k/124,1,185,24
acc90/semi70,gsm8k/125,1,162,26
acc90/semi70,gsm8k/126,1,278,62
acc90/semi70,gsm8k/127,1,219,26
acc90/semi70,gsm8k/128,1,577,76
acc90/semi70,gsm8k/129,1,236,53
acc90/semi70,gsm8k/130,1,455,95
acc90/semi70,gsm8k/131,0,649,155
acc90/semi70,gsm8k/132,1,229,53
acc90/semi70,gsm8k/133,1,251,44
acc90/semi70,gsm8k/134,1,191,29
acc90/semi70,gsm8k/135,1,387,54
acc90/semi70,gsm8k/136,1,616,87
acc90/semi70,gsm8k/137,0,209,43
acc90/semi70,gsm8k/138,1,278,76
acc90/semi70,gsm8k/139,1,252,33
acc90/semi70,gsm8k/140,1,235,26
acc90/semi70,gsm8k/141,1,226,36
acc90/semi70,gsm8k/142,1,157,21
acc90/semi70,gsm8k/143,1,301,48
acc90/semi70,gsm8k/144,1,506,90
acc90/semi70,gsm8k/145,1,174,37
acc90/semi70,gsm8k/146,1,302,37
acc90/semi70,gsm8k/147,1,167,28
acc90/semi70,gsm8k/148,1,279,57
acc90/semi70,gsm8k/149,1,318,80
acc90/semi70,gsm8k/150,1,213,30
acc90/semi70,gsm8k/151,1,312,68
acc90/semi70,gsm8k/152,1,254,47
acc90/semi70,gsm8k/153,1,204,53
acc90/semi70,gsm8k/154,1,168,17
acc90/semi70,gsm8k/155,0,185,30
acc90/semi70,gsm8k/156,1,283,41
acc90/semi70,gsm8k/157,1,212,34
acc90/semi70,gsm8k/158,1,240,45
acc90/semi70,gsm8k/159,1,346,48
acc90/semi70,gsm8k/160,1,160,24
acc90/semi70,gsm8k/161,0,205,52
acc90/semi70,gsm8k/162,1,226,43
acc90/semi70,gsm8k/163,1,249,36
acc90/semi70,gsm8k/164,1,394,48
acc90/semi70,gsm8k/165,1,341,49
acc90/semi70,gsm8k/166,1,173,23
acc90/semi70,gsm8k/167,1,178,19
acc90/semi70,gsm8k/168,1,449,106
acc90/semi70,gsm8k/169,1,275,41
acc90/semi70,gsm8k/170,1,475,84
acc90/semi70,gsm8k/171,1,239,51
acc90/semi70,gsm8k/172,1,214,37
acc90/semi70,gsm8k/173,1,307,39
acc90/semi70,gsm8k/174,1,239,46
acc90/semi70,gsm8k/175,1,319,72
acc90/semi70,gsm8k/176,1,283,52
acc90/semi70,gsm8k/177,1,148,21
acc90/semi70,gsm8k/178,1,303,62
acc90/semi70,gsm8k/179,1,263,42
acc90/semi70,gsm8k/180,1,132,21
acc90/semi70,gsm8k/181,1,198,37
acc90/semi70,gsm8k/182,1,256,49
acc90/semi70,gsm8k/183,1,250,38
acc90/semi70,gsm8k/184,1,382,69
acc90/semi70,gsm8k/185,1,228,31
acc90/semi70,gsm8k/186,0,200,41
acc90/semi70,gsm8k/187,1,200,30
acc90/semi70,gsm8k/188,1,332,45
acc90/semi70,gsm8k/189,1,212,31
acc90/semi70,gsm8k/190,1,396,53
acc90/semi70,gsm8k/191,1,298,68
acc90/semi70,gsm8k/192,1,253,54
acc90/semi70,gsm8k/193,1,191,36
acc90/semi70,gsm8k/194,1,110,18
acc90/semi70,gsm8k/195,1,384,79
acc90/semi70,gsm8k/196,1,240,37
acc90/semi70,gsm8k/197,1,484,43
acc90/semi70,gsm8k/198,0,268,53
acc90/semi70,gsm8k/199,1,132,19
acc90/semi70,gsm8k/200,1,267,43
acc90/semi70,gsm8k/201,1,217,27
acc90/semi70,gsm8k/202,1,131,23
acc90/semi70,gsm8k/203,1,192,39
acc90/semi70,gsm8k/204,1,206,36
acc90/semi70,gsm8k/205,1,422,71
acc90/semi70,gsm8k/206,1,232,48
acc90/semi70,gsm8k/207,1,303,37
acc90/semi70,gsm8k/208,1,181,23
acc90/semi70,gsm8k/209,0,291,45
acc90/semi70,gsm8k/210,1,847,232
acc90/semi70,gsm8k/211,1,195,33
acc90/semi70,gsm8k/212,1,196,27
acc90/semi70,gsm8k/213,1,293,45
acc90/semi70,gsm8k/214,1,116,18
acc90/semi70,gsm8k/215,1,352,79
acc90/semi70,gsm8k/216,1,310,39
acc90/semi70,gsm8k/217,0,235,41
acc90/semi70,gsm8k/218,1,294,68
acc90/semi70,gsm8k/219,1,193,31
acc90/semi70,gsm8k/220,1,189,27
acc90/semi70,gsm8k/221,1,217,18
acc90/semi70,gsm8k/222,1,154,24
acc90/semi70,gsm8k/223,1,291,46
acc90/semi70,gsm8k/224,1,177,29
acc90/semi70,gsm8k/225,1,1113,410
acc90/semi70,gsm8k/226,1,116,21
acc90/semi70,gsm8k/227,1,359,48
acc90/semi70,gsm8k/228,1,229,43
acc90/semi70,gsm8k/229,0,363,86
acc90/semi70,gsm8k/230,0,373,105
acc90/semi70,gsm8k/231,1,221,26
acc90/semi70,gsm8k/232,1,196,36
acc90/semi70,gsm8k/233,1,190,19
acc90/semi70,gsm8k/234,1,207,32
acc90/semi70,gsm8k/235,1,268,41
acc90/semi70,gsm8k/236,1,189,32
acc90/semi70,gsm8k/237,1,204,24
acc90/semi70,gsm8k/238,1,258,53
acc90/semi70,gsm8k/239,1,155,28
acc90/semi70,gsm8k/240,1,242,59
acc90/semi70,gsm8k/241,1,163,20
acc90/semi70,gsm8k/242,1,283,57
acc90/semi70,gsm8k/243,1,254,49
acc90/semi70,gsm8k/244,1,133,25
acc90/semi70,gsm8k/245,1,210,23
acc90/semi70,gsm8k/246,1,196,28
acc90/semi70,gsm8k/247,1,284,54
acc90/semi70,gsm8k/248,1,174,18
acc90/semi70,gsm8k/249,1,155,25
acc90/semi70,gsm8k/250,1,250,31
acc90/semi70,gsm8k/251,1,274,33
acc90/semi70,gsm8k/252,1,448,127
acc90/semi70,gsm8k/253,1,237,28
acc90/semi70,gsm8k/254,1,249,24
acc90/semi70,gsm8k/255,1,293,52
acc90/semi70,math500/0,1,401,76
acc90/semi70,math500/1,1,728,100
acc90/semi70,math500/2,1,408,31
acc90/semi70,math500/3,1,356,48
acc90/semi70,math500/4,0,678,85
acc90/semi70,math500/5,1,313,60
acc90/semi70,math500/6,1,652,155
acc90/semi70,math500/7,0,1017,128
acc90/semi70,math500/8,1,341,27
acc90/semi70,math500/9,0,3927,690
acc90/semi70,math500/10,1,2846,929
acc90/semi70,math500/11,0,4011,788
acc90/semi70,math500/12,1,655,95
acc90/semi70,math500/13,1,270,23
acc90/semi70,math500/14,0,295,63
acc90/semi70,math500/15,1,910,115
acc90/semi70,math500/16,1,259,41
acc90/semi70,math500/17,1,2064,462
acc90/semi70,math500/18,0,3562,1024
acc90/semi70,math500/19,1,1343,262
acc90/semi70,math500/20,1,140,17
acc90/semi70,math500/21,1,1499,274
acc90/semi70,math500/22,1,1636,382
acc90/semi70,math500/23,1,553,55
acc90/semi70,math500/24,1,800,134
acc90/semi70,math500/25,0,1867,276
acc90/semi70,math500/26,0,3762,1024
acc90/semi70,math500/27,1,286,49
acc90/semi70,math500/28,1,255,55
acc90/semi70,math500/29,1,379,66
acc90/semi70,math500/30,1,237,26
acc90/semi70,math500/31,1,280,44
acc90/semi70,math500/32,0,3219,1024
acc90/semi70,math500/33,1,1015,137
acc90/semi70,math500/34,1,736,58
acc90/semi70,math500/35,1,391,41
acc90/semi70,math500/36,1,992,104
acc90/semi70,math500/37,1,276,71
acc90/semi70,math500/38,1,188,23
acc90/semi70,math500/39,1,557,84
acc90/semi70,math500/40,1,264,29
acc90/semi70,math500/41,0,4021,806
acc90/semi70,math500/42,1,306,36
acc90/semi70,math500/43,0,3988,816
acc90/semi70,math500/44,0,447,88
acc90/semi70,math500/45,1,352,74
acc90/semi70,math500/46,1,2654,606
acc90/semi70,math500/47,1,534,56
acc90/semi70,math500/48,1,236,32
acc90/semi70,math500/49,1,318,46
acc90/semi70,math500/50,1,1235,222
acc90/semi70,math500/51,0,766,130
acc90/semi70,math500/52,1,320,30
acc90/semi70,math500/53,1,304,55
acc90/semi70,math500/54,1,226,37
acc90/semi70,math500/55,1,324,58
acc90/semi70,math500/56,1,240,30
acc90/semi70,math500/57,1,345,32
acc90/semi70,math500/58,1,245,18
acc90/semi70,math500/59,1,397,31
acc90/semi70,math500/60,0,4019,657
acc90/semi70,math500/61,0,758,127
acc90/semi70,math500/62,1,991,141
acc90/semi70,math500/63,1,1069,159
acc90/semi70,math500/64,0,4007,688
acc90/semi70,math500/65,1,193,35
acc90/semi70,math500/66,1,464,62
acc90/semi70,math500/67,0,438,60
acc90/semi70,math500/68,1,860,189
acc90/semi70,math500/69,1,444,79
acc90/semi70,math500/70,1,491,64
acc90/semi70,math500/71,0,639,113
acc90/semi70,math500/72,1,442,45
acc90/semi70,math500/73,1,325,30
acc90/semi70,math500/74,1,418,55
acc90/semi70,math500/75,1,470,92
acc90/semi70,math500/76,1,506,104
acc90/semi70,math500/77,1,195,16
acc90/semi70,math500/78,1,913,152
acc90/semi70,math500/79,1,199,15
acc90/semi70,math500/80,0,3897,1024
acc90/semi70,math500/81,1,1352,320
acc90/semi70,math500/82,1,919,193
acc90/semi70,math500/83,1,835,161
acc90/semi70,math500/84,1,831,112
acc90/semi70,math500/85,0,4010,588
acc90/semi70,math500/86,1,241,43
acc90/semi70,math500/87,1,624,77
acc90/semi70,math500/88,0,3986,909
acc90/semi70,math500/89,0,1329,226
acc90/semi70,math500/90,1,205,36
acc90/semi70,math500/91,1,467,82
acc90/semi70,math500/92,1,726,92
acc90/semi70,math500/93,1,562,47
acc90/semi70,math500/94,0,3704,840
acc90/semi70,math500/95,0,573,40
acc90/semi70,math500/96,0,3967,750
acc90/semi70,math500/97,0,381,134
acc90/semi70,math500/98,1,141,23
acc90/semi70,math500/99,0,1225,142
acc90/semi70,math500/100,0,3855,853
acc90/semi70,math500/101,0,3918,890
acc90/semi70,math500/102,0,257,34
acc90/semi70,math500/103,0,3965,617
acc90/semi70,math500/104,0,3990,545
acc90/semi70,math500/105,1,329,44
acc90/semi70,math500/106,1,434,48
acc90/semi70,math500/107,0,612,106
acc90/semi70,math500/108,1,3353,818
acc90/semi70,math500/109,1,1437,165
acc90/semi70,math500/110,0,3959,829
acc90/semi70,math500/111,1,383,40
acc90/semi70,math500/112,1,968,144
acc90/semi70,math500/113,1,270,18
acc90/semi70,math500/114,1,721,77
acc90/semi70,math500/115,1,417,64
acc90/semi70,math500/116,1,213,13
acc90/semi70,math500/117,1,227,14
acc90/semi70,math500/118,1,1216,141
acc90/semi70,math500/119,0,3916,553
acc90/semi70,math500/120,0,4016,622
acc90/semi70,math500/121,1,245,31
acc90/semi70,math500/122,1,304,39
acc90/semi70,math500/123,0,3805,911
acc90/semi70,math500/124,0,676,89
acc90/semi70,math500/125,1,347,38
acc90/semi70,math500/126,0,4003,698
acc90/semi70,math500/127,0,347,50
acc90/semi70,math500/128,0,3919,1024
acc90/semi70,math500/129,1,4015,780
acc90/semi70,math500/130,1,987,176
acc90/semi70,math500/131,1,426,29
acc90/semi70,math500/132,1,379,46
acc90/semi70,math500/133,1,391,49
acc90/semi70,math500/134,1,737,117
acc90/semi70,math500/135,1,470,45
acc90/semi70,math500/136,1,3151,714
acc90/semi70,math500/137,1,393,48
acc90/semi70,math500/138,1,1049,357
acc90/semi70,math500/139,1,2049,381
acc90/semi70,math500/140,1,726,109
acc90/semi70,math500/141,1,647,218
acc90/semi70,math500/142,1,495,112
acc90/semi70,math500/143,1,738,63
acc90/semi70,math500/144,1,246,21
acc90/semi70,math500/145,1,1624,353
acc90/semi70,math500/146,1,259,33
acc90/semi70,math500/147,1,2969,581
acc90/semi70,math500/148,1,170,22
acc90/semi70,math500/149,1,994,131
acc90/semi70,math500/150,0,3112,421
acc90/semi70,math500/151,1,971,174
acc90/semi70,math500/152,1,2251,357
acc90/semi70,math500/153,1,841,227
acc90/semi70,math500/154,0,3322,1024
acc90/semi70,math500/155,1,739,165
acc90/semi70,math500/156,0,3857,815
acc90/semi70,math500/157,1,403,33
acc90/semi70,math500/158,1,559,61
acc90/semi70,math500/159,0,429,61
acc90/semi70,math500/160,1,572,78
acc90/semi70,math500/161,1,187,25
acc90/semi70,math500/162,1,567,75
acc90/semi70,math500/163,1,3093,625
acc90/semi70,math500/164,1,2571,431
acc90/semi70,math500/165,0,3995,711
acc90/semi70,math500/166,0,3755,1024
acc90/semi70,math500/167,1,209,18
acc90/semi70,math500/168,0,3397,871
acc90/semi70,math500/169,1,572,72
acc90/semi70,math500/170,1,2270,279
acc90/semi70,math500/171,1,235,23
acc90/semi70,math500/172,1,444,34
acc90/semi70,math500/173,1,1675,346
acc90/semi70,math500/174,1,450,53
acc90/semi70,math500/175,1,1544,274
acc90/semi70,math500/176,0,464,83
acc90/semi70,math500/177,0,3721,1024
acc90/semi70,math500/178,1,276,31
acc90/semi70,math500/179,1,1032,121
acc90/semi70,math500/180,1,557,101
acc90/semi70,math500/181,1,468,72
acc90/semi70,math500/182,1,236,35
acc90/semi70,math500/183,1,1065,199
acc90/semi70,math500/184,0,4021,842
acc90/semi70,math500/185,1,185,18
acc90/semi70,math500/186,1,585,120
acc90/semi70,math500/187,0,463,64
acc90/semi70,math500/188,1,2278,535
acc90/semi70,math500/189,0,3572,708
acc90/semi70,math500/190,1,509,117
acc90/semi70,math500/191,1,180,17
acc90/semi70,math500/192,1,631,96
acc90/semi70,math500/193,1,657,124
acc90/semi70,math500/194,1,2551,556
acc90/semi70,math500/195,1,523,76
acc90/semi70,math500/196,1,250,29
acc90/semi70,math500/197,0,953,109
acc90/semi70,math500/198,1,380,81
acc90/semi70,math500/199,1,259,25
acc90/semi70,math500/200,1,383,34
acc90/semi70,math500/201,1,841,111
acc90/semi70,math500/202,1,964,199
acc90/semi70,math500/203,1,562,69
acc90/semi70,math500/204,0,3856,1024
acc90/semi70,math500/205,1,853,74
acc90/semi70,math500/206,1,363,49
acc90/semi70,math500/207,0,246,40
acc90/semi70,math500/208,1,333,64
acc90/semi70,math500/209,1,812,166
acc90/semi70,math500/210,1,794,160
acc90/semi70,math500/211,1,345,43
acc90/semi70,math500/212,1,440,53
acc90/semi70,math500/213,0,4009,586
acc90/semi70,math500/214,0,943,157
acc90/semi70,math500/215,1,344,38
acc90/semi70,math500/216,1,437,66
acc90/semi70,math500/217,0,3539,1024
acc90/semi70,math500/218,1,283,31
acc90/semi70,math500/219,0,1851,415
acc90/semi70,math500/220,1,422,68
acc90/semi70,math500/221,1,755,120
acc90/semi70,math500/222,0,2816,762
acc90/semi70,math500/223,1,3323,652
acc90/semi70,math500/224,1,1221,194
acc90/semi70,math500/225,1,609,75
acc90/semi70,math500/226,0,379,90
acc90/semi70,math500/227,1,349,89
acc90/semi70,math500/228,0,2050,279
acc90/semi70,math500/229,1,342,81
acc90/semi70,math500/230,1,2093,292
acc90/semi70,math500/231,1,864,111
acc90/semi70,math500/232,1,3673,855
acc90/semi70,math500/233,1,479,67
acc90/semi70,math500/234,1,1281,194
acc90/semi70,math500/235,1,566,45
acc90/semi70,math500/236,1,4023,810
acc90/semi70,math500/237,1,721,86
acc90/semi70,math500/238,1,781,112
acc90/semi70,math500/239,0,3960,681
acc90/semi70,math500/240,0,3836,844
acc90/semi70,math500/241,1,896,105
acc90/semi70,math500/242,1,454,80
acc90/semi70,math500/243,1,320,51
acc90/semi70,math500/244,1,707,113
acc90/semi70,math500/245,1,1466,153
acc90/semi70,math500/246,0,4009,578
acc90/semi70,math500/247,1,687,112
acc90/semi70,math500/248,0,4019,595
acc90/semi70,math500/249,1,2486,478
acc90/semi70,math500/250,1,519,39
acc90/semi70,math500/251,1,876,174
acc90/semi70,math500/252,1,634,57
acc90/semi70,math500/253,1,206,29
acc90/semi70,math500/254,1,373,62
acc90/semi70,math500/255,1,415,54
acc90/semi90,gsm8k/0,1,182,38
acc90/semi90,gsm8k/1,0,212,50
acc90/semi90,gsm8k/2,1,379,44
acc90/semi90,gsm8k/3,1,208,28
acc90/semi90,gsm8k/4,1,267,64
acc90/semi90,gsm8k/5,1,174,23
acc90/semi90,gsm8k/6,1,139,20
acc90/semi90,gsm8k/7,1,239,31
acc90/semi90,gsm8k/8,1,457,82
acc90/semi90,gsm8k/9,0,211,39
acc90/semi90,gsm8k/10,1,400,69
acc90/semi90,gsm8k/11,0,490,78
acc90/semi90,gsm8k/12,1,149,20
acc90/semi90,gsm8k/13,1,325,28
acc90/semi90,gsm8k/14,1,406,84
acc90/semi90,gsm8k/15,1,195,36
acc90/semi90,gsm8k/16,1,219,24
acc90/semi90,gsm8k/17,1,138,15
acc90/semi90,gsm8k/18,1,191,37
acc90/semi90,gsm8k/19,1,244,30
acc90/semi90,gsm8k/20,1,225,28
acc90/semi90,gsm8k/21,1,245,35
acc90/semi90,gsm8k/22,1,285,40
acc90/semi90,gsm8k/23,1,313,55
acc90/semi90,gsm8k/24,1,192,24
acc90/semi90,gsm8k/25,0,280,43
acc90/semi90,gsm8k/26,1,262,52
acc90/semi90,gsm8k/27,1,194,53
acc90/semi90,gsm8k/28,1,219,42
acc90/semi90,gsm8k/29,1,170,25
acc90/semi90,gsm8k/30,1,226,35
acc90/semi90,gsm8k/31,1,339,69
acc90/semi90,gsm8k/32,1,124,20
acc90/semi90,gsm8k/33,1,258,35
acc90/semi90,gsm8k/34,1,400,81
acc90/semi90,gsm8k/35,1,186,26
acc90/semi90,gsm8k/36,1,220,37
acc90/semi90,gsm8k/37,1,185,52
acc90/semi90,gsm8k/38,0,541,174
acc90/semi90,gsm8k/39,1,292,55
acc90/semi90,gsm8k/40,1,272,52
acc90/semi90,gsm8k/41,1,333,62
acc90/semi90,gsm8k/42,1,327,40
acc90/semi90,gsm8k/43,1,210,33
acc90/semi90,gsm8k/44,1,303,53
acc90/semi90,gsm8k/45,1,119,20
acc90/semi90,gsm8k/46,1,222,37
acc90/semi90,gsm8k/47,1,126,18
acc90/semi90,gsm8k/48,1,173,47
acc90/semi90,gsm8k/49,0,415,113
acc90/semi90,gsm8k/50,0,268,101
acc90/semi90,gsm8k/51,1,147,23
acc90/semi90,gsm8k/52,1,192,30
acc90/semi90,gsm8k/53,1,129,23
acc90/semi90,gsm8k/54,1,297,49
acc90/semi90,gsm8k/55,1,176,41
acc90/semi90,gsm8k/56,1,334,34
acc90/semi90,gsm8k/57,1,147,25
acc90/semi90,gsm8k/58,1,164,18
acc90/semi90,gsm8k/59,1,209,37
acc90/semi90,gsm8k/60,1,182,27
acc90/semi90,gsm8k/61,1,173,19
acc90/semi90,gsm8k/62,1,229,35
acc90/semi90,gsm8k/63,1,147,30
acc90/semi90,gsm8k/64,1,496,92
acc90/semi90,gsm8k/65,1,218,26
acc90/semi90,gsm8k/66,1,304,50
acc90/semi90,gsm8k/67,1,261,65
acc90/semi90,gsm8k/68,1,331,69
acc90/semi90,gsm8k/69,1,198,22
acc90/semi90,gsm8k/70,1,403,62
acc90/semi90,gsm8k/71,1,330,42
acc90/semi90,gsm8k/72,1,258,29
acc90/semi90,gsm8k/73,1,225,37
acc90/semi90,gsm8k/74,1,152,24
acc90/semi90,gsm8k/75,1,481,120
acc90/semi90,gsm8k/76,1,229,31
acc90/semi90,gsm8k/77,0,3997,996
acc90/semi90,gsm8k/78,1,272,45
acc90/semi90,gsm8k/79,1,316,50
acc90/semi90,gsm8k/80,0,236,38
acc90/semi90,gsm8k/81,1,319,48
acc90/semi90,gsm8k/82,1,144,15
acc90/semi90,gsm8k/83,1,260,57
acc90/semi90,gsm8k/84,1,144,26
acc90/semi90,gsm8k/85,1,253,46
acc90/semi90,gsm8k/86,1,352,80
acc90/semi90,gsm8k/87,1,209,22
acc90/semi90,gsm8k/88,1,184,30
acc90/semi90,gsm8k/89,1,161,23
acc90/semi90,gsm8k/90,1,214,16
acc90/semi90,gsm8k/91,1,434,62
acc90/semi90,gsm8k/92,1,197,36
acc90/semi90,gsm8k/93,1,151,19
acc90/semi90,gsm8k/94,1,187,48
acc90/semi90,gsm8k/95,1,256,35
acc90/semi90,gsm8k/96,0,252,71
acc90/semi90,gsm8k/97,1,186,51
acc90/semi90,gsm8k/98,1,189,42
acc90/semi90,gsm8k/99,1,177,26
acc90/semi90,gsm8k/100,1,339,114
acc90/semi90,gsm8k/101,1,266,53
acc90/semi90,gsm8k/102,1,346,57
acc90/semi90,gsm8k/103,1,169,30
acc90/semi90,gsm8k/104,1,171,52
acc90/semi90,gsm8k/105,1,326,43
acc90/semi90,gsm8k/106,1,255,39
acc90/semi90,gsm8k/107,1,324,59
acc90/semi90,gsm8k/108,1,184,37
acc90/semi90,gsm8k/109,1,339,56
acc90/semi90,gsm8k/110,1,198,17
acc90/semi90,gsm8k/111,1,146,20
acc90/semi90,gsm8k/112,1,279,62
acc90/semi90,gsm8k/113,1,242,45
acc90/semi90,gsm8k/114,1,192,21
acc90/semi90,gsm8k/115,1,173,21
acc90/semi90,gsm8k/116,0,528,129
acc90/semi90,gsm8k/117,1,313,49
acc90/semi90,gsm8k/118,1,297,55
acc90/semi90,gsm8k/119,1,326,42
acc90/semi90,gsm8k/120,1,112,23
acc90/semi90,gsm8k/121,1,448,94
acc90/semi90,gsm8k/122,1,177,14
acc90/semi90,gsm8k/123,1,524,112
acc90/semi90,gsm8k/124,1,185,26
acc90/semi90,gsm8k/125,1,162,25
acc90/semi90,gsm8k/126,1,278,73
acc90/semi90,gsm8k/127,1,228,27
acc90/semi90,gsm8k/128,1,647,102
acc90/semi90,gsm8k/129,1,248,63
acc90/semi90,gsm8k/130,1,316,67
acc90/semi90,gsm8k/131,0,1150,270
acc90/semi90,gsm8k/132,1,223,46
acc90/semi90,gsm8k/133,1,280,43
acc90/semi90,gsm8k/134,1,193,25
acc90/semi90,gsm8k/135,1,361,63
acc90/semi90,gsm8k/136,1,566,74
acc90/semi90,gsm8k/137,0,218,39
acc90/semi90,gsm8k/138,0,286,67
acc90/semi90,gsm8k/139,1,263,38
acc90/semi90,gsm8k/140,1,226,39
acc90/semi90,gsm8k/141,1,187,39
acc90/semi90,gsm8k/142,1,162,26
acc90/semi90,gsm8k/143,1,316,49
acc90/semi90,gsm8k/144,1,487,82
acc90/semi90,gsm8k/145,1,176,41
acc90/semi90,gsm8k/146,1,309,36
acc90/semi90,gsm8k/147,1,165,23
acc90/semi90,gsm8k/148,1,289,87
acc90/semi90,gsm8k/149,1,257,65
acc90/semi90,gsm8k/150,1,213,33
acc90/semi90,gsm8k/151,1,338,70
acc90/semi90,gsm8k/152,1,254,47
acc90/semi90,gsm8k/153,1,210,44
acc90/semi90,gsm8k/154,1,167,22
acc90/semi90,gsm8k/155,0,188,33
acc90/semi90,gsm8k/156,1,275,32
acc90/semi90,gsm8k/157,0,205,39
acc90/semi90,gsm8k/158,1,249,46
acc90/semi90,gsm8k/159,0,363,50
acc90/semi90,gsm8k/160,1,162,25
acc90/semi90,gsm8k/161,1,227,38
acc90/semi90,gsm8k/162,1,235,32
acc90/semi90,gsm8k/163,1,229,33
acc90/semi90,gsm8k/164,1,402,52
acc90/semi90,gsm8k/165,1,340,50
acc90/semi90,gsm8k/166,1,167,20
acc90/semi90,gsm8k/167,1,144,19
acc90/semi90,gsm8k/168,0,517,190
acc90/semi90,gsm8k/169,1,269,35
acc90/semi90,gsm8k/170,1,494,76
acc90/semi90,gsm8k/171,1,266,59
acc90/semi90,gsm8k/172,1,217,46
acc90/semi90,gsm8k/173,1,301,45
acc90/semi90,gsm8k/174,1,231,45
acc90/semi90,gsm8k/175,1,239,51
acc90/semi90,gsm8k/176,1,264,52
acc90/semi90,gsm8k/177,1,147,19
acc90/semi90,gsm8k/178,1,306,58
acc90/semi90,gsm8k/179,1,256,44
acc90/semi90,gsm8k/180,1,128,23
acc90/semi90,gsm8k/181,1,217,37
acc90/semi90,gsm8k/182,1,254,34
acc90/semi90,gsm8k/183,1,249,42
acc90/semi90,gsm8k/184,1,399,82
acc90/semi90,gsm8k/185,1,222,28
acc90/semi90,gsm8k/186,1,218,40
acc90/semi90,gsm8k/187,1,178,27
acc90/semi90,gsm8k/188,1,413,48
acc90/semi90,gsm8k/189,1,218,34
acc90/semi90,gsm8k/190,1,330,44
acc90/semi90,gsm8k/191,1,269,59
acc90/semi90,gsm8k/192,1,243,57
acc90/semi90,gsm8k/193,1,199,36
acc90/semi90,gsm8k/194,1,104,24
acc90/semi90,gsm8k/195,1,381,72
acc90/semi90,gsm8k/196,1,253,43
acc90/semi90,gsm8k/197,1,476,47
acc90/semi90,gsm8k/198,0,288,62
acc90/semi90,gsm8k/199,1,137,21
acc90/semi90,gsm8k/200,1,277,55
acc90/semi90,gsm8k/201,1,213,25
acc90/semi90,gsm8k/202,1,122,21
acc90/semi90,gsm8k/203,1,193,38
acc90/semi90,gsm8k/204,1,242,47
acc90/semi90,gsm8k/205,1,376,54
acc90/semi90,gsm8k/206,1,209,46
acc90/semi90,gsm8k/207,1,302,41
acc90/semi90,gsm8k/208,1,185,15
acc90/semi90,gsm8k/209,1,178,47
acc90/semi90,gsm8k/210,1,415,99
acc90/semi90,gsm8k/211,1,184,31
acc90/semi90,gsm8k/212,1,168,30
acc90/semi90,gsm8k/213,1,216,41
acc90/semi90,gsm8k/214,1,116,16
acc90/semi90,gsm8k/215,1,339,66
acc90/semi90,gsm8k/216,1,339,46
acc90/semi90,gsm8k/217,1,261,38
acc90/semi90,gsm8k/218,1,336,83
acc90/semi90,gsm8k/219,1,203,40
acc90/semi90,gsm8k/220,1,189,30
acc90/semi90,gsm8k/221,1,217,18
acc90/semi90,gsm8k/222,1,156,23
acc90/semi90,gsm8k/223,1,276,43
acc90/semi90,gsm8k/224,1,185,34
acc90/semi90,gsm8k/225,0,1130,439
acc90/semi90,gsm8k/226,1,113,21
acc90/semi90,gsm8k/227,1,273,38
acc90/semi90,gsm8k/228,1,281,51
acc90/semi90,gsm8k/229,1,319,51
acc90/semi90,gsm8k/230,0,441,109
acc90/semi90,gsm8k/231,1,228,38
acc90/semi90,gsm8k/232,1,233,29
acc90/semi90,gsm8k/233,1,192,19
acc90/semi90,gsm8k/234,1,205,29
acc90/semi90,gsm8k/235,1,268,40
acc90/semi90,gsm8k/236,1,181,37
acc90/semi90,gsm8k/237,1,207,27
acc90/semi90,gsm8k/238,1,246,44
acc90/semi90,gsm8k/239,1,151,23
acc90/semi90,gsm8k/240,1,236,45
acc90/semi90,gsm8k/241,1,165,20
acc90/semi90,gsm8k/242,1,315,68
acc90/semi90,gsm8k/243,1,257,46
acc90/semi90,gsm8k/244,1,134,20
acc90/semi90,gsm8k/245,1,210,24
acc90/semi90,gsm8k/246,1,196,33
acc90/semi90,gsm8k/247,1,269,59
acc90/semi90,gsm8k/248,1,170,22
acc90/semi90,gsm8k/249,1,156,30
acc90/semi90,gsm8k/250,1,257,36
acc90/semi90,gsm8k/251,1,304,30
acc90/semi90,gsm8k/252,1,337,103
acc90/semi90,gsm8k/253,1,235,30
acc90/semi90,gsm8k/254,1,249,23
acc90/semi90,gsm8k/255,1,301,53
acc90/semi90,math500/0,1,412,88
acc90/semi90,math500/1,1,668,102
acc90/semi90,math500/2,1,407,28
acc90/semi90,math500/3,1,348,49
acc90/semi90,math500/4,1,886,222
acc90/semi90,math500/5,1,374,84
acc90/semi90,math500/6,1,732,139
acc90/semi90,math500/7,0,1641,254
acc90/semi90,math500/8,1,341,26
acc90/semi90,math500/9,0,3319,1024
acc90/semi90,math500/10,1,1542,421
acc90/semi90,math500/11,1,3764,661
acc90/semi90,math500/12,1,738,89
acc90/semi90,math500/13,1,303,27
acc90/semi90,math500/14,0,391,69
acc90/semi90,math500/15,1,792,100
acc90/semi90,math500/16,1,284,36
acc90/semi90,math500/17,1,3835,955
acc90/semi90,math500/18,0,3178,1024
acc90/semi90,math500/19,0,4024,848
acc90/semi90,math500/20,1,152,19
acc90/semi90,math500/21,1,2365,365
acc90/semi90,math500/22,1,2574,669
acc90/semi90,math500/23,1,554,71
acc90/semi90,math500/24,1,1053,131
acc90/semi90,math500/25,0,1586,246
acc90/semi90,math500/26,1,2930,1024
acc90/semi90,math500/27,1,315,45
acc90/semi90,math500/28,1,260,51
acc90/semi90,math500/29,1,408,56
acc90/semi90,math500/30,1,222,26
acc90/semi90,math500/31,1,251,64
acc90/semi90,math500/32,1,439,105
acc90/semi90,math500/33,1,1020,134
acc90/semi90,math500/34,0,734,60
acc90/semi90,math500/35,1,391,39
acc90/semi90,math500/36,1,990,100
acc90/semi90,math500/37,1,340,102
acc90/semi90,math500/38,1,188,23
acc90/semi90,math500/39,1,634,82
acc90/semi90,math500/40,1,264,29
acc90/semi90,math500/41,0,4021,831
acc90/semi90,math500/42,1,306,37
acc90/semi90,math500/43,0,3988,533
acc90/semi90,math500/44,1,466,64
acc90/semi90,math500/45,1,421,83
acc90/semi90,math500/46,0,4029,938
acc90/semi90,math500/47,1,565,79
acc90/semi90,math500/48,1,240,39
acc90/semi90,math500/49,1,331,43
acc90/semi90,math500/50,0,2782,525
acc90/semi90,math500/51,1,716,99
acc90/semi90,math500/52,1,320,29
acc90/semi90,math500/53,1,420,89
acc90/semi90,math500/54,1,211,34
acc90/semi90,math500/55,1,376,85
acc90/semi90,math500/56,1,356,58
acc90/semi90,math500/57,1,313,25
acc90/semi90,math500/58,1,245,17
acc90/semi90,math500/59,1,390,35
acc90/semi90,math500/60,0,4019,768
acc90/semi90,math500/61,1,2286,567
acc90/semi90,math500/62,1,2823,457
acc90/semi90,math500/63,1,1658,251
acc90/semi90,math500/64,1,2100,239
acc90/semi90,math500/65,1,199,38
acc90/semi90,math500/66,1,384,53
acc90/semi90,math500/67,0,419,60
acc90/semi90,math500/68,1,1022,207
acc90/semi90,math500/69,1,592,93
acc90/semi90,math500/70,1,331,31
acc90/semi90,math500/71,0,624,120
acc90/semi90,math500/72,1,411,45
acc90/semi90,math500/73,1,270,35
acc90/semi90,math500/74,1,437,54
acc90/semi90,math500/75,1,543,105
acc90/semi90,math500/76,1,993,296
acc90/semi90,math500/77,1,195,16
acc90/semi90,math500/78,1,1454,235
acc90/semi90,math500/79,1,199,14
acc90/semi90,math500/80,0,4025,1014
acc90/semi90,math500/81,1,542,85
acc90/semi90,math500/82,1,3986,854
acc90/semi90,math500/83,1,1138,236
acc90/semi90,math500/84,0,4015,947
acc90/semi90,math500/85,1,446,82
acc90/semi90,math500/86,1,241,36
acc90/semi90,math500/87,1,622,84
acc90/semi90,math500/88,0,3986,1006
acc90/semi90,math500/89,1,885,114
acc90/semi90,math500/90,1,207,52
acc90/semi90,math500/91,1,413,60
acc90/semi90,math500/92,1,930,127
acc90/semi90,math500/93,1,562,52
acc90/semi90,math500/94,0,652,151
acc90/semi90,math500/95,1,563,40
acc90/semi90,math500/96,0,3967,589
acc90/semi90,math500/97,0,316,98
acc90/semi90,math500/98,1,129,19
acc90/semi90,math500/99,0,1834,222
acc90/semi90,math500/100,0,3855,923
acc90/semi90,math500/101,0,3918,724
acc90/semi90,math500/102,0,243,49
acc90/semi90,math500/103,0,3965,789
acc90/semi90,math500/104,0,3990,613
acc90/semi90,math500/105,1,368,52
acc90/semi90,math500/106,1,420,57
acc90/semi90,math500/107,1,637,129
acc90/semi90,math500/108,0,3731,1024
acc90/semi90,math500/109,1,3932,796
acc90/semi90,math500/110,0,3959,742
acc90/semi90,math500/111,1,352,43
acc90/semi90,math500/112,1,820,99
acc90/semi90,math500/113,1,299,21
acc90/semi90,math500/114,1,777,80
acc90/semi90,math500/115,1,453,72
acc90/semi90,math500/116,1,213,13
acc90/semi90,math500/117,1,227,14
acc90/semi90,math500/118,1,1364,183
acc90/semi90,math500/119,1,3916,753
acc90/semi90,math500/120,1,2342,515
acc90/semi90,math500/121,1,245,31
acc90/semi90,math500/122,1,322,40
acc90/semi90,math500/123,0,3805,962
acc90/semi90,math500/124,1,681,100
acc90/semi90,math500/125,1,334,34
acc90/semi90,math500/126,1,3355,688
acc90/semi90,math500/127,0,404,58
acc90/semi90,math500/128,0,567,147
acc90/semi90,math500/129,1,3367,567
acc90/semi90,math500/130,1,941,210
acc90/semi90,math500/131,1,423,36
acc90/semi90,math500/132,1,388,45
acc90/semi90,math500/133,1,407,55
acc90/semi90,math500/134,1,678,94
acc90/semi90,math500/135,1,495,63
acc90/semi90,math500/136,0,3973,968
acc90/semi90,math500/137,1,411,41
acc90/semi90,math500/138,1,1283,487
acc90/semi90,math500/139,1,1153,227
acc90/semi90,math500/140,1,713,114
acc90/semi90,math500/141,1,387,129
acc90/semi90,math500/142,1,536,128
acc90/semi90,math500/143,1,706,65
acc90/semi90,math500/144,1,244,19
acc90/semi90,math500/145,1,4015,616
acc90/semi90,math500/146,1,260,30
acc90/semi90,math500/147,0,4022,792
acc90/semi90,math500/148,1,245,29
acc90/semi90,math500/149,1,1031,139
acc90/semi90,math500/150,0,2379,282
acc90/semi90,math500/151,1,670,109
acc90/semi90,math500/152,1,3010,852
acc90/semi90,math500/153,1,836,201
acc90/semi90,math500/154,0,3930,967
acc90/semi90,math500/155,1,506,88
acc90/semi90,math500/156,1,3857,715
acc90/semi90,math500/157,1,404,40
acc90/semi90,math500/158,1,604,69
acc90/semi90,math500/159,1,426,47
acc90/semi90,math500/160,1,566,65
acc90/semi90,math500/161,1,187,23
acc90/semi90,math500/162,1,586,69
acc90/semi90,math500/163,1,3377,709
acc90/semi90,math500/164,1,2520,452
acc90/semi90,math500/165,1,409,83
acc90/semi90,math500/166,0,3851,724
acc90/semi90,math500/167,1,210,20
acc90/semi90,math500/168,0,2821,1024
acc90/semi90,math500/169,1,561,75
acc90/semi90,math500/170,1,2527,341
acc90/semi90,math500/171,1,237,24
acc90/semi90,math500/172,1,441,36
acc90/semi90,math500/173,0,4018,908
acc90/semi90,math500/174,1,421,53
acc90/semi90,math500/175,1,1407,221
acc90/semi90,math500/176,0,433,88
acc90/semi90,math500/177,1,2291,529
acc90/semi90,math500/178,1,291,34
acc90/semi90,math500/179,1,1028,119
acc90/semi90,math500/180,1,485,79
acc90/semi90,math500/181,1,548,79
acc90/semi90,math500/182,1,213,33
acc90/semi90,math500/183,1,810,131
acc90/semi90,math500/184,1,4021,964
acc90/semi90,math500/185,1,180,17
acc90/semi90,math500/186,1,766,121
acc90/semi90,math500/187,1,470,68
acc90/semi90,math500/188,1,1838,367
acc90/semi90,math500/189,0,3572,833
acc90/semi90,math500/190,1,531,77
acc90/semi90,math500/191,1,181,17
acc90/semi90,math500/192,1,873,149
acc90/semi90,math500/193,1,574,95
acc90/semi90,math500/194,0,4035,783
acc90/semi90,math500/195,1,495,83
acc90/semi90,math500/196,1,249,29
acc90/semi90,math500/197,1,885,113
acc90/semi90,math500/198,1,355,75
acc90/semi90,math500/199,1,267,28
acc90/semi90,math500/200,0,304,43
acc90/semi90,math500/201,1,667,85
acc90/semi90,math500/202,1,779,139
acc90/semi90,math500/203,1,559,59
acc90/semi90,math500/204,0,3472,1024
acc90/semi90,math500/205,1,764,63
acc90/semi90,math500/206,1,406,49
acc90/semi90,math500/207,0,283,40
acc90/semi90,math500/208,1,370,66
acc90/semi90,math500/209,0,4033,804
acc90/semi90,math500/210,1,878,195
acc90/semi90,math500/211,1,345,41
acc90/semi90,math500/212,1,461,55
acc90/semi90,math500/213,0,4009,654
acc90/semi90,math500/214,1,1428,221
acc90/semi90,math500/215,1,330,33
acc90/semi90,math500/216,1,411,58
acc90/semi90,math500/217,0,4051,919
acc90/semi90,math500/218,1,283,31
acc90/semi90,math500/219,0,3352,677
acc90/semi90,math500/220,1,460,101
acc90/semi90,math500/221,1,826,124
acc90/semi90,math500/222,0,3933,710
acc90/semi90,math500/223,1,1423,244
acc90/semi90,math500/224,1,2176,338
acc90/semi90,math500/225,1,294,28
acc90/semi90,math500/226,0,411,127
acc90/semi90,math500/227,1,388,105
acc90/semi90,math500/228,0,1814,206
acc90/semi90,math500/229,1,344,62
acc90/semi90,math500/230,1,1443,177
acc90/semi90,math500/231,1,964,127
acc90/semi90,math500/232,0,4003,860
acc90/semi90,math500/233,1,462,54
acc90/semi90,math500/234,1,1366,193
acc90/semi90,math500/235,1,573,53
acc90/semi90,math500/236,1,4023,798
acc90/semi90,math500/237,1,679,63
acc90/semi90,math500/238,1,764,134
acc90/semi90,math500/239,0,3960,514
acc90/semi90,math500/240,0,3836,813
acc90/semi90,math500/241,1,878,114
acc90/semi90,math500/242,1,479,68
acc90/semi90,math500/243,1,384,62
acc90/semi90,math500/244,1,737,123
acc90/semi90,math500/245,0,1482,152
acc90/semi90,math500/246,0,4009,796
acc90/semi90,math500/247,1,611,91
acc90/semi90,math500/248,1,1915,348
acc90/semi90,math500/249,1,1663,283
acc90/semi90,math500/250,1,518,42
acc90/semi90,math500/251,1,899,235
acc90/semi90,math500/252,1,646,60
acc90/semi90,math500/253,1,223,31
acc90/semi90,math500/254,1,385,54
acc90/semi90,math500/255,1,499,72
acc95/semi70,gsm8k/0,1,170,34
acc95/semi70,gsm8k/1,1,230,61
acc95/semi70,gsm8k/2,1,233,42
acc95/semi70,gsm8k/3,1,208,28
acc95/semi70,gsm8k/4,1,246,62
acc95/semi70,gsm8k/5,1,139,30
acc95/semi70,gsm8k/6,1,139,26
acc95/semi70,gsm8k/7,1,244,40
acc95/semi70,gsm8k/8,1,512,124
acc95/semi70,gsm8k/9,0,186,31
acc95/semi70,gsm8k/10,1,455,108
acc95/semi70,gsm8k/11,1,408,79
acc95/semi70,gsm8k/12,1,149,24
acc95/semi70,gsm8k/13,1,302,39
acc95/semi70,gsm8k/14,1,391,95
acc95/semi70,gsm8k/15,1,191,47
acc95/semi70,gsm8k/16,1,203,21
acc95/semi70,gsm8k/17,1,140,19
acc95/semi70,gsm8k/18,1,190,34
acc95/semi70,gsm8k/19,1,232,30
acc95/semi70,gsm8k/20,1,212,33
acc95/semi70,gsm8k/21,1,256,43
acc95/semi70,gsm8k/22,1,294,53
acc95/semi70,gsm8k/23,1,335,68
acc95/semi70,gsm8k/24,1,190,33
acc95/semi70,gsm8k/25,0,285,62
acc95/semi70,gsm8k/26,1,228,40
acc95/semi70,gsm8k/27,1,195,63
acc95/semi70,gsm8k/28,1,236,62
acc95/semi70,gsm8k/29,1,228,45
acc95/semi70,gsm8k/30,1,178,43
acc95/semi70,gsm8k/31,1,314,76
acc95/semi70,gsm8k/32,1,123,21
acc95/semi70,gsm8k/33,1,262,44
acc95/semi70,gsm8k/34,1,338,76
acc95/semi70,gsm8k/35,1,216,31
acc95/semi70,gsm8k/36,1,226,40
acc95/semi70,gsm8k/37,1,193,70
acc95/semi70,gsm8k/38,0,338,77
acc95/semi70,gsm8k/39,1,289,59
acc95/semi70,gsm8k/40,1,261,57
acc95/semi70,gsm8k/41,1,273,45
acc95/semi70,gsm8k/42,1,367,57
acc95/semi70,gsm8k/43,1,210,43
acc95/semi70,gsm8k/44,1,300,56
acc95/semi70,gsm8k/45,1,120,22
acc95/semi70,gsm8k/46,1,288,67
acc95/semi70,gsm8k/47,1,125,29
acc95/semi70,gsm8k/48,1,170,42
acc95/semi70,gsm8k/49,0,319,77
acc95/semi70,gsm8k/50,0,268,93
acc95/semi70,gsm8k/51,1,150,30
acc95/semi70,gsm8k/52,1,175,48
acc95/semi70,gsm8k/53,1,130,33
acc95/semi70,gsm8k/54,1,319,53
acc95/semi70,gsm8k/55,1,200,55
acc95/semi70,gsm8k/56,1,330,42
acc95/semi70,gsm8k/57,1,146,27
acc95/semi70,gsm8k/58,1,166,20
acc95/semi70,gsm8k/59,1,177,40
acc95/semi70,gsm8k/60,1,179,29
acc95/semi70,gsm8k/61,1,170,24
acc95/semi70,gsm8k/62,1,242,43
acc95/semi70,gsm8k/63,1,148,36
acc95/semi70,gsm8k/64,1,516,111
acc95/semi70,gsm8k/65,0,193,34
acc95/semi70,gsm8k/66,1,302,64
acc95/semi70,gsm8k/67,1,262,60
acc95/semi70,gsm8k/68,1,294,87
acc95/semi70,gsm8k/69,1,189,33
acc95/semi70,gsm8k/70,1,343,74
acc95/semi70,gsm8k/71,1,332,44
acc95/semi70,gsm8k/72,1,262,36
acc95/semi70,gsm8k/73,1,227,44
acc95/semi70,gsm8k/74,1,153,36
acc95/semi70,gsm8k/75,1,357,70
acc95/semi70,gsm8k/76,1,226,38
acc95/semi70,gsm8k/77,0,3997,920
acc95/semi70,gsm8k/78,1,228,48
acc95/semi70,gsm8k/79,1,258,54
acc95/semi70,gsm8k/80,1,255,57
acc95/semi70,gsm8k/81,1,357,68
acc95/semi70,gsm8k/82,1,144,21
acc95/semi70,gsm8k/83,1,287,86
acc95/semi70,gsm8k/84,1,182,49
acc95/semi70,gsm8k/85,1,246,63
acc95/semi70,gsm8k/86,0,438,165
acc95/semi70,gsm8k/87,1,209,24
acc95/semi70,gsm8k/88,1,186,32
acc95/semi70,gsm8k/89,1,172,26
acc95/semi70,gsm8k/90,1,212,19
acc95/semi70,gsm8k/91,1,416,55
acc95/semi70,gsm8k/92,1,187,58
acc95/semi70,gsm8k/93,1,154,25
acc95/semi70,gsm8k/94,1,142,41
acc95/semi70,gsm8k/95,1,257,41
acc95/semi70,gsm8k/96,1,338,112
acc95/semi70,gsm8k/97,1,220,50
acc95/semi70,gsm8k/98,1,203,46
acc95/semi70,gsm8k/99,1,193,22
acc95/semi70,gsm8k/100,1,242,69
acc95/semi70,gsm8k/101,1,321,63
acc95/semi70,gsm8k/102,1,304,80
acc95/semi70,gsm8k/103,1,179,39
acc95/semi70,gsm8k/104,1,131,38
acc95/semi70,gsm8k/105,1,317,54
acc95/semi70,gsm8k/106,1,277,51
acc95/semi70,gsm8k/107,1,399,74
acc95/semi70,gsm8k/108,1,246,45
acc95/semi70,gsm8k/109,1,411,66
acc95/semi70,gsm8k/110,1,194,27
acc95/semi70,gsm8k/111,1,146,24
acc95/semi70,gsm8k/112,1,252,73
acc95/semi70,gsm8k/113,1,225,35
acc95/semi70,gsm8k/114,1,191,29
acc95/semi70,gsm8k/115,1,172,24
acc95/semi70,gsm8k/116,1,512,149
acc95/semi70,gsm8k/117,1,312,74
acc95/semi70,gsm8k/118,1,269,52
acc95/semi70,gsm8k/119,1,324,55
acc95/semi70,gsm8k/120,1,113,25
acc95/semi70,gsm8k/121,0,2393,714
acc95/semi70,gsm8k/122,1,177,17
acc95/semi70,gsm8k/123,1,503,112
acc95/semi70,gsm8k/124,1,185,32
acc95/semi70,gsm8k/125,1,162,33
acc95/semi70,gsm8k/126,1,271,85
acc95/semi70,gsm8k/127,1,223,30
acc95/semi70,gsm8k/128,1,613,88
acc95/semi70,gsm8k/129,1,215,57
acc95/semi70,gsm8k/130,1,214,54
acc95/semi70,gsm8k/131,1,2143,654
acc95/semi70,gsm8k/132,1,209,54
acc95/semi70,gsm8k/133,1,247,52
acc95/semi70,gsm8k/134,1,193,32
acc95/semi70,gsm8k/135,1,395,69
acc95/semi70,gsm8k/136,1,437,75
acc95/semi70,gsm8k/137,0,207,48
acc95/semi70,gsm8k/138,1,285,80
acc95/semi70,gsm8k/139,1,267,48
acc95/semi70,gsm8k/140,1,235,32
acc95/semi70,gsm8k/141,1,218,47
acc95/semi70,gsm8k/142,1,161,26
acc95/semi70,gsm8k/143,1,282,50
acc95/semi70,gsm8k/144,1,494,109
acc95/semi70,gsm8k/145,1,207,54
acc95/semi70,gsm8k/146,1,301,44
acc95/semi70,gsm8k/147,1,137,33
acc95/semi70,gsm8k/148,1,283,63
acc95/semi70,gsm8k/149,1,253,66
acc95/semi70,gsm8k/150,1,214,32
acc95/semi70,gsm8k/151,1,433,107
acc95/semi70,gsm8k/152,1,234,65
acc95/semi70,gsm8k/153,1,203,55
acc95/semi70,gsm8k/154,1,169,22
acc95/semi70,gsm8k/155,0,188,41
acc95/semi70,gsm8k/156,1,293,43
acc95/semi70,gsm8k/157,1,222,47
acc95/semi70,gsm8k/158,1,242,44
acc95/semi70,gsm8k/159,1,304,56
acc95/semi70,gsm8k/160,1,151,34
acc95/semi70,gsm8k/161,1,226,45
acc95/semi70,gsm8k/162,1,210,47
acc95/semi70,gsm8k/163,1,275,53
acc95/semi70,gsm8k/164,1,391,47
acc95/semi70,gsm8k/165,1,279,49
acc95/semi70,gsm8k/166,1,178,25
acc95/semi70,gsm8k/167,1,144,23
acc95/semi70,gsm8k/168,1,449,131
acc95/semi70,gsm8k/169,1,270,39
acc95/semi70,gsm8k/170,1,494,94
acc95/semi70,gsm8k/171,1,281,49
acc95/semi70,gsm8k/172,1,227,64
acc95/semi70,gsm8k/173,1,215,53
acc95/semi70,gsm8k/174,1,267,56
acc95/semi70,gsm8k/175,1,238,59
acc95/semi70,gsm8k/176,1,385,74
acc95/semi70,gsm8k/177,1,147,24
acc95/semi70,gsm8k/178,1,286,62
acc95/semi70,gsm8k/179,1,271,53
acc95/semi70,gsm8k/180,1,135,36
acc95/semi70,gsm8k/181,1,202,44
acc95/semi70,gsm8k/182,1,258,49
acc95/semi70,gsm8k/183,1,233,49
acc95/semi70,gsm8k/184,1,393,92
acc95/semi70,gsm8k/185,1,215,41
acc95/semi70,gsm8k/186,1,232,51
acc95/semi70,gsm8k/187,1,200,36
acc95/semi70,gsm8k/188,1,401,62
acc95/semi70,gsm8k/189,1,214,44
acc95/semi70,gsm8k/190,1,328,47
acc95/semi70,gsm8k/191,1,271,77
acc95/semi70,gsm8k/192,1,240,52
acc95/semi70,gsm8k/193,1,199,44
acc95/semi70,gsm8k/194,1,106,21
acc95/semi70,gsm8k/195,1,369,87
acc95/semi70,gsm8k/196,1,229,41
acc95/semi70,gsm8k/197,1,447,54
acc95/semi70,gsm8k/198,0,279,64
acc95/semi70,gsm8k/199,1,131,27
acc95/semi70,gsm8k/200,1,249,53
acc95/semi70,gsm8k/201,1,226,41
acc95/semi70,gsm8k/202,1,119,29
acc95/semi70,gsm8k/203,1,187,45
acc95/semi70,gsm8k/204,1,201,39
acc95/semi70,gsm8k/205,1,389,59
acc95/semi70,gsm8k/206,1,240,54
acc95/semi70,gsm8k/207,1,302,43
acc95/semi70,gsm8k/208,1,180,27
acc95/semi70,gsm8k/209,1,227,67
acc95/semi70,gsm8k/210,1,334,97
acc95/semi70,gsm8k/211,1,189,37
acc95/semi70,gsm8k/212,1,164,38
acc95/semi70,gsm8k/213,1,212,47
acc95/semi70,gsm8k/214,1,115,21
acc95/semi70,gsm8k/215,1,399,107
acc95/semi70,gsm8k/216,1,284,51
acc95/semi70,gsm8k/217,1,240,42
acc95/semi70,gsm8k/218,1,330,98
acc95/semi70,gsm8k/219,1,217,41
acc95/semi70,gsm8k/220,1,206,25
acc95/semi70,gsm8k/221,1,217,24
acc95/semi70,gsm8k/222,1,157,28
acc95/semi70,gsm8k/223,1,307,55
acc95/semi70,gsm8k/224,1,180,38
acc95/semi70,gsm8k/225,0,378,154
acc95/semi70,gsm8k/226,1,116,23
acc95/semi70,gsm8k/227,1,337,51
acc95/semi70,gsm8k/228,1,228,42
acc95/semi70,gsm8k/229,0,448,102
acc95/semi70,gsm8k/230,0,635,189
acc95/semi70,gsm8k/231,1,219,26
acc95/semi70,gsm8k/232,1,206,51
acc95/semi70,gsm8k/233,1,193,34
acc95/semi70,gsm8k/234,1,222,45
acc95/semi70,gsm8k/235,1,214,51
acc95/semi70,gsm8k/236,1,182,42
acc95/semi70,gsm8k/237,1,209,34
acc95/semi70,gsm8k/238,1,264,62
acc95/semi70,gsm8k/239,1,155,31
acc95/semi70,gsm8k/240,1,223,49
acc95/semi70,gsm8k/241,1,178,21
acc95/semi70,gsm8k/242,1,285,64
acc95/semi70,gsm8k/243,1,246,51
acc95/semi70,gsm8k/244,1,128,29
acc95/semi70,gsm8k/245,1,306,48
acc95/semi70,gsm8k/246,1,178,31
acc95/semi70,gsm8k/247,1,286,60
acc95/semi70,gsm8k/248,1,174,24
acc95/semi70,gsm8k/249,1,151,35
acc95/semi70,gsm8k/250,1,274,46
acc95/semi70,gsm8k/251,1,301,38
acc95/semi70,gsm8k/252,1,301,100
acc95/semi70,gsm8k/253,1,234,32
acc95/semi70,gsm8k/254,1,249,29
acc95/semi70,gsm8k/255,1,300,67
acc95/semi70,math500/0,1,378,96
acc95/semi70,math500/1,1,684,110
acc95/semi70,math500/2,1,403,31
acc95/semi70,math500/3,1,349,63
acc95/semi70,math500/4,0,3710,726
acc95/semi70,math500/5,1,307,58
acc95/semi70,math500/6,1,507,101
acc95/semi70,math500/7,0,3512,831
acc95/semi70,math500/8,1,341,29
acc95/semi70,math500/9,0,3927,693
acc95/semi70,math500/10,1,1205,425
acc95/semi70,math500/11,0,4011,963
acc95/semi70,math500/12,1,722,128
acc95/semi70,math500/13,1,305,38
acc95/semi70,math500/14,0,420,103
acc95/semi70,math500/15,0,1197,242
acc95/semi70,math500/16,1,266,48
acc95/semi70,math500/17,0,3323,1024
acc95/semi70,math500/18,0,3274,1024
acc95/semi70,math500/19,1,1088,246
acc95/semi70,math500/20,1,140,22
acc95/semi70,math500/21,0,1380,291
acc95/semi70,math500/22,1,3465,1024
acc95/semi70,math500/23,1,548,81
acc95/semi70,math500/24,1,613,138
acc95/semi70,math500/25,0,1622,245
acc95/semi70,math500/26,1,1761,598
acc95/semi70,math500/27,1,291,43
acc95/semi70,math500/28,1,263,64
acc95/semi70,math500/29,1,417,91
acc95/semi70,math500/30,1,246,35
acc95/semi70,math500/31,1,269,71
acc95/semi70,math500/32,1,537,166
acc95/semi70,math500/33,1,867,124
acc95/semi70,math500/34,0,817,81
acc95/semi70,math500/35,1,408,49
acc95/semi70,math500/36,1,1026,136
acc95/semi70,math500/37,1,310,87
acc95/semi70,math500/38,1,179,28
acc95/semi70,math500/39,1,435,87
acc95/semi70,math500/40,1,269,24
acc95/semi70,math500/41,0,4021,879
acc95/semi70,math500/42,1,304,42
acc95/semi70,math500/43,0,3764,1024
acc95/semi70,math500/44,1,371,71
acc95/semi70,math500/45,1,216,55
acc95/semi70,math500/46,1,2793,639
acc95/semi70,math500/47,1,541,71
acc95/semi70,math500/48,1,257,43
acc95/semi70,math500/49,1,329,51
acc95/semi70,math500/50,0,1521,359
acc95/semi70,math500/51,1,730,131
acc95/semi70,math500/52,1,321,37
acc95/semi70,math500/53,1,318,62
acc95/semi70,math500/54,1,209,45
acc95/semi70,math500/55,1,352,87
acc95/semi70,math500/56,1,228,32
acc95/semi70,math500/57,1,332,43
acc95/semi70,math500/58,1,245,20
acc95/semi70,math500/59,1,390,37
acc95/semi70,math500/60,0,2699,531
acc95/semi70,math500/61,1,1434,348
acc95/semi70,math500/62,1,919,146
acc95/semi70,math500/63,1,1200,211
acc95/semi70,math500/64,0,4007,658
acc95/semi70,math500/65,1,256,71
acc95/semi70,math500/66,1,413,63
acc95/semi70,math500/67,0,403,68
acc95/semi70,math500/68,1,1338,304
acc95/semi70,math500/69,1,1483,305
acc95/semi70,math500/70,1,329,51
acc95/semi70,math500/71,0,1274,347
acc95/semi70,math500/72,1,403,53
acc95/semi70,math500/73,1,331,42
acc95/semi70,math500/74,1,389,57
acc95/semi70,math500/75,1,523,138
acc95/semi70,math500/76,1,626,192
acc95/semi70,math500/77,1,195,18
acc95/semi70,math500/78,1,1368,316
acc95/semi70,math500/79,1,197,17
acc95/semi70,math500/80,0,3129,1024
acc95/semi70,math500/81,1,565,119
acc95/semi70,math500/82,1,3391,735
acc95/semi70,math500/83,1,1454,395
acc95/semi70,math500/84,1,854,113
acc95/semi70,math500/85,1,462,94
acc95/semi70,math500/86,1,242,40
acc95/semi70,math500/87,1,613,96
acc95/semi70,math500/88,1,1779,453
acc95/semi70,math500/89,1,1027,180
acc95/semi70,math500/90,1,209,43
acc95/semi70,math500/91,1,486,117
acc95/semi70,math500/92,1,805,152
acc95/semi70,math500/93,1,563,62
acc95/semi70,math500/94,0,771,195
acc95/semi70,math500/95,1,565,43
acc95/semi70,math500/96,0,3967,657
acc95/semi70,math500/97,0,328,135
acc95/semi70,math500/98,1,157,26
acc95/semi70,math500/99,0,1178,167
acc95/semi70,math500/100,0,3247,1024
acc95/semi70,math500/101,1,2995,801
acc95/semi70,math500/102,0,241,63
acc95/semi70,math500/103,0,3837,1024
acc95/semi70,math500/104,1,3451,608
acc95/semi70,math500/105,1,404,66
acc95/semi70,math500/106,1,415,67
acc95/semi70,math500/107,0,542,136
acc95/semi70,math500/108,1,2439,602
acc95/semi70,math500/109,1,2306,424
acc95/semi70,math500/110,0,3959,993
acc95/semi70,math500/111,1,340,34
acc95/semi70,math500/112,1,709,98
acc95/semi70,math500/113,1,270,21
acc95/semi70,math500/114,1,777,109
acc95/semi70,math500/115,1,420,65
acc95/semi70,math500/116,1,213,14
acc95/semi70,math500/117,1,227,14
acc95/semi70,math500/118,1,1153,166
acc95/semi70,math500/119,1,2913,1013
acc95/semi70,math500/120,0,4016,933
acc95/semi70,math500/121,1,245,34
acc95/semi70,math500/122,1,316,54
acc95/semi70,math500/123,0,3805,971
acc95/semi70,math500/124,1,668,103
acc95/semi70,math500/125,1,344,41
acc95/semi70,math500/126,0,3971,1024
acc95/semi70,math500/127,0,615,93
acc95/semi70,math500/128,0,301,97
acc95/semi70,math500/129,0,4015,821
acc95/semi70,math500/130,1,1221,323
acc95/semi70,math500/131,1,454,62
acc95/semi70,math500/132,0,403,71
acc95/semi70,math500/133,1,392,74
acc95/semi70,math500/134,1,719,112
acc95/semi70,math500/135,1,496,72
acc95/semi70,math500/136,0,3973,997
acc95/semi70,math500/137,1,396,46
acc95/semi70,math500/138,0,765,315
acc95/semi70,math500/139,1,1110,281
acc95/semi70,math500/140,1,597,130
acc95/semi70,math500/141,1,643,270
acc95/semi70,math500/142,0,500,119
acc95/semi70,math500/143,1,675,65
acc95/semi70,math500/144,1,258,29
acc95/semi70,math500/145,0,4015,989
acc95/semi70,math500/146,1,255,38
acc95/semi70,math500/147,0,3990,1024
acc95/semi70,math500/148,1,195,23
acc95/semi70,math500/149,1,1118,211
acc95/semi70,math500/150,0,2211,291
acc95/semi70,math500/151,1,1131,250
acc95/semi70,math500/152,1,2498,484
acc95/semi70,math500/153,1,865,231
acc95/semi70,math500/154,0,2650,1024
acc95/semi70,math500/155,1,585,128
acc95/semi70,math500/156,0,3857,754
acc95/semi70,math500/157,1,392,45
acc95/semi70,math500/158,1,651,96
acc95/semi70,math500/159,1,426,62
acc95/semi70,math500/160,1,557,91
acc95/semi70,math500/161,1,187,31
acc95/semi70,math500/162,1,550,111
acc95/semi70,math500/163,1,3206,779
acc95/semi70,math500/164,1,3054,611
acc95/semi70,math500/165,1,262,60
acc95/semi70,math500/166,0,3339,1024
acc95/semi70,math500/167,1,219,27
acc95/semi70,math500/168,0,2949,1024
acc95/semi70,math500/169,1,387,61
acc95/semi70,math500/170,0,1886,256
acc95/semi70,math500/171,1,239,28
acc95/semi70,math500/172,1,443,42
acc95/semi70,math500/173,1,3249,903
acc95/semi70,math500/174,1,435,59
acc95/semi70,math500/175,1,1918,386
acc95/semi70,math500/176,0,429,96
acc95/semi70,math500/177,1,2084,412
acc95/semi70,math500/178,1,279,39
acc95/semi70,math500/179,0,1007,129
acc95/semi70,math500/180,1,548,112
acc95/semi70,math500/181,1,334,59
acc95/semi70,math500/182,1,235,39
acc95/semi70,math500/183,1,800,136
acc95/semi70,math500/184,0,4021,1016
acc95/semi70,math500/185,1,184,20
acc95/semi70,math500/186,1,767,198
acc95/semi70,math500/187,0,462,79
acc95/semi70,math500/188,1,1436,251
acc95/semi70,math500/189,0,3572,924
acc95/semi70,math500/190,1,514,104
acc95/semi70,math500/191,1,201,21
acc95/semi70,math500/192,1,1028,209
acc95/semi70,math500/193,1,468,85
acc95/semi70,math500/194,1,3414,832
acc95/semi70,math500/195,1,629,107
acc95/semi70,math500/196,1,258,43
acc95/semi70,math500/197,1,3198,747
acc95/semi70,math500/198,1,372,89
acc95/semi70,math500/199,1,267,29
acc95/semi70,math500/200,1,372,50
acc95/semi70,math500/201,1,1262,229
acc95/semi70,math500/202,1,940,207
acc95/semi70,math500/203,0,1321,265
acc95/semi70,math500/204,1,2896,1024
acc95/semi70,math500/205,1,849,83
acc95/semi70,math500/206,0,377,60
acc95/semi70,math500/207,0,279,50
acc95/semi70,math500/208,1,359,77
acc95/semi70,math500/209,1,495,108
acc95/semi70,math500/210,1,1291,351
acc95/semi70,math500/211,1,356,37
acc95/semi70,math500/212,1,444,75
acc95/semi70,math500/213,1,1286,224
acc95/semi70,math500/214,1,1217,234
acc95/semi70,math500/215,1,336,41
acc95/semi70,math500/216,1,336,54
acc95/semi70,math500/217,0,2867,1024
acc95/semi70,math500/218,1,282,34
acc95/semi70,math500/219,0,3352,861
acc95/semi70,math500/220,1,430,99
acc95/semi70,math500/221,1,824,162
acc95/semi70,math500/222,1,3054,969
acc95/semi70,math500/223,1,1717,387
acc95/semi70,math500/224,0,4008,648
acc95/semi70,math500/225,1,315,33
acc95/semi70,math500/226,1,372,105
acc95/semi70,math500/227,1,341,95
acc95/semi70,math500/228,0,1721,247
acc95/semi70,math500/229,1,302,79
acc95/semi70,math500/230,1,1406,217
acc95/semi70,math500/231,1,848,106
acc95/semi70,math500/232,0,2149,517
acc95/semi70,math500/233,1,494,69
acc95/semi70,math500/234,1,1430,350
acc95/semi70,math500/235,1,553,54
acc95/semi70,math500/236,1,3951,808
acc95/semi70,math500/237,1,727,99
acc95/semi70,math500/238,1,804,132
acc95/semi70,math500/239,0,3960,834
acc95/semi70,math500/240,0,3836,792
acc95/semi70,math500/241,1,822,115
acc95/semi70,math500/242,1,483,81
acc95/semi70,math500/243,1,404,82
acc95/semi70,math500/244,1,741,155
acc95/semi70,math500/245,1,1429,147
acc95/semi70,math500/246,0,4009,957
acc95/semi70,math500/247,1,713,134
acc95/semi70,math500/248,0,2849,525
acc95/semi70,math500/249,1,1622,313
acc95/semi70,math500/250,1,522,47
acc95/semi70,math500/251,1,1002,243
acc95/semi70,math500/252,1,610,66
acc95/semi70,math500/253,1,214,36
acc95/semi70,math500/254,1,385,61
acc95/semi70,math500/255,1,417,67
acc95/semi90,gsm8k/0,1,178,44
acc95/semi90,gsm8k/1,0,199,54
acc95/semi90,gsm8k/2,1,381,46
acc95/semi90,gsm8k/3,1,208,33
acc95/semi90,gsm8k/4,1,230,52
acc95/semi90,gsm8k/5,1,140,29
acc95/semi90,gsm8k/6,1,139,26
acc95/semi90,gsm8k/7,1,239,46
acc95/semi90,gsm8k/8,1,485,117
acc95/semi90,gsm8k/9,0,179,41
acc95/semi90,gsm8k/10,1,362,102
acc95/semi90,gsm8k/11,1,430,98
acc95/semi90,gsm8k/12,1,138,25
acc95/semi90,gsm8k/13,1,418,74
acc95/semi90,gsm8k/14,1,372,116
acc95/semi90,gsm8k/15,1,187,52
acc95/semi90,gsm8k/16,1,218,29
acc95/semi90,gsm8k/17,1,144,22
acc95/semi90,gsm8k/18,1,197,46
acc95/semi90,gsm8k/19,1,232,30
acc95/semi90,gsm8k/20,1,212,33
acc95/semi90,gsm8k/21,1,244,46
acc95/semi90,gsm8k/22,1,295,53
acc95/semi90,gsm8k/23,1,301,65
acc95/semi90,gsm8k/24,1,193,36
acc95/semi90,gsm8k/25,0,306,67
acc95/semi90,gsm8k/26,1,227,41
acc95/semi90,gsm8k/27,1,199,71
acc95/semi90,gsm8k/28,1,226,55
acc95/semi90,gsm8k/29,1,179,36
acc95/semi90,gsm8k/30,1,185,38
acc95/semi90,gsm8k/31,1,381,69
acc95/semi90,gsm8k/32,1,122,27
acc95/semi90,gsm8k/33,1,269,44
acc95/semi90,gsm8k/34,1,306,82
acc95/semi90,gsm8k/35,1,192,32
acc95/semi90,gsm8k/36,1,221,46
acc95/semi90,gsm8k/37,1,190,60
acc95/semi90,gsm8k/38,1,332,72
acc95/semi90,gsm8k/39,1,305,63
acc95/semi90,gsm8k/40,1,239,71
acc95/semi90,gsm8k/41,1,272,43
acc95/semi90,gsm8k/42,1,340,51
acc95/semi90,gsm8k/43,1,210,37
acc95/semi90,gsm8k/44,1,300,54
acc95/semi90,gsm8k/45,1,133,28
acc95/semi90,gsm8k/46,1,273,66
acc95/semi90,gsm8k/47,1,128,34
acc95/semi90,gsm8k/48,1,167,54
acc95/semi90,gsm8k/49,1,353,101
acc95/semi90,gsm8k/50,0,256,107
acc95/semi90,gsm8k/51,1,147,24
acc95/semi90,gsm8k/52,1,192,35
acc95/semi90,gsm8k/53,1,131,25
acc95/semi90,gsm8k/54,1,356,79
acc95/semi90,gsm8k/55,1,172,45
acc95/semi90,gsm8k/56,1,334,46
acc95/semi90,gsm8k/57,1,147,30
acc95/semi90,gsm8k/58,1,198,28
acc95/semi90,gsm8k/59,1,172,33
acc95/semi90,gsm8k/60,1,181,31
acc95/semi90,gsm8k/61,1,191,31
acc95/semi90,gsm8k/62,1,229,45
acc95/semi90,gsm8k/63,1,147,40
acc95/semi90,gsm8k/64,1,456,102
acc95/semi90,gsm8k/65,1,201,36
acc95/semi90,gsm8k/66,1,293,69
acc95/semi90,gsm8k/67,1,253,63
acc95/semi90,gsm8k/68,1,326,94
acc95/semi90,gsm8k/69,1,198,30
acc95/semi90,gsm8k/70,1,370,90
acc95/semi90,gsm8k/71,1,359,55
acc95/semi90,gsm8k/72,1,258,36
acc95/semi90,gsm8k/73,1,225,48
acc95/semi90,gsm8k/74,1,152,32
acc95/semi90,gsm8k/75,1,330,79
acc95/semi90,gsm8k/76,1,228,44
acc95/semi90,gsm8k/77,0,2941,1024
acc95/semi90,gsm8k/78,1,230,51
acc95/semi90,gsm8k/79,1,264,53
acc95/semi90,gsm8k/80,1,248,59
acc95/semi90,gsm8k/81,1,354,65
acc95/semi90,gsm8k/82,1,146,21
acc95/semi90,gsm8k/83,1,259,79
acc95/semi90,gsm8k/84,1,168,50
acc95/semi90,gsm8k/85,1,217,53
acc95/semi90,gsm8k/86,1,363,102
acc95/semi90,gsm8k/87,1,190,32
acc95/semi90,gsm8k/88,1,186,31
acc95/semi90,gsm8k/89,1,163,24
acc95/semi90,gsm8k/90,1,212,20
acc95/semi90,gsm8k/91,1,479,71
acc95/semi90,gsm8k/92,1,200,49
acc95/semi90,gsm8k/93,1,135,34
acc95/semi90,gsm8k/94,1,175,50
acc95/semi90,gsm8k/95,1,266,43
acc95/semi90,gsm8k/96,0,292,122
acc95/semi90,gsm8k/97,1,207,50
acc95/semi90,gsm8k/98,1,205,42
acc95/semi90,gsm8k/99,1,175,28
acc95/semi90,gsm8k/100,1,223,67
acc95/semi90,gsm8k/101,1,260,60
acc95/semi90,gsm8k/102,1,314,54
acc95/semi90,gsm8k/103,1,161,37
acc95/semi90,gsm8k/104,1,149,58
acc95/semi90,gsm8k/105,1,327,59
acc95/semi90,gsm8k/106,1,280,59
acc95/semi90,gsm8k/107,1,398,82
acc95/semi90,gsm8k/108,0,257,54
acc95/semi90,gsm8k/109,1,370,81
acc95/semi90,gsm8k/110,1,198,22
acc95/semi90,gsm8k/111,1,161,29
acc95/semi90,gsm8k/112,1,244,57
acc95/semi90,gsm8k/113,1,242,51
acc95/semi90,gsm8k/114,1,196,36
acc95/semi90,gsm8k/115,1,173,26
acc95/semi90,gsm8k/116,1,346,101
acc95/semi90,gsm8k/117,1,309,64
acc95/semi90,gsm8k/118,1,356,70
acc95/semi90,gsm8k/119,1,291,65
acc95/semi90,gsm8k/120,1,118,34
acc95/semi90,gsm8k/121,1,490,117
acc95/semi90,gsm8k/122,1,177,18
acc95/semi90,gsm8k/123,1,567,162
acc95/semi90,gsm8k/124,1,185,29
acc95/semi90,gsm8k/125,1,162,33
acc95/semi90,gsm8k/126,1,379,101
acc95/semi90,gsm8k/127,1,221,33
acc95/semi90,gsm8k/128,0,717,123
acc95/semi90,gsm8k/129,1,256,70
acc95/semi90,gsm8k/130,1,318,74
acc95/semi90,gsm8k/131,0,396,82
acc95/semi90,gsm8k/132,1,211,46
acc95/semi90,gsm8k/133,1,253,41
acc95/semi90,gsm8k/134,1,218,46
acc95/semi90,gsm8k/135,1,368,77
acc95/semi90,gsm8k/136,1,571,107
acc95/semi90,gsm8k/137,0,218,46
acc95/semi90,gsm8k/138,1,305,66
acc95/semi90,gsm8k/139,1,253,45
acc95/semi90,gsm8k/140,1,231,33
acc95/semi90,gsm8k/141,1,187,51
acc95/semi90,gsm8k/142,1,160,28
acc95/semi90,gsm8k/143,1,278,47
acc95/semi90,gsm8k/144,1,491,116
acc95/semi90,gsm8k/145,1,177,54
acc95/semi90,gsm8k/146,1,310,41
acc95/semi90,gsm8k/147,1,134,35
acc95/semi90,gsm8k/148,1,280,76
acc95/semi90,gsm8k/149,1,3218,1024
acc95/semi90,gsm8k/150,1,195,38
acc95/semi90,gsm8k/151,1,340,85
acc95/semi90,gsm8k/152,1,250,68
acc95/semi90,gsm8k/153,1,189,52
acc95/semi90,gsm8k/154,1,174,19
acc95/semi90,gsm8k/155,0,187,43
acc95/semi90,gsm8k/156,1,270,47
acc95/semi90,gsm8k/157,1,216,50
acc95/semi90,gsm8k/158,1,254,41
acc95/semi90,gsm8k/159,1,343,49
acc95/semi90,gsm8k/160,1,154,37
acc95/semi90,gsm8k/161,1,240,47
acc95/semi90,gsm8k/162,1,231,34
acc95/semi90,gsm8k/163,1,247,47
acc95/semi90,gsm8k/164,1,388,50
acc95/semi90,gsm8k/165,1,330,59
acc95/semi90,gsm8k/166,1,167,24
acc95/semi90,gsm8k/167,1,177,27
acc95/semi90,gsm8k/168,0,611,281
acc95/semi90,gsm8k/169,1,270,38
acc95/semi90,gsm8k/170,1,486,104
acc95/semi90,gsm8k/171,1,250,63
acc95/semi90,gsm8k/172,1,237,43
acc95/semi90,gsm8k/173,1,331,54
acc95/semi90,gsm8k/174,1,239,57
acc95/semi90,gsm8k/175,1,252,67
acc95/semi90,gsm8k/176,1,366,64
acc95/semi90,gsm8k/177,1,148,21
acc95/semi90,gsm8k/178,1,290,60
acc95/semi90,gsm8k/179,1,257,52
acc95/semi90,gsm8k/180,1,133,21
acc95/semi90,gsm8k/181,1,199,42
acc95/semi90,gsm8k/182,1,238,56
acc95/semi90,gsm8k/183,1,232,44
acc95/semi90,gsm8k/184,1,312,82
acc95/semi90,gsm8k/185,1,221,40
acc95/semi90,gsm8k/186,0,198,44
acc95/semi90,gsm8k/187,1,170,38
acc95/semi90,gsm8k/188,1,470,115
acc95/semi90,gsm8k/189,1,215,52
acc95/semi90,gsm8k/190,1,328,50
acc95/semi90,gsm8k/191,1,261,73
acc95/semi90,gsm8k/192,1,242,69
acc95/semi90,gsm8k/193,1,197,45
acc95/semi90,gsm8k/194,1,106,23
acc95/semi90,gsm8k/195,1,406,91
acc95/semi90,gsm8k/196,1,256,50
acc95/semi90,gsm8k/197,1,475,71
acc95/semi90,gsm8k/198,0,280,70
acc95/semi90,gsm8k/199,1,131,28
acc95/semi90,gsm8k/200,1,337,63
acc95/semi90,gsm8k/201,1,230,38
acc95/semi90,gsm8k/202,1,122,31
acc95/semi90,gsm8k/203,1,185,50
acc95/semi90,gsm8k/204,1,226,46
acc95/semi90,gsm8k/205,1,386,64
acc95/semi90,gsm8k/206,1,214,58
acc95/semi90,gsm8k/207,1,302,41
acc95/semi90,gsm8k/208,1,180,25
acc95/semi90,gsm8k/209,1,174,44
acc95/semi90,gsm8k/210,1,445,113
acc95/semi90,gsm8k/211,1,198,31
acc95/semi90,gsm8k/212,1,158,43
acc95/semi90,gsm8k/213,1,275,57
acc95/semi90,gsm8k/214,1,115,22
acc95/semi90,gsm8k/215,1,331,97
acc95/semi90,gsm8k/216,1,368,60
acc95/semi90,gsm8k/217,1,222,42
acc95/semi90,gsm8k/218,1,331,79
acc95/semi90,gsm8k/219,1,222,43
acc95/semi90,gsm8k/220,1,207,31
acc95/semi90,gsm8k/221,1,220,24
acc95/semi90,gsm8k/222,1,150,30
acc95/semi90,gsm8k/223,1,298,57
acc95/semi90,gsm8k/224,1,203,49
acc95/semi90,gsm8k/225,1,505,214
acc95/semi90,gsm8k/226,1,120,39
acc95/semi90,gsm8k/227,1,265,41
acc95/semi90,gsm8k/228,1,268,66
acc95/semi90,gsm8k/229,0,346,71
acc95/semi90,gsm8k/230,0,344,107
acc95/semi90,gsm8k/231,1,222,36
acc95/semi90,gsm8k/232,1,192,42
acc95/semi90,gsm8k/233,1,193,31
acc95/semi90,gsm8k/234,1,190,57
acc95/semi90,gsm8k/235,1,268,50
acc95/semi90,gsm8k/236,1,189,40
acc95/semi90,gsm8k/237,1,208,32
acc95/semi90,gsm8k/238,1,244,55
acc95/semi90,gsm8k/239,1,151,33
acc95/semi90,gsm8k/240,1,226,60
acc95/semi90,gsm8k/241,1,178,24
acc95/semi90,gsm8k/242,1,234,64
acc95/semi90,gsm8k/243,1,241,56
acc95/semi90,gsm8k/244,1,143,28
acc95/semi90,gsm8k/245,1,248,36
acc95/semi90,gsm8k/246,1,201,41
acc95/semi90,gsm8k/247,1,302,63
acc95/semi90,gsm8k/248,1,174,26
acc95/semi90,gsm8k/249,1,151,32
acc95/semi90,gsm8k/250,1,359,68
acc95/semi90,gsm8k/251,1,305,42
acc95/semi90,gsm8k/252,1,450,188
acc95/semi90,gsm8k/253,1,234,35
acc95/semi90,gsm8k/254,1,257,31
acc95/semi90,gsm8k/255,1,300,63
acc95/semi90,math500/0,1,314,72
acc95/semi90,math500/1,1,644,102
acc95/semi90,math500/2,1,407,35
acc95/semi90,math500/3,1,331,53
acc95/semi90,math500/4,0,821,188
acc95/semi90,math500/5,1,334,82
acc95/semi90,math500/6,1,659,149
acc95/semi90,math500/7,0,2002,460
acc95/semi90,math500/8,1,339,35
acc95/semi90,math500/9,0,2967,1024
acc95/semi90,math500/10,1,830,251
acc95/semi90,math500/11,0,4011,993
acc95/semi90,math500/12,1,760,150
acc95/semi90,math500/13,1,303,25
acc95/semi90,math500/14,0,562,204
acc95/semi90,math500/15,1,810,144
acc95/semi90,math500/16,1,316,59
acc95/semi90,math500/17,1,2907,1024
acc95/semi90,math500/18,0,2442,1024
acc95/semi90,math500/19,1,1754,504
acc95/semi90,math500/20,1,140,24
acc95/semi90,math500/21,1,2094,530
acc95/semi90,math500/22,1,1505,365
acc95/semi90,math500/23,1,542,79
acc95/semi90,math500/24,1,562,141
acc95/semi90,math500/25,0,1626,304
acc95/semi90,math500/26,1,2930,1024
acc95/semi90,math500/27,1,313,61
acc95/semi90,math500/28,1,260,62
acc95/semi90,math500/29,1,390,91
acc95/semi90,math500/30,1,236,32
acc95/semi90,math500/31,1,285,53
acc95/semi90,math500/32,1,648,242
acc95/semi90,math500/33,1,765,113
acc95/semi90,math500/34,1,734,77
acc95/semi90,math500/35,1,412,50
acc95/semi90,math500/36,1,1032,147
acc95/semi90,math500/37,1,407,151
acc95/semi90,math500/38,1,179,24
acc95/semi90,math500/39,1,573,80
acc95/semi90,math500/40,1,267,38
acc95/semi90,math500/41,1,2959,901
acc95/semi90,math500/42,1,287,49
acc95/semi90,math500/43,0,3988,843
acc95/semi90,math500/44,1,462,91
acc95/semi90,math500/45,1,419,79
acc95/semi90,math500/46,1,3316,875
acc95/semi90,math500/47,1,539,72
acc95/semi90,math500/48,1,260,50
acc95/semi90,math500/49,1,281,41
acc95/semi90,math500/50,1,1160,264
acc95/semi90,math500/51,1,810,125
acc95/semi90,math500/52,1,321,36
acc95/semi90,math500/53,1,317,66
acc95/semi90,math500/54,1,212,44
acc95/semi90,math500/55,1,532,114
acc95/semi90,math500/56,1,228,36
acc95/semi90,math500/57,1,341,41
acc95/semi90,math500/58,1,245,22
acc95/semi90,math500/59,1,392,42
acc95/semi90,math500/60,0,2787,470
acc95/semi90,math500/61,1,2556,873
acc95/semi90,math500/62,1,1010,181
acc95/semi90,math500/63,1,1098,188
acc95/semi90,math500/64,0,1237,238
acc95/semi90,math500/65,1,219,55
acc95/semi90,math500/66,1,411,66
acc95/semi90,math500/67,0,403,69
acc95/semi90,math500/68,1,988,186
acc95/semi90,math500/69,1,463,88
acc95/semi90,math500/70,1,319,36
acc95/semi90,math500/71,0,529,146
acc95/semi90,math500/72,1,419,58
acc95/semi90,math500/73,1,336,44
acc95/semi90,math500/74,1,428,90
acc95/semi90,math500/75,1,460,107
acc95/semi90,math500/76,1,389,93
acc95/semi90,math500/77,1,195,17
acc95/semi90,math500/78,1,1087,219
acc95/semi90,math500/79,1,194,20
acc95/semi90,math500/80,0,3129,1024
acc95/semi90,math500/81,1,641,95
acc95/semi90,math500/82,1,1000,263
acc95/semi90,math500/83,1,596,133
acc95/semi90,math500/84,1,899,141
acc95/semi90,math500/85,1,381,68
acc95/semi90,math500/86,1,240,39
acc95/semi90,math500/87,1,614,104
acc95/semi90,math500/88,1,2813,764
acc95/semi90,math500/89,1,1059,194
acc95/semi90,math500/90,1,228,61
acc95/semi90,math500/91,1,462,100
acc95/semi90,math500/92,1,902,136
acc95/semi90,math500/93,1,561,59
acc95/semi90,math500/94,0,3704,795
acc95/semi90,math500/95,1,560,42
acc95/semi90,math500/96,0,3967,723
acc95/semi90,math500/97,0,292,123
acc95/semi90,math500/98,1,157,26
acc95/semi90,math500/99,0,1226,215
acc95/semi90,math500/100,0,3855,969
acc95/semi90,math500/101,1,2990,794
acc95/semi90,math500/102,0,244,45
acc95/semi90,math500/103,0,3709,1024
acc95/semi90,math500/104,0,3371,592
acc95/semi90,math500/105,1,337,63
acc95/semi90,math500/106,1,454,83
acc95/semi90,math500/107,1,678,161
acc95/semi90,math500/108,1,2207,653
acc95/semi90,math500/109,1,3643,670
acc95/semi90,math500/110,0,3959,853
acc95/semi90,math500/111,1,343,39
acc95/semi90,math500/112,1,739,90
acc95/semi90,math500/113,1,293,27
acc95/semi90,math500/114,1,752,93
acc95/semi90,math500/115,0,425,69
acc95/semi90,math500/116,1,213,15
acc95/semi90,math500/117,1,227,15
acc95/semi90,math500/118,1,1419,196
acc95/semi90,math500/119,0,2892,1024
acc95/semi90,math500/120,1,500,98
acc95/semi90,math500/121,1,245,35
acc95/semi90,math500/122,1,302,47
acc95/semi90,math500/123,0,3453,1024
acc95/semi90,math500/124,1,705,114
acc95/semi90,math500/125,1,350,54
acc95/semi90,math500/126,0,4003,726
acc95/semi90,math500/127,0,604,98
acc95/semi90,math500/128,0,469,128
acc95/semi90,math500/129,1,4015,952
acc95/semi90,math500/130,1,1409,379
acc95/semi90,math500/131,1,416,47
acc95/semi90,math500/132,1,407,59
acc95/semi90,math500/133,1,533,101
acc95/semi90,math500/134,1,723,108
acc95/semi90,math500/135,1,512,86
acc95/semi90,math500/136,0,3813,1024
acc95/semi90,math500/137,1,417,60
acc95/semi90,math500/138,1,849,380
acc95/semi90,math500/139,1,1661,367
acc95/semi90,math500/140,1,700,131
acc95/semi90,math500/141,1,561,237
acc95/semi90,math500/142,1,531,168
acc95/semi90,math500/143,1,623,60
acc95/semi90,math500/144,1,268,37
acc95/semi90,math500/145,1,3580,670
acc95/semi90,math500/146,1,260,37
acc95/semi90,math500/147,1,1901,483
acc95/semi90,math500/148,1,225,33
acc95/semi90,math500/149,1,1062,184
acc95/semi90,math500/150,0,1465,184
acc95/semi90,math500/151,1,1041,256
acc95/semi90,math500/152,1,3642,847
acc95/semi90,math500/153,1,1130,382
acc95/semi90,math500/154,0,3930,550
acc95/semi90,math500/155,1,721,186
acc95/semi90,math500/156,1,3033,624
acc95/semi90,math500/157,1,410,45
acc95/semi90,math500/158,1,727,106
acc95/semi90,math500/159,1,425,67
acc95/semi90,math500/160,1,525,91
acc95/semi90,math500/161,1,215,30
acc95/semi90,math500/162,1,581,92
acc95/semi90,math500/163,1,3682,1010
acc95/semi90,math500/164,1,4049,778
acc95/semi90,math500/165,1,401,111
acc95/semi90,math500/166,0,2859,1024
acc95/semi90,math500/167,1,209,24
acc95/semi90,math500/168,0,2661,1024
acc95/semi90,math500/169,1,374,77
acc95/semi90,math500/170,0,2150,267
acc95/semi90,math500/171,1,237,28
acc95/semi90,math500/172,1,443,41
acc95/semi90,math500/173,1,1313,306
acc95/semi90,math500/174,1,433,67
acc95/semi90,math500/175,1,1864,339
acc95/semi90,math500/176,0,536,132
acc95/semi90,math500/177,1,1436,289
acc95/semi90,math500/178,1,286,30
acc95/semi90,math500/179,1,989,134
acc95/semi90,math500/180,1,490,106
acc95/semi90,math500/181,1,331,65
acc95/semi90,math500/182,1,236,44
acc95/semi90,math500/183,1,775,122
acc95/semi90,math500/184,0,3349,1024
acc95/semi90,math500/185,1,158,16
acc95/semi90,math500/186,1,605,145
acc95/semi90,math500/187,0,484,84
acc95/semi90,math500/188,1,1588,316
acc95/semi90,math500/189,1,2698,611
acc95/semi90,math500/190,1,543,129
acc95/semi90,math500/191,1,201,23
acc95/semi90,math500/192,1,889,210
acc95/semi90,math500/193,1,572,114
acc95/semi90,math500/194,0,3523,1024
acc95/semi90,math500/195,1,521,97
acc95/semi90,math500/196,1,246,39
acc95/semi90,math500/197,1,910,165
acc95/semi90,math500/198,1,358,83
acc95/semi90,math500/199,1,259,27
acc95/semi90,math500/200,1,404,59
acc95/semi90,math500/201,1,674,118
acc95/semi90,math500/202,1,892,222
acc95/semi90,math500/203,1,567,76
acc95/semi90,math500/204,0,2896,1024
acc95/semi90,math500/205,0,924,94
acc95/semi90,math500/206,1,412,62
acc95/semi90,math500/207,0,278,61
acc95/semi90,math500/208,1,374,75
acc95/semi90,math500/209,1,453,76
acc95/semi90,math500/210,1,700,172
acc95/semi90,math500/211,1,345,51
acc95/semi90,math500/212,1,437,66
acc95/semi90,math500/213,1,1350,198
acc95/semi90,math500/214,1,1150,232
acc95/semi90,math500/215,1,342,44
acc95/semi90,math500/216,0,405,89
acc95/semi90,math500/217,0,2547,1024
acc95/semi90,math500/218,1,284,37
acc95/semi90,math500/219,0,3352,999
acc95/semi90,math500/220,1,343,87
acc95/semi90,math500/221,1,736,138
acc95/semi90,math500/222,1,3069,1024
acc95/semi90,math500/223,0,1287,322
acc95/semi90,math500/224,1,1255,191
acc95/semi90,math500/225,1,308,40
acc95/semi90,math500/226,1,396,152
acc95/semi90,math500/227,1,377,114
acc95/semi90,math500/228,0,1693,238
acc95/semi90,math500/229,1,320,99
acc95/semi90,math500/230,1,1316,197
acc95/semi90,math500/231,1,963,149
acc95/semi90,math500/232,0,3651,1024
acc95/semi90,math500/233,1,475,64
acc95/semi90,math500/234,1,1334,264
acc95/semi90,math500/235,1,554,54
acc95/semi90,math500/236,1,4023,782
acc95/semi90,math500/237,1,677,74
acc95/semi90,math500/238,1,711,141
acc95/semi90,math500/239,0,3960,772
acc95/semi90,math500/240,0,2844,1024
acc95/semi90,math500/241,1,803,117
acc95/semi90,math500/242,1,488,84
acc95/semi90,math500/243,1,306,63
acc95/semi90,math500/244,1,1014,207
acc95/semi90,math500/245,1,1438,125
acc95/semi90,math500/246,0,1138,541
acc95/semi90,math500/247,1,645,135
acc95/semi90,math500/248,0,1768,353
acc95/semi90,math500/249,1,1341,257
acc95/semi90,math500/250,1,520,42
acc95/semi90,math500/251,1,845,227
acc95/semi90,math500/252,1,637,73
acc95/semi90,math500/253,1,221,45
acc95/semi90,math500/254,1,385,65
acc95/semi90,math500/255,1,388,69
acc99/semi70,gsm8k/0,1,170,47
acc99/semi70,gsm8k/1,1,214,79
acc99/semi70,gsm8k/2,1,400,98
acc99/semi70,gsm8k/3,1,233,52
acc99/semi70,gsm8k/4,1,247,79
acc99/semi70,gsm8k/5,1,137,40
acc99/semi70,gsm8k/6,1,140,37
acc99/semi70,gsm8k/7,1,219,56
acc99/semi70,gsm8k/8,1,445,131
acc99/semi70,gsm8k/9,1,252,64
acc99/semi70,gsm8k/10,1,363,113
acc99/semi70,gsm8k/11,0,469,133
acc99/semi70,gsm8k/12,1,146,34
acc99/semi70,gsm8k/13,1,329,59
acc99/semi70,gsm8k/14,1,351,121
acc99/semi70,gsm8k/15,1,188,63
acc99/semi70,gsm8k/16,1,213,37
acc99/semi70,gsm8k/17,1,141,31
acc99/semi70,gsm8k/18,1,194,57
acc99/semi70,gsm8k/19,1,230,46
acc99/semi70,gsm8k/20,1,223,46
acc99/semi70,gsm8k/21,1,245,51
acc99/semi70,gsm8k/22,1,295,67
acc99/semi70,gsm8k/23,1,334,94
acc99/semi70,gsm8k/24,1,197,56
acc99/semi70,gsm8k/25,0,280,86
acc99/semi70,gsm8k/26,1,216,67
acc99/semi70,gsm8k/27,1,200,84
acc99/semi70,gsm8k/28,1,224,72
acc99/semi70,gsm8k/29,1,180,41
acc99/semi70,gsm8k/30,1,192,55
acc99/semi70,gsm8k/31,1,338,128
acc99/semi70,gsm8k/32,1,123,30
acc99/semi70,gsm8k/33,1,255,61
acc99/semi70,gsm8k/34,1,342,129
acc99/semi70,gsm8k/35,1,235,55
acc99/semi70,gsm8k/36,1,228,60
acc99/semi70,gsm8k/37,1,207,100
acc99/semi70,gsm8k/38,0,369,107
acc99/semi70,gsm8k/39,1,313,84
acc99/semi70,gsm8k/40,1,273,86
acc99/semi70,gsm8k/41,1,250,66
acc99/semi70,gsm8k/42,1,339,68
acc99/semi70,gsm8k/43,1,221,69
acc99/semi70,gsm8k/44,1,298,75
acc99/semi70,gsm8k/45,1,120,36
acc99/semi70,gsm8k/46,1,227,64
acc99/semi70,gsm8k/47,1,137,53
acc99/semi70,gsm8k/48,1,168,67
acc99/semi70,gsm8k/49,1,277,91
acc99/semi70,gsm8k/50,0,276,125
acc99/semi70,gsm8k/51,1,142,37
acc99/semi70,gsm8k/52,1,173,57
acc99/semi70,gsm8k/53,1,131,44
acc99/semi70,gsm8k/54,1,459,101
acc99/semi70,gsm8k/55,1,762,384
acc99/semi70,gsm8k/56,1,331,64
acc99/semi70,gsm8k/57,1,146,37
acc99/semi70,gsm8k/58,1,165,32
acc99/semi70,gsm8k/59,1,173,57
acc99/semi70,gsm8k/60,1,180,40
acc99/semi70,gsm8k/61,1,151,36
acc99/semi70,gsm8k/62,1,234,79
acc99/semi70,gsm8k/63,1,147,50
acc99/semi70,gsm8k/64,1,567,137
acc99/semi70,gsm8k/65,0,192,45
acc99/semi70,gsm8k/66,1,288,87
acc99/semi70,gsm8k/67,1,266,76
acc99/semi70,gsm8k/68,1,323,117
acc99/semi70,gsm8k/69,1,191,42
acc99/semi70,gsm8k/70,1,372,112
acc99/semi70,gsm8k/71,1,362,69
acc99/semi70,gsm8k/72,1,197,39
acc99/semi70,gsm8k/73,1,228,71
acc99/semi70,gsm8k/74,1,144,53
acc99/semi70,gsm8k/75,1,333,103
acc99/semi70,gsm8k/76,1,227,50
acc99/semi70,gsm8k/77,0,2493,1024
acc99/semi70,gsm8k/78,1,270,61
acc99/semi70,gsm8k/79,0,263,70
acc99/semi70,gsm8k/80,1,228,61
acc99/semi70,gsm8k/81,1,330,82
acc99/semi70,gsm8k/82,1,149,36
acc99/semi70,gsm8k/83,1,258,88
acc99/semi70,gsm8k/84,1,149,50
acc99/semi70,gsm8k/85,1,300,106
acc99/semi70,gsm8k/86,1,728,337
acc99/semi70,gsm8k/87,1,209,38
acc99/semi70,gsm8k/88,1,265,92
acc99/semi70,gsm8k/89,1,171,36
acc99/semi70,gsm8k/90,1,212,26
acc99/semi70,gsm8k/91,1,516,137
acc99/semi70,gsm8k/92,1,219,57
acc99/semi70,gsm8k/93,1,157,38
acc99/semi70,gsm8k/94,0,3412,1024
acc99/semi70,gsm8k/95,1,263,66
acc99/semi70,gsm8k/96,0,293,130
acc99/semi70,gsm8k/97,1,208,64
acc99/semi70,gsm8k/98,1,184,78
acc99/semi70,gsm8k/99,1,189,37
acc99/semi70,gsm8k/100,1,210,83
acc99/semi70,gsm8k/101,1,323,113
acc99/semi70,gsm8k/102,1,394,183
acc99/semi70,gsm8k/103,1,145,39
acc99/semi70,gsm8k/104,1,311,139
acc99/semi70,gsm8k/105,1,330,82
acc99/semi70,gsm8k/106,1,263,68
acc99/semi70,gsm8k/107,1,399,111
acc99/semi70,gsm8k/108,1,212,65
acc99/semi70,gsm8k/109,1,359,112
acc99/semi70,gsm8k/110,1,198,33
acc99/semi70,gsm8k/111,1,156,43
acc99/semi70,gsm8k/112,1,209,47
acc99/semi70,gsm8k/113,1,252,79
acc99/semi70,gsm8k/114,1,191,50
acc99/semi70,gsm8k/115,1,173,30
acc99/semi70,gsm8k/116,1,371,120
acc99/semi70,gsm8k/117,1,311,85
acc99/semi70,gsm8k/118,1,277,94
acc99/semi70,gsm8k/119,1,308,87
acc99/semi70,gsm8k/120,1,104,34
acc99/semi70,gsm8k/121,1,513,199
acc99/semi70,gsm8k/122,1,177,24
acc99/semi70,gsm8k/123,1,1879,823
acc99/semi70,gsm8k/124,1,178,42
acc99/semi70,gsm8k/125,1,156,45
acc99/semi70,gsm8k/126,1,250,97
acc99/semi70,gsm8k/127,1,208,49
acc99/semi70,gsm8k/128,1,632,132
acc99/semi70,gsm8k/129,1,231,98
acc99/semi70,gsm8k/130,1,214,76
acc99/semi70,gsm8k/131,0,350,114
acc99/semi70,gsm8k/132,1,255,72
acc99/semi70,gsm8k/133,1,251,66
acc99/semi70,gsm8k/134,1,194,45
acc99/semi70,gsm8k/135,0,369,103
acc99/semi70,gsm8k/136,1,572,140
acc99/semi70,gsm8k/137,0,217,62
acc99/semi70,gsm8k/138,1,284,106
acc99/semi70,gsm8k/139,1,251,59
acc99/semi70,gsm8k/140,1,231,54
acc99/semi70,gsm8k/141,1,192,62
acc99/semi70,gsm8k/142,1,146,32
acc99/semi70,gsm8k/143,1,274,70
acc99/semi70,gsm8k/144,1,467,141
acc99/semi70,gsm8k/145,1,209,64
acc99/semi70,gsm8k/146,1,314,62
acc99/semi70,gsm8k/147,1,137,46
acc99/semi70,gsm8k/148,1,286,104
acc99/semi70,gsm8k/149,1,341,117
acc99/semi70,gsm8k/150,1,214,42
acc99/semi70,gsm8k/151,1,362,149
acc99/semi70,gsm8k/152,1,237,94
acc99/semi70,gsm8k/153,1,192,63
acc99/semi70,gsm8k/154,1,168,27
acc99/semi70,gsm8k/155,0,182,41
acc99/semi70,gsm8k/156,1,280,65
acc99/semi70,gsm8k/157,1,239,56
acc99/semi70,gsm8k/158,1,248,63
acc99/semi70,gsm8k/159,1,304,80
acc99/semi70,gsm8k/160,1,146,47
acc99/semi70,gsm8k/161,1,223,68
acc99/semi70,gsm8k/162,1,226,71
acc99/semi70,gsm8k/163,1,247,58
acc99/semi70,gsm8k/164,1,391,71
acc99/semi70,gsm8k/165,1,300,83
acc99/semi70,gsm8k/166,1,182,44
acc99/semi70,gsm8k/167,1,144,35
acc99/semi70,gsm8k/168,0,481,256
acc99/semi70,gsm8k/169,1,264,63
acc99/semi70,gsm8k/170,1,464,127
acc99/semi70,gsm8k/171,1,299,89
acc99/semi70,gsm8k/172,1,228,62
acc99/semi70,gsm8k/173,1,228,81
acc99/semi70,gsm8k/174,1,254,74
acc99/semi70,gsm8k/175,1,247,77
acc99/semi70,gsm8k/176,1,373,101
acc99/semi70,gsm8k/177,1,149,43
acc99/semi70,gsm8k/178,1,299,86
acc99/semi70,gsm8k/179,1,251,76
acc99/semi70,gsm8k/180,1,134,46
acc99/semi70,gsm8k/181,1,203,51
acc99/semi70,gsm8k/182,1,317,81
acc99/semi70,gsm8k/183,1,239,59
acc99/semi70,gsm8k/184,1,389,125
acc99/semi70,gsm8k/185,1,220,48
acc99/semi70,gsm8k/186,0,199,55
acc99/semi70,gsm8k/187,1,170,57
acc99/semi70,gsm8k/188,1,398,73
acc99/semi70,gsm8k/189,1,223,65
acc99/semi70,gsm8k/190,1,329,65
acc99/semi70,gsm8k/191,0,2214,1024
acc99/semi70,gsm8k/192,1,250,81
acc99/semi70,gsm8k/193,1,197,62
acc99/semi70,gsm8k/194,1,106,30
acc99/semi70,gsm8k/195,1,405,110
acc99/semi70,gsm8k/196,1,230,57
acc99/semi70,gsm8k/197,1,388,89
acc99/semi70,gsm8k/198,0,268,82
acc99/semi70,gsm8k/199,1,131,36
acc99/semi70,gsm8k/200,1,463,193
acc99/semi70,gsm8k/201,1,216,36
acc99/semi70,gsm8k/202,1,135,41
acc99/semi70,gsm8k/203,1,187,55
acc99/semi70,gsm8k/204,1,196,51
acc99/semi70,gsm8k/205,1,390,92
acc99/semi70,gsm8k/206,1,214,74
acc99/semi70,gsm8k/207,1,302,68
acc99/semi70,gsm8k/208,1,189,35
acc99/semi70,gsm8k/209,1,307,84
acc99/semi70,gsm8k/210,0,507,183
acc99/semi70,gsm8k/211,1,197,70
acc99/semi70,gsm8k/212,1,190,54
acc99/semi70,gsm8k/213,1,269,77
acc99/semi70,gsm8k/214,1,117,22
acc99/semi70,gsm8k/215,1,346,120
acc99/semi70,gsm8k/216,1,367,89
acc99/semi70,gsm8k/217,1,234,59
acc99/semi70,gsm8k/218,1,347,106
acc99/semi70,gsm8k/219,1,197,47
acc99/semi70,gsm8k/220,1,207,41
acc99/semi70,gsm8k/221,1,219,34
acc99/semi70,gsm8k/222,1,148,43
acc99/semi70,gsm8k/223,0,295,80
acc99/semi70,gsm8k/224,1,191,68
acc99/semi70,gsm8k/225,0,582,297
acc99/semi70,gsm8k/226,1,121,47
acc99/semi70,gsm8k/227,1,265,71
acc99/semi70,gsm8k/228,1,265,88
acc99/semi70,gsm8k/229,0,353,109
acc99/semi70,gsm8k/230,0,537,239
acc99/semi70,gsm8k/231,1,229,49
acc99/semi70,gsm8k/232,1,234,61
acc99/semi70,gsm8k/233,1,189,44
acc99/semi70,gsm8k/234,1,190,83
acc99/semi70,gsm8k/235,1,229,58
acc99/semi70,gsm8k/236,1,153,60
acc99/semi70,gsm8k/237,1,209,53
acc99/semi70,gsm8k/238,1,261,71
acc99/semi70,gsm8k/239,1,156,46
acc99/semi70,gsm8k/240,1,220,76
acc99/semi70,gsm8k/241,1,179,31
acc99/semi70,gsm8k/242,1,302,115
acc99/semi70,gsm8k/243,1,278,93
acc99/semi70,gsm8k/244,1,130,37
acc99/semi70,gsm8k/245,1,252,51
acc99/semi70,gsm8k/246,1,210,62
acc99/semi70,gsm8k/247,1,311,107
acc99/semi70,gsm8k/248,1,173,32
acc99/semi70,gsm8k/249,1,155,45
acc99/semi70,gsm8k/250,1,249,65
acc99/semi70,gsm8k/251,1,258,71
acc99/semi70,gsm8k/252,1,268,104
acc99/semi70,gsm8k/253,1,230,51
acc99/semi70,gsm8k/254,1,249,37
acc99/semi70,gsm8k/255,1,301,80
acc99/semi70,math500/0,1,303,80
acc99/semi70,math500/1,1,705,169
acc99/semi70,math500/2,1,403,37
acc99/semi70,math500/3,1,358,76
acc99/semi70,math500/4,0,3134,1024
acc99/semi70,math500/5,1,345,101
acc99/semi70,math500/6,1,846,256
acc99/semi70,math500/7,1,787,194
acc99/semi70,math500/8,1,364,50
acc99/semi70,math500/9,0,2679,1024
acc99/semi70,math500/10,0,2253,1024
acc99/semi70,math500/11,0,3403,1024
acc99/semi70,math500/12,1,787,183
acc99/semi70,math500/13,1,305,42
acc99/semi70,math500/14,0,296,89
acc99/semi70,math500/15,1,885,185
acc99/semi70,math500/16,1,261,47
acc99/semi70,math500/17,0,2779,1024
acc99/semi70,math500/18,0,2346,1024
acc99/semi70,math500/19,1,1405,486
acc99/semi70,math500/20,1,147,37
acc99/semi70,math500/21,1,1599,388
acc99/semi70,math500/22,1,1065,331
acc99/semi70,math500/23,1,541,89
acc99/semi70,math500/24,1,1055,249
acc99/semi70,math500/25,0,3992,950
acc99/semi70,math500/26,0,2546,1024
acc99/semi70,math500/27,1,333,77
acc99/semi70,math500/28,1,267,76
acc99/semi70,math500/29,1,348,76
acc99/semi70,math500/30,1,237,54
acc99/semi70,math500/31,1,295,90
acc99/semi70,math500/32,0,865,425
acc99/semi70,math500/33,1,868,210
acc99/semi70,math500/34,1,716,109
acc99/semi70,math500/35,1,483,108
acc99/semi70,math500/36,1,2448,614
acc99/semi70,math500/37,1,376,134
acc99/semi70,math500/38,0,188,37
acc99/semi70,math500/39,1,595,135
acc99/semi70,math500/40,1,270,40
acc99/semi70,math500/41,1,2024,742
acc99/semi70,math500/42,1,307,58
acc99/semi70,math500/43,0,3988,805
acc99/semi70,math500/44,1,373,103
acc99/semi70,math500/45,1,411,118
acc99/semi70,math500/46,1,2042,631
acc99/semi70,math500/47,1,558,108
acc99/semi70,math500/48,1,262,75
acc99/semi70,math500/49,1,334,68
acc99/semi70,math500/50,0,3138,1024
acc99/semi70,math500/51,1,614,168
acc99/semi70,math500/52,1,318,46
acc99/semi70,math500/53,1,287,73
acc99/semi70,math500/54,1,211,53
acc99/semi70,math500/55,1,419,117
acc99/semi70,math500/56,1,235,51
acc99/semi70,math500/57,1,319,57
acc99/semi70,math500/58,1,245,28
acc99/semi70,math500/59,1,393,66
acc99/semi70,math500/60,0,3402,926
acc99/semi70,math500/61,1,2883,1024
acc99/semi70,math500/62,1,1051,245
acc99/semi70,math500/63,1,1259,250
acc99/semi70,math500/64,1,1711,311
acc99/semi70,math500/65,1,227,74
acc99/semi70,math500/66,1,421,105
acc99/semi70,math500/67,0,415,88
acc99/semi70,math500/68,1,917,212
acc99/semi70,math500/69,1,499,111
acc99/semi70,math500/70,1,332,53
acc99/semi70,math500/71,0,759,339
acc99/semi70,math500/72,1,386,85
acc99/semi70,math500/73,1,331,46
acc99/semi70,math500/74,1,473,117
acc99/semi70,math500/75,1,541,176
acc99/semi70,math500/76,1,2495,1024
acc99/semi70,math500/77,1,231,30
acc99/semi70,math500/78,1,1363,389
acc99/semi70,math500/79,1,192,22
acc99/semi70,math500/80,0,2905,1024
acc99/semi70,math500/81,1,614,134
acc99/semi70,math500/82,0,2802,1024
acc99/semi70,math500/83,1,611,160
acc99/semi70,math500/84,1,901,166
acc99/semi70,math500/85,1,440,124
acc99/semi70,math500/86,1,242,57
acc99/semi70,math500/87,1,612,140
acc99/semi70,math500/88,0,3058,1024
acc99/semi70,math500/89,1,825,158
acc99/semi70,math500/90,1,199,85
acc99/semi70,math500/91,1,521,144
acc99/semi70,math500/92,1,872,176
acc99/semi70,math500/93,1,562,88
acc99/semi70,math500/94,0,646,209
acc99/semi70,math500/95,1,566,61
acc99/semi70,math500/96,0,3967,759
acc99/semi70,math500/97,0,297,124
acc99/semi70,math500/98,1,162,44
acc99/semi70,math500/99,0,1570,266
acc99/semi70,math500/100,0,2639,1024
acc99/semi70,math500/101,1,3220,992
acc99/semi70,math500/102,0,245,61
acc99/semi70,math500/103,0,3261,1024
acc99/semi70,math500/104,1,3056,731
acc99/semi70,math500/105,1,393,94
acc99/semi70,math500/106,1,442,110
acc99/semi70,math500/107,1,627,155
acc99/semi70,math500/108,1,2231,736
acc99/semi70,math500/109,1,3932,937
acc99/semi70,math500/110,0,3319,1024
acc99/semi70,math500/111,1,365,65
acc99/semi70,math500/112,1,737,140
acc99/semi70,math500/113,1,271,31
acc99/semi70,math500/114,1,749,127
acc99/semi70,math500/115,1,442,96
acc99/semi70,math500/116,1,213,18
acc99/semi70,math500/117,1,227,20
acc99/semi70,math500/118,1,1303,298
acc99/semi70,math500/119,0,3084,1024
acc99/semi70,math500/120,1,517,165
acc99/semi70,math500/121,1,239,46
acc99/semi70,math500/122,1,300,64
acc99/semi70,math500/123,0,3805,978
acc99/semi70,math500/124,1,662,134
acc99/semi70,math500/125,1,349,78
acc99/semi70,math500/126,0,3171,1024
acc99/semi70,math500/127,0,624,138
acc99/semi70,math500/128,0,320,136
acc99/semi70,math500/129,1,3471,1024
acc99/semi70,math500/130,1,964,287
acc99/semi70,math500/131,1,429,59
acc99/semi70,math500/132,1,397,79
acc99/semi70,math500/133,1,375,109
acc99/semi70,math500/134,1,709,144
acc99/semi70,math500/135,1,462,87
acc99/semi70,math500/136,1,2506,891
acc99/semi70,math500/137,1,398,70
acc99/semi70,math500/138,0,907,435
acc99/semi70,math500/139,1,2632,763
acc99/semi70,math500/140,1,597,144
acc99/semi70,math500/141,1,465,210
acc99/semi70,math500/142,1,559,191
acc99/semi70,math500/143,1,704,99
acc99/semi70,math500/144,1,256,36
acc99/semi70,math500/145,0,3247,1024
acc99/semi70,math500/146,1,256,49
acc99/semi70,math500/147,0,3094,1024
acc99/semi70,math500/148,1,202,39
acc99/semi70,math500/149,1,932,215
acc99/semi70,math500/150,1,2254,377
acc99/semi70,math500/151,1,1153,329
acc99/semi70,math500/152,0,3157,1024
acc99/semi70,math500/153,1,939,330
acc99/semi70,math500/154,0,2554,1024
acc99/semi70,math500/155,1,667,194
acc99/semi70,math500/156,0,3857,1023
acc99/semi70,math500/157,1,389,63
acc99/semi70,math500/158,1,585,122
acc99/semi70,math500/159,1,376,90
acc99/semi70,math500/160,1,564,117
acc99/semi70,math500/161,1,187,45
acc99/semi70,math500/162,1,553,149
acc99/semi70,math500/163,1,2708,989
acc99/semi70,math500/164,1,3101,793
acc99/semi70,math500/165,1,409,118
acc99/semi70,math500/166,0,2475,1024
acc99/semi70,math500/167,1,216,39
acc99/semi70,math500/168,0,2405,1024
acc99/semi70,math500/169,1,592,143
acc99/semi70,math500/170,0,2083,419
acc99/semi70,math500/171,1,248,38
acc99/semi70,math500/172,1,462,60
acc99/semi70,math500/173,1,1963,687
acc99/semi70,math500/174,1,435,84
acc99/semi70,math500/175,1,1478,379
acc99/semi70,math500/176,0,595,191
acc99/semi70,math500/177,1,2632,788
acc99/semi70,math500/178,1,276,64
acc99/semi70,math500/179,1,1035,181
acc99/semi70,math500/180,1,555,179
acc99/semi70,math500/181,0,1257,397
acc99/semi70,math500/182,1,237,71
acc99/semi70,math500/183,1,830,177
acc99/semi70,math500/184,0,3285,1024
acc99/semi70,math500/185,1,185,26
acc99/semi70,math500/186,1,570,168
acc99/semi70,math500/187,0,461,120
acc99/semi70,math500/188,1,1463,359
acc99/semi70,math500/189,0,3028,1024
acc99/semi70,math500/190,1,547,147
acc99/semi70,math500/191,1,200,33
acc99/semi70,math500/192,1,621,158
acc99/semi70,math500/193,1,614,218
acc99/semi70,math500/194,0,4035,966
acc99/semi70,math500/195,1,475,141
acc99/semi70,math500/196,1,246,59
acc99/semi70,math500/197,1,922,188
acc99/semi70,math500/198,1,380,140
acc99/semi70,math500/199,1,259,40
acc99/semi70,math500/200,1,399,70
acc99/semi70,math500/201,1,660,116
acc99/semi70,math500/202,1,687,200
acc99/semi70,math500/203,1,569,113
acc99/semi70,math500/204,0,2448,1024
acc99/semi70,math500/205,1,853,126
acc99/semi70,math500/206,1,374,72
acc99/semi70,math500/207,0,282,67
acc99/semi70,math500/208,1,336,94
acc99/semi70,math500/209,1,452,121
acc99/semi70,math500/210,1,642,219
acc99/semi70,math500/211,1,359,75
acc99/semi70,math500/212,1,461,94
acc99/semi70,math500/213,1,1967,361
acc99/semi70,math500/214,1,884,226
acc99/semi70,math500/215,1,340,69
acc99/semi70,math500/216,1,433,117
acc99/semi70,math500/217,0,2195,1024
acc99/semi70,math500/218,1,284,47
acc99/semi70,math500/219,0,3064,1024
acc99/semi70,math500/220,1,387,101
acc99/semi70,math500/221,1,753,181
acc99/semi70,math500/222,1,2141,1024
acc99/semi70,math500/223,0,3878,1024
acc99/semi70,math500/224,1,1124,253
acc99/semi70,math500/225,1,288,47
acc99/semi70,math500/226,1,437,183
acc99/semi70,math500/227,1,363,147
acc99/semi70,math500/228,0,1681,272
acc99/semi70,math500/229,1,320,112
acc99/semi70,math500/230,1,1257,236
acc99/semi70,math500/231,1,934,196
acc99/semi70,math500/232,1,2455,656
acc99/semi70,math500/233,1,434,86
acc99/semi70,math500/234,1,1628,450
acc99/semi70,math500/235,1,561,84
acc99/semi70,math500/236,1,3863,1024
acc99/semi70,math500/237,1,829,159
acc99/semi70,math500/238,1,701,170
acc99/semi70,math500/239,0,3640,1024
acc99/semi70,math500/240,0,2524,1024
acc99/semi70,math500/241,1,786,154
acc99/semi70,math500/242,1,484,115
acc99/semi70,math500/243,1,344,99
acc99/semi70,math500/244,1,859,231
acc99/semi70,math500/245,1,1491,208
acc99/semi70,math500/246,0,2217,1024
acc99/semi70,math500/247,1,629,133
acc99/semi70,math500/248,0,4019,992
acc99/semi70,math500/249,1,1115,320
acc99/semi70,math500/250,1,523,60
acc99/semi70,math500/251,1,1388,559
acc99/semi70,math500/252,1,598,89
acc99/semi70,math500/253,1,196,52
acc99/semi70,math500/254,1,385,87
acc99/semi70,math500/255,1,403,98
acc99/semi90,gsm8k/0,1,182,61
acc99/semi90,gsm8k/1,0,200,79
acc99/semi90,gsm8k/2,1,387,71
acc99/semi90,gsm8k/3,1,193,46
acc99/semi90,gsm8k/4,1,254,112
acc99/semi90,gsm8k/5,1,139,40
acc99/semi90,gsm8k/6,1,139,38
acc99/semi90,gsm8k/7,1,212,78
acc99/semi90,gsm8k/8,1,428,127
acc99/semi90,gsm8k/9,0,179,56
acc99/semi90,gsm8k/10,1,363,127
acc99/semi90,gsm8k/11,0,464,142
acc99/semi90,gsm8k/12,1,148,36
acc99/semi90,gsm8k/13,1,329,57
acc99/semi90,gsm8k/14,1,376,147
acc99/semi90,gsm8k/15,1,186,69
acc99/semi90,gsm8k/16,1,220,39
acc99/semi90,gsm8k/17,1,141,30
acc99/semi90,gsm8k/18,1,190,50
acc99/semi90,gsm8k/19,1,232,51
acc99/semi90,gsm8k/20,1,219,40
acc99/semi90,gsm8k/21,1,248,62
acc99/semi90,gsm8k/22,1,296,66
acc99/semi90,gsm8k/23,1,300,87
acc99/semi90,gsm8k/24,1,203,57
acc99/semi90,gsm8k/25,0,285,76
acc99/semi90,gsm8k/26,1,231,91
acc99/semi90,gsm8k/27,1,204,91
acc99/semi90,gsm8k/28,1,231,75
acc99/semi90,gsm8k/29,1,208,50
acc99/semi90,gsm8k/30,1,187,61
acc99/semi90,gsm8k/31,1,341,123
acc99/semi90,gsm8k/32,1,141,46
acc99/semi90,gsm8k/33,1,256,75
acc99/semi90,gsm8k/34,1,339,100
acc99/semi90,gsm8k/35,1,235,56
acc99/semi90,gsm8k/36,1,222,66
acc99/semi90,gsm8k/37,1,196,101
acc99/semi90,gsm8k/38,0,2528,1024
acc99/semi90,gsm8k/39,1,297,100
acc99/semi90,gsm8k/40,1,261,97
acc99/semi90,gsm8k/41,1,276,64
acc99/semi90,gsm8k/42,1,344,68
acc99/semi90,gsm8k/43,1,212,69
acc99/semi90,gsm8k/44,1,297,89
acc99/semi90,gsm8k/45,1,119,29
acc99/semi90,gsm8k/46,1,230,65
acc99/semi90,gsm8k/47,1,121,41
acc99/semi90,gsm8k/48,1,172,71
acc99/semi90,gsm8k/49,1,229,103
acc99/semi90,gsm8k/50,0,302,173
acc99/semi90,gsm8k/51,1,147,38
acc99/semi90,gsm8k/52,1,192,57
acc99/semi90,gsm8k/53,1,131,43
acc99/semi90,gsm8k/54,1,357,118
acc99/semi90,gsm8k/55,1,201,77
acc99/semi90,gsm8k/56,1,330,57
acc99/semi90,gsm8k/57,1,146,39
acc99/semi90,gsm8k/58,1,166,36
acc99/semi90,gsm8k/59,1,207,61
acc99/semi90,gsm8k/60,1,181,46
acc99/semi90,gsm8k/61,1,151,36
acc99/semi90,gsm8k/62,1,234,73
acc99/semi90,gsm8k/63,1,146,54
acc99/semi90,gsm8k/64,1,486,138
acc99/semi90,gsm8k/65,1,220,48
acc99/semi90,gsm8k/66,1,299,89
acc99/semi90,gsm8k/67,1,254,105
acc99/semi90,gsm8k/68,0,337,129
acc99/semi90,gsm8k/69,1,189,41
acc99/semi90,gsm8k/70,1,355,121
acc99/semi90,gsm8k/71,1,332,61
acc99/semi90,gsm8k/72,1,222,50
acc99/semi90,gsm8k/73,1,227,67
acc99/semi90,gsm8k/74,1,152,57
acc99/semi90,gsm8k/75,1,357,127
acc99/semi90,gsm8k/76,1,229,65
acc99/semi90,gsm8k/77,0,2685,1024
acc99/semi90,gsm8k/78,1,238,86
acc99/semi90,gsm8k/79,1,258,72
acc99/semi90,gsm8k/80,1,260,85
acc99/semi90,gsm8k/81,1,319,76
acc99/semi90,gsm8k/82,1,149,31
acc99/semi90,gsm8k/83,1,251,97
acc99/semi90,gsm8k/84,1,177,50
acc99/semi90,gsm8k/85,1,244,75
acc99/semi90,gsm8k/86,1,337,143
acc99/semi90,gsm8k/87,1,192,48
acc99/semi90,gsm8k/88,1,186,48
acc99/semi90,gsm8k/89,1,160,38
acc99/semi90,gsm8k/90,1,224,33
acc99/semi90,gsm8k/91,1,615,185
acc99/semi90,gsm8k/92,1,198,60
acc99/semi90,gsm8k/93,1,147,46
acc99/semi90,gsm8k/94,1,199,78
acc99/semi90,gsm8k/95,1,237,73
acc99/semi90,gsm8k/96,0,289,150
acc99/semi90,gsm8k/97,1,196,53
acc99/semi90,gsm8k/98,1,188,71
acc99/semi90,gsm8k/99,1,174,42
acc99/semi90,gsm8k/100,1,180,81
acc99/semi90,gsm8k/101,1,265,77
acc99/semi90,gsm8k/102,1,630,319
acc99/semi90,gsm8k/103,1,203,47
acc99/semi90,gsm8k/104,1,134,70
acc99/semi90,gsm8k/105,1,348,83
acc99/semi90,gsm8k/106,1,271,83
acc99/semi90,gsm8k/107,1,355,107
acc99/semi90,gsm8k/108,1,247,66
acc99/semi90,gsm8k/109,1,382,105
acc99/semi90,gsm8k/110,1,198,32
acc99/semi90,gsm8k/111,1,157,38
acc99/semi90,gsm8k/112,1,188,48
acc99/semi90,gsm8k/113,1,244,72
acc99/semi90,gsm8k/114,1,201,59
acc99/semi90,gsm8k/115,1,173,32
acc99/semi90,gsm8k/116,1,425,144
acc99/semi90,gsm8k/117,1,316,88
acc99/semi90,gsm8k/118,1,350,115
acc99/semi90,gsm8k/119,1,291,91
acc99/semi90,gsm8k/120,1,108,38
acc99/semi90,gsm8k/121,1,530,199
acc99/semi90,gsm8k/122,1,177,23
acc99/semi90,gsm8k/123,1,606,282
acc99/semi90,gsm8k/124,1,178,44
acc99/semi90,gsm8k/125,1,154,39
acc99/semi90,gsm8k/126,1,306,120
acc99/semi90,gsm8k/127,1,224,60
acc99/semi90,gsm8k/128,1,715,166
acc99/semi90,gsm8k/129,1,245,102
acc99/semi90,gsm8k/130,1,213,79
acc99/semi90,gsm8k/131,0,428,137
acc99/semi90,gsm8k/132,1,189,53
acc99/semi90,gsm8k/133,1,263,63
acc99/semi90,gsm8k/134,1,194,53
acc99/semi90,gsm8k/135,1,361,96
acc99/semi90,gsm8k/136,1,582,139
acc99/semi90,gsm8k/137,0,217,70
acc99/semi90,gsm8k/138,1,392,172
acc99/semi90,gsm8k/139,1,262,73
acc99/semi90,gsm8k/140,1,231,46
acc99/semi90,gsm8k/141,1,225,74
acc99/semi90,gsm8k/142,1,147,38
acc99/semi90,gsm8k/143,1,272,81
acc99/semi90,gsm8k/144,1,513,162
acc99/semi90,gsm8k/145,1,177,66
acc99/semi90,gsm8k/146,1,314,61
acc99/semi90,gsm8k/147,1,134,48
acc99/semi90,gsm8k/148,1,281,114
acc99/semi90,gsm8k/149,1,431,165
acc99/semi90,gsm8k/150,1,214,45
acc99/semi90,gsm8k/151,1,314,137
acc99/semi90,gsm8k/152,1,239,92
acc99/semi90,gsm8k/153,1,192,65
acc99/semi90,gsm8k/154,1,168,26
acc99/semi90,gsm8k/155,0,186,60
acc99/semi90,gsm8k/156,1,273,62
acc99/semi90,gsm8k/157,1,250,62
acc99/semi90,gsm8k/158,1,251,58
acc99/semi90,gsm8k/159,1,279,73
acc99/semi90,gsm8k/160,1,162,50
acc99/semi90,gsm8k/161,1,223,68
acc99/semi90,gsm8k/162,1,246,86
acc99/semi90,gsm8k/163,1,273,72
acc99/semi90,gsm8k/164,1,390,75
acc99/semi90,gsm8k/165,1,341,92
acc99/semi90,gsm8k/166,1,183,40
acc99/semi90,gsm8k/167,1,144,38
acc99/semi90,gsm8k/168,0,642,356
acc99/semi90,gsm8k/169,1,274,71
acc99/semi90,gsm8k/170,1,438,111
acc99/semi90,gsm8k/171,1,312,108
acc99/semi90,gsm8k/172,1,237,61
acc99/semi90,gsm8k/173,1,330,78
acc99/semi90,gsm8k/174,1,249,77
acc99/semi90,gsm8k/175,1,265,92
acc99/semi90,gsm8k/176,1,352,84
acc99/semi90,gsm8k/177,1,149,45
acc99/semi90,gsm8k/178,1,312,103
acc99/semi90,gsm8k/179,1,277,78
acc99/semi90,gsm8k/180,1,128,40
acc99/semi90,gsm8k/181,1,217,58
acc99/semi90,gsm8k/182,1,291,88
acc99/semi90,gsm8k/183,1,247,65
acc99/semi90,gsm8k/184,1,389,130
acc99/semi90,gsm8k/185,1,224,53
acc99/semi90,gsm8k/186,0,199,56
acc99/semi90,gsm8k/187,1,170,56
acc99/semi90,gsm8k/188,1,413,88
acc99/semi90,gsm8k/189,1,202,63
acc99/semi90,gsm8k/190,1,329,67
acc99/semi90,gsm8k/191,1,275,101
acc99/semi90,gsm8k/192,1,227,78
acc99/semi90,gsm8k/193,1,194,66
acc99/semi90,gsm8k/194,1,106,30
acc99/semi90,gsm8k/195,1,401,141
acc99/semi90,gsm8k/196,1,237,68
acc99/semi90,gsm8k/197,1,479,85
acc99/semi90,gsm8k/198,0,283,98
acc99/semi90,gsm8k/199,1,130,44
acc99/semi90,gsm8k/200,1,253,88
acc99/semi90,gsm8k/201,1,216,39
acc99/semi90,gsm8k/202,1,135,37
acc99/semi90,gsm8k/203,1,187,66
acc99/semi90,gsm8k/204,1,227,85
acc99/semi90,gsm8k/205,1,377,88
acc99/semi90,gsm8k/206,1,219,81
acc99/semi90,gsm8k/207,1,305,71
acc99/semi90,gsm8k/208,1,192,35
acc99/semi90,gsm8k/209,1,248,61
acc99/semi90,gsm8k/210,1,437,145
acc99/semi90,gsm8k/211,1,205,59
acc99/semi90,gsm8k/212,1,187,56
acc99/semi90,gsm8k/213,1,269,85
acc99/semi90,gsm8k/214,1,117,19
acc99/semi90,gsm8k/215,1,347,129
acc99/semi90,gsm8k/216,1,357,87
acc99/semi90,gsm8k/217,1,247,58
acc99/semi90,gsm8k/218,1,333,125
acc99/semi90,gsm8k/219,1,202,61
acc99/semi90,gsm8k/220,1,207,46
acc99/semi90,gsm8k/221,1,220,35
acc99/semi90,gsm8k/222,1,156,51
acc99/semi90,gsm8k/223,1,291,93
acc99/semi90,gsm8k/224,1,201,62
acc99/semi90,gsm8k/225,0,504,306
acc99/semi90,gsm8k/226,1,114,41
acc99/semi90,gsm8k/227,1,267,61
acc99/semi90,gsm8k/228,1,226,81
acc99/semi90,gsm8k/229,0,341,100
acc99/semi90,gsm8k/230,0,370,144
acc99/semi90,gsm8k/231,1,217,54
acc99/semi90,gsm8k/232,1,193,61
acc99/semi90,gsm8k/233,1,193,47
acc99/semi90,gsm8k/234,1,177,74
acc99/semi90,gsm8k/235,1,265,67
acc99/semi90,gsm8k/236,1,171,63
acc99/semi90,gsm8k/237,1,209,57
acc99/semi90,gsm8k/238,1,258,83
acc99/semi90,gsm8k/239,1,151,48
acc99/semi90,gsm8k/240,1,228,81
acc99/semi90,gsm8k/241,1,179,36
acc99/semi90,gsm8k/242,1,250,97
acc99/semi90,gsm8k/243,1,264,88
acc99/semi90,gsm8k/244,1,128,40
acc99/semi90,gsm8k/245,1,264,54
acc99/semi90,gsm8k/246,1,207,63
acc99/semi90,gsm8k/247,1,287,103
acc99/semi90,gsm8k/248,1,175,35
acc99/semi90,gsm8k/249,1,153,58
acc99/semi90,gsm8k/250,1,318,96
acc99/semi90,gsm8k/251,1,335,78
acc99/semi90,gsm8k/252,1,256,119
acc99/semi90,gsm8k/253,1,230,57
acc99/semi90,gsm8k/254,1,249,41
acc99/semi90,gsm8k/255,1,321,63
acc99/semi90,math500/0,1,406,126
acc99/semi90,math500/1,1,731,176
acc99/semi90,math500/2,1,403,38
acc99/semi90,math500/3,1,335,66
acc99/semi90,math500/4,1,2116,651
acc99/semi90,math500/5,1,354,124
acc99/semi90,math500/6,1,609,164
acc99/semi90,math500/7,1,876,184
acc99/semi90,math500/8,1,339,50
acc99/semi90,math500/9,0,2295,1024
acc99/semi90,math500/10,1,1641,820
acc99/semi90,math500/11,0,3659,1024
acc99/semi90,math500/12,1,845,206
acc99/semi90,math500/13,1,303,39
acc99/semi90,math500/14,0,470,195
acc99/semi90,math500/15,1,781,179
acc99/semi90,math500/16,1,286,77
acc99/semi90,math500/17,1,2651,1024
acc99/semi90,math500/18,0,2058,1024
acc99/semi90,math500/19,1,1201,373
acc99/semi90,math500/20,1,140,31
acc99/semi90,math500/21,1,1724,494
acc99/semi90,math500/22,1,2316,883
acc99/semi90,math500/23,1,557,88
acc99/semi90,math500/24,1,659,209
acc99/semi90,math500/25,0,1506,347
acc99/semi90,math500/26,0,2226,1024
acc99/semi90,math500/27,1,322,93
acc99/semi90,math500/28,1,255,80
acc99/semi90,math500/29,1,420,129
acc99/semi90,math500/30,1,226,49
acc99/semi90,math500/31,1,275,93
acc99/semi90,math500/32,1,443,181
acc99/semi90,math500/33,1,879,204
acc99/semi90,math500/34,0,734,100
acc99/semi90,math500/35,1,414,78
acc99/semi90,math500/36,1,1034,199
acc99/semi90,math500/37,1,385,160
acc99/semi90,math500/38,0,187,44
acc99/semi90,math500/39,1,617,161
acc99/semi90,math500/40,1,276,47
acc99/semi90,math500/41,1,2709,1024
acc99/semi90,math500/42,1,306,69
acc99/semi90,math500/43,0,3444,1024
acc99/semi90,math500/44,1,462,124
acc99/semi90,math500/45,1,210,70
acc99/semi90,math500/46,1,2498,988
acc99/semi90,math500/47,1,545,103
acc99/semi90,math500/48,1,254,79
acc99/semi90,math500/49,1,342,78
acc99/semi90,math500/50,1,2089,665
acc99/semi90,math500/51,1,759,193
acc99/semi90,math500/52,1,509,123
acc99/semi90,math500/53,1,312,94
acc99/semi90,math500/54,1,211,57
acc99/semi90,math500/55,1,762,201
acc99/semi90,math500/56,1,357,99
acc99/semi90,math500/57,1,345,58
acc99/semi90,math500/58,1,245,28
acc99/semi90,math500/59,1,392,59
acc99/semi90,math500/60,0,3699,1024
acc99/semi90,math500/61,1,1753,594
acc99/semi90,math500/62,1,1039,252
acc99/semi90,math500/63,1,1039,208
acc99/semi90,math500/64,1,1513,251
acc99/semi90,math500/65,1,234,92
acc99/semi90,math500/66,1,412,92
acc99/semi90,math500/67,0,411,89
acc99/semi90,math500/68,1,976,287
acc99/semi90,math500/69,1,435,131
acc99/semi90,math500/70,1,332,58
acc99/semi90,math500/71,0,661,208
acc99/semi90,math500/72,1,403,83
acc99/semi90,math500/73,1,348,71
acc99/semi90,math500/74,1,454,97
acc99/semi90,math500/75,1,492,151
acc99/semi90,math500/76,1,2342,981
acc99/semi90,math500/77,1,221,33
acc99/semi90,math500/78,1,944,258
acc99/semi90,math500/79,1,192,22
acc99/semi90,math500/80,0,2585,1024
acc99/semi90,math500/81,0,519,150
acc99/semi90,math500/82,0,3346,1024
acc99/semi90,math500/83,1,674,207
acc99/semi90,math500/84,1,921,158
acc99/semi90,math500/85,1,353,116
acc99/semi90,math500/86,1,220,56
acc99/semi90,math500/87,1,624,144
acc99/semi90,math500/88,1,2086,680
acc99/semi90,math500/89,1,996,277
acc99/semi90,math500/90,1,221,80
acc99/semi90,math500/91,1,480,152
acc99/semi90,math500/92,1,820,161
acc99/semi90,math500/93,1,561,87
acc99/semi90,math500/94,0,963,335
acc99/semi90,math500/95,1,565,55
acc99/semi90,math500/96,0,3967,734
acc99/semi90,math500/97,0,297,117
acc99/semi90,math500/98,1,157,36
acc99/semi90,math500/99,0,1845,487
acc99/semi90,math500/100,0,3407,1024
acc99/semi90,math500/101,1,2899,865
acc99/semi90,math500/102,0,267,68
acc99/semi90,math500/103,0,3549,1024
acc99/semi90,math500/104,1,3770,971
acc99/semi90,math500/105,1,542,117
acc99/semi90,math500/106,1,449,109
acc99/semi90,math500/107,1,646,193
acc99/semi90,math500/108,0,2355,1024
acc99/semi90,math500/109,1,1452,248
acc99/semi90,math500/110,0,3351,1024
acc99/semi90,math500/111,1,385,69
acc99/semi90,math500/112,1,732,137
acc99/semi90,math500/113,1,271,30
acc99/semi90,math500/114,1,764,133
acc99/semi90,math500/115,1,417,95
acc99/semi90,math500/116,1,213,22
acc99/semi90,math500/117,1,227,22
acc99/semi90,math500/118,1,1029,253
acc99/semi90,math500/119,1,2073,1024
acc99/semi90,math500/120,0,2256,1024
acc99/semi90,math500/121,1,239,45
acc99/semi90,math500/122,1,305,72
acc99/semi90,math500/123,0,2685,1024
acc99/semi90,math500/124,1,701,145
acc99/semi90,math500/125,1,350,82
acc99/semi90,math500/126,1,2379,632
acc99/semi90,math500/127,0,610,150
acc99/semi90,math500/128,0,324,152
acc99/semi90,math500/129,1,1157,261
acc99/semi90,math500/130,1,1128,407
acc99/semi90,math500/131,1,416,61
acc99/semi90,math500/132,1,409,75
acc99/semi90,math500/133,1,402,116
acc99/semi90,math500/134,1,714,163
acc99/semi90,math500/135,1,463,95
acc99/semi90,math500/136,0,3141,1024
acc99/semi90,math500/137,1,397,78
acc99/semi90,math500/138,0,855,469
acc99/semi90,math500/139,1,1738,518
acc99/semi90,math500/140,1,838,234
acc99/semi90,math500/141,0,420,205
acc99/semi90,math500/142,1,522,197
acc99/semi90,math500/143,1,703,94
acc99/semi90,math500/144,1,244,41
acc99/semi90,math500/145,0,3228,953
acc99/semi90,math500/146,1,259,52
acc99/semi90,math500/147,1,2136,629
acc99/semi90,math500/148,1,241,55
acc99/semi90,math500/149,1,1001,218
acc99/semi90,math500/150,0,2129,389
acc99/semi90,math500/151,1,1162,372
acc99/semi90,math500/152,1,2741,1024
acc99/semi90,math500/153,1,957,325
acc99/semi90,math500/154,0,1818,1024
acc99/semi90,math500/155,1,740,239
acc99/semi90,math500/156,0,3537,1024
acc99/semi90,math500/157,1,394,54
acc99/semi90,math500/158,1,657,137
acc99/semi90,math500/159,1,446,98
acc99/semi90,math500/160,1,549,125
acc99/semi90,math500/161,1,187,48
acc99/semi90,math500/162,1,548,142
acc99/semi90,math500/163,0,2856,1024
acc99/semi90,math500/164,1,2249,559
acc99/semi90,math500/165,1,392,151
acc99/semi90,math500/166,0,2507,1024
acc99/semi90,math500/167,1,219,39
acc99/semi90,math500/168,0,1957,1024
acc99/semi90,math500/169,1,330,60
acc99/semi90,math500/170,1,1816,330
acc99/semi90,math500/171,1,248,38
acc99/semi90,math500/172,1,444,60
acc99/semi90,math500/173,1,1875,669
acc99/semi90,math500/174,1,464,104
acc99/semi90,math500/175,1,1364,296
acc99/semi90,math500/176,0,520,165
acc99/semi90,math500/177,0,2441,1024
acc99/semi90,math500/178,1,288,53
acc99/semi90,math500/179,1,989,178
acc99/semi90,math500/180,1,527,151
acc99/semi90,math500/181,1,325,80
acc99/semi90,math500/182,1,206,43
acc99/semi90,math500/183,1,1243,373
acc99/semi90,math500/184,0,3285,1024
acc99/semi90,math500/185,1,161,25
acc99/semi90,math500/186,1,1804,721
acc99/semi90,math500/187,0,462,117
acc99/semi90,math500/188,1,1710,369
acc99/semi90,math500/189,1,2728,773
acc99/semi90,math500/190,1,514,135
acc99/semi90,math500/191,1,201,33
acc99/semi90,math500/192,1,622,168
acc99/semi90,math500/193,1,431,123
acc99/semi90,math500/194,1,2471,764
acc99/semi90,math500/195,1,456,108
acc99/semi90,math500/196,1,247,57
acc99/semi90,math500/197,1,936,193
acc99/semi90,math500/198,1,351,137
acc99/semi90,math500/199,1,259,37
acc99/semi90,math500/200,1,395,70
acc99/semi90,math500/201,1,559,149
acc99/semi90,math500/202,1,771,249
acc99/semi90,math500/203,1,566,108
acc99/semi90,math500/204,0,2480,1024
acc99/semi90,math500/205,1,822,115
acc99/semi90,math500/206,1,362,77
acc99/semi90,math500/207,0,285,81
acc99/semi90,math500/208,1,349,98
acc99/semi90,math500/209,1,517,151
acc99/semi90,math500/210,1,900,298
acc99/semi90,math500/211,1,345,66
acc99/semi90,math500/212,1,438,92
acc99/semi90,math500/213,0,4009,891
acc99/semi90,math500/214,1,1315,455
acc99/semi90,math500/215,1,347,66
acc99/semi90,math500/216,1,382,100
acc99/semi90,math500/217,0,2003,1024
acc99/semi90,math500/218,1,284,50
acc99/semi90,math500/219,0,1473,604
acc99/semi90,math500/220,1,292,105
acc99/semi90,math500/221,1,758,189
acc99/semi90,math500/222,0,2205,1024
acc99/semi90,math500/223,1,1514,450
acc99/semi90,math500/224,1,1595,424
acc99/semi90,math500/225,1,290,49
acc99/semi90,math500/226,1,420,221
acc99/semi90,math500/227,1,343,143
acc99/semi90,math500/228,1,1824,348
acc99/semi90,math500/229,1,325,128
acc99/semi90,math500/230,1,1279,273
acc99/semi90,math500/231,1,1057,204
acc99/semi90,math500/232,1,1786,650
acc99/semi90,math500/233,1,455,77
acc99/semi90,math500/234,1,1394,358
acc99/semi90,math500/235,1,553,79
acc99/semi90,math500/236,1,3447,1024
acc99/semi90,math500/237,1,675,95
acc99/semi90,math500/238,1,709,197
acc99/semi90,math500/239,0,3192,1024
acc99/semi90,math500/240,0,2140,1024
acc99/semi90,math500/241,1,839,170
acc99/semi90,math500/242,1,490,129
acc99/semi90,math500/243,1,305,88
acc99/semi90,math500/244,1,764,219
acc99/semi90,math500/245,1,1489,220
acc99/semi90,math500/246,0,469,252
acc99/semi90,math500/247,1,717,200
acc99/semi90,math500/248,0,3507,1024
acc99/semi90,math500/249,0,3135,1024
acc99/semi90,math500/250,1,524,57
acc99/semi90,math500/251,1,900,349
acc99/semi90,math500/252,1,577,94
acc99/semi90,math500/253,1,188,59
acc99/semi90,math500/254,1,384,92
acc99/semi90,math500/255,1,366,90
