config,prompt,correct,tokens,forwards
acc85/semi70,humaneval_plus/0,1,52,10
acc85/semi70,humaneval_plus/1,0,89,22
acc85/semi70,humaneval_plus/2,0,114,45
acc85/semi70,humaneval_plus/3,0,71,15
acc85/semi70,humaneval_plus/4,0,34,20
acc85/semi70,humaneval_plus/5,0,72,18
acc85/semi70,humaneval_plus/6,0,31,6
acc85/semi70,humaneval_plus/7,0,67,8
acc85/semi70,humaneval_plus/8,1,174,22
acc85/semi70,humaneval_plus/9,0,109,21
acc85/semi70,humaneval_plus/10,0,97,11
acc85/semi70,humaneval_plus/11,0,73,16
acc85/semi70,humaneval_plus/12,0,113,48
acc85/semi70,humaneval_plus/13,1,38,12
acc85/semi70,humaneval_plus/14,1,141,31
acc85/semi70,humaneval_plus/15,1,79,13
acc85/semi70,humaneval_plus/16,1,63,13
acc85/semi70,humaneval_plus/17,0,77,16
acc85/semi70,humaneval_plus/18,0,71,8
acc85/semi70,humaneval_plus/19,0,84,23
acc85/semi70,humaneval_plus/20,0,213,105
acc85/semi70,humaneval_plus/21,0,85,16
acc85/semi70,humaneval_plus/22,0,92,37
acc85/semi70,humaneval_plus/23,0,127,19
acc85/semi70,humaneval_plus/24,0,39,16
acc85/semi70,humaneval_plus/25,0,40,20
acc85/semi70,humaneval_plus/26,0,32,14
acc85/semi70,humaneval_plus/27,0,37,7
acc85/semi70,humaneval_plus/28,0,92,33
acc85/semi70,humaneval_plus/29,0,204,54
acc85/semi70,humaneval_plus/30,0,80,18
acc85/semi70,humaneval_plus/31,0,90,34
acc85/semi70,humaneval_plus/32,0,195,26
acc85/semi70,humaneval_plus/33,1,86,14
acc85/semi70,humaneval_plus/34,0,250,92
acc85/semi70,humaneval_plus/35,1,22,4
acc85/semi70,humaneval_plus/36,0,153,15
acc85/semi70,humaneval_plus/37,0,61,10
acc85/semi70,humaneval_plus/38,0,65,23
acc85/semi70,humaneval_plus/39,0,36,8
acc85/semi70,humaneval_plus/40,0,81,36
acc85/semi70,humaneval_plus/41,0,39,6
acc85/semi70,humaneval_plus/42,0,70,11
acc85/semi70,humaneval_plus/43,0,109,35
acc85/semi70,humaneval_plus/44,0,3908,376
acc85/semi70,humaneval_plus/45,0,74,16
acc85/semi70,humaneval_plus/46,0,16,6
acc85/semi70,humaneval_plus/47,0,46,17
acc85/semi70,humaneval_plus/48,0,125,23
acc85/semi70,humaneval_plus/49,0,75,8
acc85/semi70,humaneval_plus/50,1,119,13
acc85/semi70,humaneval_plus/51,0,143,28
acc85/semi70,humaneval_plus/52,0,114,35
acc85/semi70,humaneval_plus/53,0,99,19
acc85/semi70,humaneval_plus/54,0,94,9
acc85/semi70,humaneval_plus/55,0,155,34
acc85/semi70,humaneval_plus/56,0,66,30
acc85/semi70,humaneval_plus/57,1,20,5
acc85/semi70,humaneval_plus/58,1,99,17
acc85/semi70,humaneval_plus/59,1,48,6
acc85/semi70,humaneval_plus/60,0,30,10
acc85/semi70,humaneval_plus/61,0,92,14
acc85/semi70,humaneval_plus/62,0,48,27
acc85/semi70,humaneval_plus/63,1,69,7
acc85/semi70,humaneval_plus/64,0,137,18
acc85/semi70,humaneval_plus/65,1,60,14
acc85/semi70,humaneval_plus/66,0,65,13
acc85/semi70,humaneval_plus/67,0,39,15
acc85/semi70,humaneval_plus/68,0,28,13
acc85/semi70,humaneval_plus/69,0,100,20
acc85/semi70,humaneval_plus/70,0,89,15
acc85/semi70,humaneval_plus/71,0,29,8
acc85/semi70,humaneval_plus/72,0,65,13
acc85/semi70,humaneval_plus/73,0,66,6
acc85/semi70,humaneval_plus/74,0,70,17
acc85/semi70,humaneval_plus/75,0,153,34
acc85/semi70,humaneval_plus/76,1,21,4
acc85/semi70,humaneval_plus/77,0,85,11
acc85/semi70,humaneval_plus/78,0,81,12
acc85/semi70,humaneval_plus/79,0,17,4
acc85/semi70,humaneval_plus/80,0,8,3
acc85/semi70,humaneval_plus/81,1,32,4
acc85/semi70,humaneval_plus/82,0,50,10
acc85/semi70,humaneval_plus/83,0,38,5
acc85/semi70,humaneval_plus/84,0,41,7
acc85/semi70,humaneval_plus/85,1,8,3
acc85/semi70,humaneval_plus/86,1,16,3
acc85/semi70,humaneval_plus/87,1,35,3
acc85/semi70,humaneval_plus/88,1,17,3
acc85/semi70,humaneval_plus/89,1,78,6
acc85/semi70,humaneval_plus/90,0,180,68
acc85/semi70,humaneval_plus/91,0,92,26
acc85/semi70,humaneval_plus/92,1,10,3
acc85/semi70,humaneval_plus/93,0,40,19
acc85/semi70,humaneval_plus/94,1,59,8
acc85/semi70,humaneval_plus/95,0,87,22
acc85/semi70,humaneval_plus/96,1,104,7
acc85/semi70,humaneval_plus/97,0,172,20
acc85/semi70,humaneval_plus/98,0,43,9
acc85/semi70,humaneval_plus/99,0,74,9
acc85/semi70,humaneval_plus/100,1,42,19
acc85/semi70,humaneval_plus/101,1,15,3
acc85/semi70,humaneval_plus/102,1,45,4
acc85/semi70,humaneval_plus/103,1,49,10
acc85/semi70,humaneval_plus/104,0,13,6
acc85/semi70,humaneval_plus/105,0,120,20
acc85/semi70,humaneval_plus/106,0,68,17
acc85/semi70,humaneval_plus/107,0,28,8
acc85/semi70,humaneval_plus/108,0,91,18
acc85/semi70,humaneval_plus/109,0,40,7
acc85/semi70,humaneval_plus/110,1,36,3
acc85/semi70,humaneval_plus/111,1,39,7
acc85/semi70,humaneval_plus/112,1,14,5
acc85/semi70,humaneval_plus/113,1,9,3
acc85/semi70,humaneval_plus/114,0,17,9
acc85/semi70,humaneval_plus/115,1,83,11
acc85/semi70,humaneval_plus/116,0,55,8
acc85/semi70,humaneval_plus/117,1,68,10
acc85/semi70,humaneval_plus/118,1,16,5
acc85/semi70,humaneval_plus/119,0,126,30
acc85/semi70,humaneval_plus/120,1,85,8
acc85/semi70,humaneval_plus/121,1,17,3
acc85/semi70,humaneval_plus/122,0,54,8
acc85/semi70,humaneval_plus/123,1,44,8
acc85/semi70,humaneval_plus/124,0,90,12
acc85/semi70,humaneval_plus/125,0,65,17
acc85/semi70,humaneval_plus/126,0,52,15
acc85/semi70,humaneval_plus/127,0,30,4
acc85/semi70,humaneval_plus/128,0,99,23
acc85/semi70,humaneval_plus/129,0,68,14
acc85/semi70,humaneval_plus/130,0,89,22
acc85/semi70,humaneval_plus/131,1,16,3
acc85/semi70,humaneval_plus/132,0,69,22
acc85/semi70,humaneval_plus/133,0,88,19
acc85/semi70,humaneval_plus/134,0,38,21
acc85/semi70,humaneval_plus/135,1,66,8
acc85/semi70,humaneval_plus/136,0,64,8
acc85/semi70,humaneval_plus/137,0,191,23
acc85/semi70,humaneval_plus/138,0,55,9
acc85/semi70,humaneval_plus/139,0,35,14
acc85/semi70,humaneval_plus/140,0,84,14
acc85/semi70,humaneval_plus/141,0,33,11
acc85/semi70,humaneval_plus/142,0,38,6
acc85/semi70,humaneval_plus/143,0,55,9
acc85/semi70,humaneval_plus/144,0,213,12
acc85/semi70,humaneval_plus/145,1,84,8
acc85/semi70,humaneval_plus/146,0,156,43
acc85/semi70,humaneval_plus/147,0,45,16
acc85/semi70,humaneval_plus/148,1,43,8
acc85/semi70,humaneval_plus/149,0,53,16
acc85/semi70,humaneval_plus/150,0,77,13
acc85/semi70,humaneval_plus/151,0,85,23
acc85/semi70,humaneval_plus/152,0,91,17
acc85/semi70,humaneval_plus/153,0,57,8
acc85/semi70,humaneval_plus/154,0,45,11
acc85/semi70,humaneval_plus/155,0,51,28
acc85/semi70,humaneval_plus/156,0,52,16
acc85/semi70,humaneval_plus/157,0,154,52
acc85/semi70,humaneval_plus/158,0,130,12
acc85/semi70,humaneval_plus/159,0,85,17
acc85/semi70,humaneval_plus/160,0,116,18
acc85/semi70,humaneval_plus/161,0,35,7
acc85/semi70,humaneval_plus/162,0,48,10
acc85/semi70,humaneval_plus/163,0,60,16
acc85/semi70,mbpp/0,1,67,24
acc85/semi70,mbpp/1,1,26,10
acc85/semi70,mbpp/2,0,59,17
acc85/semi70,mbpp/3,0,33,14
acc85/semi70,mbpp/4,0,64,14
acc85/semi70,mbpp/5,0,49,16
acc85/semi70,mbpp/6,1,17,9
acc85/semi70,mbpp/7,1,31,12
acc85/semi70,mbpp/8,0,19,8
acc85/semi70,mbpp/9,0,63,19
acc85/semi70,mbpp/10,0,41,15
acc85/semi70,mbpp/11,1,41,6
acc85/semi70,mbpp/12,1,40,14
acc85/semi70,mbpp/13,0,70,29
acc85/semi70,mbpp/14,1,69,9
acc85/semi70,mbpp/15,0,37,13
acc85/semi70,mbpp/16,0,27,15
acc85/semi70,mbpp/17,0,131,22
acc85/semi70,mbpp/18,0,34,10
acc85/semi70,mbpp/19,1,63,8
acc85/semi70,mbpp/20,0,145,40
acc85/semi70,mbpp/21,0,56,14
acc85/semi70,mbpp/22,1,64,16
acc85/semi70,mbpp/23,0,82,19
acc85/semi70,mbpp/24,0,16,4
acc85/semi70,mbpp/25,0,130,58
acc85/semi70,mbpp/26,1,70,15
acc85/semi70,mbpp/27,0,75,15
acc85/semi70,mbpp/28,0,163,55
acc85/semi70,mbpp/29,1,37,10
acc85/semi70,mbpp/30,1,27,6
acc85/semi70,mbpp/31,0,88,41
acc85/semi70,mbpp/32,0,48,13
acc85/semi70,mbpp/33,0,43,15
acc85/semi70,mbpp/34,1,47,8
acc85/semi70,mbpp/35,1,20,6
acc85/semi70,mbpp/36,0,4019,202
acc85/semi70,mbpp/37,0,38,17
acc85/semi70,mbpp/38,1,24,10
acc85/semi70,mbpp/39,0,31,12
acc85/semi70,mbpp/40,1,33,9
acc85/semi70,mbpp/41,1,24,5
acc85/semi70,mbpp/42,0,35,11
acc85/semi70,mbpp/43,0,117,20
acc85/semi70,mbpp/44,0,29,14
acc85/semi70,mbpp/45,1,38,18
acc85/semi70,mbpp/46,0,26,27
acc85/semi70,mbpp/47,0,30,15
acc85/semi70,mbpp/48,0,22,5
acc85/semi70,mbpp/49,0,112,22
acc85/semi70,mbpp/50,0,70,15
acc85/semi70,mbpp/51,1,37,9
acc85/semi70,mbpp/52,0,44,21
acc85/semi70,mbpp/53,0,24,8
acc85/semi70,mbpp/54,1,49,6
acc85/semi70,mbpp/55,1,38,6
acc85/semi70,mbpp/56,0,142,28
acc85/semi70,mbpp/57,0,76,15
acc85/semi70,mbpp/58,0,70,19
acc85/semi70,mbpp/59,0,68,29
acc85/semi70,mbpp/60,0,145,42
acc85/semi70,mbpp/61,1,39,10
acc85/semi70,mbpp/62,1,29,19
acc85/semi70,mbpp/63,0,40,20
acc85/semi70,mbpp/64,1,49,12
acc85/semi70,mbpp/65,0,45,33
acc85/semi70,mbpp/66,0,88,19
acc85/semi70,mbpp/67,1,59,8
acc85/semi70,mbpp/68,0,28,6
acc85/semi70,mbpp/69,1,33,6
acc85/semi70,mbpp/70,0,43,17
acc85/semi70,mbpp/71,1,33,17
acc85/semi70,mbpp/72,0,33,15
acc85/semi70,mbpp/73,0,82,20
acc85/semi70,mbpp/74,0,36,13
acc85/semi70,mbpp/75,1,27,10
acc85/semi70,mbpp/76,0,33,5
acc85/semi70,mbpp/77,0,36,16
acc85/semi70,mbpp/78,1,28,11
acc85/semi70,mbpp/79,0,35,14
acc85/semi70,mbpp/80,1,32,9
acc85/semi70,mbpp/81,0,62,14
acc85/semi70,mbpp/82,1,34,6
acc85/semi70,mbpp/83,1,31,15
acc85/semi70,mbpp/84,0,46,11
acc85/semi70,mbpp/85,1,46,9
acc85/semi70,mbpp/86,1,47,8
acc85/semi70,mbpp/87,1,47,11
acc85/semi70,mbpp/88,1,57,7
acc85/semi70,mbpp/89,0,60,10
acc85/semi70,mbpp/90,0,25,9
acc85/semi70,mbpp/91,1,51,10
acc85/semi70,mbpp/92,0,73,35
acc85/semi70,mbpp/93,0,25,15
acc85/semi70,mbpp/94,0,30,13
acc85/semi70,mbpp/95,0,20,10
acc85/semi70,mbpp/96,0,66,25
acc85/semi70,mbpp/97,0,115,37
acc85/semi70,mbpp/98,0,62,13
acc85/semi70,mbpp/99,0,81,26
acc85/semi70,mbpp/100,0,58,12
acc85/semi70,mbpp/101,0,28,14
acc85/semi70,mbpp/102,1,28,9
acc85/semi70,mbpp/103,0,79,27
acc85/semi70,mbpp/104,1,22,10
acc85/semi70,mbpp/105,0,31,14
acc85/semi70,mbpp/106,1,62,18
acc85/semi70,mbpp/107,1,15,6
acc85/semi70,mbpp/108,0,86,27
acc85/semi70,mbpp/109,1,54,19
acc85/semi70,mbpp/110,0,81,14
acc85/semi70,mbpp/111,0,159,43
acc85/semi70,mbpp/112,0,122,25
acc85/semi70,mbpp/113,0,23,7
acc85/semi70,mbpp/114,0,74,10
acc85/semi70,mbpp/115,0,69,20
acc85/semi70,mbpp/116,1,34,7
acc85/semi70,mbpp/117,1,32,7
acc85/semi70,mbpp/118,0,131,25
acc85/semi70,mbpp/119,0,67,23
acc85/semi70,mbpp/120,0,113,14
acc85/semi70,mbpp/121,0,18,6
acc85/semi70,mbpp/122,1,26,5
acc85/semi70,mbpp/123,0,60,27
acc85/semi70,mbpp/124,1,22,5
acc85/semi70,mbpp/125,0,121,25
acc85/semi70,mbpp/126,0,41,13
acc85/semi70,mbpp/127,0,85,24
acc85/semi70,mbpp/128,0,25,5
acc85/semi70,mbpp/129,0,47,9
acc85/semi70,mbpp/130,0,222,62
acc85/semi70,mbpp/131,1,63,12
acc85/semi70,mbpp/132,0,39,6
acc85/semi70,mbpp/133,1,52,12
acc85/semi70,mbpp/134,0,66,13
acc85/semi70,mbpp/135,0,31,12
acc85/semi70,mbpp/136,0,72,12
acc85/semi70,mbpp/137,0,101,25
acc85/semi70,mbpp/138,1,86,14
acc85/semi70,mbpp/139,0,38,19
acc85/semi70,mbpp/140,0,54,14
acc85/semi70,mbpp/141,0,142,12
acc85/semi70,mbpp/142,0,50,12
acc85/semi70,mbpp/143,1,31,11
acc85/semi70,mbpp/144,0,57,27
acc85/semi70,mbpp/145,0,29,16
acc85/semi70,mbpp/146,1,89,12
acc85/semi70,mbpp/147,0,69,35
acc85/semi70,mbpp/148,0,84,12
acc85/semi70,mbpp/149,0,62,13
acc85/semi70,mbpp/150,1,29,5
acc85/semi70,mbpp/151,0,53,13
acc85/semi70,mbpp/152,0,45,18
acc85/semi70,mbpp/153,0,69,20
acc85/semi70,mbpp/154,0,56,18
acc85/semi70,mbpp/155,1,63,12
acc85/semi70,mbpp/156,1,47,7
acc85/semi70,mbpp/157,1,38,8
acc85/semi70,mbpp/158,1,90,17
acc85/semi70,mbpp/159,1,24,11
acc85/semi70,mbpp/160,1,18,8
acc85/semi70,mbpp/161,0,57,10
acc85/semi70,mbpp/162,0,26,11
acc85/semi70,mbpp/163,1,52,6
acc85/semi70,mbpp/164,0,82,23
acc85/semi70,mbpp/165,1,21,4
acc85/semi70,mbpp/166,0,69,26
acc85/semi70,mbpp/167,0,35,13
acc85/semi70,mbpp/168,0,68,42
acc85/semi70,mbpp/169,0,155,29
acc85/semi70,mbpp/170,1,82,22
acc85/semi70,mbpp/171,0,75,18
acc85/semi70,mbpp/172,0,104,19
acc85/semi70,mbpp/173,0,43,17
acc85/semi70,mbpp/174,0,50,13
acc85/semi70,mbpp/175,1,40,11
acc85/semi70,mbpp/176,1,134,14
acc85/semi70,mbpp/177,0,79,22
acc85/semi70,mbpp/178,0,132,17
acc85/semi70,mbpp/179,0,59,18
acc85/semi70,mbpp/180,0,64,27
acc85/semi70,mbpp/181,0,42,14
acc85/semi70,mbpp/182,0,38,12
acc85/semi70,mbpp/183,0,72,25
acc85/semi70,mbpp/184,1,104,14
acc85/semi70,mbpp/185,0,28,4
acc85/semi70,mbpp/186,1,37,12
acc85/semi70,mbpp/187,0,247,94
acc85/semi70,mbpp/188,1,50,9
acc85/semi70,mbpp/189,1,47,10
acc85/semi70,mbpp/190,0,20,10
acc85/semi70,mbpp/191,0,32,12
acc85/semi70,mbpp/192,0,59,18
acc85/semi70,mbpp/193,1,37,11
acc85/semi70,mbpp/194,0,28,9
acc85/semi70,mbpp/195,1,47,9
acc85/semi70,mbpp/196,0,128,14
acc85/semi70,mbpp/197,0,38,20
acc85/semi70,mbpp/198,0,34,12
acc85/semi70,mbpp/199,0,41,13
acc85/semi70,mbpp/200,0,58,23
acc85/semi70,mbpp/201,1,43,14
acc85/semi70,mbpp/202,0,37,12
acc85/semi70,mbpp/203,0,31,11
acc85/semi70,mbpp/204,0,53,11
acc85/semi70,mbpp/205,0,67,21
acc85/semi70,mbpp/206,0,53,14
acc85/semi70,mbpp/207,0,79,29
acc85/semi70,mbpp/208,0,42,27
acc85/semi70,mbpp/209,1,43,14
acc85/semi70,mbpp/210,1,33,4
acc85/semi70,mbpp/211,0,20,12
acc85/semi70,mbpp/212,1,58,12
acc85/semi70,mbpp/213,0,43,13
acc85/semi70,mbpp/214,1,90,24
acc85/semi70,mbpp/215,0,34,19
acc85/semi70,mbpp/216,1,44,10
acc85/semi70,mbpp/217,1,59,18
acc85/semi70,mbpp/218,0,97,20
acc85/semi70,mbpp/219,0,20,17
acc85/semi70,mbpp/220,0,115,29
acc85/semi70,mbpp/221,1,25,6
acc85/semi70,mbpp/222,0,38,14
acc85/semi70,mbpp/223,1,16,9
acc85/semi70,mbpp/224,0,50,21
acc85/semi70,mbpp/225,0,73,33
acc85/semi70,mbpp/226,0,55,20
acc85/semi70,mbpp/227,0,28,9
acc85/semi70,mbpp/228,0,115,35
acc85/semi70,mbpp/229,0,28,6
acc85/semi70,mbpp/230,0,38,12
acc85/semi70,mbpp/231,1,15,7
acc85/semi70,mbpp/232,0,64,19
acc85/semi70,mbpp/233,1,32,11
acc85/semi70,mbpp/234,0,219,40
acc85/semi70,mbpp/235,0,75,23
acc85/semi70,mbpp/236,0,159,30
acc85/semi70,mbpp/237,0,36,9
acc85/semi70,mbpp/238,0,32,16
acc85/semi70,mbpp/239,0,39,7
acc85/semi70,mbpp/240,0,22,16
acc85/semi70,mbpp/241,0,33,13
acc85/semi70,mbpp/242,0,38,7
acc85/semi70,mbpp/243,0,36,24
acc85/semi70,mbpp/244,0,41,15
acc85/semi70,mbpp/245,0,96,11
acc85/semi70,mbpp/246,0,27,11
acc85/semi70,mbpp/247,0,28,9
acc85/semi70,mbpp/248,0,69,27
acc85/semi70,mbpp/249,0,227,53
acc85/semi70,mbpp/250,1,36,10
acc85/semi70,mbpp/251,0,25,8
acc85/semi70,mbpp/252,1,33,10
acc85/semi70,mbpp/253,0,46,21
acc85/semi70,mbpp/254,0,46,16
acc85/semi70,mbpp/255,1,20,11
acc85/semi70,mbpp/256,0,46,17
acc85/semi70,mbpp/257,0,42,12
acc85/semi70,mbpp/258,1,14,6
acc85/semi70,mbpp/259,1,55,12
acc85/semi70,mbpp/260,0,46,10
acc85/semi70,mbpp/261,1,23,9
acc85/semi70,mbpp/262,1,32,7
acc85/semi70,mbpp/263,0,22,9
acc85/semi70,mbpp/264,0,50,25
acc85/semi70,mbpp/265,0,32,13
acc85/semi70,mbpp/266,0,30,8
acc85/semi70,mbpp/267,0,40,13
acc85/semi70,mbpp/268,0,43,20
acc85/semi70,mbpp/269,1,41,8
acc85/semi70,mbpp/270,1,19,5
acc85/semi70,mbpp/271,1,32,5
acc85/semi70,mbpp/272,1,50,14
acc85/semi70,mbpp/273,1,22,10
acc85/semi70,mbpp/274,0,47,14
acc85/semi70,mbpp/275,0,155,40
acc85/semi70,mbpp/276,0,44,15
acc85/semi70,mbpp/277,1,48,8
acc85/semi70,mbpp/278,0,60,26
acc85/semi70,mbpp/279,0,57,16
acc85/semi70,mbpp/280,1,97,22
acc85/semi70,mbpp/281,1,15,12
acc85/semi70,mbpp/282,1,58,21
acc85/semi70,mbpp/283,0,48,11
acc85/semi70,mbpp/284,0,46,9
acc85/semi70,mbpp/285,1,57,8
acc85/semi70,mbpp/286,0,46,6
acc85/semi70,mbpp/287,0,52,10
acc85/semi70,mbpp/288,0,79,17
acc85/semi70,mbpp/289,0,117,31
acc85/semi70,mbpp/290,0,44,11
acc85/semi70,mbpp/291,0,56,20
acc85/semi70,mbpp/292,0,63,21
acc85/semi70,mbpp/293,0,83,42
acc85/semi70,mbpp/294,0,54,21
acc85/semi70,mbpp/295,0,144,54
acc85/semi70,mbpp/296,0,48,22
acc85/semi70,mbpp/297,1,52,9
acc85/semi70,mbpp/298,1,27,8
acc85/semi70,mbpp/299,0,15,6
acc85/semi70,mbpp/300,0,97,39
acc85/semi70,mbpp/301,0,39,15
acc85/semi70,mbpp/302,0,25,11
acc85/semi70,mbpp/303,0,120,31
acc85/semi70,mbpp/304,0,63,14
acc85/semi70,mbpp/305,0,101,17
acc85/semi70,mbpp/306,0,86,19
acc85/semi70,mbpp/307,0,76,15
acc85/semi70,mbpp/308,0,33,9
acc85/semi70,mbpp/309,0,61,22
acc85/semi70,mbpp/310,0,52,45
acc85/semi70,mbpp/311,0,54,11
acc85/semi70,mbpp/312,0,85,30
acc85/semi70,mbpp/313,0,76,14
acc85/semi70,mbpp/314,0,106,18
acc85/semi70,mbpp/315,0,69,18
acc85/semi70,mbpp/316,0,54,19
acc85/semi70,mbpp/317,0,89,46
acc85/semi70,mbpp/318,1,38,7
acc85/semi70,mbpp/319,1,36,10
acc85/semi70,mbpp/320,1,51,15
acc85/semi70,mbpp/321,0,49,13
acc85/semi70,mbpp/322,1,21,8
acc85/semi70,mbpp/323,1,46,11
acc85/semi70,mbpp/324,0,41,10
acc85/semi70,mbpp/325,1,117,25
acc85/semi70,mbpp/326,0,59,14
acc85/semi70,mbpp/327,0,66,11
acc85/semi70,mbpp/328,0,124,30
acc85/semi70,mbpp/329,1,53,10
acc85/semi70,mbpp/330,1,16,4
acc85/semi70,mbpp/331,0,210,54
acc85/semi70,mbpp/332,0,59,11
acc85/semi70,mbpp/333,0,72,21
acc85/semi70,mbpp/334,1,45,10
acc85/semi70,mbpp/335,0,175,45
acc85/semi70,mbpp/336,0,45,33
acc85/semi70,mbpp/337,0,153,78
acc85/semi70,mbpp/338,0,41,12
acc85/semi70,mbpp/339,0,64,25
acc85/semi70,mbpp/340,0,79,12
acc85/semi70,mbpp/341,0,26,17
acc85/semi70,mbpp/342,0,35,8
acc85/semi70,mbpp/343,0,26,8
acc85/semi70,mbpp/344,0,110,21
acc85/semi70,mbpp/345,0,34,7
acc85/semi70,mbpp/346,1,30,10
acc85/semi70,mbpp/347,0,34,6
acc85/semi70,mbpp/348,0,111,30
acc85/semi70,mbpp/349,0,25,17
acc85/semi70,mbpp/350,1,20,8
acc85/semi70,mbpp/351,1,57,13
acc85/semi70,mbpp/352,0,37,18
acc85/semi70,mbpp/353,0,121,24
acc85/semi70,mbpp/354,0,43,15
acc85/semi70,mbpp/355,1,34,6
acc85/semi70,mbpp/356,0,131,23
acc85/semi70,mbpp/357,0,26,12
acc85/semi70,mbpp/358,1,29,7
acc85/semi70,mbpp/359,0,25,12
acc85/semi70,mbpp/360,0,75,20
acc85/semi70,mbpp/361,1,54,15
acc85/semi70,mbpp/362,1,28,4
acc85/semi70,mbpp/363,0,78,9
acc85/semi70,mbpp/364,0,21,6
acc85/semi70,mbpp/365,0,57,13
acc85/semi70,mbpp/366,0,27,18
acc85/semi70,mbpp/367,1,30,16
acc85/semi70,mbpp/368,1,41,11
acc85/semi70,mbpp/369,1,49,16
acc85/semi70,mbpp/370,1,27,9
acc85/semi70,mbpp/371,0,141,33
acc85/semi70,mbpp/372,0,48,23
acc85/semi70,mbpp/373,1,53,10
acc85/semi70,mbpp/374,0,76,8
acc85/semi70,mbpp/375,0,70,22
acc85/semi70,mbpp/376,0,43,33
acc85/semi70,mbpp/377,1,52,7
acc85/semi70,mbpp/378,1,76,9
acc85/semi70,mbpp/379,1,23,12
acc85/semi70,mbpp/380,0,94,31
acc85/semi70,mbpp/381,1,72,13
acc85/semi70,mbpp/382,0,22,8
acc85/semi70,mbpp/383,0,22,8
acc85/semi70,mbpp/384,1,65,6
acc85/semi70,mbpp/385,0,62,20
acc85/semi70,mbpp/386,0,37,13
acc85/semi70,mbpp/387,0,30,9
acc85/semi70,mbpp/388,1,31,8
acc85/semi70,mbpp/389,0,49,12
acc85/semi70,mbpp/390,0,55,18
acc85/semi70,mbpp/391,0,99,31
acc85/semi70,mbpp/392,0,190,44
acc85/semi70,mbpp/393,1,27,11
acc85/semi70,mbpp/394,1,28,8
acc85/semi70,mbpp/395,0,38,10
acc85/semi70,mbpp/396,0,190,45
acc85/semi70,mbpp/397,0,126,27
acc85/semi70,mbpp/398,1,48,11
acc85/semi70,mbpp/399,0,55,10
acc85/semi70,mbpp/400,0,66,30
acc85/semi70,mbpp/401,1,26,8
acc85/semi70,mbpp/402,0,26,6
acc85/semi70,mbpp/403,0,26,17
acc85/semi70,mbpp/404,0,45,18
acc85/semi70,mbpp/405,0,102,17
acc85/semi70,mbpp/406,0,90,25
acc85/semi70,mbpp/407,0,39,16
acc85/semi70,mbpp/408,0,41,7
acc85/semi70,mbpp/409,1,45,15
acc85/semi70,mbpp/410,0,22,10
acc85/semi70,mbpp/411,1,47,14
acc85/semi70,mbpp/412,0,231,42
acc85/semi70,mbpp/413,0,24,6
acc85/semi70,mbpp/414,1,41,6
acc85/semi70,mbpp/415,1,27,8
acc85/semi70,mbpp/416,0,68,18
acc85/semi70,mbpp/417,0,95,17
acc85/semi70,mbpp/418,1,36,11
acc85/semi70,mbpp/419,0,41,16
acc85/semi70,mbpp/420,0,35,8
acc85/semi70,mbpp/421,1,36,6
acc85/semi70,mbpp/422,0,53,12
acc85/semi70,mbpp/423,0,44,12
acc85/semi70,mbpp/424,1,18,8
acc85/semi70,mbpp/425,0,41,13
acc85/semi70,mbpp/426,0,33,14
acc85/semi70,mbpp/427,0,48,11
acc85/semi70,mbpp/428,1,35,13
acc85/semi70,mbpp/429,1,64,22
acc85/semi70,mbpp/430,1,20,16
acc85/semi70,mbpp/431,1,54,14
acc85/semi70,mbpp/432,0,30,11
acc85/semi70,mbpp/433,0,32,10
acc85/semi70,mbpp/434,0,51,13
acc85/semi70,mbpp/435,0,46,12
acc85/semi70,mbpp/436,0,24,8
acc85/semi70,mbpp/437,0,113,28
acc85/semi70,mbpp/438,0,120,30
acc85/semi70,mbpp/439,0,28,12
acc85/semi70,mbpp/440,0,26,9
acc85/semi70,mbpp/441,0,35,9
acc85/semi70,mbpp/442,0,87,20
acc85/semi70,mbpp/443,0,50,15
acc85/semi70,mbpp/444,1,50,9
acc85/semi70,mbpp/445,1,24,8
acc85/semi70,mbpp/446,1,56,15
acc85/semi70,mbpp/447,1,17,4
acc85/semi70,mbpp/448,1,30,7
acc85/semi70,mbpp/449,0,20,7
acc85/semi70,mbpp/450,0,37,7
acc85/semi70,mbpp/451,0,52,25
acc85/semi70,mbpp/452,0,119,11
acc85/semi70,mbpp/453,1,23,14
acc85/semi70,mbpp/454,1,37,11
acc85/semi70,mbpp/455,0,112,22
acc85/semi70,mbpp/456,0,64,13
acc85/semi70,mbpp/457,0,140,29
acc85/semi70,mbpp/458,0,273,78
acc85/semi70,mbpp/459,0,32,10
acc85/semi70,mbpp/460,1,46,12
acc85/semi70,mbpp/461,0,54,18
acc85/semi70,mbpp/462,0,57,19
acc85/semi70,mbpp/463,0,41,15
acc85/semi70,mbpp/464,1,26,9
acc85/semi70,mbpp/465,1,18,8
acc85/semi70,mbpp/466,1,14,6
acc85/semi70,mbpp/467,1,34,18
acc85/semi70,mbpp/468,1,36,30
acc85/semi70,mbpp/469,0,99,21
acc85/semi70,mbpp/470,0,83,27
acc85/semi70,mbpp/471,1,44,10
acc85/semi70,mbpp/472,0,67,17
acc85/semi70,mbpp/473,1,59,21
acc85/semi70,mbpp/474,1,59,17
acc85/semi70,mbpp/475,0,71,24
acc85/semi70,mbpp/476,1,24,9
acc85/semi70,mbpp/477,1,51,20
acc85/semi70,mbpp/478,1,78,13
acc85/semi70,mbpp/479,0,49,17
acc85/semi70,mbpp/480,0,50,12
acc85/semi70,mbpp/481,1,88,9
acc85/semi70,mbpp/482,0,226,83
acc85/semi70,mbpp/483,0,32,8
acc85/semi70,mbpp/484,1,24,12
acc85/semi70,mbpp/485,0,64,17
acc85/semi70,mbpp/486,0,61,19
acc85/semi70,mbpp/487,1,29,6
acc85/semi70,mbpp/488,1,16,7
acc85/semi70,mbpp/489,0,15,7
acc85/semi70,mbpp/490,0,31,11
acc85/semi70,mbpp/491,1,15,12
acc85/semi70,mbpp/492,0,39,17
acc85/semi70,mbpp/493,1,42,18
acc85/semi70,mbpp/494,0,48,15
acc85/semi70,mbpp/495,1,64,15
acc85/semi70,mbpp/496,1,34,8
acc85/semi70,mbpp/497,0,52,21
acc85/semi70,mbpp/498,0,64,18
acc85/semi70,mbpp/499,0,112,24
acc85/semi90,humaneval_plus/0,1,52,10
acc85/semi90,humaneval_plus/1,0,91,22
acc85/semi90,humaneval_plus/2,0,112,36
acc85/semi90,humaneval_plus/3,0,69,16
acc85/semi90,humaneval_plus/4,0,36,20
acc85/semi90,humaneval_plus/5,0,63,32
acc85/semi90,humaneval_plus/6,0,31,6
acc85/semi90,humaneval_plus/7,0,67,8
acc85/semi90,humaneval_plus/8,1,174,29
acc85/semi90,humaneval_plus/9,0,94,17
acc85/semi90,humaneval_plus/10,0,98,10
acc85/semi90,humaneval_plus/11,0,104,34
acc85/semi90,humaneval_plus/12,1,139,73
acc85/semi90,humaneval_plus/13,1,38,12
acc85/semi90,humaneval_plus/14,1,141,31
acc85/semi90,humaneval_plus/15,0,79,13
acc85/semi90,humaneval_plus/16,1,63,15
acc85/semi90,humaneval_plus/17,0,77,16
acc85/semi90,humaneval_plus/18,0,71,8
acc85/semi90,humaneval_plus/19,1,47,16
acc85/semi90,humaneval_plus/20,0,88,49
acc85/semi90,humaneval_plus/21,1,80,17
acc85/semi90,humaneval_plus/22,0,81,30
acc85/semi90,humaneval_plus/23,0,106,19
acc85/semi90,humaneval_plus/24,0,49,22
acc85/semi90,humaneval_plus/25,0,40,20
acc85/semi90,humaneval_plus/26,1,32,10
acc85/semi90,humaneval_plus/27,0,37,7
acc85/semi90,humaneval_plus/28,0,82,28
acc85/semi90,humaneval_plus/29,0,160,44
acc85/semi90,humaneval_plus/30,0,79,20
acc85/semi90,humaneval_plus/31,0,91,39
acc85/semi90,humaneval_plus/32,0,195,26
acc85/semi90,humaneval_plus/33,1,86,14
acc85/semi90,humaneval_plus/34,0,281,106
acc85/semi90,humaneval_plus/35,1,22,4
acc85/semi90,humaneval_plus/36,0,115,17
acc85/semi90,humaneval_plus/37,0,61,10
acc85/semi90,humaneval_plus/38,0,70,24
acc85/semi90,humaneval_plus/39,0,36,8
acc85/semi90,humaneval_plus/40,0,82,40
acc85/semi90,humaneval_plus/41,0,39,6
acc85/semi90,humaneval_plus/42,0,70,11
acc85/semi90,humaneval_plus/43,1,132,45
acc85/semi90,humaneval_plus/44,1,429,193
acc85/semi90,humaneval_plus/45,0,74,16
acc85/semi90,humaneval_plus/46,0,16,6
acc85/semi90,humaneval_plus/47,0,62,28
acc85/semi90,humaneval_plus/48,0,117,28
acc85/semi90,humaneval_plus/49,1,74,9
acc85/semi90,humaneval_plus/50,1,119,13
acc85/semi90,humaneval_plus/51,0,133,33
acc85/semi90,humaneval_plus/52,0,104,38
acc85/semi90,humaneval_plus/53,0,81,12
acc85/semi90,humaneval_plus/54,0,94,9
acc85/semi90,humaneval_plus/55,0,158,59
acc85/semi90,humaneval_plus/56,0,70,26
acc85/semi90,humaneval_plus/57,1,20,5
acc85/semi90,humaneval_plus/58,0,95,8
acc85/semi90,humaneval_plus/59,1,48,6
acc85/semi90,humaneval_plus/60,0,30,10
acc85/semi90,humaneval_plus/61,0,93,15
acc85/semi90,humaneval_plus/62,0,48,27
acc85/semi90,humaneval_plus/63,1,69,7
acc85/semi90,humaneval_plus/64,0,141,19
acc85/semi90,humaneval_plus/65,1,65,19
acc85/semi90,humaneval_plus/66,0,65,13
acc85/semi90,humaneval_plus/67,0,39,15
acc85/semi90,humaneval_plus/68,0,28,13
acc85/semi90,humaneval_plus/69,0,100,20
acc85/semi90,humaneval_plus/70,0,89,15
acc85/semi90,humaneval_plus/71,0,29,8
acc85/semi90,humaneval_plus/72,0,68,15
acc85/semi90,humaneval_plus/73,1,64,6
acc85/semi90,humaneval_plus/74,0,68,13
acc85/semi90,humaneval_plus/75,1,159,46
acc85/semi90,humaneval_plus/76,1,21,4
acc85/semi90,humaneval_plus/77,0,75,15
acc85/semi90,humaneval_plus/78,0,80,15
acc85/semi90,humaneval_plus/79,0,17,4
acc85/semi90,humaneval_plus/80,0,8,3
acc85/semi90,humaneval_plus/81,1,32,4
acc85/semi90,humaneval_plus/82,0,50,10
acc85/semi90,humaneval_plus/83,0,38,5
acc85/semi90,humaneval_plus/84,0,41,7
acc85/semi90,humaneval_plus/85,1,8,3
acc85/semi90,humaneval_plus/86,1,16,3
acc85/semi90,humaneval_plus/87,1,35,3
acc85/semi90,humaneval_plus/88,1,17,3
acc85/semi90,humaneval_plus/89,1,78,6
acc85/semi90,humaneval_plus/90,0,206,96
acc85/semi90,humaneval_plus/91,0,118,37
acc85/semi90,humaneval_plus/92,1,10,3
acc85/semi90,humaneval_plus/93,0,37,18
acc85/semi90,humaneval_plus/94,1,59,8
acc85/semi90,humaneval_plus/95,0,102,35
acc85/semi90,humaneval_plus/96,1,104,7
acc85/semi90,humaneval_plus/97,0,172,22
acc85/semi90,humaneval_plus/98,0,43,9
acc85/semi90,humaneval_plus/99,0,74,9
acc85/semi90,humaneval_plus/100,1,27,13
acc85/semi90,humaneval_plus/101,1,15,3
acc85/semi90,humaneval_plus/102,1,45,4
acc85/semi90,humaneval_plus/103,1,49,10
acc85/semi90,humaneval_plus/104,0,13,6
acc85/semi90,humaneval_plus/105,0,120,20
acc85/semi90,humaneval_plus/106,0,73,13
acc85/semi90,humaneval_plus/107,0,28,8
acc85/semi90,humaneval_plus/108,0,90,19
acc85/semi90,humaneval_plus/109,0,40,7
acc85/semi90,humaneval_plus/110,1,36,3
acc85/semi90,humaneval_plus/111,1,33,7
acc85/semi90,humaneval_plus/112,1,14,5
acc85/semi90,humaneval_plus/113,1,9,3
acc85/semi90,humaneval_plus/114,0,17,9
acc85/semi90,humaneval_plus/115,0,69,11
acc85/semi90,humaneval_plus/116,0,55,7
acc85/semi90,humaneval_plus/117,1,68,10
acc85/semi90,humaneval_plus/118,1,16,5
acc85/semi90,humaneval_plus/119,0,99,28
acc85/semi90,humaneval_plus/120,1,85,8
acc85/semi90,humaneval_plus/121,1,17,3
acc85/semi90,humaneval_plus/122,0,54,8
acc85/semi90,humaneval_plus/123,1,44,8
acc85/semi90,humaneval_plus/124,0,90,12
acc85/semi90,humaneval_plus/125,0,65,17
acc85/semi90,humaneval_plus/126,0,65,18
acc85/semi90,humaneval_plus/127,0,30,4
acc85/semi90,humaneval_plus/128,0,90,25
acc85/semi90,humaneval_plus/129,0,70,15
acc85/semi90,humaneval_plus/130,0,88,23
acc85/semi90,humaneval_plus/131,1,16,3
acc85/semi90,humaneval_plus/132,1,73,23
acc85/semi90,humaneval_plus/133,0,85,18
acc85/semi90,humaneval_plus/134,0,36,24
acc85/semi90,humaneval_plus/135,1,66,8
acc85/semi90,humaneval_plus/136,0,64,8
acc85/semi90,humaneval_plus/137,0,195,31
acc85/semi90,humaneval_plus/138,0,55,9
acc85/semi90,humaneval_plus/139,0,35,15
acc85/semi90,humaneval_plus/140,0,86,21
acc85/semi90,humaneval_plus/141,0,31,10
acc85/semi90,humaneval_plus/142,0,38,6
acc85/semi90,humaneval_plus/143,0,56,12
acc85/semi90,humaneval_plus/144,0,213,12
acc85/semi90,humaneval_plus/145,1,84,8
acc85/semi90,humaneval_plus/146,0,153,54
acc85/semi90,humaneval_plus/147,0,45,16
acc85/semi90,humaneval_plus/148,1,43,8
acc85/semi90,humaneval_plus/149,0,55,16
acc85/semi90,humaneval_plus/150,0,77,13
acc85/semi90,humaneval_plus/151,1,88,28
acc85/semi90,humaneval_plus/152,0,84,17
acc85/semi90,humaneval_plus/153,0,57,8
acc85/semi90,humaneval_plus/154,0,45,12
acc85/semi90,humaneval_plus/155,0,112,43
acc85/semi90,humaneval_plus/156,0,52,16
acc85/semi90,humaneval_plus/157,1,183,37
acc85/semi90,humaneval_plus/158,0,130,12
acc85/semi90,humaneval_plus/159,0,75,16
acc85/semi90,humaneval_plus/160,0,137,16
acc85/semi90,humaneval_plus/161,0,35,7
acc85/semi90,humaneval_plus/162,0,48,10
acc85/semi90,humaneval_plus/163,0,63,18
acc85/semi90,mbpp/0,1,67,25
acc85/semi90,mbpp/1,0,20,22
acc85/semi90,mbpp/2,0,59,19
acc85/semi90,mbpp/3,0,33,14
acc85/semi90,mbpp/4,0,64,14
acc85/semi90,mbpp/5,0,54,20
acc85/semi90,mbpp/6,1,17,9
acc85/semi90,mbpp/7,1,31,14
acc85/semi90,mbpp/8,0,23,8
acc85/semi90,mbpp/9,0,60,17
acc85/semi90,mbpp/10,1,40,11
acc85/semi90,mbpp/11,1,41,6
acc85/semi90,mbpp/12,1,40,14
acc85/semi90,mbpp/13,0,57,24
acc85/semi90,mbpp/14,1,69,10
acc85/semi90,mbpp/15,0,32,9
acc85/semi90,mbpp/16,0,28,16
acc85/semi90,mbpp/17,0,131,25
acc85/semi90,mbpp/18,1,40,13
acc85/semi90,mbpp/19,1,63,8
acc85/semi90,mbpp/20,0,145,40
acc85/semi90,mbpp/21,0,47,17
acc85/semi90,mbpp/22,1,63,17
acc85/semi90,mbpp/23,1,84,19
acc85/semi90,mbpp/24,0,16,4
acc85/semi90,mbpp/25,0,230,111
acc85/semi90,mbpp/26,1,70,16
acc85/semi90,mbpp/27,0,75,15
acc85/semi90,mbpp/28,0,124,37
acc85/semi90,mbpp/29,1,37,10
acc85/semi90,mbpp/30,1,27,6
acc85/semi90,mbpp/31,0,88,44
acc85/semi90,mbpp/32,0,50,12
acc85/semi90,mbpp/33,0,43,15
acc85/semi90,mbpp/34,1,47,8
acc85/semi90,mbpp/35,1,20,6
acc85/semi90,mbpp/36,0,178,96
acc85/semi90,mbpp/37,0,40,22
acc85/semi90,mbpp/38,1,24,10
acc85/semi90,mbpp/39,0,31,12
acc85/semi90,mbpp/40,1,33,9
acc85/semi90,mbpp/41,1,24,5
acc85/semi90,mbpp/42,0,35,14
acc85/semi90,mbpp/43,0,117,20
acc85/semi90,mbpp/44,0,29,14
acc85/semi90,mbpp/45,1,38,18
acc85/semi90,mbpp/46,0,26,33
acc85/semi90,mbpp/47,1,32,12
acc85/semi90,mbpp/48,0,22,5
acc85/semi90,mbpp/49,0,135,39
acc85/semi90,mbpp/50,0,70,15
acc85/semi90,mbpp/51,1,37,9
acc85/semi90,mbpp/52,0,44,21
acc85/semi90,mbpp/53,0,24,8
acc85/semi90,mbpp/54,1,49,6
acc85/semi90,mbpp/55,1,38,6
acc85/semi90,mbpp/56,0,158,35
acc85/semi90,mbpp/57,0,86,21
acc85/semi90,mbpp/58,0,63,16
acc85/semi90,mbpp/59,1,71,28
acc85/semi90,mbpp/60,0,155,41
acc85/semi90,mbpp/61,1,39,10
acc85/semi90,mbpp/62,1,29,19
acc85/semi90,mbpp/63,0,40,20
acc85/semi90,mbpp/64,1,49,12
acc85/semi90,mbpp/65,0,57,26
acc85/semi90,mbpp/66,0,89,20
acc85/semi90,mbpp/67,1,59,8
acc85/semi90,mbpp/68,0,28,6
acc85/semi90,mbpp/69,1,33,6
acc85/semi90,mbpp/70,0,43,17
acc85/semi90,mbpp/71,1,33,17
acc85/semi90,mbpp/72,0,34,14
acc85/semi90,mbpp/73,0,82,20
acc85/semi90,mbpp/74,0,36,13
acc85/semi90,mbpp/75,1,27,10
acc85/semi90,mbpp/76,0,33,5
acc85/semi90,mbpp/77,0,36,16
acc85/semi90,mbpp/78,1,28,11
acc85/semi90,mbpp/79,0,35,14
acc85/semi90,mbpp/80,1,32,9
acc85/semi90,mbpp/81,0,62,13
acc85/semi90,mbpp/82,1,34,6
acc85/semi90,mbpp/83,1,31,15
acc85/semi90,mbpp/84,0,46,11
acc85/semi90,mbpp/85,1,46,9
acc85/semi90,mbpp/86,1,46,6
acc85/semi90,mbpp/87,1,33,14
acc85/semi90,mbpp/88,1,57,8
acc85/semi90,mbpp/89,0,61,11
acc85/semi90,mbpp/90,0,25,9
acc85/semi90,mbpp/91,1,51,10
acc85/semi90,mbpp/92,0,74,29
acc85/semi90,mbpp/93,0,26,13
acc85/semi90,mbpp/94,0,30,13
acc85/semi90,mbpp/95,0,20,10
acc85/semi90,mbpp/96,0,69,26
acc85/semi90,mbpp/97,1,76,23
acc85/semi90,mbpp/98,0,62,13
acc85/semi90,mbpp/99,0,105,38
acc85/semi90,mbpp/100,0,58,12
acc85/semi90,mbpp/101,0,28,14
acc85/semi90,mbpp/102,1,28,9
acc85/semi90,mbpp/103,0,76,19
acc85/semi90,mbpp/104,1,22,10
acc85/semi90,mbpp/105,0,31,15
acc85/semi90,mbpp/106,1,62,18
acc85/semi90,mbpp/107,1,15,6
acc85/semi90,mbpp/108,1,76,21
acc85/semi90,mbpp/109,1,54,20
acc85/semi90,mbpp/110,0,81,14
acc85/semi90,mbpp/111,0,150,51
acc85/semi90,mbpp/112,0,162,33
acc85/semi90,mbpp/113,0,23,7
acc85/semi90,mbpp/114,0,74,10
acc85/semi90,mbpp/115,0,75,25
acc85/semi90,mbpp/116,1,34,7
acc85/semi90,mbpp/117,1,32,7
acc85/semi90,mbpp/118,0,132,25
acc85/semi90,mbpp/119,0,67,25
acc85/semi90,mbpp/120,0,112,23
acc85/semi90,mbpp/121,0,18,6
acc85/semi90,mbpp/122,1,26,5
acc85/semi90,mbpp/123,0,56,24
acc85/semi90,mbpp/124,1,22,5
acc85/semi90,mbpp/125,0,121,25
acc85/semi90,mbpp/126,0,41,14
acc85/semi90,mbpp/127,0,75,25
acc85/semi90,mbpp/128,0,25,5
acc85/semi90,mbpp/129,0,47,9
acc85/semi90,mbpp/130,0,134,39
acc85/semi90,mbpp/131,1,63,12
acc85/semi90,mbpp/132,0,39,6
acc85/semi90,mbpp/133,1,52,12
acc85/semi90,mbpp/134,0,66,13
acc85/semi90,mbpp/135,0,31,12
acc85/semi90,mbpp/136,0,72,12
acc85/semi90,mbpp/137,0,95,29
acc85/semi90,mbpp/138,1,86,14
acc85/semi90,mbpp/139,0,69,26
acc85/semi90,mbpp/140,0,50,14
acc85/semi90,mbpp/141,0,142,12
acc85/semi90,mbpp/142,0,50,12
acc85/semi90,mbpp/143,1,31,11
acc85/semi90,mbpp/144,0,62,37
acc85/semi90,mbpp/145,1,28,16
acc85/semi90,mbpp/146,1,89,12
acc85/semi90,mbpp/147,0,70,34
acc85/semi90,mbpp/148,0,83,14
acc85/semi90,mbpp/149,0,62,13
acc85/semi90,mbpp/150,1,29,5
acc85/semi90,mbpp/151,1,54,12
acc85/semi90,mbpp/152,0,43,17
acc85/semi90,mbpp/153,0,106,19
acc85/semi90,mbpp/154,0,60,19
acc85/semi90,mbpp/155,1,63,12
acc85/semi90,mbpp/156,1,47,7
acc85/semi90,mbpp/157,1,38,8
acc85/semi90,mbpp/158,1,90,17
acc85/semi90,mbpp/159,1,24,11
acc85/semi90,mbpp/160,1,18,8
acc85/semi90,mbpp/161,1,52,8
acc85/semi90,mbpp/162,0,26,12
acc85/semi90,mbpp/163,1,50,10
acc85/semi90,mbpp/164,0,82,19
acc85/semi90,mbpp/165,1,21,4
acc85/semi90,mbpp/166,0,68,37
acc85/semi90,mbpp/167,0,35,14
acc85/semi90,mbpp/168,0,121,52
acc85/semi90,mbpp/169,0,160,32
acc85/semi90,mbpp/170,1,82,23
acc85/semi90,mbpp/171,1,75,16
acc85/semi90,mbpp/172,0,98,28
acc85/semi90,mbpp/173,0,43,18
acc85/semi90,mbpp/174,0,50,13
acc85/semi90,mbpp/175,0,41,17
acc85/semi90,mbpp/176,1,134,14
acc85/semi90,mbpp/177,0,79,22
acc85/semi90,mbpp/178,0,189,39
acc85/semi90,mbpp/179,0,59,18
acc85/semi90,mbpp/180,0,63,30
acc85/semi90,mbpp/181,0,42,14
acc85/semi90,mbpp/182,0,38,12
acc85/semi90,mbpp/183,0,70,23
acc85/semi90,mbpp/184,0,103,15
acc85/semi90,mbpp/185,0,28,4
acc85/semi90,mbpp/186,1,37,13
acc85/semi90,mbpp/187,0,140,51
acc85/semi90,mbpp/188,1,52,10
acc85/semi90,mbpp/189,1,47,10
acc85/semi90,mbpp/190,0,20,10
acc85/semi90,mbpp/191,0,32,12
acc85/semi90,mbpp/192,0,59,18
acc85/semi90,mbpp/193,1,37,11
acc85/semi90,mbpp/194,0,28,9
acc85/semi90,mbpp/195,1,47,9
acc85/semi90,mbpp/196,0,128,14
acc85/semi90,mbpp/197,0,37,22
acc85/semi90,mbpp/198,0,34,12
acc85/semi90,mbpp/199,0,41,13
acc85/semi90,mbpp/200,0,60,28
acc85/semi90,mbpp/201,1,43,14
acc85/semi90,mbpp/202,1,36,12
acc85/semi90,mbpp/203,0,31,11
acc85/semi90,mbpp/204,0,53,11
acc85/semi90,mbpp/205,0,73,24
acc85/semi90,mbpp/206,0,56,15
acc85/semi90,mbpp/207,0,80,26
acc85/semi90,mbpp/208,0,42,27
acc85/semi90,mbpp/209,1,43,14
acc85/semi90,mbpp/210,1,33,4
acc85/semi90,mbpp/211,0,20,12
acc85/semi90,mbpp/212,1,58,12
acc85/semi90,mbpp/213,0,43,13
acc85/semi90,mbpp/214,1,90,18
acc85/semi90,mbpp/215,0,34,20
acc85/semi90,mbpp/216,1,44,10
acc85/semi90,mbpp/217,1,59,18
acc85/semi90,mbpp/218,0,101,34
acc85/semi90,mbpp/219,0,20,17
acc85/semi90,mbpp/220,0,113,32
acc85/semi90,mbpp/221,1,25,6
acc85/semi90,mbpp/222,0,38,14
acc85/semi90,mbpp/223,1,16,9
acc85/semi90,mbpp/224,0,56,29
acc85/semi90,mbpp/225,0,106,48
acc85/semi90,mbpp/226,0,55,22
acc85/semi90,mbpp/227,0,27,10
acc85/semi90,mbpp/228,0,192,58
acc85/semi90,mbpp/229,0,28,6
acc85/semi90,mbpp/230,0,38,12
acc85/semi90,mbpp/231,1,15,7
acc85/semi90,mbpp/232,0,60,21
acc85/semi90,mbpp/233,1,32,11
acc85/semi90,mbpp/234,0,250,57
acc85/semi90,mbpp/235,0,83,24
acc85/semi90,mbpp/236,0,148,29
acc85/semi90,mbpp/237,0,36,9
acc85/semi90,mbpp/238,0,32,16
acc85/semi90,mbpp/239,0,39,7
acc85/semi90,mbpp/240,0,22,16
acc85/semi90,mbpp/241,0,33,13
acc85/semi90,mbpp/242,0,38,7
acc85/semi90,mbpp/243,0,36,24
acc85/semi90,mbpp/244,0,41,16
acc85/semi90,mbpp/245,0,96,11
acc85/semi90,mbpp/246,0,27,11
acc85/semi90,mbpp/247,0,28,9
acc85/semi90,mbpp/248,0,69,25
acc85/semi90,mbpp/249,0,206,56
acc85/semi90,mbpp/250,1,36,10
acc85/semi90,mbpp/251,0,26,8
acc85/semi90,mbpp/252,1,33,10
acc85/semi90,mbpp/253,0,46,21
acc85/semi90,mbpp/254,0,41,10
acc85/semi90,mbpp/255,1,20,11
acc85/semi90,mbpp/256,0,46,17
acc85/semi90,mbpp/257,0,39,17
acc85/semi90,mbpp/258,1,14,6
acc85/semi90,mbpp/259,1,55,12
acc85/semi90,mbpp/260,0,46,10
acc85/semi90,mbpp/261,1,23,9
acc85/semi90,mbpp/262,1,32,7
acc85/semi90,mbpp/263,0,24,9
acc85/semi90,mbpp/264,0,55,21
acc85/semi90,mbpp/265,0,32,13
acc85/semi90,mbpp/266,0,30,8
acc85/semi90,mbpp/267,0,43,16
acc85/semi90,mbpp/268,0,47,21
acc85/semi90,mbpp/269,1,41,8
acc85/semi90,mbpp/270,1,19,5
acc85/semi90,mbpp/271,1,32,5
acc85/semi90,mbpp/272,1,40,12
acc85/semi90,mbpp/273,1,22,10
acc85/semi90,mbpp/274,0,48,14
acc85/semi90,mbpp/275,0,3992,291
acc85/semi90,mbpp/276,0,45,13
acc85/semi90,mbpp/277,1,48,9
acc85/semi90,mbpp/278,0,60,26
acc85/semi90,mbpp/279,1,57,17
acc85/semi90,mbpp/280,1,97,22
acc85/semi90,mbpp/281,1,15,12
acc85/semi90,mbpp/282,1,58,22
acc85/semi90,mbpp/283,1,53,13
acc85/semi90,mbpp/284,0,46,9
acc85/semi90,mbpp/285,1,57,9
acc85/semi90,mbpp/286,0,46,6
acc85/semi90,mbpp/287,0,59,15
acc85/semi90,mbpp/288,0,79,19
acc85/semi90,mbpp/289,0,117,32
acc85/semi90,mbpp/290,0,44,11
acc85/semi90,mbpp/291,0,56,20
acc85/semi90,mbpp/292,0,59,26
acc85/semi90,mbpp/293,0,108,43
acc85/semi90,mbpp/294,0,54,21
acc85/semi90,mbpp/295,0,139,50
acc85/semi90,mbpp/296,0,51,19
acc85/semi90,mbpp/297,1,52,9
acc85/semi90,mbpp/298,1,27,8
acc85/semi90,mbpp/299,0,15,6
acc85/semi90,mbpp/300,0,93,41
acc85/semi90,mbpp/301,0,39,15
acc85/semi90,mbpp/302,0,29,11
acc85/semi90,mbpp/303,0,172,41
acc85/semi90,mbpp/304,0,71,19
acc85/semi90,mbpp/305,0,114,12
acc85/semi90,mbpp/306,0,126,19
acc85/semi90,mbpp/307,0,86,14
acc85/semi90,mbpp/308,0,33,9
acc85/semi90,mbpp/309,1,62,18
acc85/semi90,mbpp/310,0,74,36
acc85/semi90,mbpp/311,1,47,12
acc85/semi90,mbpp/312,0,115,26
acc85/semi90,mbpp/313,0,75,15
acc85/semi90,mbpp/314,1,102,25
acc85/semi90,mbpp/315,0,67,17
acc85/semi90,mbpp/316,0,43,14
acc85/semi90,mbpp/317,0,75,33
acc85/semi90,mbpp/318,1,38,7
acc85/semi90,mbpp/319,1,36,10
acc85/semi90,mbpp/320,1,51,15
acc85/semi90,mbpp/321,0,49,13
acc85/semi90,mbpp/322,1,21,8
acc85/semi90,mbpp/323,1,46,11
acc85/semi90,mbpp/324,0,41,12
acc85/semi90,mbpp/325,1,117,25
acc85/semi90,mbpp/326,0,48,19
acc85/semi90,mbpp/327,0,66,11
acc85/semi90,mbpp/328,0,138,46
acc85/semi90,mbpp/329,1,53,10
acc85/semi90,mbpp/330,1,16,4
acc85/semi90,mbpp/331,0,287,78
acc85/semi90,mbpp/332,0,59,11
acc85/semi90,mbpp/333,0,71,16
acc85/semi90,mbpp/334,1,48,11
acc85/semi90,mbpp/335,0,173,47
acc85/semi90,mbpp/336,0,57,26
acc85/semi90,mbpp/337,0,396,184
acc85/semi90,mbpp/338,0,39,14
acc85/semi90,mbpp/339,0,70,45
acc85/semi90,mbpp/340,0,79,12
acc85/semi90,mbpp/341,0,26,17
acc85/semi90,mbpp/342,0,35,8
acc85/semi90,mbpp/343,0,26,8
acc85/semi90,mbpp/344,0,110,22
acc85/semi90,mbpp/345,0,34,7
acc85/semi90,mbpp/346,1,30,10
acc85/semi90,mbpp/347,0,34,6
acc85/semi90,mbpp/348,0,102,38
acc85/semi90,mbpp/349,0,25,17
acc85/semi90,mbpp/350,1,20,8
acc85/semi90,mbpp/351,1,57,13
acc85/semi90,mbpp/352,0,37,18
acc85/semi90,mbpp/353,0,120,27
acc85/semi90,mbpp/354,0,46,15
acc85/semi90,mbpp/355,1,34,6
acc85/semi90,mbpp/356,0,133,24
acc85/semi90,mbpp/357,0,26,12
acc85/semi90,mbpp/358,1,29,7
acc85/semi90,mbpp/359,0,25,12
acc85/semi90,mbpp/360,0,75,20
acc85/semi90,mbpp/361,1,54,15
acc85/semi90,mbpp/362,1,28,4
acc85/semi90,mbpp/363,0,80,12
acc85/semi90,mbpp/364,0,21,6
acc85/semi90,mbpp/365,0,58,13
acc85/semi90,mbpp/366,0,27,18
acc85/semi90,mbpp/367,1,30,16
acc85/semi90,mbpp/368,1,41,12
acc85/semi90,mbpp/369,1,49,16
acc85/semi90,mbpp/370,1,27,12
acc85/semi90,mbpp/371,0,150,42
acc85/semi90,mbpp/372,0,75,22
acc85/semi90,mbpp/373,1,53,11
acc85/semi90,mbpp/374,0,76,8
acc85/semi90,mbpp/375,0,71,22
acc85/semi90,mbpp/376,0,101,45
acc85/semi90,mbpp/377,1,52,7
acc85/semi90,mbpp/378,1,76,9
acc85/semi90,mbpp/379,1,23,12
acc85/semi90,mbpp/380,0,94,32
acc85/semi90,mbpp/381,1,72,13
acc85/semi90,mbpp/382,0,22,8
acc85/semi90,mbpp/383,0,22,8
acc85/semi90,mbpp/384,1,65,6
acc85/semi90,mbpp/385,0,62,22
acc85/semi90,mbpp/386,1,56,20
acc85/semi90,mbpp/387,0,30,11
acc85/semi90,mbpp/388,1,31,8
acc85/semi90,mbpp/389,0,49,12
acc85/semi90,mbpp/390,1,51,11
acc85/semi90,mbpp/391,0,113,37
acc85/semi90,mbpp/392,0,183,53
acc85/semi90,mbpp/393,1,27,11
acc85/semi90,mbpp/394,1,28,8
acc85/semi90,mbpp/395,0,38,10
acc85/semi90,mbpp/396,0,125,28
acc85/semi90,mbpp/397,0,125,30
acc85/semi90,mbpp/398,1,48,11
acc85/semi90,mbpp/399,1,54,10
acc85/semi90,mbpp/400,0,58,20
acc85/semi90,mbpp/401,1,26,8
acc85/semi90,mbpp/402,0,26,6
acc85/semi90,mbpp/403,0,26,17
acc85/semi90,mbpp/404,0,54,20
acc85/semi90,mbpp/405,0,102,17
acc85/semi90,mbpp/406,0,93,26
acc85/semi90,mbpp/407,0,46,17
acc85/semi90,mbpp/408,0,41,7
acc85/semi90,mbpp/409,1,45,15
acc85/semi90,mbpp/410,0,23,10
acc85/semi90,mbpp/411,0,55,15
acc85/semi90,mbpp/412,0,216,58
acc85/semi90,mbpp/413,0,24,6
acc85/semi90,mbpp/414,1,41,6
acc85/semi90,mbpp/415,1,27,8
acc85/semi90,mbpp/416,1,71,18
acc85/semi90,mbpp/417,1,97,13
acc85/semi90,mbpp/418,1,36,11
acc85/semi90,mbpp/419,0,30,19
acc85/semi90,mbpp/420,0,35,8
acc85/semi90,mbpp/421,1,36,6
acc85/semi90,mbpp/422,0,53,12
acc85/semi90,mbpp/423,0,44,12
acc85/semi90,mbpp/424,1,18,8
acc85/semi90,mbpp/425,0,41,13
acc85/semi90,mbpp/426,0,33,14
acc85/semi90,mbpp/427,0,48,14
acc85/semi90,mbpp/428,1,35,13
acc85/semi90,mbpp/429,1,64,23
acc85/semi90,mbpp/430,1,20,16
acc85/semi90,mbpp/431,1,54,15
acc85/semi90,mbpp/432,0,34,13
acc85/semi90,mbpp/433,0,32,10
acc85/semi90,mbpp/434,0,48,10
acc85/semi90,mbpp/435,0,46,12
acc85/semi90,mbpp/436,0,24,8
acc85/semi90,mbpp/437,0,113,28
acc85/semi90,mbpp/438,0,118,29
acc85/semi90,mbpp/439,0,28,12
acc85/semi90,mbpp/440,0,26,9
acc85/semi90,mbpp/441,0,35,9
acc85/semi90,mbpp/442,0,92,29
acc85/semi90,mbpp/443,0,52,15
acc85/semi90,mbpp/444,1,50,9
acc85/semi90,mbpp/445,1,24,8
acc85/semi90,mbpp/446,1,56,15
acc85/semi90,mbpp/447,1,17,4
acc85/semi90,mbpp/448,1,30,7
acc85/semi90,mbpp/449,0,20,7
acc85/semi90,mbpp/450,0,37,7
acc85/semi90,mbpp/451,0,50,20
acc85/semi90,mbpp/452,0,119,11
acc85/semi90,mbpp/453,1,23,14
acc85/semi90,mbpp/454,1,37,11
acc85/semi90,mbpp/455,0,77,12
acc85/semi90,mbpp/456,0,67,22
acc85/semi90,mbpp/457,0,104,35
acc85/semi90,mbpp/458,0,217,62
acc85/semi90,mbpp/459,0,32,10
acc85/semi90,mbpp/460,1,46,12
acc85/semi90,mbpp/461,0,32,31
acc85/semi90,mbpp/462,0,48,17
acc85/semi90,mbpp/463,0,41,20
acc85/semi90,mbpp/464,1,26,9
acc85/semi90,mbpp/465,1,18,8
acc85/semi90,mbpp/466,1,14,6
acc85/semi90,mbpp/467,1,34,18
acc85/semi90,mbpp/468,1,63,20
acc85/semi90,mbpp/469,0,82,28
acc85/semi90,mbpp/470,0,84,26
acc85/semi90,mbpp/471,1,44,10
acc85/semi90,mbpp/472,0,67,17
acc85/semi90,mbpp/473,1,59,21
acc85/semi90,mbpp/474,1,63,17
acc85/semi90,mbpp/475,1,72,24
acc85/semi90,mbpp/476,1,24,9
acc85/semi90,mbpp/477,1,41,19
acc85/semi90,mbpp/478,1,90,11
acc85/semi90,mbpp/479,0,49,19
acc85/semi90,mbpp/480,0,48,11
acc85/semi90,mbpp/481,1,88,9
acc85/semi90,mbpp/482,0,278,95
acc85/semi90,mbpp/483,0,32,8
acc85/semi90,mbpp/484,1,24,12
acc85/semi90,mbpp/485,0,64,17
acc85/semi90,mbpp/486,0,61,19
acc85/semi90,mbpp/487,1,29,6
acc85/semi90,mbpp/488,1,16,7
acc85/semi90,mbpp/489,0,15,7
acc85/semi90,mbpp/490,0,31,11
acc85/semi90,mbpp/491,1,15,12
acc85/semi90,mbpp/492,0,39,21
acc85/semi90,mbpp/493,1,42,19
acc85/semi90,mbpp/494,0,49,18
acc85/semi90,mbpp/495,1,53,16
acc85/semi90,mbpp/496,1,34,8
acc85/semi90,mbpp/497,0,52,21
acc85/semi90,mbpp/498,0,63,20
acc85/semi90,mbpp/499,0,113,25
acc90/semi70,humaneval_plus/0,0,54,15
acc90/semi70,humaneval_plus/1,0,73,19
acc90/semi70,humaneval_plus/2,0,118,49
acc90/semi70,humaneval_plus/3,0,71,19
acc90/semi70,humaneval_plus/4,0,36,22
acc90/semi70,humaneval_plus/5,0,95,77
acc90/semi70,humaneval_plus/6,1,33,9
acc90/semi70,humaneval_plus/7,1,67,7
acc90/semi70,humaneval_plus/8,1,174,28
acc90/semi70,humaneval_plus/9,1,109,22
acc90/semi70,humaneval_plus/10,0,97,13
acc90/semi70,humaneval_plus/11,0,73,15
acc90/semi70,humaneval_plus/12,0,125,46
acc90/semi70,humaneval_plus/13,1,38,13
acc90/semi70,humaneval_plus/14,0,103,30
acc90/semi70,humaneval_plus/15,0,94,17
acc90/semi70,humaneval_plus/16,1,63,14
acc90/semi70,humaneval_plus/17,0,76,17
acc90/semi70,humaneval_plus/18,1,72,8
acc90/semi70,humaneval_plus/19,0,76,24
acc90/semi70,humaneval_plus/20,0,103,38
acc90/semi70,humaneval_plus/21,0,85,16
acc90/semi70,humaneval_plus/22,0,85,44
acc90/semi70,humaneval_plus/23,0,148,26
acc90/semi70,humaneval_plus/24,0,39,20
acc90/semi70,humaneval_plus/25,1,47,33
acc90/semi70,humaneval_plus/26,1,33,9
acc90/semi70,humaneval_plus/27,0,23,12
acc90/semi70,humaneval_plus/28,0,90,22
acc90/semi70,humaneval_plus/29,0,213,47
acc90/semi70,humaneval_plus/30,0,102,44
acc90/semi70,humaneval_plus/31,0,93,41
acc90/semi70,humaneval_plus/32,0,170,31
acc90/semi70,humaneval_plus/33,1,86,15
acc90/semi70,humaneval_plus/34,0,286,126
acc90/semi70,humaneval_plus/35,1,22,4
acc90/semi70,humaneval_plus/36,0,122,23
acc90/semi70,humaneval_plus/37,0,61,12
acc90/semi70,humaneval_plus/38,0,67,26
acc90/semi70,humaneval_plus/39,1,22,7
acc90/semi70,humaneval_plus/40,0,64,37
acc90/semi70,humaneval_plus/41,0,40,8
acc90/semi70,humaneval_plus/42,0,72,13
acc90/semi70,humaneval_plus/43,0,109,37
acc90/semi70,humaneval_plus/44,0,3908,279
acc90/semi70,humaneval_plus/45,0,75,14
acc90/semi70,humaneval_plus/46,1,23,6
acc90/semi70,humaneval_plus/47,0,74,50
acc90/semi70,humaneval_plus/48,0,124,26
acc90/semi70,humaneval_plus/49,0,75,8
acc90/semi70,humaneval_plus/50,1,116,10
acc90/semi70,humaneval_plus/51,0,88,30
acc90/semi70,humaneval_plus/52,0,114,40
acc90/semi70,humaneval_plus/53,1,95,18
acc90/semi70,humaneval_plus/54,0,94,12
acc90/semi70,humaneval_plus/55,0,160,56
acc90/semi70,humaneval_plus/56,0,66,31
acc90/semi70,humaneval_plus/57,1,20,6
acc90/semi70,humaneval_plus/58,1,77,14
acc90/semi70,humaneval_plus/59,1,48,6
acc90/semi70,humaneval_plus/60,0,30,11
acc90/semi70,humaneval_plus/61,0,90,12
acc90/semi70,humaneval_plus/62,0,49,30
acc90/semi70,humaneval_plus/63,1,69,8
acc90/semi70,humaneval_plus/64,0,138,21
acc90/semi70,humaneval_plus/65,1,60,15
acc90/semi70,humaneval_plus/66,1,65,14
acc90/semi70,humaneval_plus/67,0,40,17
acc90/semi70,humaneval_plus/68,0,28,15
acc90/semi70,humaneval_plus/69,0,98,13
acc90/semi70,humaneval_plus/70,0,82,20
acc90/semi70,humaneval_plus/71,1,30,8
acc90/semi70,humaneval_plus/72,0,65,16
acc90/semi70,humaneval_plus/73,0,66,7
acc90/semi70,humaneval_plus/74,0,84,18
acc90/semi70,humaneval_plus/75,0,146,59
acc90/semi70,humaneval_plus/76,1,22,6
acc90/semi70,humaneval_plus/77,0,77,15
acc90/semi70,humaneval_plus/78,0,77,17
acc90/semi70,humaneval_plus/79,0,17,4
acc90/semi70,humaneval_plus/80,1,8,3
acc90/semi70,humaneval_plus/81,1,37,6
acc90/semi70,humaneval_plus/82,1,125,20
acc90/semi70,humaneval_plus/83,0,38,5
acc90/semi70,humaneval_plus/84,0,40,9
acc90/semi70,humaneval_plus/85,1,8,3
acc90/semi70,humaneval_plus/86,1,16,3
acc90/semi70,humaneval_plus/87,1,35,3
acc90/semi70,humaneval_plus/88,1,17,3
acc90/semi70,humaneval_plus/89,1,78,6
acc90/semi70,humaneval_plus/90,0,169,78
acc90/semi70,humaneval_plus/91,0,102,30
acc90/semi70,humaneval_plus/92,1,10,4
acc90/semi70,humaneval_plus/93,0,42,20
acc90/semi70,humaneval_plus/94,1,59,9
acc90/semi70,humaneval_plus/95,0,78,26
acc90/semi70,humaneval_plus/96,1,104,7
acc90/semi70,humaneval_plus/97,0,172,22
acc90/semi70,humaneval_plus/98,1,47,9
acc90/semi70,humaneval_plus/99,1,75,10
acc90/semi70,humaneval_plus/100,1,42,21
acc90/semi70,humaneval_plus/101,1,15,4
acc90/semi70,humaneval_plus/102,1,45,4
acc90/semi70,humaneval_plus/103,1,47,12
acc90/semi70,humaneval_plus/104,0,13,7
acc90/semi70,humaneval_plus/105,0,120,20
acc90/semi70,humaneval_plus/106,0,69,19
acc90/semi70,humaneval_plus/107,0,28,9
acc90/semi70,humaneval_plus/108,0,103,30
acc90/semi70,humaneval_plus/109,0,45,9
acc90/semi70,humaneval_plus/110,1,36,3
acc90/semi70,humaneval_plus/111,1,39,7
acc90/semi70,humaneval_plus/112,1,14,6
acc90/semi70,humaneval_plus/113,1,9,3
acc90/semi70,humaneval_plus/114,0,17,11
acc90/semi70,humaneval_plus/115,1,83,11
acc90/semi70,humaneval_plus/116,0,54,8
acc90/semi70,humaneval_plus/117,1,68,11
acc90/semi70,humaneval_plus/118,1,16,5
acc90/semi70,humaneval_plus/119,0,103,36
acc90/semi70,humaneval_plus/120,0,87,12
acc90/semi70,humaneval_plus/121,1,17,3
acc90/semi70,humaneval_plus/122,0,54,8
acc90/semi70,humaneval_plus/123,1,44,9
acc90/semi70,humaneval_plus/124,0,122,34
acc90/semi70,humaneval_plus/125,0,65,21
acc90/semi70,humaneval_plus/126,0,52,19
acc90/semi70,humaneval_plus/127,1,18,6
acc90/semi70,humaneval_plus/128,0,100,25
acc90/semi70,humaneval_plus/129,0,70,13
acc90/semi70,humaneval_plus/130,0,108,41
acc90/semi70,humaneval_plus/131,1,16,4
acc90/semi70,humaneval_plus/132,0,81,28
acc90/semi70,humaneval_plus/133,0,85,22
acc90/semi70,humaneval_plus/134,1,64,20
acc90/semi70,humaneval_plus/135,1,66,8
acc90/semi70,humaneval_plus/136,1,57,6
acc90/semi70,humaneval_plus/137,0,190,21
acc90/semi70,humaneval_plus/138,0,55,16
acc90/semi70,humaneval_plus/139,0,37,16
acc90/semi70,humaneval_plus/140,0,146,53
acc90/semi70,humaneval_plus/141,0,33,11
acc90/semi70,humaneval_plus/142,0,38,6
acc90/semi70,humaneval_plus/143,0,49,7
acc90/semi70,humaneval_plus/144,0,208,19
acc90/semi70,humaneval_plus/145,1,84,8
acc90/semi70,humaneval_plus/146,0,191,40
acc90/semi70,humaneval_plus/147,1,46,16
acc90/semi70,humaneval_plus/148,1,43,10
acc90/semi70,humaneval_plus/149,0,53,24
acc90/semi70,humaneval_plus/150,0,77,19
acc90/semi70,humaneval_plus/151,0,82,25
acc90/semi70,humaneval_plus/152,0,84,19
acc90/semi70,humaneval_plus/153,0,63,10
acc90/semi70,humaneval_plus/154,0,45,11
acc90/semi70,humaneval_plus/155,0,61,21
acc90/semi70,humaneval_plus/156,1,47,12
acc90/semi70,humaneval_plus/157,0,112,38
acc90/semi70,humaneval_plus/158,0,130,13
acc90/semi70,humaneval_plus/159,0,74,15
acc90/semi70,humaneval_plus/160,0,107,22
acc90/semi70,humaneval_plus/161,0,38,6
acc90/semi70,humaneval_plus/162,0,48,10
acc90/semi70,humaneval_plus/163,1,59,16
acc90/semi70,mbpp/0,1,67,27
acc90/semi70,mbpp/1,1,26,11
acc90/semi70,mbpp/2,0,59,18
acc90/semi70,mbpp/3,0,33,15
acc90/semi70,mbpp/4,0,64,17
acc90/semi70,mbpp/5,0,52,19
acc90/semi70,mbpp/6,1,17,11
acc90/semi70,mbpp/7,1,31,14
acc90/semi70,mbpp/8,1,19,10
acc90/semi70,mbpp/9,0,66,24
acc90/semi70,mbpp/10,1,39,13
acc90/semi70,mbpp/11,1,41,6
acc90/semi70,mbpp/12,1,40,16
acc90/semi70,mbpp/13,0,69,29
acc90/semi70,mbpp/14,1,69,13
acc90/semi70,mbpp/15,0,33,25
acc90/semi70,mbpp/16,0,27,15
acc90/semi70,mbpp/17,0,87,17
acc90/semi70,mbpp/18,0,34,14
acc90/semi70,mbpp/19,1,63,13
acc90/semi70,mbpp/20,0,146,51
acc90/semi70,mbpp/21,0,56,15
acc90/semi70,mbpp/22,1,64,19
acc90/semi70,mbpp/23,0,82,22
acc90/semi70,mbpp/24,0,16,4
acc90/semi70,mbpp/25,0,234,115
acc90/semi70,mbpp/26,1,70,15
acc90/semi70,mbpp/27,0,75,17
acc90/semi70,mbpp/28,0,159,65
acc90/semi70,mbpp/29,1,38,12
acc90/semi70,mbpp/30,1,27,6
acc90/semi70,mbpp/31,0,88,48
acc90/semi70,mbpp/32,0,46,17
acc90/semi70,mbpp/33,0,43,18
acc90/semi70,mbpp/34,0,46,11
acc90/semi70,mbpp/35,1,20,7
acc90/semi70,mbpp/36,0,135,55
acc90/semi70,mbpp/37,0,45,21
acc90/semi70,mbpp/38,1,24,11
acc90/semi70,mbpp/39,0,31,14
acc90/semi70,mbpp/40,1,33,12
acc90/semi70,mbpp/41,1,24,5
acc90/semi70,mbpp/42,0,36,13
acc90/semi70,mbpp/43,0,115,35
acc90/semi70,mbpp/44,0,29,14
acc90/semi70,mbpp/45,1,38,21
acc90/semi70,mbpp/46,0,26,29
acc90/semi70,mbpp/47,0,28,12
acc90/semi70,mbpp/48,1,22,6
acc90/semi70,mbpp/49,0,110,26
acc90/semi70,mbpp/50,1,71,14
acc90/semi70,mbpp/51,1,37,10
acc90/semi70,mbpp/52,0,44,20
acc90/semi70,mbpp/53,0,24,10
acc90/semi70,mbpp/54,1,49,6
acc90/semi70,mbpp/55,1,38,6
acc90/semi70,mbpp/56,0,164,40
acc90/semi70,mbpp/57,1,77,17
acc90/semi70,mbpp/58,0,71,20
acc90/semi70,mbpp/59,0,69,31
acc90/semi70,mbpp/60,0,172,50
acc90/semi70,mbpp/61,1,39,13
acc90/semi70,mbpp/62,0,23,19
acc90/semi70,mbpp/63,0,40,23
acc90/semi70,mbpp/64,0,49,12
acc90/semi70,mbpp/65,0,45,34
acc90/semi70,mbpp/66,0,88,23
acc90/semi70,mbpp/67,1,59,8
acc90/semi70,mbpp/68,0,29,7
acc90/semi70,mbpp/69,1,33,7
acc90/semi70,mbpp/70,0,43,18
acc90/semi70,mbpp/71,1,33,17
acc90/semi70,mbpp/72,0,33,16
acc90/semi70,mbpp/73,1,102,15
acc90/semi70,mbpp/74,0,36,16
acc90/semi70,mbpp/75,1,27,10
acc90/semi70,mbpp/76,0,33,5
acc90/semi70,mbpp/77,0,36,17
acc90/semi70,mbpp/78,1,28,12
acc90/semi70,mbpp/79,0,38,14
acc90/semi70,mbpp/80,1,32,9
acc90/semi70,mbpp/81,0,60,26
acc90/semi70,mbpp/82,1,32,7
acc90/semi70,mbpp/83,0,32,16
acc90/semi70,mbpp/84,0,46,16
acc90/semi70,mbpp/85,1,46,10
acc90/semi70,mbpp/86,1,46,7
acc90/semi70,mbpp/87,1,47,12
acc90/semi70,mbpp/88,1,57,8
acc90/semi70,mbpp/89,0,60,10
acc90/semi70,mbpp/90,0,25,10
acc90/semi70,mbpp/91,1,51,11
acc90/semi70,mbpp/92,0,77,27
acc90/semi70,mbpp/93,0,25,17
acc90/semi70,mbpp/94,0,30,14
acc90/semi70,mbpp/95,0,20,12
acc90/semi70,mbpp/96,0,75,37
acc90/semi70,mbpp/97,0,115,47
acc90/semi70,mbpp/98,0,62,14
acc90/semi70,mbpp/99,0,76,26
acc90/semi70,mbpp/100,0,57,14
acc90/semi70,mbpp/101,0,28,16
acc90/semi70,mbpp/102,1,28,9
acc90/semi70,mbpp/103,0,81,29
acc90/semi70,mbpp/104,1,22,11
acc90/semi70,mbpp/105,0,33,14
acc90/semi70,mbpp/106,1,62,19
acc90/semi70,mbpp/107,1,15,6
acc90/semi70,mbpp/108,0,107,35
acc90/semi70,mbpp/109,1,54,22
acc90/semi70,mbpp/110,0,83,18
acc90/semi70,mbpp/111,0,113,61
acc90/semi70,mbpp/112,0,121,40
acc90/semi70,mbpp/113,0,23,9
acc90/semi70,mbpp/114,0,73,19
acc90/semi70,mbpp/115,1,72,24
acc90/semi70,mbpp/116,1,34,9
acc90/semi70,mbpp/117,1,32,7
acc90/semi70,mbpp/118,0,145,30
acc90/semi70,mbpp/119,0,67,26
acc90/semi70,mbpp/120,0,118,19
acc90/semi70,mbpp/121,1,17,7
acc90/semi70,mbpp/122,1,26,5
acc90/semi70,mbpp/123,0,57,27
acc90/semi70,mbpp/124,1,21,6
acc90/semi70,mbpp/125,0,98,28
acc90/semi70,mbpp/126,0,41,19
acc90/semi70,mbpp/127,0,85,28
acc90/semi70,mbpp/128,0,25,11
acc90/semi70,mbpp/129,0,47,11
acc90/semi70,mbpp/130,0,181,77
acc90/semi70,mbpp/131,1,63,14
acc90/semi70,mbpp/132,0,39,6
acc90/semi70,mbpp/133,1,52,14
acc90/semi70,mbpp/134,0,104,22
acc90/semi70,mbpp/135,0,32,14
acc90/semi70,mbpp/136,0,75,15
acc90/semi70,mbpp/137,0,100,26
acc90/semi70,mbpp/138,1,86,14
acc90/semi70,mbpp/139,0,38,19
acc90/semi70,mbpp/140,0,54,13
acc90/semi70,mbpp/141,0,140,15
acc90/semi70,mbpp/142,0,50,14
acc90/semi70,mbpp/143,1,31,11
acc90/semi70,mbpp/144,0,57,29
acc90/semi70,mbpp/145,1,28,17
acc90/semi70,mbpp/146,1,89,12
acc90/semi70,mbpp/147,0,70,32
acc90/semi70,mbpp/148,0,84,14
acc90/semi70,mbpp/149,0,62,15
acc90/semi70,mbpp/150,1,29,7
acc90/semi70,mbpp/151,0,53,15
acc90/semi70,mbpp/152,0,43,20
acc90/semi70,mbpp/153,0,69,23
acc90/semi70,mbpp/154,0,60,18
acc90/semi70,mbpp/155,1,64,9
acc90/semi70,mbpp/156,1,47,8
acc90/semi70,mbpp/157,1,38,9
acc90/semi70,mbpp/158,0,88,20
acc90/semi70,mbpp/159,1,24,11
acc90/semi70,mbpp/160,1,18,9
acc90/semi70,mbpp/161,0,56,11
acc90/semi70,mbpp/162,0,26,12
acc90/semi70,mbpp/163,1,52,5
acc90/semi70,mbpp/164,0,80,17
acc90/semi70,mbpp/165,1,21,6
acc90/semi70,mbpp/166,0,69,28
acc90/semi70,mbpp/167,0,35,13
acc90/semi70,mbpp/168,0,127,48
acc90/semi70,mbpp/169,0,173,31
acc90/semi70,mbpp/170,1,82,22
acc90/semi70,mbpp/171,0,75,19
acc90/semi70,mbpp/172,0,104,23
acc90/semi70,mbpp/173,0,43,19
acc90/semi70,mbpp/174,0,50,13
acc90/semi70,mbpp/175,0,40,15
acc90/semi70,mbpp/176,1,134,16
acc90/semi70,mbpp/177,0,72,33
acc90/semi70,mbpp/178,1,132,18
acc90/semi70,mbpp/179,0,59,18
acc90/semi70,mbpp/180,0,66,27
acc90/semi70,mbpp/181,0,48,24
acc90/semi70,mbpp/182,0,37,12
acc90/semi70,mbpp/183,0,74,31
acc90/semi70,mbpp/184,0,102,14
acc90/semi70,mbpp/185,0,28,5
acc90/semi70,mbpp/186,1,37,15
acc90/semi70,mbpp/187,0,464,172
acc90/semi70,mbpp/188,1,50,11
acc90/semi70,mbpp/189,1,47,10
acc90/semi70,mbpp/190,0,20,12
acc90/semi70,mbpp/191,0,32,13
acc90/semi70,mbpp/192,0,58,23
acc90/semi70,mbpp/193,1,37,12
acc90/semi70,mbpp/194,0,31,13
acc90/semi70,mbpp/195,0,43,11
acc90/semi70,mbpp/196,0,135,11
acc90/semi70,mbpp/197,0,39,29
acc90/semi70,mbpp/198,0,36,11
acc90/semi70,mbpp/199,0,35,14
acc90/semi70,mbpp/200,0,63,36
acc90/semi70,mbpp/201,1,43,17
acc90/semi70,mbpp/202,1,36,13
acc90/semi70,mbpp/203,0,31,10
acc90/semi70,mbpp/204,0,50,19
acc90/semi70,mbpp/205,0,78,28
acc90/semi70,mbpp/206,0,53,17
acc90/semi70,mbpp/207,0,79,27
acc90/semi70,mbpp/208,0,42,31
acc90/semi70,mbpp/209,1,43,16
acc90/semi70,mbpp/210,1,33,6
acc90/semi70,mbpp/211,0,20,15
acc90/semi70,mbpp/212,1,58,15
acc90/semi70,mbpp/213,0,43,13
acc90/semi70,mbpp/214,1,90,27
acc90/semi70,mbpp/215,0,34,21
acc90/semi70,mbpp/216,1,44,14
acc90/semi70,mbpp/217,1,59,23
acc90/semi70,mbpp/218,0,75,23
acc90/semi70,mbpp/219,0,20,17
acc90/semi70,mbpp/220,1,143,34
acc90/semi70,mbpp/221,1,25,7
acc90/semi70,mbpp/222,0,38,15
acc90/semi70,mbpp/223,1,16,11
acc90/semi70,mbpp/224,0,50,25
acc90/semi70,mbpp/225,0,73,34
acc90/semi70,mbpp/226,0,55,21
acc90/semi70,mbpp/227,0,29,11
acc90/semi70,mbpp/228,0,154,41
acc90/semi70,mbpp/229,0,28,9
acc90/semi70,mbpp/230,0,38,12
acc90/semi70,mbpp/231,1,15,8
acc90/semi70,mbpp/232,0,64,23
acc90/semi70,mbpp/233,1,32,11
acc90/semi70,mbpp/234,0,217,49
acc90/semi70,mbpp/235,0,75,23
acc90/semi70,mbpp/236,0,151,35
acc90/semi70,mbpp/237,1,37,10
acc90/semi70,mbpp/238,0,32,24
acc90/semi70,mbpp/239,0,41,14
acc90/semi70,mbpp/240,0,22,18
acc90/semi70,mbpp/241,0,33,14
acc90/semi70,mbpp/242,0,38,7
acc90/semi70,mbpp/243,0,36,26
acc90/semi70,mbpp/244,0,41,15
acc90/semi70,mbpp/245,0,95,11
acc90/semi70,mbpp/246,0,29,12
acc90/semi70,mbpp/247,0,28,9
acc90/semi70,mbpp/248,0,68,25
acc90/semi70,mbpp/249,0,171,31
acc90/semi70,mbpp/250,1,38,9
acc90/semi70,mbpp/251,0,26,13
acc90/semi70,mbpp/252,1,33,11
acc90/semi70,mbpp/253,0,46,25
acc90/semi70,mbpp/254,0,48,14
acc90/semi70,mbpp/255,1,20,11
acc90/semi70,mbpp/256,0,46,20
acc90/semi70,mbpp/257,0,42,15
acc90/semi70,mbpp/258,1,14,6
acc90/semi70,mbpp/259,1,57,12
acc90/semi70,mbpp/260,0,46,13
acc90/semi70,mbpp/261,1,23,11
acc90/semi70,mbpp/262,1,32,11
acc90/semi70,mbpp/263,0,22,10
acc90/semi70,mbpp/264,0,50,29
acc90/semi70,mbpp/265,0,32,14
acc90/semi70,mbpp/266,0,30,8
acc90/semi70,mbpp/267,0,44,15
acc90/semi70,mbpp/268,0,43,24
acc90/semi70,mbpp/269,1,41,10
acc90/semi70,mbpp/270,1,19,8
acc90/semi70,mbpp/271,0,27,10
acc90/semi70,mbpp/272,1,40,12
acc90/semi70,mbpp/273,1,22,11
acc90/semi70,mbpp/274,0,49,14
acc90/semi70,mbpp/275,0,173,47
acc90/semi70,mbpp/276,1,45,16
acc90/semi70,mbpp/277,1,48,9
acc90/semi70,mbpp/278,0,60,28
acc90/semi70,mbpp/279,0,56,18
acc90/semi70,mbpp/280,0,129,54
acc90/semi70,mbpp/281,1,15,17
acc90/semi70,mbpp/282,1,58,28
acc90/semi70,mbpp/283,0,48,12
acc90/semi70,mbpp/284,0,47,10
acc90/semi70,mbpp/285,1,57,8
acc90/semi70,mbpp/286,0,46,9
acc90/semi70,mbpp/287,0,52,14
acc90/semi70,mbpp/288,0,80,21
acc90/semi70,mbpp/289,0,116,37
acc90/semi70,mbpp/290,0,44,14
acc90/semi70,mbpp/291,1,54,24
acc90/semi70,mbpp/292,0,63,27
acc90/semi70,mbpp/293,0,83,49
acc90/semi70,mbpp/294,0,54,23
acc90/semi70,mbpp/295,0,140,56
acc90/semi70,mbpp/296,0,48,26
acc90/semi70,mbpp/297,1,52,10
acc90/semi70,mbpp/298,1,27,11
acc90/semi70,mbpp/299,0,15,7
acc90/semi70,mbpp/300,0,97,47
acc90/semi70,mbpp/301,0,39,17
acc90/semi70,mbpp/302,0,25,12
acc90/semi70,mbpp/303,0,125,25
acc90/semi70,mbpp/304,0,66,19
acc90/semi70,mbpp/305,0,101,21
acc90/semi70,mbpp/306,0,110,19
acc90/semi70,mbpp/307,1,78,16
acc90/semi70,mbpp/308,0,33,11
acc90/semi70,mbpp/309,0,65,20
acc90/semi70,mbpp/310,0,52,47
acc90/semi70,mbpp/311,0,54,12
acc90/semi70,mbpp/312,0,78,38
acc90/semi70,mbpp/313,0,78,19
acc90/semi70,mbpp/314,0,104,19
acc90/semi70,mbpp/315,0,67,19
acc90/semi70,mbpp/316,0,62,19
acc90/semi70,mbpp/317,0,87,49
acc90/semi70,mbpp/318,1,38,7
acc90/semi70,mbpp/319,1,36,10
acc90/semi70,mbpp/320,0,47,16
acc90/semi70,mbpp/321,0,44,16
acc90/semi70,mbpp/322,1,21,9
acc90/semi70,mbpp/323,1,47,16
acc90/semi70,mbpp/324,0,41,12
acc90/semi70,mbpp/325,0,112,28
acc90/semi70,mbpp/326,0,55,20
acc90/semi70,mbpp/327,1,63,9
acc90/semi70,mbpp/328,0,118,36
acc90/semi70,mbpp/329,1,45,15
acc90/semi70,mbpp/330,1,16,4
acc90/semi70,mbpp/331,0,214,71
acc90/semi70,mbpp/332,1,58,10
acc90/semi70,mbpp/333,0,70,26
acc90/semi70,mbpp/334,1,44,10
acc90/semi70,mbpp/335,0,134,34
acc90/semi70,mbpp/336,0,45,34
acc90/semi70,mbpp/337,0,158,93
acc90/semi70,mbpp/338,0,41,13
acc90/semi70,mbpp/339,0,64,27
acc90/semi70,mbpp/340,1,79,16
acc90/semi70,mbpp/341,0,27,19
acc90/semi70,mbpp/342,0,35,9
acc90/semi70,mbpp/343,0,26,7
acc90/semi70,mbpp/344,0,108,26
acc90/semi70,mbpp/345,1,34,9
acc90/semi70,mbpp/346,1,31,14
acc90/semi70,mbpp/347,1,34,9
acc90/semi70,mbpp/348,0,80,23
acc90/semi70,mbpp/349,0,25,17
acc90/semi70,mbpp/350,1,20,15
acc90/semi70,mbpp/351,0,86,21
acc90/semi70,mbpp/352,1,45,22
acc90/semi70,mbpp/353,0,122,27
acc90/semi70,mbpp/354,0,45,20
acc90/semi70,mbpp/355,0,67,16
acc90/semi70,mbpp/356,0,126,25
acc90/semi70,mbpp/357,0,26,15
acc90/semi70,mbpp/358,1,29,11
acc90/semi70,mbpp/359,0,25,13
acc90/semi70,mbpp/360,0,74,15
acc90/semi70,mbpp/361,1,54,17
acc90/semi70,mbpp/362,1,28,5
acc90/semi70,mbpp/363,0,76,10
acc90/semi70,mbpp/364,0,21,7
acc90/semi70,mbpp/365,0,55,16
acc90/semi70,mbpp/366,0,30,19
acc90/semi70,mbpp/367,1,29,22
acc90/semi70,mbpp/368,1,41,14
acc90/semi70,mbpp/369,1,49,23
acc90/semi70,mbpp/370,1,27,10
acc90/semi70,mbpp/371,0,141,39
acc90/semi70,mbpp/372,1,48,23
acc90/semi70,mbpp/373,1,53,10
acc90/semi70,mbpp/374,0,75,8
acc90/semi70,mbpp/375,0,71,25
acc90/semi70,mbpp/376,0,43,34
acc90/semi70,mbpp/377,1,50,9
acc90/semi70,mbpp/378,1,73,9
acc90/semi70,mbpp/379,1,23,16
acc90/semi70,mbpp/380,0,100,36
acc90/semi70,mbpp/381,1,72,14
acc90/semi70,mbpp/382,0,22,9
acc90/semi70,mbpp/383,0,22,8
acc90/semi70,mbpp/384,1,65,6
acc90/semi70,mbpp/385,0,62,25
acc90/semi70,mbpp/386,0,60,24
acc90/semi70,mbpp/387,0,30,11
acc90/semi70,mbpp/388,0,30,9
acc90/semi70,mbpp/389,0,49,14
acc90/semi70,mbpp/390,0,59,18
acc90/semi70,mbpp/391,0,114,43
acc90/semi70,mbpp/392,0,189,47
acc90/semi70,mbpp/393,1,27,13
acc90/semi70,mbpp/394,1,30,12
acc90/semi70,mbpp/395,0,38,12
acc90/semi70,mbpp/396,0,131,30
acc90/semi70,mbpp/397,0,130,34
acc90/semi70,mbpp/398,1,48,11
acc90/semi70,mbpp/399,0,55,10
acc90/semi70,mbpp/400,0,66,29
acc90/semi70,mbpp/401,1,26,8
acc90/semi70,mbpp/402,0,27,8
acc90/semi70,mbpp/403,0,30,14
acc90/semi70,mbpp/404,0,45,20
acc90/semi70,mbpp/405,0,98,26
acc90/semi70,mbpp/406,0,81,24
acc90/semi70,mbpp/407,0,39,15
acc90/semi70,mbpp/408,0,41,9
acc90/semi70,mbpp/409,1,45,18
acc90/semi70,mbpp/410,0,24,10
acc90/semi70,mbpp/411,1,47,16
acc90/semi70,mbpp/412,0,158,52
acc90/semi70,mbpp/413,1,26,10
acc90/semi70,mbpp/414,1,41,8
acc90/semi70,mbpp/415,1,27,10
acc90/semi70,mbpp/416,1,71,19
acc90/semi70,mbpp/417,0,95,18
acc90/semi70,mbpp/418,1,36,10
acc90/semi70,mbpp/419,0,30,21
acc90/semi70,mbpp/420,0,35,8
acc90/semi70,mbpp/421,1,36,10
acc90/semi70,mbpp/422,0,53,14
acc90/semi70,mbpp/423,0,44,14
acc90/semi70,mbpp/424,1,18,9
acc90/semi70,mbpp/425,0,40,17
acc90/semi70,mbpp/426,0,33,16
acc90/semi70,mbpp/427,0,64,22
acc90/semi70,mbpp/428,1,35,13
acc90/semi70,mbpp/429,1,83,26
acc90/semi70,mbpp/430,1,27,11
acc90/semi70,mbpp/431,1,54,16
acc90/semi70,mbpp/432,0,35,12
acc90/semi70,mbpp/433,0,32,11
acc90/semi70,mbpp/434,0,51,19
acc90/semi70,mbpp/435,0,45,13
acc90/semi70,mbpp/436,0,24,9
acc90/semi70,mbpp/437,0,112,27
acc90/semi70,mbpp/438,0,121,31
acc90/semi70,mbpp/439,0,28,11
acc90/semi70,mbpp/440,0,26,9
acc90/semi70,mbpp/441,0,36,10
acc90/semi70,mbpp/442,0,57,15
acc90/semi70,mbpp/443,0,51,17
acc90/semi70,mbpp/444,1,50,12
acc90/semi70,mbpp/445,1,24,10
acc90/semi70,mbpp/446,1,56,17
acc90/semi70,mbpp/447,1,17,7
acc90/semi70,mbpp/448,1,30,9
acc90/semi70,mbpp/449,0,20,8
acc90/semi70,mbpp/450,0,37,10
acc90/semi70,mbpp/451,0,52,26
acc90/semi70,mbpp/452,0,119,15
acc90/semi70,mbpp/453,1,23,14
acc90/semi70,mbpp/454,1,37,12
acc90/semi70,mbpp/455,1,103,16
acc90/semi70,mbpp/456,0,64,15
acc90/semi70,mbpp/457,0,109,40
acc90/semi70,mbpp/458,0,234,70
acc90/semi70,mbpp/459,0,32,11
acc90/semi70,mbpp/460,1,46,14
acc90/semi70,mbpp/461,0,52,18
acc90/semi70,mbpp/462,0,57,26
acc90/semi70,mbpp/463,0,42,15
acc90/semi70,mbpp/464,1,26,9
acc90/semi70,mbpp/465,1,18,9
acc90/semi70,mbpp/466,1,14,8
acc90/semi70,mbpp/467,1,34,20
acc90/semi70,mbpp/468,1,36,30
acc90/semi70,mbpp/469,0,99,25
acc90/semi70,mbpp/470,0,86,21
acc90/semi70,mbpp/471,1,44,12
acc90/semi70,mbpp/472,0,67,21
acc90/semi70,mbpp/473,1,59,24
acc90/semi70,mbpp/474,1,60,21
acc90/semi70,mbpp/475,0,71,25
acc90/semi70,mbpp/476,1,24,12
acc90/semi70,mbpp/477,0,43,25
acc90/semi70,mbpp/478,0,50,14
acc90/semi70,mbpp/479,0,50,20
acc90/semi70,mbpp/480,0,48,13
acc90/semi70,mbpp/481,1,88,12
acc90/semi70,mbpp/482,0,252,106
acc90/semi70,mbpp/483,0,32,11
acc90/semi70,mbpp/484,1,24,17
acc90/semi70,mbpp/485,0,64,20
acc90/semi70,mbpp/486,0,63,24
acc90/semi70,mbpp/487,1,29,7
acc90/semi70,mbpp/488,1,16,9
acc90/semi70,mbpp/489,0,15,8
acc90/semi70,mbpp/490,0,31,11
acc90/semi70,mbpp/491,1,15,13
acc90/semi70,mbpp/492,0,39,22
acc90/semi70,mbpp/493,1,42,21
acc90/semi70,mbpp/494,0,49,14
acc90/semi70,mbpp/495,1,64,19
acc90/semi70,mbpp/496,1,31,9
acc90/semi70,mbpp/497,0,80,20
acc90/semi70,mbpp/498,0,67,22
acc90/semi70,mbpp/499,0,110,38
acc90/semi90,humaneval_plus/0,0,60,13
acc90/semi90,humaneval_plus/1,0,111,46
acc90/semi90,humaneval_plus/2,0,112,40
acc90/semi90,humaneval_plus/3,0,69,22
acc90/semi90,humaneval_plus/4,0,37,21
acc90/semi90,humaneval_plus/5,1,69,26
acc90/semi90,humaneval_plus/6,1,33,9
acc90/semi90,humaneval_plus/7,1,67,7
acc90/semi90,humaneval_plus/8,1,176,31
acc90/semi90,humaneval_plus/9,0,95,20
acc90/semi90,humaneval_plus/10,1,98,12
acc90/semi90,humaneval_plus/11,0,74,18
acc90/semi90,humaneval_plus/12,0,144,87
acc90/semi90,humaneval_plus/13,1,38,13
acc90/semi90,humaneval_plus/14,0,105,31
acc90/semi90,humaneval_plus/15,0,80,13
acc90/semi90,humaneval_plus/16,1,63,14
acc90/semi90,humaneval_plus/17,0,74,17
acc90/semi90,humaneval_plus/18,0,68,10
acc90/semi90,humaneval_plus/19,0,62,25
acc90/semi90,humaneval_plus/20,0,88,54
acc90/semi90,humaneval_plus/21,0,82,19
acc90/semi90,humaneval_plus/22,0,81,32
acc90/semi90,humaneval_plus/23,0,150,33
acc90/semi90,humaneval_plus/24,1,55,17
acc90/semi90,humaneval_plus/25,1,47,34
acc90/semi90,humaneval_plus/26,1,33,9
acc90/semi90,humaneval_plus/27,0,23,13
acc90/semi90,humaneval_plus/28,0,70,22
acc90/semi90,humaneval_plus/29,0,163,44
acc90/semi90,humaneval_plus/30,1,109,32
acc90/semi90,humaneval_plus/31,0,93,45
acc90/semi90,humaneval_plus/32,0,164,31
acc90/semi90,humaneval_plus/33,1,86,15
acc90/semi90,humaneval_plus/34,0,267,117
acc90/semi90,humaneval_plus/35,1,22,4
acc90/semi90,humaneval_plus/36,0,122,23
acc90/semi90,humaneval_plus/37,0,61,12
acc90/semi90,humaneval_plus/38,0,67,32
acc90/semi90,humaneval_plus/39,1,22,7
acc90/semi90,humaneval_plus/40,0,82,43
acc90/semi90,humaneval_plus/41,0,40,8
acc90/semi90,humaneval_plus/42,0,72,13
acc90/semi90,humaneval_plus/43,0,104,33
acc90/semi90,humaneval_plus/44,1,468,235
acc90/semi90,humaneval_plus/45,0,75,14
acc90/semi90,humaneval_plus/46,1,23,6
acc90/semi90,humaneval_plus/47,0,62,32
acc90/semi90,humaneval_plus/48,0,119,28
acc90/semi90,humaneval_plus/49,1,74,10
acc90/semi90,humaneval_plus/50,1,116,10
acc90/semi90,humaneval_plus/51,0,136,40
acc90/semi90,humaneval_plus/52,0,104,42
acc90/semi90,humaneval_plus/53,1,81,19
acc90/semi90,humaneval_plus/54,0,94,12
acc90/semi90,humaneval_plus/55,0,149,56
acc90/semi90,humaneval_plus/56,1,75,18
acc90/semi90,humaneval_plus/57,1,20,6
acc90/semi90,humaneval_plus/58,0,95,9
acc90/semi90,humaneval_plus/59,1,48,7
acc90/semi90,humaneval_plus/60,0,30,11
acc90/semi90,humaneval_plus/61,0,90,12
acc90/semi90,humaneval_plus/62,0,49,30
acc90/semi90,humaneval_plus/63,1,69,8
acc90/semi90,humaneval_plus/64,0,147,20
acc90/semi90,humaneval_plus/65,1,65,23
acc90/semi90,humaneval_plus/66,1,70,16
acc90/semi90,humaneval_plus/67,0,40,17
acc90/semi90,humaneval_plus/68,0,28,15
acc90/semi90,humaneval_plus/69,0,98,13
acc90/semi90,humaneval_plus/70,0,82,20
acc90/semi90,humaneval_plus/71,1,30,8
acc90/semi90,humaneval_plus/72,0,67,18
acc90/semi90,humaneval_plus/73,1,64,8
acc90/semi90,humaneval_plus/74,0,69,12
acc90/semi90,humaneval_plus/75,0,149,35
acc90/semi90,humaneval_plus/76,1,22,6
acc90/semi90,humaneval_plus/77,0,76,15
acc90/semi90,humaneval_plus/78,0,77,17
acc90/semi90,humaneval_plus/79,0,17,4
acc90/semi90,humaneval_plus/80,1,8,3
acc90/semi90,humaneval_plus/81,1,37,6
acc90/semi90,humaneval_plus/82,1,125,20
acc90/semi90,humaneval_plus/83,0,38,5
acc90/semi90,humaneval_plus/84,0,41,8
acc90/semi90,humaneval_plus/85,1,8,3
acc90/semi90,humaneval_plus/86,1,16,3
acc90/semi90,humaneval_plus/87,1,35,3
acc90/semi90,humaneval_plus/88,1,17,3
acc90/semi90,humaneval_plus/89,1,78,6
acc90/semi90,humaneval_plus/90,0,184,74
acc90/semi90,humaneval_plus/91,0,109,41
acc90/semi90,humaneval_plus/92,1,10,4
acc90/semi90,humaneval_plus/93,1,25,13
acc90/semi90,humaneval_plus/94,1,59,9
acc90/semi90,humaneval_plus/95,0,100,36
acc90/semi90,humaneval_plus/96,1,104,7
acc90/semi90,humaneval_plus/97,0,172,25
acc90/semi90,humaneval_plus/98,1,47,9
acc90/semi90,humaneval_plus/99,1,75,10
acc90/semi90,humaneval_plus/100,1,27,14
acc90/semi90,humaneval_plus/101,1,15,4
acc90/semi90,humaneval_plus/102,1,45,4
acc90/semi90,humaneval_plus/103,1,47,12
acc90/semi90,humaneval_plus/104,0,13,7
acc90/semi90,humaneval_plus/105,0,120,20
acc90/semi90,humaneval_plus/106,1,77,14
acc90/semi90,humaneval_plus/107,0,28,9
acc90/semi90,humaneval_plus/108,0,110,39
acc90/semi90,humaneval_plus/109,0,46,9
acc90/semi90,humaneval_plus/110,1,36,3
acc90/semi90,humaneval_plus/111,1,33,7
acc90/semi90,humaneval_plus/112,1,14,6
acc90/semi90,humaneval_plus/113,1,9,3
acc90/semi90,humaneval_plus/114,0,17,11
acc90/semi90,humaneval_plus/115,1,83,13
acc90/semi90,humaneval_plus/116,0,55,9
acc90/semi90,humaneval_plus/117,1,68,11
acc90/semi90,humaneval_plus/118,1,16,5
acc90/semi90,humaneval_plus/119,0,96,40
acc90/semi90,humaneval_plus/120,0,87,12
acc90/semi90,humaneval_plus/121,1,17,3
acc90/semi90,humaneval_plus/122,0,54,8
acc90/semi90,humaneval_plus/123,1,44,9
acc90/semi90,humaneval_plus/124,0,105,21
acc90/semi90,humaneval_plus/125,0,65,21
acc90/semi90,humaneval_plus/126,1,75,27
acc90/semi90,humaneval_plus/127,1,18,6
acc90/semi90,humaneval_plus/128,1,97,29
acc90/semi90,humaneval_plus/129,0,69,17
acc90/semi90,humaneval_plus/130,0,103,29
acc90/semi90,humaneval_plus/131,1,16,4
acc90/semi90,humaneval_plus/132,0,91,23
acc90/semi90,humaneval_plus/133,0,85,17
acc90/semi90,humaneval_plus/134,1,64,24
acc90/semi90,humaneval_plus/135,1,67,10
acc90/semi90,humaneval_plus/136,1,57,6
acc90/semi90,humaneval_plus/137,1,186,31
acc90/semi90,humaneval_plus/138,0,55,16
acc90/semi90,humaneval_plus/139,0,38,18
acc90/semi90,humaneval_plus/140,0,145,45
acc90/semi90,humaneval_plus/141,0,31,11
acc90/semi90,humaneval_plus/142,0,38,6
acc90/semi90,humaneval_plus/143,0,49,7
acc90/semi90,humaneval_plus/144,0,208,19
acc90/semi90,humaneval_plus/145,1,84,8
acc90/semi90,humaneval_plus/146,0,148,66
acc90/semi90,humaneval_plus/147,1,46,16
acc90/semi90,humaneval_plus/148,1,43,10
acc90/semi90,humaneval_plus/149,0,55,19
acc90/semi90,humaneval_plus/150,0,77,19
acc90/semi90,humaneval_plus/151,1,88,29
acc90/semi90,humaneval_plus/152,0,84,19
acc90/semi90,humaneval_plus/153,0,63,10
acc90/semi90,humaneval_plus/154,0,45,12
acc90/semi90,humaneval_plus/155,1,98,42
acc90/semi90,humaneval_plus/156,1,47,12
acc90/semi90,humaneval_plus/157,0,182,45
acc90/semi90,humaneval_plus/158,0,130,13
acc90/semi90,humaneval_plus/159,0,74,15
acc90/semi90,humaneval_plus/160,0,137,17
acc90/semi90,humaneval_plus/161,0,38,6
acc90/semi90,humaneval_plus/162,0,48,10
acc90/semi90,humaneval_plus/163,0,63,19
acc90/semi90,mbpp/0,1,67,29
acc90/semi90,mbpp/1,1,17,22
acc90/semi90,mbpp/2,0,59,22
acc90/semi90,mbpp/3,0,33,16
acc90/semi90,mbpp/4,0,64,17
acc90/semi90,mbpp/5,0,54,21
acc90/semi90,mbpp/6,1,17,11
acc90/semi90,mbpp/7,1,31,14
acc90/semi90,mbpp/8,1,19,10
acc90/semi90,mbpp/9,0,52,23
acc90/semi90,mbpp/10,1,40,12
acc90/semi90,mbpp/11,1,41,6
acc90/semi90,mbpp/12,1,40,16
acc90/semi90,mbpp/13,0,57,26
acc90/semi90,mbpp/14,1,69,14
acc90/semi90,mbpp/15,0,32,11
acc90/semi90,mbpp/16,0,28,16
acc90/semi90,mbpp/17,0,91,21
acc90/semi90,mbpp/18,1,41,16
acc90/semi90,mbpp/19,1,63,14
acc90/semi90,mbpp/20,0,146,53
acc90/semi90,mbpp/21,1,50,15
acc90/semi90,mbpp/22,1,63,21
acc90/semi90,mbpp/23,0,82,22
acc90/semi90,mbpp/24,0,16,4
acc90/semi90,mbpp/25,0,157,82
acc90/semi90,mbpp/26,1,70,16
acc90/semi90,mbpp/27,0,75,20
acc90/semi90,mbpp/28,0,178,61
acc90/semi90,mbpp/29,1,38,12
acc90/semi90,mbpp/30,1,27,6
acc90/semi90,mbpp/31,0,88,49
acc90/semi90,mbpp/32,0,50,16
acc90/semi90,mbpp/33,0,43,16
acc90/semi90,mbpp/34,0,47,11
acc90/semi90,mbpp/35,1,20,7
acc90/semi90,mbpp/36,0,162,39
acc90/semi90,mbpp/37,0,44,24
acc90/semi90,mbpp/38,1,24,11
acc90/semi90,mbpp/39,0,31,14
acc90/semi90,mbpp/40,1,33,12
acc90/semi90,mbpp/41,1,24,5
acc90/semi90,mbpp/42,0,35,13
acc90/semi90,mbpp/43,0,116,24
acc90/semi90,mbpp/44,0,29,14
acc90/semi90,mbpp/45,1,38,21
acc90/semi90,mbpp/46,0,26,35
acc90/semi90,mbpp/47,1,32,13
acc90/semi90,mbpp/48,1,22,6
acc90/semi90,mbpp/49,0,136,43
acc90/semi90,mbpp/50,1,71,14
acc90/semi90,mbpp/51,1,37,10
acc90/semi90,mbpp/52,0,44,21
acc90/semi90,mbpp/53,0,24,10
acc90/semi90,mbpp/54,1,49,6
acc90/semi90,mbpp/55,1,38,6
acc90/semi90,mbpp/56,0,175,40
acc90/semi90,mbpp/57,0,86,20
acc90/semi90,mbpp/58,0,64,14
acc90/semi90,mbpp/59,1,71,30
acc90/semi90,mbpp/60,0,156,44
acc90/semi90,mbpp/61,1,39,13
acc90/semi90,mbpp/62,0,23,19
acc90/semi90,mbpp/63,0,40,23
acc90/semi90,mbpp/64,0,49,12
acc90/semi90,mbpp/65,0,57,28
acc90/semi90,mbpp/66,0,88,25
acc90/semi90,mbpp/67,1,59,8
acc90/semi90,mbpp/68,0,30,8
acc90/semi90,mbpp/69,1,33,7
acc90/semi90,mbpp/70,0,43,18
acc90/semi90,mbpp/71,1,33,18
acc90/semi90,mbpp/72,0,34,17
acc90/semi90,mbpp/73,1,102,15
acc90/semi90,mbpp/74,0,36,16
acc90/semi90,mbpp/75,1,27,10
acc90/semi90,mbpp/76,0,33,5
acc90/semi90,mbpp/77,0,33,15
acc90/semi90,mbpp/78,1,28,12
acc90/semi90,mbpp/79,0,38,15
acc90/semi90,mbpp/80,1,32,9
acc90/semi90,mbpp/81,1,60,17
acc90/semi90,mbpp/82,1,32,7
acc90/semi90,mbpp/83,0,32,16
acc90/semi90,mbpp/84,0,46,16
acc90/semi90,mbpp/85,1,46,10
acc90/semi90,mbpp/86,1,46,7
acc90/semi90,mbpp/87,1,33,16
acc90/semi90,mbpp/88,1,57,8
acc90/semi90,mbpp/89,1,61,12
acc90/semi90,mbpp/90,0,25,10
acc90/semi90,mbpp/91,1,51,11
acc90/semi90,mbpp/92,0,78,34
acc90/semi90,mbpp/93,0,27,14
acc90/semi90,mbpp/94,0,30,14
acc90/semi90,mbpp/95,0,20,12
acc90/semi90,mbpp/96,0,89,49
acc90/semi90,mbpp/97,0,115,30
acc90/semi90,mbpp/98,0,62,16
acc90/semi90,mbpp/99,0,76,28
acc90/semi90,mbpp/100,0,57,14
acc90/semi90,mbpp/101,0,28,16
acc90/semi90,mbpp/102,1,28,9
acc90/semi90,mbpp/103,0,74,21
acc90/semi90,mbpp/104,1,22,11
acc90/semi90,mbpp/105,0,33,14
acc90/semi90,mbpp/106,1,62,19
acc90/semi90,mbpp/107,1,15,6
acc90/semi90,mbpp/108,1,76,23
acc90/semi90,mbpp/109,1,64,28
acc90/semi90,mbpp/110,0,81,16
acc90/semi90,mbpp/111,0,147,57
acc90/semi90,mbpp/112,0,160,41
acc90/semi90,mbpp/113,0,23,9
acc90/semi90,mbpp/114,0,73,19
acc90/semi90,mbpp/115,0,75,27
acc90/semi90,mbpp/116,1,34,9
acc90/semi90,mbpp/117,1,32,8
acc90/semi90,mbpp/118,1,161,31
acc90/semi90,mbpp/119,0,67,30
acc90/semi90,mbpp/120,1,117,23
acc90/semi90,mbpp/121,1,17,7
acc90/semi90,mbpp/122,1,26,5
acc90/semi90,mbpp/123,0,57,25
acc90/semi90,mbpp/124,1,21,6
acc90/semi90,mbpp/125,0,121,28
acc90/semi90,mbpp/126,0,41,21
acc90/semi90,mbpp/127,0,75,29
acc90/semi90,mbpp/128,0,25,11
acc90/semi90,mbpp/129,0,47,12
acc90/semi90,mbpp/130,0,134,46
acc90/semi90,mbpp/131,1,63,15
acc90/semi90,mbpp/132,0,39,6
acc90/semi90,mbpp/133,1,52,14
acc90/semi90,mbpp/134,1,66,24
acc90/semi90,mbpp/135,0,32,14
acc90/semi90,mbpp/136,0,75,15
acc90/semi90,mbpp/137,0,98,32
acc90/semi90,mbpp/138,1,86,14
acc90/semi90,mbpp/139,0,69,29
acc90/semi90,mbpp/140,0,50,16
acc90/semi90,mbpp/141,0,127,13
acc90/semi90,mbpp/142,0,50,14
acc90/semi90,mbpp/143,1,31,11
acc90/semi90,mbpp/144,0,51,35
acc90/semi90,mbpp/145,1,28,17
acc90/semi90,mbpp/146,1,89,12
acc90/semi90,mbpp/147,0,70,37
acc90/semi90,mbpp/148,0,84,18
acc90/semi90,mbpp/149,0,62,15
acc90/semi90,mbpp/150,1,29,7
acc90/semi90,mbpp/151,1,54,14
acc90/semi90,mbpp/152,0,43,19
acc90/semi90,mbpp/153,0,106,22
acc90/semi90,mbpp/154,0,61,19
acc90/semi90,mbpp/155,1,64,9
acc90/semi90,mbpp/156,1,47,8
acc90/semi90,mbpp/157,1,38,9
acc90/semi90,mbpp/158,0,88,20
acc90/semi90,mbpp/159,1,24,11
acc90/semi90,mbpp/160,1,18,9
acc90/semi90,mbpp/161,1,51,10
acc90/semi90,mbpp/162,1,30,12
acc90/semi90,mbpp/163,1,51,8
acc90/semi90,mbpp/164,1,84,21
acc90/semi90,mbpp/165,1,21,6
acc90/semi90,mbpp/166,0,72,31
acc90/semi90,mbpp/167,0,35,14
acc90/semi90,mbpp/168,0,137,60
acc90/semi90,mbpp/169,0,170,32
acc90/semi90,mbpp/170,1,84,25
acc90/semi90,mbpp/171,1,75,19
acc90/semi90,mbpp/172,0,98,30
acc90/semi90,mbpp/173,0,43,20
acc90/semi90,mbpp/174,0,50,13
acc90/semi90,mbpp/175,0,41,20
acc90/semi90,mbpp/176,1,134,16
acc90/semi90,mbpp/177,0,79,27
acc90/semi90,mbpp/178,1,195,49
acc90/semi90,mbpp/179,0,59,19
acc90/semi90,mbpp/180,0,70,37
acc90/semi90,mbpp/181,0,42,17
acc90/semi90,mbpp/182,0,37,12
acc90/semi90,mbpp/183,0,71,30
acc90/semi90,mbpp/184,0,103,15
acc90/semi90,mbpp/185,0,28,5
acc90/semi90,mbpp/186,1,37,16
acc90/semi90,mbpp/187,0,203,113
acc90/semi90,mbpp/188,1,50,11
acc90/semi90,mbpp/189,1,47,10
acc90/semi90,mbpp/190,0,20,12
acc90/semi90,mbpp/191,0,32,13
acc90/semi90,mbpp/192,1,48,16
acc90/semi90,mbpp/193,1,37,12
acc90/semi90,mbpp/194,0,31,13
acc90/semi90,mbpp/195,0,43,11
acc90/semi90,mbpp/196,0,135,11
acc90/semi90,mbpp/197,0,43,23
acc90/semi90,mbpp/198,0,36,11
acc90/semi90,mbpp/199,0,35,14
acc90/semi90,mbpp/200,0,58,30
acc90/semi90,mbpp/201,1,43,17
acc90/semi90,mbpp/202,0,37,13
acc90/semi90,mbpp/203,0,31,10
acc90/semi90,mbpp/204,0,53,16
acc90/semi90,mbpp/205,0,73,25
acc90/semi90,mbpp/206,0,56,16
acc90/semi90,mbpp/207,0,80,31
acc90/semi90,mbpp/208,0,45,24
acc90/semi90,mbpp/209,1,43,16
acc90/semi90,mbpp/210,1,33,6
acc90/semi90,mbpp/211,0,20,15
acc90/semi90,mbpp/212,1,58,15
acc90/semi90,mbpp/213,0,43,13
acc90/semi90,mbpp/214,0,96,25
acc90/semi90,mbpp/215,0,25,19
acc90/semi90,mbpp/216,1,44,14
acc90/semi90,mbpp/217,1,59,24
acc90/semi90,mbpp/218,0,97,22
acc90/semi90,mbpp/219,0,20,17
acc90/semi90,mbpp/220,1,136,31
acc90/semi90,mbpp/221,1,25,7
acc90/semi90,mbpp/222,0,40,16
acc90/semi90,mbpp/223,1,16,11
acc90/semi90,mbpp/224,0,56,33
acc90/semi90,mbpp/225,0,106,58
acc90/semi90,mbpp/226,0,55,23
acc90/semi90,mbpp/227,1,30,11
acc90/semi90,mbpp/228,0,177,50
acc90/semi90,mbpp/229,0,28,9
acc90/semi90,mbpp/230,0,38,13
acc90/semi90,mbpp/231,1,15,8
acc90/semi90,mbpp/232,0,60,23
acc90/semi90,mbpp/233,1,32,11
acc90/semi90,mbpp/234,0,224,54
acc90/semi90,mbpp/235,0,84,29
acc90/semi90,mbpp/236,0,130,34
acc90/semi90,mbpp/237,1,37,10
acc90/semi90,mbpp/238,0,32,24
acc90/semi90,mbpp/239,1,41,18
acc90/semi90,mbpp/240,0,22,18
acc90/semi90,mbpp/241,0,33,14
acc90/semi90,mbpp/242,0,38,7
acc90/semi90,mbpp/243,0,36,27
acc90/semi90,mbpp/244,0,41,16
acc90/semi90,mbpp/245,0,95,11
acc90/semi90,mbpp/246,0,28,15
acc90/semi90,mbpp/247,0,28,9
acc90/semi90,mbpp/248,0,75,25
acc90/semi90,mbpp/249,0,171,33
acc90/semi90,mbpp/250,1,38,9
acc90/semi90,mbpp/251,0,27,9
acc90/semi90,mbpp/252,1,33,11
acc90/semi90,mbpp/253,0,46,25
acc90/semi90,mbpp/254,0,41,11
acc90/semi90,mbpp/255,1,20,11
acc90/semi90,mbpp/256,0,46,21
acc90/semi90,mbpp/257,0,39,24
acc90/semi90,mbpp/258,1,14,6
acc90/semi90,mbpp/259,1,57,12
acc90/semi90,mbpp/260,0,46,13
acc90/semi90,mbpp/261,1,23,11
acc90/semi90,mbpp/262,1,32,11
acc90/semi90,mbpp/263,0,24,10
acc90/semi90,mbpp/264,0,55,28
acc90/semi90,mbpp/265,0,32,14
acc90/semi90,mbpp/266,0,30,8
acc90/semi90,mbpp/267,0,44,16
acc90/semi90,mbpp/268,0,50,28
acc90/semi90,mbpp/269,1,41,10
acc90/semi90,mbpp/270,1,19,8
acc90/semi90,mbpp/271,0,27,10
acc90/semi90,mbpp/272,1,40,12
acc90/semi90,mbpp/273,1,22,11
acc90/semi90,mbpp/274,0,49,12
acc90/semi90,mbpp/275,0,322,152
acc90/semi90,mbpp/276,1,45,16
acc90/semi90,mbpp/277,1,48,10
acc90/semi90,mbpp/278,0,60,28
acc90/semi90,mbpp/279,1,57,18
acc90/semi90,mbpp/280,0,145,51
acc90/semi90,mbpp/281,1,15,17
acc90/semi90,mbpp/282,1,58,29
acc90/semi90,mbpp/283,1,54,13
acc90/semi90,mbpp/284,0,47,10
acc90/semi90,mbpp/285,1,57,9
acc90/semi90,mbpp/286,0,46,9
acc90/semi90,mbpp/287,0,60,16
acc90/semi90,mbpp/288,0,68,28
acc90/semi90,mbpp/289,0,117,35
acc90/semi90,mbpp/290,0,44,14
acc90/semi90,mbpp/291,1,54,25
acc90/semi90,mbpp/292,0,59,32
acc90/semi90,mbpp/293,0,108,50
acc90/semi90,mbpp/294,0,54,26
acc90/semi90,mbpp/295,0,160,82
acc90/semi90,mbpp/296,0,48,28
acc90/semi90,mbpp/297,1,52,10
acc90/semi90,mbpp/298,1,27,11
acc90/semi90,mbpp/299,0,15,7
acc90/semi90,mbpp/300,0,149,66
acc90/semi90,mbpp/301,0,43,18
acc90/semi90,mbpp/302,0,29,12
acc90/semi90,mbpp/303,0,125,23
acc90/semi90,mbpp/304,0,71,24
acc90/semi90,mbpp/305,0,109,22
acc90/semi90,mbpp/306,0,109,18
acc90/semi90,mbpp/307,0,86,16
acc90/semi90,mbpp/308,0,33,12
acc90/semi90,mbpp/309,1,61,19
acc90/semi90,mbpp/310,0,74,41
acc90/semi90,mbpp/311,1,47,13
acc90/semi90,mbpp/312,0,116,29
acc90/semi90,mbpp/313,0,79,17
acc90/semi90,mbpp/314,1,102,23
acc90/semi90,mbpp/315,0,67,19
acc90/semi90,mbpp/316,0,41,15
acc90/semi90,mbpp/317,0,75,42
acc90/semi90,mbpp/318,1,38,7
acc90/semi90,mbpp/319,1,36,10
acc90/semi90,mbpp/320,1,51,17
acc90/semi90,mbpp/321,0,44,16
acc90/semi90,mbpp/322,1,21,9
acc90/semi90,mbpp/323,1,47,18
acc90/semi90,mbpp/324,0,41,14
acc90/semi90,mbpp/325,0,112,28
acc90/semi90,mbpp/326,0,46,21
acc90/semi90,mbpp/327,1,63,9
acc90/semi90,mbpp/328,0,98,59
acc90/semi90,mbpp/329,1,60,17
acc90/semi90,mbpp/330,1,16,4
acc90/semi90,mbpp/331,0,238,79
acc90/semi90,mbpp/332,1,58,10
acc90/semi90,mbpp/333,0,71,21
acc90/semi90,mbpp/334,1,44,15
acc90/semi90,mbpp/335,0,179,55
acc90/semi90,mbpp/336,0,57,28
acc90/semi90,mbpp/337,0,4018,539
acc90/semi90,mbpp/338,0,39,13
acc90/semi90,mbpp/339,0,70,50
acc90/semi90,mbpp/340,1,79,17
acc90/semi90,mbpp/341,0,27,19
acc90/semi90,mbpp/342,0,35,9
acc90/semi90,mbpp/343,0,26,7
acc90/semi90,mbpp/344,0,132,32
acc90/semi90,mbpp/345,1,34,9
acc90/semi90,mbpp/346,1,31,14
acc90/semi90,mbpp/347,1,34,9
acc90/semi90,mbpp/348,0,104,35
acc90/semi90,mbpp/349,0,25,17
acc90/semi90,mbpp/350,1,20,15
acc90/semi90,mbpp/351,0,86,21
acc90/semi90,mbpp/352,1,46,22
acc90/semi90,mbpp/353,0,120,30
acc90/semi90,mbpp/354,0,48,21
acc90/semi90,mbpp/355,0,67,17
acc90/semi90,mbpp/356,0,126,25
acc90/semi90,mbpp/357,0,26,15
acc90/semi90,mbpp/358,1,29,11
acc90/semi90,mbpp/359,0,25,13
acc90/semi90,mbpp/360,0,74,15
acc90/semi90,mbpp/361,1,54,20
acc90/semi90,mbpp/362,1,28,5
acc90/semi90,mbpp/363,0,76,10
acc90/semi90,mbpp/364,0,21,7
acc90/semi90,mbpp/365,0,59,18
acc90/semi90,mbpp/366,0,30,21
acc90/semi90,mbpp/367,1,29,23
acc90/semi90,mbpp/368,1,41,13
acc90/semi90,mbpp/369,1,49,23
acc90/semi90,mbpp/370,1,27,14
acc90/semi90,mbpp/371,0,139,41
acc90/semi90,mbpp/372,0,51,28
acc90/semi90,mbpp/373,1,53,11
acc90/semi90,mbpp/374,0,75,8
acc90/semi90,mbpp/375,0,71,27
acc90/semi90,mbpp/376,0,101,49
acc90/semi90,mbpp/377,1,50,9
acc90/semi90,mbpp/378,1,73,9
acc90/semi90,mbpp/379,1,23,16
acc90/semi90,mbpp/380,0,100,37
acc90/semi90,mbpp/381,1,72,14
acc90/semi90,mbpp/382,0,22,9
acc90/semi90,mbpp/383,0,22,8
acc90/semi90,mbpp/384,1,65,6
acc90/semi90,mbpp/385,0,62,25
acc90/semi90,mbpp/386,1,56,22
acc90/semi90,mbpp/387,0,30,11
acc90/semi90,mbpp/388,0,30,9
acc90/semi90,mbpp/389,0,49,14
acc90/semi90,mbpp/390,0,52,20
acc90/semi90,mbpp/391,0,115,34
acc90/semi90,mbpp/392,0,188,59
acc90/semi90,mbpp/393,1,27,13
acc90/semi90,mbpp/394,1,30,12
acc90/semi90,mbpp/395,0,38,12
acc90/semi90,mbpp/396,0,126,35
acc90/semi90,mbpp/397,0,124,29
acc90/semi90,mbpp/398,1,48,11
acc90/semi90,mbpp/399,1,54,10
acc90/semi90,mbpp/400,0,57,20
acc90/semi90,mbpp/401,1,26,8
acc90/semi90,mbpp/402,0,27,8
acc90/semi90,mbpp/403,0,30,14
acc90/semi90,mbpp/404,0,53,21
acc90/semi90,mbpp/405,0,98,26
acc90/semi90,mbpp/406,0,78,24
acc90/semi90,mbpp/407,0,46,19
acc90/semi90,mbpp/408,0,41,9
acc90/semi90,mbpp/409,1,45,18
acc90/semi90,mbpp/410,0,24,10
acc90/semi90,mbpp/411,1,53,21
acc90/semi90,mbpp/412,0,256,58
acc90/semi90,mbpp/413,1,26,10
acc90/semi90,mbpp/414,1,41,8
acc90/semi90,mbpp/415,1,27,10
acc90/semi90,mbpp/416,1,71,20
acc90/semi90,mbpp/417,1,97,13
acc90/semi90,mbpp/418,1,36,10
acc90/semi90,mbpp/419,0,30,20
acc90/semi90,mbpp/420,0,35,8
acc90/semi90,mbpp/421,1,36,10
acc90/semi90,mbpp/422,0,53,14
acc90/semi90,mbpp/423,0,44,14
acc90/semi90,mbpp/424,1,18,9
acc90/semi90,mbpp/425,0,40,17
acc90/semi90,mbpp/426,0,33,16
acc90/semi90,mbpp/427,0,61,28
acc90/semi90,mbpp/428,1,35,13
acc90/semi90,mbpp/429,1,62,33
acc90/semi90,mbpp/430,1,27,11
acc90/semi90,mbpp/431,1,54,18
acc90/semi90,mbpp/432,0,35,12
acc90/semi90,mbpp/433,0,32,11
acc90/semi90,mbpp/434,0,40,20
acc90/semi90,mbpp/435,0,45,13
acc90/semi90,mbpp/436,0,24,9
acc90/semi90,mbpp/437,0,109,29
acc90/semi90,mbpp/438,0,118,35
acc90/semi90,mbpp/439,0,28,11
acc90/semi90,mbpp/440,0,26,10
acc90/semi90,mbpp/441,0,36,10
acc90/semi90,mbpp/442,1,55,18
acc90/semi90,mbpp/443,0,53,16
acc90/semi90,mbpp/444,1,50,12
acc90/semi90,mbpp/445,1,24,10
acc90/semi90,mbpp/446,1,56,19
acc90/semi90,mbpp/447,1,17,7
acc90/semi90,mbpp/448,1,30,9
acc90/semi90,mbpp/449,0,20,8
acc90/semi90,mbpp/450,0,37,10
acc90/semi90,mbpp/451,0,50,21
acc90/semi90,mbpp/452,0,119,15
acc90/semi90,mbpp/453,1,23,14
acc90/semi90,mbpp/454,1,37,12
acc90/semi90,mbpp/455,0,77,17
acc90/semi90,mbpp/456,0,67,26
acc90/semi90,mbpp/457,0,104,41
acc90/semi90,mbpp/458,0,278,88
acc90/semi90,mbpp/459,0,32,11
acc90/semi90,mbpp/460,1,46,14
acc90/semi90,mbpp/461,0,32,34
acc90/semi90,mbpp/462,0,48,22
acc90/semi90,mbpp/463,0,42,16
acc90/semi90,mbpp/464,1,26,9
acc90/semi90,mbpp/465,1,18,9
acc90/semi90,mbpp/466,1,14,8
acc90/semi90,mbpp/467,1,34,20
acc90/semi90,mbpp/468,1,52,21
acc90/semi90,mbpp/469,0,83,26
acc90/semi90,mbpp/470,0,87,19
acc90/semi90,mbpp/471,1,44,12
acc90/semi90,mbpp/472,0,67,21
acc90/semi90,mbpp/473,1,59,24
acc90/semi90,mbpp/474,1,61,23
acc90/semi90,mbpp/475,1,72,26
acc90/semi90,mbpp/476,1,24,12
acc90/semi90,mbpp/477,0,51,28
acc90/semi90,mbpp/478,1,78,18
acc90/semi90,mbpp/479,0,49,21
acc90/semi90,mbpp/480,0,48,12
acc90/semi90,mbpp/481,1,88,10
acc90/semi90,mbpp/482,0,237,125
acc90/semi90,mbpp/483,0,32,11
acc90/semi90,mbpp/484,1,24,17
acc90/semi90,mbpp/485,0,64,21
acc90/semi90,mbpp/486,0,66,26
acc90/semi90,mbpp/487,1,29,7
acc90/semi90,mbpp/488,1,16,9
acc90/semi90,mbpp/489,0,15,8
acc90/semi90,mbpp/490,0,31,11
acc90/semi90,mbpp/491,1,15,13
acc90/semi90,mbpp/492,0,39,26
acc90/semi90,mbpp/493,1,42,21
acc90/semi90,mbpp/494,0,49,19
acc90/semi90,mbpp/495,1,64,21
acc90/semi90,mbpp/496,1,31,9
acc90/semi90,mbpp/497,0,80,20
acc90/semi90,mbpp/498,0,63,19
acc90/semi90,mbpp/499,0,112,30
acc95/semi70,humaneval_plus/0,1,62,14
acc95/semi70,humaneval_plus/1,0,179,54
acc95/semi70,humaneval_plus/2,0,118,55
acc95/semi70,humaneval_plus/3,1,72,20
acc95/semi70,humaneval_plus/4,1,40,27
acc95/semi70,humaneval_plus/5,0,64,33
acc95/semi70,humaneval_plus/6,1,33,9
acc95/semi70,humaneval_plus/7,1,67,9
acc95/semi70,humaneval_plus/8,0,179,42
acc95/semi70,humaneval_plus/9,0,102,25
acc95/semi70,humaneval_plus/10,0,97,14
acc95/semi70,humaneval_plus/11,0,73,18
acc95/semi70,humaneval_plus/12,0,124,50
acc95/semi70,humaneval_plus/13,1,36,14
acc95/semi70,humaneval_plus/14,0,172,56
acc95/semi70,humaneval_plus/15,0,76,16
acc95/semi70,humaneval_plus/16,1,63,16
acc95/semi70,humaneval_plus/17,0,75,19
acc95/semi70,humaneval_plus/18,1,72,9
acc95/semi70,humaneval_plus/19,1,90,32
acc95/semi70,humaneval_plus/20,0,94,48
acc95/semi70,humaneval_plus/21,0,95,30
acc95/semi70,humaneval_plus/22,0,92,45
acc95/semi70,humaneval_plus/23,0,162,29
acc95/semi70,humaneval_plus/24,0,39,24
acc95/semi70,humaneval_plus/25,1,47,37
acc95/semi70,humaneval_plus/26,1,33,11
acc95/semi70,humaneval_plus/27,0,24,15
acc95/semi70,humaneval_plus/28,0,95,40
acc95/semi70,humaneval_plus/29,0,205,59
acc95/semi70,humaneval_plus/30,0,102,40
acc95/semi70,humaneval_plus/31,0,101,39
acc95/semi70,humaneval_plus/32,0,186,37
acc95/semi70,humaneval_plus/33,1,84,18
acc95/semi70,humaneval_plus/34,0,254,120
acc95/semi70,humaneval_plus/35,1,22,4
acc95/semi70,humaneval_plus/36,0,121,38
acc95/semi70,humaneval_plus/37,0,61,14
acc95/semi70,humaneval_plus/38,0,67,28
acc95/semi70,humaneval_plus/39,1,22,13
acc95/semi70,humaneval_plus/40,0,83,43
acc95/semi70,humaneval_plus/41,0,41,7
acc95/semi70,humaneval_plus/42,0,74,15
acc95/semi70,humaneval_plus/43,0,108,38
acc95/semi70,humaneval_plus/44,0,3908,538
acc95/semi70,humaneval_plus/45,1,74,19
acc95/semi70,humaneval_plus/46,1,22,11
acc95/semi70,humaneval_plus/47,0,138,51
acc95/semi70,humaneval_plus/48,0,126,33
acc95/semi70,humaneval_plus/49,0,75,10
acc95/semi70,humaneval_plus/50,1,119,11
acc95/semi70,humaneval_plus/51,0,88,38
acc95/semi70,humaneval_plus/52,0,105,47
acc95/semi70,humaneval_plus/53,1,94,23
acc95/semi70,humaneval_plus/54,1,95,13
acc95/semi70,humaneval_plus/55,1,162,49
acc95/semi70,humaneval_plus/56,1,88,31
acc95/semi70,humaneval_plus/57,1,20,6
acc95/semi70,humaneval_plus/58,0,77,14
acc95/semi70,humaneval_plus/59,1,48,8
acc95/semi70,humaneval_plus/60,0,42,16
acc95/semi70,humaneval_plus/61,0,90,15
acc95/semi70,humaneval_plus/62,0,49,36
acc95/semi70,humaneval_plus/63,0,70,9
acc95/semi70,humaneval_plus/64,1,147,22
acc95/semi70,humaneval_plus/65,1,59,21
acc95/semi70,humaneval_plus/66,1,65,19
acc95/semi70,humaneval_plus/67,0,37,13
acc95/semi70,humaneval_plus/68,1,27,16
acc95/semi70,humaneval_plus/69,0,99,19
acc95/semi70,humaneval_plus/70,0,81,22
acc95/semi70,humaneval_plus/71,1,30,9
acc95/semi70,humaneval_plus/72,0,66,21
acc95/semi70,humaneval_plus/73,1,66,7
acc95/semi70,humaneval_plus/74,1,70,15
acc95/semi70,humaneval_plus/75,0,146,40
acc95/semi70,humaneval_plus/76,1,24,6
acc95/semi70,humaneval_plus/77,1,79,17
acc95/semi70,humaneval_plus/78,0,81,29
acc95/semi70,humaneval_plus/79,0,17,4
acc95/semi70,humaneval_plus/80,0,8,4
acc95/semi70,humaneval_plus/81,1,37,6
acc95/semi70,humaneval_plus/82,1,126,24
acc95/semi70,humaneval_plus/83,0,39,6
acc95/semi70,humaneval_plus/84,0,41,10
acc95/semi70,humaneval_plus/85,1,9,3
acc95/semi70,humaneval_plus/86,1,16,4
acc95/semi70,humaneval_plus/87,1,35,4
acc95/semi70,humaneval_plus/88,1,17,5
acc95/semi70,humaneval_plus/89,1,78,6
acc95/semi70,humaneval_plus/90,0,204,93
acc95/semi70,humaneval_plus/91,0,110,32
acc95/semi70,humaneval_plus/92,1,10,5
acc95/semi70,humaneval_plus/93,0,52,19
acc95/semi70,humaneval_plus/94,1,59,11
acc95/semi70,humaneval_plus/95,0,86,32
acc95/semi70,humaneval_plus/96,1,104,8
acc95/semi70,humaneval_plus/97,0,172,28
acc95/semi70,humaneval_plus/98,1,50,14
acc95/semi70,humaneval_plus/99,1,75,10
acc95/semi70,humaneval_plus/100,1,42,27
acc95/semi70,humaneval_plus/101,1,15,5
acc95/semi70,humaneval_plus/102,1,45,5
acc95/semi70,humaneval_plus/103,1,47,15
acc95/semi70,humaneval_plus/104,0,13,9
acc95/semi70,humaneval_plus/105,0,121,35
acc95/semi70,humaneval_plus/106,0,70,20
acc95/semi70,humaneval_plus/107,0,28,10
acc95/semi70,humaneval_plus/108,0,88,19
acc95/semi70,humaneval_plus/109,0,45,14
acc95/semi70,humaneval_plus/110,1,36,3
acc95/semi70,humaneval_plus/111,1,39,8
acc95/semi70,humaneval_plus/112,1,14,6
acc95/semi70,humaneval_plus/113,1,9,3
acc95/semi70,humaneval_plus/114,0,17,14
acc95/semi70,humaneval_plus/115,1,85,11
acc95/semi70,humaneval_plus/116,0,52,7
acc95/semi70,humaneval_plus/117,1,70,10
acc95/semi70,humaneval_plus/118,1,16,6
acc95/semi70,humaneval_plus/119,0,108,46
acc95/semi70,humaneval_plus/120,0,82,19
acc95/semi70,humaneval_plus/121,1,17,5
acc95/semi70,humaneval_plus/122,0,52,10
acc95/semi70,humaneval_plus/123,1,44,10
acc95/semi70,humaneval_plus/124,0,140,57
acc95/semi70,humaneval_plus/125,0,139,47
acc95/semi70,humaneval_plus/126,0,52,24
acc95/semi70,humaneval_plus/127,1,18,7
acc95/semi70,humaneval_plus/128,0,100,30
acc95/semi70,humaneval_plus/129,1,77,15
acc95/semi70,humaneval_plus/130,0,103,31
acc95/semi70,humaneval_plus/131,1,16,4
acc95/semi70,humaneval_plus/132,0,105,36
acc95/semi70,humaneval_plus/133,0,77,25
acc95/semi70,humaneval_plus/134,1,64,21
acc95/semi70,humaneval_plus/135,1,49,10
acc95/semi70,humaneval_plus/136,0,46,10
acc95/semi70,humaneval_plus/137,0,192,29
acc95/semi70,humaneval_plus/138,0,55,18
acc95/semi70,humaneval_plus/139,0,37,18
acc95/semi70,humaneval_plus/140,0,105,41
acc95/semi70,humaneval_plus/141,0,35,19
acc95/semi70,humaneval_plus/142,0,38,7
acc95/semi70,humaneval_plus/143,0,49,9
acc95/semi70,humaneval_plus/144,0,227,14
acc95/semi70,humaneval_plus/145,1,84,9
acc95/semi70,humaneval_plus/146,0,191,51
acc95/semi70,humaneval_plus/147,1,46,19
acc95/semi70,humaneval_plus/148,1,44,8
acc95/semi70,humaneval_plus/149,0,56,37
acc95/semi70,humaneval_plus/150,0,78,21
acc95/semi70,humaneval_plus/151,0,82,27
acc95/semi70,humaneval_plus/152,0,92,20
acc95/semi70,humaneval_plus/153,0,63,14
acc95/semi70,humaneval_plus/154,0,45,14
acc95/semi70,humaneval_plus/155,0,62,25
acc95/semi70,humaneval_plus/156,0,53,17
acc95/semi70,humaneval_plus/157,0,117,44
acc95/semi70,humaneval_plus/158,0,130,15
acc95/semi70,humaneval_plus/159,1,68,17
acc95/semi70,humaneval_plus/160,1,111,27
acc95/semi70,humaneval_plus/161,1,39,6
acc95/semi70,humaneval_plus/162,0,48,10
acc95/semi70,humaneval_plus/163,1,59,19
acc95/semi70,mbpp/0,0,66,34
acc95/semi70,mbpp/1,1,22,11
acc95/semi70,mbpp/2,0,59,20
acc95/semi70,mbpp/3,1,34,16
acc95/semi70,mbpp/4,0,64,21
acc95/semi70,mbpp/5,0,52,24
acc95/semi70,mbpp/6,1,17,12
acc95/semi70,mbpp/7,1,31,17
acc95/semi70,mbpp/8,1,19,13
acc95/semi70,mbpp/9,0,63,26
acc95/semi70,mbpp/10,1,39,15
acc95/semi70,mbpp/11,1,41,6
acc95/semi70,mbpp/12,1,40,20
acc95/semi70,mbpp/13,0,62,27
acc95/semi70,mbpp/14,1,69,13
acc95/semi70,mbpp/15,0,33,30
acc95/semi70,mbpp/16,0,29,20
acc95/semi70,mbpp/17,0,91,22
acc95/semi70,mbpp/18,0,34,17
acc95/semi70,mbpp/19,1,64,15
acc95/semi70,mbpp/20,0,147,62
acc95/semi70,mbpp/21,0,56,17
acc95/semi70,mbpp/22,1,63,23
acc95/semi70,mbpp/23,0,82,25
acc95/semi70,mbpp/24,0,16,7
acc95/semi70,mbpp/25,0,220,121
acc95/semi70,mbpp/26,0,39,22
acc95/semi70,mbpp/27,0,82,30
acc95/semi70,mbpp/28,0,153,55
acc95/semi70,mbpp/29,1,38,15
acc95/semi70,mbpp/30,1,27,10
acc95/semi70,mbpp/31,0,88,53
acc95/semi70,mbpp/32,0,42,17
acc95/semi70,mbpp/33,0,44,19
acc95/semi70,mbpp/34,1,47,11
acc95/semi70,mbpp/35,1,20,8
acc95/semi70,mbpp/36,0,1334,102
acc95/semi70,mbpp/37,0,48,38
acc95/semi70,mbpp/38,1,24,13
acc95/semi70,mbpp/39,0,31,14
acc95/semi70,mbpp/40,1,33,14
acc95/semi70,mbpp/41,1,24,5
acc95/semi70,mbpp/42,0,36,14
acc95/semi70,mbpp/43,0,120,26
acc95/semi70,mbpp/44,0,29,15
acc95/semi70,mbpp/45,1,38,26
acc95/semi70,mbpp/46,0,26,29
acc95/semi70,mbpp/47,0,34,19
acc95/semi70,mbpp/48,0,34,17
acc95/semi70,mbpp/49,0,115,39
acc95/semi70,mbpp/50,1,71,16
acc95/semi70,mbpp/51,1,37,12
acc95/semi70,mbpp/52,0,46,25
acc95/semi70,mbpp/53,0,25,9
acc95/semi70,mbpp/54,1,49,9
acc95/semi70,mbpp/55,1,38,9
acc95/semi70,mbpp/56,0,186,55
acc95/semi70,mbpp/57,1,77,20
acc95/semi70,mbpp/58,0,71,28
acc95/semi70,mbpp/59,0,69,33
acc95/semi70,mbpp/60,0,172,60
acc95/semi70,mbpp/61,1,39,18
acc95/semi70,mbpp/62,0,23,21
acc95/semi70,mbpp/63,0,40,24
acc95/semi70,mbpp/64,0,40,14
acc95/semi70,mbpp/65,0,45,35
acc95/semi70,mbpp/66,0,89,25
acc95/semi70,mbpp/67,1,59,12
acc95/semi70,mbpp/68,1,31,9
acc95/semi70,mbpp/69,1,33,8
acc95/semi70,mbpp/70,0,43,20
acc95/semi70,mbpp/71,1,34,20
acc95/semi70,mbpp/72,0,34,21
acc95/semi70,mbpp/73,0,102,23
acc95/semi70,mbpp/74,0,36,25
acc95/semi70,mbpp/75,1,27,11
acc95/semi70,mbpp/76,0,33,8
acc95/semi70,mbpp/77,0,44,18
acc95/semi70,mbpp/78,1,28,13
acc95/semi70,mbpp/79,0,40,18
acc95/semi70,mbpp/80,1,32,9
acc95/semi70,mbpp/81,0,60,35
acc95/semi70,mbpp/82,1,32,11
acc95/semi70,mbpp/83,0,32,21
acc95/semi70,mbpp/84,0,46,15
acc95/semi70,mbpp/85,1,46,14
acc95/semi70,mbpp/86,0,47,17
acc95/semi70,mbpp/87,1,47,14
acc95/semi70,mbpp/88,0,62,12
acc95/semi70,mbpp/89,0,54,12
acc95/semi70,mbpp/90,0,25,11
acc95/semi70,mbpp/91,1,51,13
acc95/semi70,mbpp/92,0,75,37
acc95/semi70,mbpp/93,0,26,18
acc95/semi70,mbpp/94,0,32,17
acc95/semi70,mbpp/95,0,20,15
acc95/semi70,mbpp/96,0,68,42
acc95/semi70,mbpp/97,0,115,52
acc95/semi70,mbpp/98,0,63,25
acc95/semi70,mbpp/99,0,73,27
acc95/semi70,mbpp/100,0,57,16
acc95/semi70,mbpp/101,0,28,18
acc95/semi70,mbpp/102,1,28,13
acc95/semi70,mbpp/103,0,81,39
acc95/semi70,mbpp/104,1,22,13
acc95/semi70,mbpp/105,1,37,12
acc95/semi70,mbpp/106,1,62,23
acc95/semi70,mbpp/107,1,15,6
acc95/semi70,mbpp/108,0,86,35
acc95/semi70,mbpp/109,1,54,24
acc95/semi70,mbpp/110,0,86,23
acc95/semi70,mbpp/111,0,122,63
acc95/semi70,mbpp/112,0,119,48
acc95/semi70,mbpp/113,0,23,14
acc95/semi70,mbpp/114,0,74,15
acc95/semi70,mbpp/115,0,79,33
acc95/semi70,mbpp/116,0,37,20
acc95/semi70,mbpp/117,1,32,8
acc95/semi70,mbpp/118,0,139,39
acc95/semi70,mbpp/119,0,70,38
acc95/semi70,mbpp/120,0,83,23
acc95/semi70,mbpp/121,1,17,11
acc95/semi70,mbpp/122,1,26,11
acc95/semi70,mbpp/123,0,90,46
acc95/semi70,mbpp/124,1,21,6
acc95/semi70,mbpp/125,0,98,38
acc95/semi70,mbpp/126,0,41,25
acc95/semi70,mbpp/127,0,90,38
acc95/semi70,mbpp/128,0,25,14
acc95/semi70,mbpp/129,0,47,18
acc95/semi70,mbpp/130,0,209,77
acc95/semi70,mbpp/131,1,56,20
acc95/semi70,mbpp/132,0,39,6
acc95/semi70,mbpp/133,1,52,16
acc95/semi70,mbpp/134,0,112,39
acc95/semi70,mbpp/135,0,32,18
acc95/semi70,mbpp/136,0,75,18
acc95/semi70,mbpp/137,0,101,41
acc95/semi70,mbpp/138,1,86,15
acc95/semi70,mbpp/139,0,38,20
acc95/semi70,mbpp/140,0,50,17
acc95/semi70,mbpp/141,0,150,26
acc95/semi70,mbpp/142,0,50,17
acc95/semi70,mbpp/143,1,31,13
acc95/semi70,mbpp/144,0,57,33
acc95/semi70,mbpp/145,1,28,17
acc95/semi70,mbpp/146,1,89,16
acc95/semi70,mbpp/147,0,68,31
acc95/semi70,mbpp/148,0,97,33
acc95/semi70,mbpp/149,0,62,19
acc95/semi70,mbpp/150,1,29,7
acc95/semi70,mbpp/151,0,58,25
acc95/semi70,mbpp/152,0,45,20
acc95/semi70,mbpp/153,0,93,43
acc95/semi70,mbpp/154,0,60,21
acc95/semi70,mbpp/155,1,64,13
acc95/semi70,mbpp/156,1,47,9
acc95/semi70,mbpp/157,1,38,10
acc95/semi70,mbpp/158,1,86,13
acc95/semi70,mbpp/159,1,24,11
acc95/semi70,mbpp/160,1,18,14
acc95/semi70,mbpp/161,0,56,12
acc95/semi70,mbpp/162,1,30,12
acc95/semi70,mbpp/163,1,52,7
acc95/semi70,mbpp/164,0,81,23
acc95/semi70,mbpp/165,1,21,7
acc95/semi70,mbpp/166,0,69,31
acc95/semi70,mbpp/167,0,35,15
acc95/semi70,mbpp/168,0,72,45
acc95/semi70,mbpp/169,0,172,42
acc95/semi70,mbpp/170,1,82,25
acc95/semi70,mbpp/171,0,75,24
acc95/semi70,mbpp/172,0,98,37
acc95/semi70,mbpp/173,0,43,19
acc95/semi70,mbpp/174,0,50,14
acc95/semi70,mbpp/175,0,40,20
acc95/semi70,mbpp/176,1,134,18
acc95/semi70,mbpp/177,0,79,30
acc95/semi70,mbpp/178,1,132,24
acc95/semi70,mbpp/179,0,70,33
acc95/semi70,mbpp/180,0,72,39
acc95/semi70,mbpp/181,0,48,28
acc95/semi70,mbpp/182,0,37,13
acc95/semi70,mbpp/183,0,70,31
acc95/semi70,mbpp/184,0,104,17
acc95/semi70,mbpp/185,0,34,11
acc95/semi70,mbpp/186,1,37,18
acc95/semi70,mbpp/187,0,347,190
acc95/semi70,mbpp/188,1,50,15
acc95/semi70,mbpp/189,1,47,15
acc95/semi70,mbpp/190,0,20,14
acc95/semi70,mbpp/191,0,33,16
acc95/semi70,mbpp/192,1,48,18
acc95/semi70,mbpp/193,1,37,16
acc95/semi70,mbpp/194,1,31,15
acc95/semi70,mbpp/195,1,44,15
acc95/semi70,mbpp/196,0,135,17
acc95/semi70,mbpp/197,1,39,17
acc95/semi70,mbpp/198,0,36,13
acc95/semi70,mbpp/199,0,35,20
acc95/semi70,mbpp/200,0,63,41
acc95/semi70,mbpp/201,1,43,22
acc95/semi70,mbpp/202,1,36,14
acc95/semi70,mbpp/203,0,31,14
acc95/semi70,mbpp/204,1,54,13
acc95/semi70,mbpp/205,0,78,29
acc95/semi70,mbpp/206,0,53,16
acc95/semi70,mbpp/207,0,79,31
acc95/semi70,mbpp/208,0,42,44
acc95/semi70,mbpp/209,1,43,18
acc95/semi70,mbpp/210,1,33,6
acc95/semi70,mbpp/211,0,20,19
acc95/semi70,mbpp/212,1,58,19
acc95/semi70,mbpp/213,1,41,15
acc95/semi70,mbpp/214,0,105,42
acc95/semi70,mbpp/215,0,25,21
acc95/semi70,mbpp/216,1,45,20
acc95/semi70,mbpp/217,1,59,31
acc95/semi70,mbpp/218,0,96,24
acc95/semi70,mbpp/219,0,20,19
acc95/semi70,mbpp/220,1,141,42
acc95/semi70,mbpp/221,1,25,10
acc95/semi70,mbpp/222,0,38,20
acc95/semi70,mbpp/223,1,16,15
acc95/semi70,mbpp/224,0,50,34
acc95/semi70,mbpp/225,0,78,39
acc95/semi70,mbpp/226,0,55,23
acc95/semi70,mbpp/227,1,30,13
acc95/semi70,mbpp/228,0,103,40
acc95/semi70,mbpp/229,0,28,10
acc95/semi70,mbpp/230,0,38,13
acc95/semi70,mbpp/231,1,15,13
acc95/semi70,mbpp/232,0,90,35
acc95/semi70,mbpp/233,1,32,16
acc95/semi70,mbpp/234,0,232,76
acc95/semi70,mbpp/235,0,75,28
acc95/semi70,mbpp/236,0,154,37
acc95/semi70,mbpp/237,1,37,11
acc95/semi70,mbpp/238,0,32,28
acc95/semi70,mbpp/239,1,41,20
acc95/semi70,mbpp/240,0,22,24
acc95/semi70,mbpp/241,0,32,16
acc95/semi70,mbpp/242,1,38,9
acc95/semi70,mbpp/243,0,36,31
acc95/semi70,mbpp/244,1,43,16
acc95/semi70,mbpp/245,1,94,13
acc95/semi70,mbpp/246,0,31,18
acc95/semi70,mbpp/247,1,27,10
acc95/semi70,mbpp/248,0,81,30
acc95/semi70,mbpp/249,0,176,49
acc95/semi70,mbpp/250,1,38,10
acc95/semi70,mbpp/251,0,27,10
acc95/semi70,mbpp/252,1,33,12
acc95/semi70,mbpp/253,0,46,27
acc95/semi70,mbpp/254,0,46,20
acc95/semi70,mbpp/255,1,20,14
acc95/semi70,mbpp/256,0,46,26
acc95/semi70,mbpp/257,0,41,23
acc95/semi70,mbpp/258,1,14,7
acc95/semi70,mbpp/259,1,57,12
acc95/semi70,mbpp/260,1,47,16
acc95/semi70,mbpp/261,1,23,11
acc95/semi70,mbpp/262,1,32,14
acc95/semi70,mbpp/263,0,24,12
acc95/semi70,mbpp/264,0,50,30
acc95/semi70,mbpp/265,0,33,20
acc95/semi70,mbpp/266,0,30,13
acc95/semi70,mbpp/267,0,44,18
acc95/semi70,mbpp/268,0,35,20
acc95/semi70,mbpp/269,1,41,13
acc95/semi70,mbpp/270,1,19,8
acc95/semi70,mbpp/271,0,27,13
acc95/semi70,mbpp/272,1,50,21
acc95/semi70,mbpp/273,1,22,12
acc95/semi70,mbpp/274,0,49,16
acc95/semi70,mbpp/275,0,247,82
acc95/semi70,mbpp/276,1,45,25
acc95/semi70,mbpp/277,1,48,10
acc95/semi70,mbpp/278,0,60,31
acc95/semi70,mbpp/279,0,56,20
acc95/semi70,mbpp/280,0,146,55
acc95/semi70,mbpp/281,1,15,23
acc95/semi70,mbpp/282,1,58,31
acc95/semi70,mbpp/283,0,48,14
acc95/semi70,mbpp/284,0,46,11
acc95/semi70,mbpp/285,1,57,11
acc95/semi70,mbpp/286,0,45,11
acc95/semi70,mbpp/287,0,66,27
acc95/semi70,mbpp/288,0,76,23
acc95/semi70,mbpp/289,0,83,37
acc95/semi70,mbpp/290,0,44,16
acc95/semi70,mbpp/291,1,54,28
acc95/semi70,mbpp/292,0,62,42
acc95/semi70,mbpp/293,0,81,62
acc95/semi70,mbpp/294,0,54,32
acc95/semi70,mbpp/295,0,146,69
acc95/semi70,mbpp/296,0,58,26
acc95/semi70,mbpp/297,1,52,10
acc95/semi70,mbpp/298,1,27,14
acc95/semi70,mbpp/299,0,15,7
acc95/semi70,mbpp/300,0,93,56
acc95/semi70,mbpp/301,0,39,21
acc95/semi70,mbpp/302,0,36,14
acc95/semi70,mbpp/303,0,184,40
acc95/semi70,mbpp/304,0,61,27
acc95/semi70,mbpp/305,0,112,19
acc95/semi70,mbpp/306,0,110,22
acc95/semi70,mbpp/307,1,78,21
acc95/semi70,mbpp/308,0,33,15
acc95/semi70,mbpp/309,0,64,26
acc95/semi70,mbpp/310,0,52,49
acc95/semi70,mbpp/311,0,54,15
acc95/semi70,mbpp/312,0,78,41
acc95/semi70,mbpp/313,0,78,23
acc95/semi70,mbpp/314,0,111,37
acc95/semi70,mbpp/315,0,68,21
acc95/semi70,mbpp/316,0,44,22
acc95/semi70,mbpp/317,0,61,35
acc95/semi70,mbpp/318,1,38,12
acc95/semi70,mbpp/319,1,36,14
acc95/semi70,mbpp/320,1,51,18
acc95/semi70,mbpp/321,0,48,19
acc95/semi70,mbpp/322,1,21,11
acc95/semi70,mbpp/323,1,46,15
acc95/semi70,mbpp/324,0,41,17
acc95/semi70,mbpp/325,1,116,30
acc95/semi70,mbpp/326,0,50,27
acc95/semi70,mbpp/327,0,66,13
acc95/semi70,mbpp/328,0,97,71
acc95/semi70,mbpp/329,1,55,25
acc95/semi70,mbpp/330,1,16,4
acc95/semi70,mbpp/331,0,259,105
acc95/semi70,mbpp/332,0,59,17
acc95/semi70,mbpp/333,1,58,22
acc95/semi70,mbpp/334,1,44,21
acc95/semi70,mbpp/335,0,129,48
acc95/semi70,mbpp/336,0,45,35
acc95/semi70,mbpp/337,0,158,108
acc95/semi70,mbpp/338,0,41,18
acc95/semi70,mbpp/339,0,70,51
acc95/semi70,mbpp/340,1,79,17
acc95/semi70,mbpp/341,0,28,21
acc95/semi70,mbpp/342,0,35,11
acc95/semi70,mbpp/343,0,26,9
acc95/semi70,mbpp/344,0,196,65
acc95/semi70,mbpp/345,1,34,9
acc95/semi70,mbpp/346,1,29,15
acc95/semi70,mbpp/347,1,39,12
acc95/semi70,mbpp/348,0,80,26
acc95/semi70,mbpp/349,0,25,17
acc95/semi70,mbpp/350,1,20,20
acc95/semi70,mbpp/351,0,89,32
acc95/semi70,mbpp/352,1,45,27
acc95/semi70,mbpp/353,1,178,34
acc95/semi70,mbpp/354,1,50,20
acc95/semi70,mbpp/355,0,62,21
acc95/semi70,mbpp/356,0,132,23
acc95/semi70,mbpp/357,0,20,19
acc95/semi70,mbpp/358,1,29,14
acc95/semi70,mbpp/359,0,25,15
acc95/semi70,mbpp/360,0,74,24
acc95/semi70,mbpp/361,1,54,20
acc95/semi70,mbpp/362,1,28,7
acc95/semi70,mbpp/363,0,76,12
acc95/semi70,mbpp/364,0,21,7
acc95/semi70,mbpp/365,1,55,17
acc95/semi70,mbpp/366,0,33,20
acc95/semi70,mbpp/367,1,29,23
acc95/semi70,mbpp/368,1,41,16
acc95/semi70,mbpp/369,1,49,28
acc95/semi70,mbpp/370,1,27,15
acc95/semi70,mbpp/371,0,141,55
acc95/semi70,mbpp/372,1,48,32
acc95/semi70,mbpp/373,1,53,12
acc95/semi70,mbpp/374,0,75,9
acc95/semi70,mbpp/375,0,71,29
acc95/semi70,mbpp/376,0,43,37
acc95/semi70,mbpp/377,1,50,12
acc95/semi70,mbpp/378,0,88,29
acc95/semi70,mbpp/379,0,23,20
acc95/semi70,mbpp/380,0,100,40
acc95/semi70,mbpp/381,0,85,26
acc95/semi70,mbpp/382,0,22,12
acc95/semi70,mbpp/383,0,22,8
acc95/semi70,mbpp/384,1,65,8
acc95/semi70,mbpp/385,0,63,31
acc95/semi70,mbpp/386,0,37,14
acc95/semi70,mbpp/387,0,30,14
acc95/semi70,mbpp/388,1,31,9
acc95/semi70,mbpp/389,0,48,18
acc95/semi70,mbpp/390,0,59,21
acc95/semi70,mbpp/391,0,99,40
acc95/semi70,mbpp/392,1,188,56
acc95/semi70,mbpp/393,1,27,14
acc95/semi70,mbpp/394,1,30,15
acc95/semi70,mbpp/395,1,39,15
acc95/semi70,mbpp/396,0,135,36
acc95/semi70,mbpp/397,0,126,38
acc95/semi70,mbpp/398,0,36,14
acc95/semi70,mbpp/399,1,54,10
acc95/semi70,mbpp/400,0,60,32
acc95/semi70,mbpp/401,1,26,11
acc95/semi70,mbpp/402,0,27,10
acc95/semi70,mbpp/403,1,34,13
acc95/semi70,mbpp/404,0,47,27
acc95/semi70,mbpp/405,0,110,41
acc95/semi70,mbpp/406,0,77,37
acc95/semi70,mbpp/407,0,39,16
acc95/semi70,mbpp/408,0,41,13
acc95/semi70,mbpp/409,1,45,24
acc95/semi70,mbpp/410,0,24,13
acc95/semi70,mbpp/411,1,47,20
acc95/semi70,mbpp/412,0,230,72
acc95/semi70,mbpp/413,1,26,13
acc95/semi70,mbpp/414,1,41,12
acc95/semi70,mbpp/415,1,27,9
acc95/semi70,mbpp/416,1,71,27
acc95/semi70,mbpp/417,0,95,22
acc95/semi70,mbpp/418,1,36,14
acc95/semi70,mbpp/419,0,30,25
acc95/semi70,mbpp/420,0,35,9
acc95/semi70,mbpp/421,1,36,11
acc95/semi70,mbpp/422,0,53,16
acc95/semi70,mbpp/423,0,44,18
acc95/semi70,mbpp/424,1,18,13
acc95/semi70,mbpp/425,0,40,23
acc95/semi70,mbpp/426,0,33,20
acc95/semi70,mbpp/427,0,48,13
acc95/semi70,mbpp/428,1,35,14
acc95/semi70,mbpp/429,1,62,35
acc95/semi70,mbpp/430,1,27,13
acc95/semi70,mbpp/431,1,54,20
acc95/semi70,mbpp/432,0,35,18
acc95/semi70,mbpp/433,0,32,15
acc95/semi70,mbpp/434,0,53,18
acc95/semi70,mbpp/435,1,43,17
acc95/semi70,mbpp/436,0,26,10
acc95/semi70,mbpp/437,0,112,35
acc95/semi70,mbpp/438,0,125,38
acc95/semi70,mbpp/439,0,28,14
acc95/semi70,mbpp/440,0,28,11
acc95/semi70,mbpp/441,0,36,13
acc95/semi70,mbpp/442,1,58,18
acc95/semi70,mbpp/443,0,52,23
acc95/semi70,mbpp/444,1,50,15
acc95/semi70,mbpp/445,1,24,10
acc95/semi70,mbpp/446,1,56,18
acc95/semi70,mbpp/447,1,17,9
acc95/semi70,mbpp/448,0,26,19
acc95/semi70,mbpp/449,0,20,12
acc95/semi70,mbpp/450,0,37,11
acc95/semi70,mbpp/451,0,52,27
acc95/semi70,mbpp/452,1,120,13
acc95/semi70,mbpp/453,1,23,15
acc95/semi70,mbpp/454,0,35,17
acc95/semi70,mbpp/455,1,95,25
acc95/semi70,mbpp/456,0,64,21
acc95/semi70,mbpp/457,0,131,53
acc95/semi70,mbpp/458,0,262,105
acc95/semi70,mbpp/459,0,32,13
acc95/semi70,mbpp/460,1,46,15
acc95/semi70,mbpp/461,0,54,26
acc95/semi70,mbpp/462,0,56,30
acc95/semi70,mbpp/463,1,45,19
acc95/semi70,mbpp/464,1,26,11
acc95/semi70,mbpp/465,1,18,10
acc95/semi70,mbpp/466,1,14,9
acc95/semi70,mbpp/467,1,34,21
acc95/semi70,mbpp/468,0,40,23
acc95/semi70,mbpp/469,0,102,37
acc95/semi70,mbpp/470,0,149,35
acc95/semi70,mbpp/471,0,46,13
acc95/semi70,mbpp/472,0,67,25
acc95/semi70,mbpp/473,1,59,27
acc95/semi70,mbpp/474,1,60,25
acc95/semi70,mbpp/475,0,71,28
acc95/semi70,mbpp/476,1,24,10
acc95/semi70,mbpp/477,1,51,26
acc95/semi70,mbpp/478,0,50,16
acc95/semi70,mbpp/479,0,50,25
acc95/semi70,mbpp/480,0,48,16
acc95/semi70,mbpp/481,1,88,14
acc95/semi70,mbpp/482,0,158,77
acc95/semi70,mbpp/483,0,32,13
acc95/semi70,mbpp/484,1,24,22
acc95/semi70,mbpp/485,0,64,29
acc95/semi70,mbpp/486,0,67,37
acc95/semi70,mbpp/487,1,29,10
acc95/semi70,mbpp/488,1,16,11
acc95/semi70,mbpp/489,0,15,12
acc95/semi70,mbpp/490,0,31,12
acc95/semi70,mbpp/491,1,15,22
acc95/semi70,mbpp/492,0,39,27
acc95/semi70,mbpp/493,1,42,24
acc95/semi70,mbpp/494,0,49,23
acc95/semi70,mbpp/495,1,64,25
acc95/semi70,mbpp/496,1,31,10
acc95/semi70,mbpp/497,0,72,25
acc95/semi70,mbpp/498,1,69,24
acc95/semi70,mbpp/499,0,115,36
acc95/semi90,humaneval_plus/0,1,62,14
acc95/semi90,humaneval_plus/1,0,102,67
acc95/semi90,humaneval_plus/2,0,112,44
acc95/semi90,humaneval_plus/3,1,73,20
acc95/semi90,humaneval_plus/4,1,43,29
acc95/semi90,humaneval_plus/5,1,69,32
acc95/semi90,humaneval_plus/6,1,33,9
acc95/semi90,humaneval_plus/7,1,67,9
acc95/semi90,humaneval_plus/8,1,176,42
acc95/semi90,humaneval_plus/9,1,94,22
acc95/semi90,humaneval_plus/10,0,98,17
acc95/semi90,humaneval_plus/11,0,73,22
acc95/semi90,humaneval_plus/12,0,147,88
acc95/semi90,humaneval_plus/13,1,36,14
acc95/semi90,humaneval_plus/14,0,126,49
acc95/semi90,humaneval_plus/15,0,81,28
acc95/semi90,humaneval_plus/16,1,63,17
acc95/semi90,humaneval_plus/17,0,74,21
acc95/semi90,humaneval_plus/18,1,67,10
acc95/semi90,humaneval_plus/19,1,90,33
acc95/semi90,humaneval_plus/20,0,86,58
acc95/semi90,humaneval_plus/21,1,80,25
acc95/semi90,humaneval_plus/22,1,67,23
acc95/semi90,humaneval_plus/23,0,154,38
acc95/semi90,humaneval_plus/24,1,55,18
acc95/semi90,humaneval_plus/25,1,47,42
acc95/semi90,humaneval_plus/26,1,33,11
acc95/semi90,humaneval_plus/27,0,24,17
acc95/semi90,humaneval_plus/28,0,70,28
acc95/semi90,humaneval_plus/29,0,160,55
acc95/semi90,humaneval_plus/30,1,109,39
acc95/semi90,humaneval_plus/31,0,101,43
acc95/semi90,humaneval_plus/32,0,183,38
acc95/semi90,humaneval_plus/33,1,74,19
acc95/semi90,humaneval_plus/34,0,315,146
acc95/semi90,humaneval_plus/35,1,22,4
acc95/semi90,humaneval_plus/36,0,124,46
acc95/semi90,humaneval_plus/37,0,61,13
acc95/semi90,humaneval_plus/38,0,67,34
acc95/semi90,humaneval_plus/39,1,22,13
acc95/semi90,humaneval_plus/40,0,83,55
acc95/semi90,humaneval_plus/41,0,41,7
acc95/semi90,humaneval_plus/42,0,71,16
acc95/semi90,humaneval_plus/43,0,107,48
acc95/semi90,humaneval_plus/44,1,440,289
acc95/semi90,humaneval_plus/45,1,74,22
acc95/semi90,humaneval_plus/46,1,22,11
acc95/semi90,humaneval_plus/47,0,62,33
acc95/semi90,humaneval_plus/48,0,119,34
acc95/semi90,humaneval_plus/49,1,74,9
acc95/semi90,humaneval_plus/50,1,119,11
acc95/semi90,humaneval_plus/51,0,136,50
acc95/semi90,humaneval_plus/52,0,104,44
acc95/semi90,humaneval_plus/53,1,80,17
acc95/semi90,humaneval_plus/54,0,94,16
acc95/semi90,humaneval_plus/55,1,162,49
acc95/semi90,humaneval_plus/56,1,76,28
acc95/semi90,humaneval_plus/57,1,20,6
acc95/semi90,humaneval_plus/58,1,95,10
acc95/semi90,humaneval_plus/59,1,48,9
acc95/semi90,humaneval_plus/60,0,42,16
acc95/semi90,humaneval_plus/61,0,90,16
acc95/semi90,humaneval_plus/62,0,49,36
acc95/semi90,humaneval_plus/63,0,70,9
acc95/semi90,humaneval_plus/64,1,147,21
acc95/semi90,humaneval_plus/65,1,65,26
acc95/semi90,humaneval_plus/66,1,70,21
acc95/semi90,humaneval_plus/67,0,37,13
acc95/semi90,humaneval_plus/68,1,27,17
acc95/semi90,humaneval_plus/69,0,99,19
acc95/semi90,humaneval_plus/70,0,81,22
acc95/semi90,humaneval_plus/71,1,30,9
acc95/semi90,humaneval_plus/72,0,68,22
acc95/semi90,humaneval_plus/73,1,65,9
acc95/semi90,humaneval_plus/74,1,70,17
acc95/semi90,humaneval_plus/75,0,149,48
acc95/semi90,humaneval_plus/76,1,24,6
acc95/semi90,humaneval_plus/77,1,76,18
acc95/semi90,humaneval_plus/78,0,81,31
acc95/semi90,humaneval_plus/79,0,17,4
acc95/semi90,humaneval_plus/80,0,9,4
acc95/semi90,humaneval_plus/81,1,37,6
acc95/semi90,humaneval_plus/82,1,126,24
acc95/semi90,humaneval_plus/83,0,39,6
acc95/semi90,humaneval_plus/84,0,41,13
acc95/semi90,humaneval_plus/85,1,9,3
acc95/semi90,humaneval_plus/86,1,16,4
acc95/semi90,humaneval_plus/87,1,35,4
acc95/semi90,humaneval_plus/88,1,17,5
acc95/semi90,humaneval_plus/89,1,78,6
acc95/semi90,humaneval_plus/90,0,203,131
acc95/semi90,humaneval_plus/91,0,119,44
acc95/semi90,humaneval_plus/92,1,10,5
acc95/semi90,humaneval_plus/93,1,53,17
acc95/semi90,humaneval_plus/94,1,59,11
acc95/semi90,humaneval_plus/95,0,101,41
acc95/semi90,humaneval_plus/96,1,104,8
acc95/semi90,humaneval_plus/97,0,172,28
acc95/semi90,humaneval_plus/98,1,50,14
acc95/semi90,humaneval_plus/99,1,75,10
acc95/semi90,humaneval_plus/100,1,27,17
acc95/semi90,humaneval_plus/101,1,15,5
acc95/semi90,humaneval_plus/102,1,45,5
acc95/semi90,humaneval_plus/103,1,47,15
acc95/semi90,humaneval_plus/104,0,13,9
acc95/semi90,humaneval_plus/105,0,120,28
acc95/semi90,humaneval_plus/106,0,72,25
acc95/semi90,humaneval_plus/107,0,28,10
acc95/semi90,humaneval_plus/108,0,88,19
acc95/semi90,humaneval_plus/109,1,50,15
acc95/semi90,humaneval_plus/110,1,36,3
acc95/semi90,humaneval_plus/111,1,28,8
acc95/semi90,humaneval_plus/112,1,14,6
acc95/semi90,humaneval_plus/113,1,9,3
acc95/semi90,humaneval_plus/114,0,17,14
acc95/semi90,humaneval_plus/115,1,83,14
acc95/semi90,humaneval_plus/116,0,52,7
acc95/semi90,humaneval_plus/117,1,70,10
acc95/semi90,humaneval_plus/118,1,16,6
acc95/semi90,humaneval_plus/119,0,107,47
acc95/semi90,humaneval_plus/120,0,81,18
acc95/semi90,humaneval_plus/121,1,17,5
acc95/semi90,humaneval_plus/122,0,52,10
acc95/semi90,humaneval_plus/123,1,44,10
acc95/semi90,humaneval_plus/124,0,105,26
acc95/semi90,humaneval_plus/125,0,137,62
acc95/semi90,humaneval_plus/126,0,67,28
acc95/semi90,humaneval_plus/127,1,18,7
acc95/semi90,humaneval_plus/128,0,98,34
acc95/semi90,humaneval_plus/129,0,76,17
acc95/semi90,humaneval_plus/130,1,105,36
acc95/semi90,humaneval_plus/131,1,16,4
acc95/semi90,humaneval_plus/132,1,98,30
acc95/semi90,humaneval_plus/133,0,85,20
acc95/semi90,humaneval_plus/134,1,64,26
acc95/semi90,humaneval_plus/135,1,49,11
acc95/semi90,humaneval_plus/136,0,46,10
acc95/semi90,humaneval_plus/137,0,189,31
acc95/semi90,humaneval_plus/138,0,55,20
acc95/semi90,humaneval_plus/139,0,37,22
acc95/semi90,humaneval_plus/140,0,86,25
acc95/semi90,humaneval_plus/141,0,35,20
acc95/semi90,humaneval_plus/142,0,38,7
acc95/semi90,humaneval_plus/143,0,49,9
acc95/semi90,humaneval_plus/144,0,227,14
acc95/semi90,humaneval_plus/145,1,84,9
acc95/semi90,humaneval_plus/146,0,178,58
acc95/semi90,humaneval_plus/147,1,46,19
acc95/semi90,humaneval_plus/148,1,44,8
acc95/semi90,humaneval_plus/149,0,82,53
acc95/semi90,humaneval_plus/150,0,78,22
acc95/semi90,humaneval_plus/151,1,87,35
acc95/semi90,humaneval_plus/152,0,92,21
acc95/semi90,humaneval_plus/153,0,63,15
acc95/semi90,humaneval_plus/154,0,45,14
acc95/semi90,humaneval_plus/155,1,98,44
acc95/semi90,humaneval_plus/156,0,53,17
acc95/semi90,humaneval_plus/157,0,178,62
acc95/semi90,humaneval_plus/158,0,130,15
acc95/semi90,humaneval_plus/159,1,68,17
acc95/semi90,humaneval_plus/160,0,137,18
acc95/semi90,humaneval_plus/161,1,39,6
acc95/semi90,humaneval_plus/162,0,48,10
acc95/semi90,humaneval_plus/163,0,61,22
acc95/semi90,mbpp/0,0,66,37
acc95/semi90,mbpp/1,1,17,22
acc95/semi90,mbpp/2,0,59,25
acc95/semi90,mbpp/3,1,34,16
acc95/semi90,mbpp/4,0,64,21
acc95/semi90,mbpp/5,0,55,28
acc95/semi90,mbpp/6,1,17,12
acc95/semi90,mbpp/7,1,31,17
acc95/semi90,mbpp/8,1,19,13
acc95/semi90,mbpp/9,0,60,29
acc95/semi90,mbpp/10,1,39,15
acc95/semi90,mbpp/11,1,41,6
acc95/semi90,mbpp/12,1,40,20
acc95/semi90,mbpp/13,1,69,30
acc95/semi90,mbpp/14,1,69,17
acc95/semi90,mbpp/15,0,33,13
acc95/semi90,mbpp/16,0,28,21
acc95/semi90,mbpp/17,0,82,33
acc95/semi90,mbpp/18,1,41,19
acc95/semi90,mbpp/19,1,64,16
acc95/semi90,mbpp/20,0,126,49
acc95/semi90,mbpp/21,1,50,20
acc95/semi90,mbpp/22,1,63,25
acc95/semi90,mbpp/23,0,82,26
acc95/semi90,mbpp/24,0,16,7
acc95/semi90,mbpp/25,0,252,143
acc95/semi90,mbpp/26,1,70,24
acc95/semi90,mbpp/27,0,86,34
acc95/semi90,mbpp/28,0,266,112
acc95/semi90,mbpp/29,1,38,15
acc95/semi90,mbpp/30,1,27,10
acc95/semi90,mbpp/31,0,88,64
acc95/semi90,mbpp/32,0,50,20
acc95/semi90,mbpp/33,0,44,19
acc95/semi90,mbpp/34,1,47,12
acc95/semi90,mbpp/35,1,20,8
acc95/semi90,mbpp/36,0,292,66
acc95/semi90,mbpp/37,0,57,38
acc95/semi90,mbpp/38,1,24,13
acc95/semi90,mbpp/39,0,31,14
acc95/semi90,mbpp/40,1,33,14
acc95/semi90,mbpp/41,1,24,5
acc95/semi90,mbpp/42,0,41,17
acc95/semi90,mbpp/43,0,120,28
acc95/semi90,mbpp/44,0,29,15
acc95/semi90,mbpp/45,1,38,27
acc95/semi90,mbpp/46,0,26,35
acc95/semi90,mbpp/47,1,35,15
acc95/semi90,mbpp/48,0,34,17
acc95/semi90,mbpp/49,0,135,54
acc95/semi90,mbpp/50,1,71,17
acc95/semi90,mbpp/51,1,37,12
acc95/semi90,mbpp/52,0,44,24
acc95/semi90,mbpp/53,0,25,9
acc95/semi90,mbpp/54,1,49,9
acc95/semi90,mbpp/55,1,38,9
acc95/semi90,mbpp/56,0,175,46
acc95/semi90,mbpp/57,0,86,25
acc95/semi90,mbpp/58,0,64,16
acc95/semi90,mbpp/59,1,71,34
acc95/semi90,mbpp/60,0,155,50
acc95/semi90,mbpp/61,1,39,17
acc95/semi90,mbpp/62,0,23,21
acc95/semi90,mbpp/63,0,40,26
acc95/semi90,mbpp/64,0,40,14
acc95/semi90,mbpp/65,0,57,32
acc95/semi90,mbpp/66,0,92,28
acc95/semi90,mbpp/67,1,59,12
acc95/semi90,mbpp/68,1,31,9
acc95/semi90,mbpp/69,1,33,8
acc95/semi90,mbpp/70,0,43,21
acc95/semi90,mbpp/71,1,34,20
acc95/semi90,mbpp/72,0,34,23
acc95/semi90,mbpp/73,0,101,23
acc95/semi90,mbpp/74,0,36,25
acc95/semi90,mbpp/75,1,27,11
acc95/semi90,mbpp/76,0,33,8
acc95/semi90,mbpp/77,0,44,18
acc95/semi90,mbpp/78,1,28,13
acc95/semi90,mbpp/79,1,39,16
acc95/semi90,mbpp/80,1,32,9
acc95/semi90,mbpp/81,1,60,22
acc95/semi90,mbpp/82,1,32,11
acc95/semi90,mbpp/83,0,32,21
acc95/semi90,mbpp/84,0,46,15
acc95/semi90,mbpp/85,1,46,14
acc95/semi90,mbpp/86,1,46,11
acc95/semi90,mbpp/87,1,33,18
acc95/semi90,mbpp/88,0,62,13
acc95/semi90,mbpp/89,1,61,13
acc95/semi90,mbpp/90,0,25,11
acc95/semi90,mbpp/91,1,51,13
acc95/semi90,mbpp/92,0,80,30
acc95/semi90,mbpp/93,0,27,15
acc95/semi90,mbpp/94,0,32,17
acc95/semi90,mbpp/95,0,20,15
acc95/semi90,mbpp/96,0,89,56
acc95/semi90,mbpp/97,0,116,35
acc95/semi90,mbpp/98,0,63,28
acc95/semi90,mbpp/99,0,81,37
acc95/semi90,mbpp/100,0,57,16
acc95/semi90,mbpp/101,0,28,18
acc95/semi90,mbpp/102,1,28,13
acc95/semi90,mbpp/103,0,76,28
acc95/semi90,mbpp/104,1,22,13
acc95/semi90,mbpp/105,1,37,12
acc95/semi90,mbpp/106,1,62,26
acc95/semi90,mbpp/107,1,15,6
acc95/semi90,mbpp/108,1,76,30
acc95/semi90,mbpp/109,1,64,35
acc95/semi90,mbpp/110,0,81,17
acc95/semi90,mbpp/111,0,150,64
acc95/semi90,mbpp/112,0,164,37
acc95/semi90,mbpp/113,0,23,14
acc95/semi90,mbpp/114,0,74,16
acc95/semi90,mbpp/115,0,75,34
acc95/semi90,mbpp/116,0,53,33
acc95/semi90,mbpp/117,1,32,10
acc95/semi90,mbpp/118,1,156,40
acc95/semi90,mbpp/119,0,70,39
acc95/semi90,mbpp/120,0,117,30
acc95/semi90,mbpp/121,1,17,11
acc95/semi90,mbpp/122,1,26,11
acc95/semi90,mbpp/123,0,57,28
acc95/semi90,mbpp/124,1,21,6
acc95/semi90,mbpp/125,0,121,32
acc95/semi90,mbpp/126,0,41,28
acc95/semi90,mbpp/127,0,80,37
acc95/semi90,mbpp/128,0,25,14
acc95/semi90,mbpp/129,0,47,24
acc95/semi90,mbpp/130,0,139,56
acc95/semi90,mbpp/131,1,63,19
acc95/semi90,mbpp/132,0,39,7
acc95/semi90,mbpp/133,1,52,17
acc95/semi90,mbpp/134,1,66,28
acc95/semi90,mbpp/135,0,32,18
acc95/semi90,mbpp/136,0,75,18
acc95/semi90,mbpp/137,0,105,52
acc95/semi90,mbpp/138,1,86,15
acc95/semi90,mbpp/139,0,69,38
acc95/semi90,mbpp/140,0,50,17
acc95/semi90,mbpp/141,1,127,16
acc95/semi90,mbpp/142,0,50,17
acc95/semi90,mbpp/143,1,31,13
acc95/semi90,mbpp/144,0,51,36
acc95/semi90,mbpp/145,1,28,17
acc95/semi90,mbpp/146,1,89,16
acc95/semi90,mbpp/147,0,70,45
acc95/semi90,mbpp/148,0,83,24
acc95/semi90,mbpp/149,0,62,19
acc95/semi90,mbpp/150,1,29,7
acc95/semi90,mbpp/151,1,54,16
acc95/semi90,mbpp/152,0,45,25
acc95/semi90,mbpp/153,0,111,32
acc95/semi90,mbpp/154,0,60,23
acc95/semi90,mbpp/155,1,64,13
acc95/semi90,mbpp/156,1,47,11
acc95/semi90,mbpp/157,1,38,10
acc95/semi90,mbpp/158,1,86,13
acc95/semi90,mbpp/159,1,24,11
acc95/semi90,mbpp/160,1,18,14
acc95/semi90,mbpp/161,1,51,11
acc95/semi90,mbpp/162,1,30,13
acc95/semi90,mbpp/163,1,51,11
acc95/semi90,mbpp/164,1,84,29
acc95/semi90,mbpp/165,1,21,7
acc95/semi90,mbpp/166,0,79,41
acc95/semi90,mbpp/167,1,36,17
acc95/semi90,mbpp/168,0,74,44
acc95/semi90,mbpp/169,0,152,36
acc95/semi90,mbpp/170,1,82,29
acc95/semi90,mbpp/171,1,75,25
acc95/semi90,mbpp/172,0,98,39
acc95/semi90,mbpp/173,0,43,20
acc95/semi90,mbpp/174,0,55,22
acc95/semi90,mbpp/175,0,41,25
acc95/semi90,mbpp/176,1,134,19
acc95/semi90,mbpp/177,0,79,30
acc95/semi90,mbpp/178,1,196,54
acc95/semi90,mbpp/179,0,70,35
acc95/semi90,mbpp/180,0,74,42
acc95/semi90,mbpp/181,0,42,25
acc95/semi90,mbpp/182,0,37,13
acc95/semi90,mbpp/183,1,72,34
acc95/semi90,mbpp/184,0,104,21
acc95/semi90,mbpp/185,0,34,11
acc95/semi90,mbpp/186,1,37,18
acc95/semi90,mbpp/187,0,214,105
acc95/semi90,mbpp/188,1,50,16
acc95/semi90,mbpp/189,1,47,15
acc95/semi90,mbpp/190,0,20,14
acc95/semi90,mbpp/191,0,33,16
acc95/semi90,mbpp/192,1,48,22
acc95/semi90,mbpp/193,1,37,16
acc95/semi90,mbpp/194,1,32,15
acc95/semi90,mbpp/195,1,44,15
acc95/semi90,mbpp/196,0,135,17
acc95/semi90,mbpp/197,1,39,17
acc95/semi90,mbpp/198,0,36,13
acc95/semi90,mbpp/199,0,35,20
acc95/semi90,mbpp/200,0,58,32
acc95/semi90,mbpp/201,1,43,22
acc95/semi90,mbpp/202,0,37,14
acc95/semi90,mbpp/203,0,31,14
acc95/semi90,mbpp/204,1,54,13
acc95/semi90,mbpp/205,0,73,32
acc95/semi90,mbpp/206,0,56,18
acc95/semi90,mbpp/207,0,80,36
acc95/semi90,mbpp/208,0,42,46
acc95/semi90,mbpp/209,1,43,18
acc95/semi90,mbpp/210,1,33,6
acc95/semi90,mbpp/211,0,20,19
acc95/semi90,mbpp/212,1,58,19
acc95/semi90,mbpp/213,1,41,15
acc95/semi90,mbpp/214,0,106,33
acc95/semi90,mbpp/215,0,35,21
acc95/semi90,mbpp/216,1,45,20
acc95/semi90,mbpp/217,1,59,31
acc95/semi90,mbpp/218,0,96,27
acc95/semi90,mbpp/219,0,20,19
acc95/semi90,mbpp/220,1,138,43
acc95/semi90,mbpp/221,1,25,10
acc95/semi90,mbpp/222,0,41,21
acc95/semi90,mbpp/223,1,16,15
acc95/semi90,mbpp/224,0,56,39
acc95/semi90,mbpp/225,0,106,64
acc95/semi90,mbpp/226,0,55,25
acc95/semi90,mbpp/227,1,31,12
acc95/semi90,mbpp/228,0,136,48
acc95/semi90,mbpp/229,0,28,10
acc95/semi90,mbpp/230,0,38,14
acc95/semi90,mbpp/231,1,15,13
acc95/semi90,mbpp/232,0,60,29
acc95/semi90,mbpp/233,1,32,16
acc95/semi90,mbpp/234,0,218,60
acc95/semi90,mbpp/235,0,84,37
acc95/semi90,mbpp/236,0,130,36
acc95/semi90,mbpp/237,1,37,11
acc95/semi90,mbpp/238,0,32,29
acc95/semi90,mbpp/239,1,42,14
acc95/semi90,mbpp/240,0,22,24
acc95/semi90,mbpp/241,0,32,16
acc95/semi90,mbpp/242,0,38,9
acc95/semi90,mbpp/243,0,36,33
acc95/semi90,mbpp/244,1,43,16
acc95/semi90,mbpp/245,1,94,13
acc95/semi90,mbpp/246,0,31,18
acc95/semi90,mbpp/247,1,27,10
acc95/semi90,mbpp/248,0,82,31
acc95/semi90,mbpp/249,0,181,47
acc95/semi90,mbpp/250,1,38,10
acc95/semi90,mbpp/251,0,27,14
acc95/semi90,mbpp/252,1,33,13
acc95/semi90,mbpp/253,0,46,27
acc95/semi90,mbpp/254,0,47,24
acc95/semi90,mbpp/255,1,20,14
acc95/semi90,mbpp/256,0,46,26
acc95/semi90,mbpp/257,0,39,29
acc95/semi90,mbpp/258,1,14,7
acc95/semi90,mbpp/259,1,57,12
acc95/semi90,mbpp/260,1,47,17
acc95/semi90,mbpp/261,1,23,11
acc95/semi90,mbpp/262,1,32,14
acc95/semi90,mbpp/263,0,25,12
acc95/semi90,mbpp/264,0,55,30
acc95/semi90,mbpp/265,0,33,20
acc95/semi90,mbpp/266,0,30,13
acc95/semi90,mbpp/267,0,44,19
acc95/semi90,mbpp/268,0,35,20
acc95/semi90,mbpp/269,1,41,13
acc95/semi90,mbpp/270,1,19,8
acc95/semi90,mbpp/271,0,27,13
acc95/semi90,mbpp/272,1,40,16
acc95/semi90,mbpp/273,1,22,12
acc95/semi90,mbpp/274,0,50,16
acc95/semi90,mbpp/275,0,267,114
acc95/semi90,mbpp/276,1,45,25
acc95/semi90,mbpp/277,0,52,11
acc95/semi90,mbpp/278,0,60,31
acc95/semi90,mbpp/279,1,57,20
acc95/semi90,mbpp/280,0,146,59
acc95/semi90,mbpp/281,1,15,23
acc95/semi90,mbpp/282,1,58,31
acc95/semi90,mbpp/283,1,54,13
acc95/semi90,mbpp/284,0,46,11
acc95/semi90,mbpp/285,1,57,11
acc95/semi90,mbpp/286,0,45,11
acc95/semi90,mbpp/287,0,63,20
acc95/semi90,mbpp/288,0,68,34
acc95/semi90,mbpp/289,0,83,38
acc95/semi90,mbpp/290,0,44,17
acc95/semi90,mbpp/291,1,54,28
acc95/semi90,mbpp/292,0,59,39
acc95/semi90,mbpp/293,0,108,68
acc95/semi90,mbpp/294,0,54,34
acc95/semi90,mbpp/295,0,157,98
acc95/semi90,mbpp/296,0,58,27
acc95/semi90,mbpp/297,1,52,11
acc95/semi90,mbpp/298,1,27,14
acc95/semi90,mbpp/299,0,15,7
acc95/semi90,mbpp/300,0,149,77
acc95/semi90,mbpp/301,0,43,21
acc95/semi90,mbpp/302,0,36,14
acc95/semi90,mbpp/303,0,182,42
acc95/semi90,mbpp/304,0,75,30
acc95/semi90,mbpp/305,0,106,14
acc95/semi90,mbpp/306,1,109,21
acc95/semi90,mbpp/307,0,76,25
acc95/semi90,mbpp/308,0,33,16
acc95/semi90,mbpp/309,1,62,21
acc95/semi90,mbpp/310,0,74,42
acc95/semi90,mbpp/311,1,53,17
acc95/semi90,mbpp/312,0,112,39
acc95/semi90,mbpp/313,0,78,24
acc95/semi90,mbpp/314,0,108,42
acc95/semi90,mbpp/315,0,68,24
acc95/semi90,mbpp/316,0,43,19
acc95/semi90,mbpp/317,0,75,55
acc95/semi90,mbpp/318,1,38,12
acc95/semi90,mbpp/319,1,36,14
acc95/semi90,mbpp/320,1,51,18
acc95/semi90,mbpp/321,0,48,19
acc95/semi90,mbpp/322,1,21,11
acc95/semi90,mbpp/323,1,49,18
acc95/semi90,mbpp/324,0,40,16
acc95/semi90,mbpp/325,1,116,30
acc95/semi90,mbpp/326,0,46,22
acc95/semi90,mbpp/327,1,63,11
acc95/semi90,mbpp/328,0,103,40
acc95/semi90,mbpp/329,1,60,21
acc95/semi90,mbpp/330,1,16,4
acc95/semi90,mbpp/331,0,242,95
acc95/semi90,mbpp/332,0,59,17
acc95/semi90,mbpp/333,0,95,65
acc95/semi90,mbpp/334,1,51,17
acc95/semi90,mbpp/335,0,179,68
acc95/semi90,mbpp/336,0,57,32
acc95/semi90,mbpp/337,0,159,90
acc95/semi90,mbpp/338,1,45,26
acc95/semi90,mbpp/339,0,70,54
acc95/semi90,mbpp/340,1,79,18
acc95/semi90,mbpp/341,0,28,23
acc95/semi90,mbpp/342,0,35,11
acc95/semi90,mbpp/343,0,26,9
acc95/semi90,mbpp/344,0,113,43
acc95/semi90,mbpp/345,1,34,9
acc95/semi90,mbpp/346,1,29,15
acc95/semi90,mbpp/347,1,39,12
acc95/semi90,mbpp/348,0,104,40
acc95/semi90,mbpp/349,0,25,17
acc95/semi90,mbpp/350,1,20,20
acc95/semi90,mbpp/351,0,89,32
acc95/semi90,mbpp/352,0,46,28
acc95/semi90,mbpp/353,1,132,33
acc95/semi90,mbpp/354,1,53,25
acc95/semi90,mbpp/355,0,62,21
acc95/semi90,mbpp/356,0,132,24
acc95/semi90,mbpp/357,0,20,19
acc95/semi90,mbpp/358,1,29,14
acc95/semi90,mbpp/359,0,25,15
acc95/semi90,mbpp/360,0,74,24
acc95/semi90,mbpp/361,1,54,21
acc95/semi90,mbpp/362,1,28,7
acc95/semi90,mbpp/363,0,76,11
acc95/semi90,mbpp/364,0,21,7
acc95/semi90,mbpp/365,0,59,18
acc95/semi90,mbpp/366,0,32,20
acc95/semi90,mbpp/367,1,29,27
acc95/semi90,mbpp/368,1,41,17
acc95/semi90,mbpp/369,1,49,28
acc95/semi90,mbpp/370,1,27,13
acc95/semi90,mbpp/371,0,142,55
acc95/semi90,mbpp/372,0,51,33
acc95/semi90,mbpp/373,1,53,13
acc95/semi90,mbpp/374,0,75,11
acc95/semi90,mbpp/375,0,71,32
acc95/semi90,mbpp/376,0,101,55
acc95/semi90,mbpp/377,1,50,12
acc95/semi90,mbpp/378,0,87,24
acc95/semi90,mbpp/379,0,23,20
acc95/semi90,mbpp/380,0,100,46
acc95/semi90,mbpp/381,0,81,19
acc95/semi90,mbpp/382,0,22,12
acc95/semi90,mbpp/383,0,22,8
acc95/semi90,mbpp/384,1,65,8
acc95/semi90,mbpp/385,0,63,31
acc95/semi90,mbpp/386,1,56,24
acc95/semi90,mbpp/387,0,30,15
acc95/semi90,mbpp/388,1,31,9
acc95/semi90,mbpp/389,0,48,18
acc95/semi90,mbpp/390,0,52,23
acc95/semi90,mbpp/391,0,116,45
acc95/semi90,mbpp/392,1,183,63
acc95/semi90,mbpp/393,1,27,14
acc95/semi90,mbpp/394,1,30,15
acc95/semi90,mbpp/395,1,39,15
acc95/semi90,mbpp/396,0,129,44
acc95/semi90,mbpp/397,1,129,38
acc95/semi90,mbpp/398,1,37,15
acc95/semi90,mbpp/399,1,54,13
acc95/semi90,mbpp/400,0,57,25
acc95/semi90,mbpp/401,1,26,11
acc95/semi90,mbpp/402,0,27,10
acc95/semi90,mbpp/403,1,34,13
acc95/semi90,mbpp/404,0,61,28
acc95/semi90,mbpp/405,0,110,41
acc95/semi90,mbpp/406,0,78,39
acc95/semi90,mbpp/407,1,50,19
acc95/semi90,mbpp/408,0,41,13
acc95/semi90,mbpp/409,1,45,24
acc95/semi90,mbpp/410,0,24,14
acc95/semi90,mbpp/411,1,53,25
acc95/semi90,mbpp/412,0,255,69
acc95/semi90,mbpp/413,1,26,13
acc95/semi90,mbpp/414,1,41,12
acc95/semi90,mbpp/415,1,27,9
acc95/semi90,mbpp/416,1,71,29
acc95/semi90,mbpp/417,1,97,17
acc95/semi90,mbpp/418,1,36,14
acc95/semi90,mbpp/419,0,30,25
acc95/semi90,mbpp/420,0,35,9
acc95/semi90,mbpp/421,1,36,11
acc95/semi90,mbpp/422,0,53,16
acc95/semi90,mbpp/423,0,44,18
acc95/semi90,mbpp/424,1,18,13
acc95/semi90,mbpp/425,0,40,23
acc95/semi90,mbpp/426,0,33,20
acc95/semi90,mbpp/427,0,48,21
acc95/semi90,mbpp/428,1,35,14
acc95/semi90,mbpp/429,1,62,37
acc95/semi90,mbpp/430,1,27,13
acc95/semi90,mbpp/431,1,54,21
acc95/semi90,mbpp/432,0,35,19
acc95/semi90,mbpp/433,0,32,15
acc95/semi90,mbpp/434,1,51,19
acc95/semi90,mbpp/435,1,43,17
acc95/semi90,mbpp/436,0,24,12
acc95/semi90,mbpp/437,0,109,39
acc95/semi90,mbpp/438,0,123,45
acc95/semi90,mbpp/439,0,28,14
acc95/semi90,mbpp/440,1,29,12
acc95/semi90,mbpp/441,0,36,13
acc95/semi90,mbpp/442,1,55,22
acc95/semi90,mbpp/443,0,54,29
acc95/semi90,mbpp/444,1,50,15
acc95/semi90,mbpp/445,1,24,10
acc95/semi90,mbpp/446,1,56,20
acc95/semi90,mbpp/447,1,17,9
acc95/semi90,mbpp/448,0,26,19
acc95/semi90,mbpp/449,0,20,12
acc95/semi90,mbpp/450,0,37,11
acc95/semi90,mbpp/451,0,50,24
acc95/semi90,mbpp/452,1,120,13
acc95/semi90,mbpp/453,1,23,15
acc95/semi90,mbpp/454,1,37,17
acc95/semi90,mbpp/455,1,95,28
acc95/semi90,mbpp/456,0,67,27
acc95/semi90,mbpp/457,0,104,49
acc95/semi90,mbpp/458,0,277,99
acc95/semi90,mbpp/459,0,32,13
acc95/semi90,mbpp/460,1,46,17
acc95/semi90,mbpp/461,0,32,39
acc95/semi90,mbpp/462,0,44,24
acc95/semi90,mbpp/463,1,45,20
acc95/semi90,mbpp/464,1,26,11
acc95/semi90,mbpp/465,1,18,10
acc95/semi90,mbpp/466,1,14,9
acc95/semi90,mbpp/467,1,34,21
acc95/semi90,mbpp/468,0,40,21
acc95/semi90,mbpp/469,0,99,28
acc95/semi90,mbpp/470,0,91,28
acc95/semi90,mbpp/471,0,46,15
acc95/semi90,mbpp/472,0,67,25
acc95/semi90,mbpp/473,1,59,27
acc95/semi90,mbpp/474,1,62,30
acc95/semi90,mbpp/475,1,72,30
acc95/semi90,mbpp/476,1,24,10
acc95/semi90,mbpp/477,0,52,31
acc95/semi90,mbpp/478,1,79,27
acc95/semi90,mbpp/479,0,51,30
acc95/semi90,mbpp/480,0,48,16
acc95/semi90,mbpp/481,1,88,14
acc95/semi90,mbpp/482,0,298,145
acc95/semi90,mbpp/483,0,32,13
acc95/semi90,mbpp/484,1,24,22
acc95/semi90,mbpp/485,0,64,29
acc95/semi90,mbpp/486,0,68,27
acc95/semi90,mbpp/487,1,29,10
acc95/semi90,mbpp/488,1,16,11
acc95/semi90,mbpp/489,0,15,12
acc95/semi90,mbpp/490,0,31,12
acc95/semi90,mbpp/491,1,15,22
acc95/semi90,mbpp/492,0,39,33
acc95/semi90,mbpp/493,1,42,24
acc95/semi90,mbpp/494,0,49,22
acc95/semi90,mbpp/495,1,64,30
acc95/semi90,mbpp/496,1,31,10
acc95/semi90,mbpp/497,1,83,26
acc95/semi90,mbpp/498,1,68,24
acc95/semi90,mbpp/499,0,104,30
acc99/semi70,humaneval_plus/0,1,52,17
acc99/semi70,humaneval_plus/1,0,103,70
acc99/semi70,humaneval_plus/2,0,117,69
acc99/semi70,humaneval_plus/3,1,74,27
acc99/semi70,humaneval_plus/4,1,45,32
acc99/semi70,humaneval_plus/5,0,79,49
acc99/semi70,humaneval_plus/6,1,33,16
acc99/semi70,humaneval_plus/7,1,67,13
acc99/semi70,humaneval_plus/8,1,174,55
acc99/semi70,humaneval_plus/9,0,100,27
acc99/semi70,humaneval_plus/10,0,97,18
acc99/semi70,humaneval_plus/11,0,74,24
acc99/semi70,humaneval_plus/12,0,124,62
acc99/semi70,humaneval_plus/13,1,49,17
acc99/semi70,humaneval_plus/14,0,124,60
acc99/semi70,humaneval_plus/15,0,78,24
acc99/semi70,humaneval_plus/16,1,63,23
acc99/semi70,humaneval_plus/17,0,75,42
acc99/semi70,humaneval_plus/18,0,62,15
acc99/semi70,humaneval_plus/19,0,74,47
acc99/semi70,humaneval_plus/20,0,96,59
acc99/semi70,humaneval_plus/21,0,95,44
acc99/semi70,humaneval_plus/22,0,93,54
acc99/semi70,humaneval_plus/23,1,155,59
acc99/semi70,humaneval_plus/24,0,39,28
acc99/semi70,humaneval_plus/25,1,47,48
acc99/semi70,humaneval_plus/26,1,33,13
acc99/semi70,humaneval_plus/27,0,24,19
acc99/semi70,humaneval_plus/28,0,84,52
acc99/semi70,humaneval_plus/29,0,162,78
acc99/semi70,humaneval_plus/30,0,102,49
acc99/semi70,humaneval_plus/31,0,101,49
acc99/semi70,humaneval_plus/32,0,162,43
acc99/semi70,humaneval_plus/33,1,76,33
acc99/semi70,humaneval_plus/34,0,247,165
acc99/semi70,humaneval_plus/35,1,22,7
acc99/semi70,humaneval_plus/36,0,122,48
acc99/semi70,humaneval_plus/37,0,61,17
acc99/semi70,humaneval_plus/38,0,67,47
acc99/semi70,humaneval_plus/39,1,22,15
acc99/semi70,humaneval_plus/40,0,92,74
acc99/semi70,humaneval_plus/41,0,42,10
acc99/semi70,humaneval_plus/42,0,75,17
acc99/semi70,humaneval_plus/43,0,108,49
acc99/semi70,humaneval_plus/44,0,3908,434
acc99/semi70,humaneval_plus/45,1,74,24
acc99/semi70,humaneval_plus/46,1,24,9
acc99/semi70,humaneval_plus/47,0,138,68
acc99/semi70,humaneval_plus/48,0,126,46
acc99/semi70,humaneval_plus/49,0,75,16
acc99/semi70,humaneval_plus/50,1,115,15
acc99/semi70,humaneval_plus/51,0,93,42
acc99/semi70,humaneval_plus/52,0,114,66
acc99/semi70,humaneval_plus/53,1,102,32
acc99/semi70,humaneval_plus/54,1,95,17
acc99/semi70,humaneval_plus/55,1,157,56
acc99/semi70,humaneval_plus/56,1,88,35
acc99/semi70,humaneval_plus/57,1,20,8
acc99/semi70,humaneval_plus/58,1,77,21
acc99/semi70,humaneval_plus/59,1,48,12
acc99/semi70,humaneval_plus/60,1,48,11
acc99/semi70,humaneval_plus/61,1,90,23
acc99/semi70,humaneval_plus/62,0,49,41
acc99/semi70,humaneval_plus/63,0,70,14
acc99/semi70,humaneval_plus/64,1,147,32
acc99/semi70,humaneval_plus/65,1,72,25
acc99/semi70,humaneval_plus/66,1,65,25
acc99/semi70,humaneval_plus/67,0,37,18
acc99/semi70,humaneval_plus/68,1,36,33
acc99/semi70,humaneval_plus/69,0,98,23
acc99/semi70,humaneval_plus/70,0,81,36
acc99/semi70,humaneval_plus/71,1,30,11
acc99/semi70,humaneval_plus/72,0,66,33
acc99/semi70,humaneval_plus/73,1,66,12
acc99/semi70,humaneval_plus/74,1,70,21
acc99/semi70,humaneval_plus/75,1,147,49
acc99/semi70,humaneval_plus/76,1,24,8
acc99/semi70,humaneval_plus/77,0,78,33
acc99/semi70,humaneval_plus/78,0,80,31
acc99/semi70,humaneval_plus/79,0,17,4
acc99/semi70,humaneval_plus/80,1,24,7
acc99/semi70,humaneval_plus/81,1,32,8
acc99/semi70,humaneval_plus/82,1,126,34
acc99/semi70,humaneval_plus/83,0,39,6
acc99/semi70,humaneval_plus/84,0,45,20
acc99/semi70,humaneval_plus/85,1,9,4
acc99/semi70,humaneval_plus/86,1,16,6
acc99/semi70,humaneval_plus/87,1,35,4
acc99/semi70,humaneval_plus/88,1,17,6
acc99/semi70,humaneval_plus/89,1,78,6
acc99/semi70,humaneval_plus/90,0,135,94
acc99/semi70,humaneval_plus/91,0,92,45
acc99/semi70,humaneval_plus/92,1,10,6
acc99/semi70,humaneval_plus/93,0,46,21
acc99/semi70,humaneval_plus/94,1,56,20
acc99/semi70,humaneval_plus/95,0,89,44
acc99/semi70,humaneval_plus/96,1,105,27
acc99/semi70,humaneval_plus/97,0,172,38
acc99/semi70,humaneval_plus/98,1,50,18
acc99/semi70,humaneval_plus/99,1,75,12
acc99/semi70,humaneval_plus/100,1,42,28
acc99/semi70,humaneval_plus/101,1,15,6
acc99/semi70,humaneval_plus/102,1,45,5
acc99/semi70,humaneval_plus/103,1,47,19
acc99/semi70,humaneval_plus/104,0,13,13
acc99/semi70,humaneval_plus/105,0,123,45
acc99/semi70,humaneval_plus/106,1,74,23
acc99/semi70,humaneval_plus/107,0,28,11
acc99/semi70,humaneval_plus/108,0,88,34
acc99/semi70,humaneval_plus/109,0,45,20
acc99/semi70,humaneval_plus/110,1,36,5
acc99/semi70,humaneval_plus/111,0,31,13
acc99/semi70,humaneval_plus/112,1,14,6
acc99/semi70,humaneval_plus/113,1,9,4
acc99/semi70,humaneval_plus/114,0,17,29
acc99/semi70,humaneval_plus/115,1,85,21
acc99/semi70,humaneval_plus/116,1,53,13
acc99/semi70,humaneval_plus/117,1,70,17
acc99/semi70,humaneval_plus/118,1,16,10
acc99/semi70,humaneval_plus/119,0,125,59
acc99/semi70,humaneval_plus/120,1,96,20
acc99/semi70,humaneval_plus/121,1,29,13
acc99/semi70,humaneval_plus/122,1,55,15
acc99/semi70,humaneval_plus/123,1,44,19
acc99/semi70,humaneval_plus/124,0,103,37
acc99/semi70,humaneval_plus/125,1,68,40
acc99/semi70,humaneval_plus/126,0,52,29
acc99/semi70,humaneval_plus/127,1,18,7
acc99/semi70,humaneval_plus/128,0,102,40
acc99/semi70,humaneval_plus/129,1,76,22
acc99/semi70,humaneval_plus/130,0,102,47
acc99/semi70,humaneval_plus/131,1,16,5
acc99/semi70,humaneval_plus/132,0,109,42
acc99/semi70,humaneval_plus/133,0,90,42
acc99/semi70,humaneval_plus/134,1,61,33
acc99/semi70,humaneval_plus/135,1,49,14
acc99/semi70,humaneval_plus/136,1,46,13
acc99/semi70,humaneval_plus/137,0,191,40
acc99/semi70,humaneval_plus/138,0,48,20
acc99/semi70,humaneval_plus/139,1,49,33
acc99/semi70,humaneval_plus/140,0,86,30
acc99/semi70,humaneval_plus/141,1,37,35
acc99/semi70,humaneval_plus/142,1,38,10
acc99/semi70,humaneval_plus/143,0,49,15
acc99/semi70,humaneval_plus/144,1,214,24
acc99/semi70,humaneval_plus/145,1,84,13
acc99/semi70,humaneval_plus/146,1,203,73
acc99/semi70,humaneval_plus/147,1,46,28
acc99/semi70,humaneval_plus/148,1,45,10
acc99/semi70,humaneval_plus/149,0,56,42
acc99/semi70,humaneval_plus/150,1,78,32
acc99/semi70,humaneval_plus/151,0,82,32
acc99/semi70,humaneval_plus/152,0,92,29
acc99/semi70,humaneval_plus/153,1,55,13
acc99/semi70,humaneval_plus/154,0,45,19
acc99/semi70,humaneval_plus/155,0,101,62
acc99/semi70,humaneval_plus/156,0,53,22
acc99/semi70,humaneval_plus/157,0,112,60
acc99/semi70,humaneval_plus/158,1,131,21
acc99/semi70,humaneval_plus/159,1,68,24
acc99/semi70,humaneval_plus/160,0,112,35
acc99/semi70,humaneval_plus/161,1,39,9
acc99/semi70,humaneval_plus/162,1,49,13
acc99/semi70,humaneval_plus/163,1,59,26
acc99/semi70,mbpp/0,0,66,43
acc99/semi70,mbpp/1,1,22,16
acc99/semi70,mbpp/2,0,59,30
acc99/semi70,mbpp/3,1,34,18
acc99/semi70,mbpp/4,0,64,33
acc99/semi70,mbpp/5,0,48,33
acc99/semi70,mbpp/6,1,17,19
acc99/semi70,mbpp/7,1,31,26
acc99/semi70,mbpp/8,1,19,14
acc99/semi70,mbpp/9,0,63,38
acc99/semi70,mbpp/10,1,39,23
acc99/semi70,mbpp/11,1,41,9
acc99/semi70,mbpp/12,1,40,22
acc99/semi70,mbpp/13,0,71,41
acc99/semi70,mbpp/14,1,69,23
acc99/semi70,mbpp/15,0,33,38
acc99/semi70,mbpp/16,0,31,21
acc99/semi70,mbpp/17,1,134,37
acc99/semi70,mbpp/18,0,34,19
acc99/semi70,mbpp/19,1,64,25
acc99/semi70,mbpp/20,0,147,78
acc99/semi70,mbpp/21,0,56,25
acc99/semi70,mbpp/22,1,64,37
acc99/semi70,mbpp/23,0,83,35
acc99/semi70,mbpp/24,0,16,14
acc99/semi70,mbpp/25,0,222,139
acc99/semi70,mbpp/26,0,56,28
acc99/semi70,mbpp/27,0,80,31
acc99/semi70,mbpp/28,0,155,89
acc99/semi70,mbpp/29,1,38,23
acc99/semi70,mbpp/30,1,27,15
acc99/semi70,mbpp/31,0,88,69
acc99/semi70,mbpp/32,0,42,32
acc99/semi70,mbpp/33,0,44,25
acc99/semi70,mbpp/34,1,47,15
acc99/semi70,mbpp/35,1,31,13
acc99/semi70,mbpp/36,0,112,67
acc99/semi70,mbpp/37,0,48,42
acc99/semi70,mbpp/38,1,24,17
acc99/semi70,mbpp/39,0,24,14
acc99/semi70,mbpp/40,1,33,20
acc99/semi70,mbpp/41,1,24,8
acc99/semi70,mbpp/42,1,50,17
acc99/semi70,mbpp/43,0,109,43
acc99/semi70,mbpp/44,0,29,19
acc99/semi70,mbpp/45,1,38,33
acc99/semi70,mbpp/46,0,26,29
acc99/semi70,mbpp/47,1,35,21
acc99/semi70,mbpp/48,1,34,23
acc99/semi70,mbpp/49,0,115,47
acc99/semi70,mbpp/50,1,71,26
acc99/semi70,mbpp/51,1,37,14
acc99/semi70,mbpp/52,0,48,29
acc99/semi70,mbpp/53,0,25,19
acc99/semi70,mbpp/54,1,49,13
acc99/semi70,mbpp/55,1,38,16
acc99/semi70,mbpp/56,0,158,65
acc99/semi70,mbpp/57,0,80,37
acc99/semi70,mbpp/58,0,71,42
acc99/semi70,mbpp/59,0,70,43
acc99/semi70,mbpp/60,0,167,87
acc99/semi70,mbpp/61,1,39,22
acc99/semi70,mbpp/62,0,23,24
acc99/semi70,mbpp/63,0,38,30
acc99/semi70,mbpp/64,1,48,17
acc99/semi70,mbpp/65,0,45,37
acc99/semi70,mbpp/66,0,92,37
acc99/semi70,mbpp/67,1,59,19
acc99/semi70,mbpp/68,0,32,14
acc99/semi70,mbpp/69,1,33,16
acc99/semi70,mbpp/70,0,43,26
acc99/semi70,mbpp/71,1,33,27
acc99/semi70,mbpp/72,0,34,35
acc99/semi70,mbpp/73,1,104,34
acc99/semi70,mbpp/74,0,36,31
acc99/semi70,mbpp/75,1,28,12
acc99/semi70,mbpp/76,0,33,8
acc99/semi70,mbpp/77,1,48,20
acc99/semi70,mbpp/78,1,28,15
acc99/semi70,mbpp/79,1,39,19
acc99/semi70,mbpp/80,1,32,14
acc99/semi70,mbpp/81,0,60,49
acc99/semi70,mbpp/82,1,32,17
acc99/semi70,mbpp/83,0,32,27
acc99/semi70,mbpp/84,0,46,25
acc99/semi70,mbpp/85,1,46,23
acc99/semi70,mbpp/86,1,46,14
acc99/semi70,mbpp/87,1,47,19
acc99/semi70,mbpp/88,0,62,19
acc99/semi70,mbpp/89,0,60,19
acc99/semi70,mbpp/90,0,25,20
acc99/semi70,mbpp/91,0,49,22
acc99/semi70,mbpp/92,0,76,45
acc99/semi70,mbpp/93,0,28,18
acc99/semi70,mbpp/94,1,34,21
acc99/semi70,mbpp/95,0,20,25
acc99/semi70,mbpp/96,0,68,48
acc99/semi70,mbpp/97,0,119,78
acc99/semi70,mbpp/98,1,64,25
acc99/semi70,mbpp/99,0,81,39
acc99/semi70,mbpp/100,0,57,23
acc99/semi70,mbpp/101,0,28,24
acc99/semi70,mbpp/102,1,28,15
acc99/semi70,mbpp/103,0,81,49
acc99/semi70,mbpp/104,1,22,13
acc99/semi70,mbpp/105,1,38,11
acc99/semi70,mbpp/106,1,55,32
acc99/semi70,mbpp/107,1,15,7
acc99/semi70,mbpp/108,0,92,59
acc99/semi70,mbpp/109,1,43,29
acc99/semi70,mbpp/110,0,74,44
acc99/semi70,mbpp/111,0,122,74
acc99/semi70,mbpp/112,0,117,57
acc99/semi70,mbpp/113,0,23,24
acc99/semi70,mbpp/114,0,74,22
acc99/semi70,mbpp/115,0,79,48
acc99/semi70,mbpp/116,0,43,27
acc99/semi70,mbpp/117,1,32,16
acc99/semi70,mbpp/118,0,152,53
acc99/semi70,mbpp/119,0,70,39
acc99/semi70,mbpp/120,1,83,35
acc99/semi70,mbpp/121,1,17,20
acc99/semi70,mbpp/122,1,26,14
acc99/semi70,mbpp/123,0,91,56
acc99/semi70,mbpp/124,1,21,13
acc99/semi70,mbpp/125,0,98,51
acc99/semi70,mbpp/126,0,41,33
acc99/semi70,mbpp/127,0,88,57
acc99/semi70,mbpp/128,0,25,21
acc99/semi70,mbpp/129,0,47,33
acc99/semi70,mbpp/130,0,108,68
acc99/semi70,mbpp/131,1,57,30
acc99/semi70,mbpp/132,0,39,8
acc99/semi70,mbpp/133,1,52,19
acc99/semi70,mbpp/134,0,87,49
acc99/semi70,mbpp/135,0,32,20
acc99/semi70,mbpp/136,0,75,20
acc99/semi70,mbpp/137,0,99,37
acc99/semi70,mbpp/138,1,86,22
acc99/semi70,mbpp/139,0,38,25
acc99/semi70,mbpp/140,0,50,25
acc99/semi70,mbpp/141,1,140,21
acc99/semi70,mbpp/142,1,50,21
acc99/semi70,mbpp/143,1,31,14
acc99/semi70,mbpp/144,0,60,44
acc99/semi70,mbpp/145,1,28,19
acc99/semi70,mbpp/146,1,89,23
acc99/semi70,mbpp/147,0,66,48
acc99/semi70,mbpp/148,0,137,49
acc99/semi70,mbpp/149,0,62,33
acc99/semi70,mbpp/150,1,29,13
acc99/semi70,mbpp/151,0,58,30
acc99/semi70,mbpp/152,0,46,26
acc99/semi70,mbpp/153,0,98,50
acc99/semi70,mbpp/154,0,61,29
acc99/semi70,mbpp/155,1,65,16
acc99/semi70,mbpp/156,1,47,21
acc99/semi70,mbpp/157,1,38,15
acc99/semi70,mbpp/158,1,89,25
acc99/semi70,mbpp/159,1,24,17
acc99/semi70,mbpp/160,1,18,20
acc99/semi70,mbpp/161,0,56,21
acc99/semi70,mbpp/162,1,30,25
acc99/semi70,mbpp/163,1,52,11
acc99/semi70,mbpp/164,1,84,32
acc99/semi70,mbpp/165,1,21,11
acc99/semi70,mbpp/166,0,69,47
acc99/semi70,mbpp/167,1,36,21
acc99/semi70,mbpp/168,0,74,53
acc99/semi70,mbpp/169,0,147,70
acc99/semi70,mbpp/170,1,82,36
acc99/semi70,mbpp/171,1,75,36
acc99/semi70,mbpp/172,0,97,60
acc99/semi70,mbpp/173,0,51,29
acc99/semi70,mbpp/174,0,50,20
acc99/semi70,mbpp/175,0,40,28
acc99/semi70,mbpp/176,1,134,22
acc99/semi70,mbpp/177,0,79,40
acc99/semi70,mbpp/178,1,132,33
acc99/semi70,mbpp/179,0,70,37
acc99/semi70,mbpp/180,0,72,43
acc99/semi70,mbpp/181,0,48,36
acc99/semi70,mbpp/182,0,37,18
acc99/semi70,mbpp/183,0,70,42
acc99/semi70,mbpp/184,0,102,31
acc99/semi70,mbpp/185,0,34,19
acc99/semi70,mbpp/186,1,37,22
acc99/semi70,mbpp/187,0,186,100
acc99/semi70,mbpp/188,1,51,28
acc99/semi70,mbpp/189,1,49,20
acc99/semi70,mbpp/190,0,20,17
acc99/semi70,mbpp/191,0,33,21
acc99/semi70,mbpp/192,1,48,25
acc99/semi70,mbpp/193,1,37,19
acc99/semi70,mbpp/194,1,32,19
acc99/semi70,mbpp/195,0,51,23
acc99/semi70,mbpp/196,1,140,23
acc99/semi70,mbpp/197,1,40,30
acc99/semi70,mbpp/198,0,36,22
acc99/semi70,mbpp/199,0,35,24
acc99/semi70,mbpp/200,1,62,35
acc99/semi70,mbpp/201,1,43,27
acc99/semi70,mbpp/202,1,36,18
acc99/semi70,mbpp/203,0,31,23
acc99/semi70,mbpp/204,1,54,22
acc99/semi70,mbpp/205,0,81,32
acc99/semi70,mbpp/206,0,53,25
acc99/semi70,mbpp/207,0,79,47
acc99/semi70,mbpp/208,0,42,46
acc99/semi70,mbpp/209,1,43,22
acc99/semi70,mbpp/210,1,33,8
acc99/semi70,mbpp/211,0,20,25
acc99/semi70,mbpp/212,1,58,29
acc99/semi70,mbpp/213,1,39,23
acc99/semi70,mbpp/214,0,112,54
acc99/semi70,mbpp/215,1,48,26
acc99/semi70,mbpp/216,1,49,22
acc99/semi70,mbpp/217,0,55,46
acc99/semi70,mbpp/218,0,96,32
acc99/semi70,mbpp/219,0,20,19
acc99/semi70,mbpp/220,0,153,79
acc99/semi70,mbpp/221,1,25,20
acc99/semi70,mbpp/222,0,40,28
acc99/semi70,mbpp/223,1,16,18
acc99/semi70,mbpp/224,0,50,40
acc99/semi70,mbpp/225,0,73,45
acc99/semi70,mbpp/226,0,55,26
acc99/semi70,mbpp/227,1,31,16
acc99/semi70,mbpp/228,0,103,63
acc99/semi70,mbpp/229,0,28,16
acc99/semi70,mbpp/230,0,38,15
acc99/semi70,mbpp/231,1,15,22
acc99/semi70,mbpp/232,0,50,35
acc99/semi70,mbpp/233,1,32,21
acc99/semi70,mbpp/234,0,253,89
acc99/semi70,mbpp/235,0,75,41
acc99/semi70,mbpp/236,0,161,72
acc99/semi70,mbpp/237,1,36,16
acc99/semi70,mbpp/238,0,32,29
acc99/semi70,mbpp/239,1,43,18
acc99/semi70,mbpp/240,0,22,31
acc99/semi70,mbpp/241,0,32,22
acc99/semi70,mbpp/242,0,38,12
acc99/semi70,mbpp/243,0,36,33
acc99/semi70,mbpp/244,1,43,19
acc99/semi70,mbpp/245,1,94,23
acc99/semi70,mbpp/246,1,33,22
acc99/semi70,mbpp/247,1,27,11
acc99/semi70,mbpp/248,0,82,51
acc99/semi70,mbpp/249,0,177,57
acc99/semi70,mbpp/250,1,36,19
acc99/semi70,mbpp/251,1,35,14
acc99/semi70,mbpp/252,1,33,16
acc99/semi70,mbpp/253,0,46,39
acc99/semi70,mbpp/254,0,47,26
acc99/semi70,mbpp/255,1,20,18
acc99/semi70,mbpp/256,0,46,34
acc99/semi70,mbpp/257,0,39,42
acc99/semi70,mbpp/258,1,14,14
acc99/semi70,mbpp/259,1,57,15
acc99/semi70,mbpp/260,1,47,22
acc99/semi70,mbpp/261,1,23,13
acc99/semi70,mbpp/262,1,32,20
acc99/semi70,mbpp/263,0,25,13
acc99/semi70,mbpp/264,0,50,34
acc99/semi70,mbpp/265,0,33,27
acc99/semi70,mbpp/266,0,30,17
acc99/semi70,mbpp/267,0,44,30
acc99/semi70,mbpp/268,0,35,26
acc99/semi70,mbpp/269,1,40,20
acc99/semi70,mbpp/270,1,19,11
acc99/semi70,mbpp/271,1,32,11
acc99/semi70,mbpp/272,1,50,26
acc99/semi70,mbpp/273,1,22,12
acc99/semi70,mbpp/274,0,49,20
acc99/semi70,mbpp/275,0,191,74
acc99/semi70,mbpp/276,1,45,33
acc99/semi70,mbpp/277,0,48,15
acc99/semi70,mbpp/278,0,61,45
acc99/semi70,mbpp/279,0,56,22
acc99/semi70,mbpp/280,0,86,44
acc99/semi70,mbpp/281,1,15,25
acc99/semi70,mbpp/282,1,58,39
acc99/semi70,mbpp/283,1,54,17
acc99/semi70,mbpp/284,0,46,19
acc99/semi70,mbpp/285,0,59,13
acc99/semi70,mbpp/286,0,46,16
acc99/semi70,mbpp/287,0,57,29
acc99/semi70,mbpp/288,0,76,33
acc99/semi70,mbpp/289,0,83,55
acc99/semi70,mbpp/290,0,42,27
acc99/semi70,mbpp/291,1,54,33
acc99/semi70,mbpp/292,0,59,50
acc99/semi70,mbpp/293,0,59,44
acc99/semi70,mbpp/294,0,54,40
acc99/semi70,mbpp/295,0,160,95
acc99/semi70,mbpp/296,0,59,33
acc99/semi70,mbpp/297,1,52,17
acc99/semi70,mbpp/298,1,27,17
acc99/semi70,mbpp/299,0,15,13
acc99/semi70,mbpp/300,0,93,70
acc99/semi70,mbpp/301,0,43,24
acc99/semi70,mbpp/302,0,36,17
acc99/semi70,mbpp/303,0,218,83
acc99/semi70,mbpp/304,0,61,41
acc99/semi70,mbpp/305,0,106,20
acc99/semi70,mbpp/306,0,130,49
acc99/semi70,mbpp/307,1,78,31
acc99/semi70,mbpp/308,1,33,22
acc99/semi70,mbpp/309,0,60,36
acc99/semi70,mbpp/310,0,52,51
acc99/semi70,mbpp/311,0,54,21
acc99/semi70,mbpp/312,0,78,48
acc99/semi70,mbpp/313,0,78,33
acc99/semi70,mbpp/314,1,119,38
acc99/semi70,mbpp/315,0,84,45
acc99/semi70,mbpp/316,0,53,32
acc99/semi70,mbpp/317,0,61,42
acc99/semi70,mbpp/318,1,38,14
acc99/semi70,mbpp/319,1,36,17
acc99/semi70,mbpp/320,1,51,26
acc99/semi70,mbpp/321,0,48,24
acc99/semi70,mbpp/322,1,21,18
acc99/semi70,mbpp/323,1,46,23
acc99/semi70,mbpp/324,0,40,23
acc99/semi70,mbpp/325,1,116,42
acc99/semi70,mbpp/326,0,56,33
acc99/semi70,mbpp/327,1,69,27
acc99/semi70,mbpp/328,0,103,45
acc99/semi70,mbpp/329,1,56,34
acc99/semi70,mbpp/330,1,16,11
acc99/semi70,mbpp/331,0,274,134
acc99/semi70,mbpp/332,1,58,20
acc99/semi70,mbpp/333,1,58,24
acc99/semi70,mbpp/334,1,42,24
acc99/semi70,mbpp/335,0,132,56
acc99/semi70,mbpp/336,0,45,37
acc99/semi70,mbpp/337,0,158,119
acc99/semi70,mbpp/338,0,42,31
acc99/semi70,mbpp/339,1,65,36
acc99/semi70,mbpp/340,0,72,38
acc99/semi70,mbpp/341,0,38,31
acc99/semi70,mbpp/342,1,35,14
acc99/semi70,mbpp/343,0,26,14
acc99/semi70,mbpp/344,0,196,78
acc99/semi70,mbpp/345,1,34,14
acc99/semi70,mbpp/346,1,29,17
acc99/semi70,mbpp/347,1,39,18
acc99/semi70,mbpp/348,0,120,46
acc99/semi70,mbpp/349,0,25,20
acc99/semi70,mbpp/350,1,20,22
acc99/semi70,mbpp/351,0,50,33
acc99/semi70,mbpp/352,1,46,31
acc99/semi70,mbpp/353,1,130,49
acc99/semi70,mbpp/354,1,49,29
acc99/semi70,mbpp/355,1,69,18
acc99/semi70,mbpp/356,0,140,30
acc99/semi70,mbpp/357,1,21,25
acc99/semi70,mbpp/358,1,29,16
acc99/semi70,mbpp/359,0,25,23
acc99/semi70,mbpp/360,0,74,31
acc99/semi70,mbpp/361,1,54,25
acc99/semi70,mbpp/362,1,28,11
acc99/semi70,mbpp/363,0,76,16
acc99/semi70,mbpp/364,0,21,10
acc99/semi70,mbpp/365,1,55,21
acc99/semi70,mbpp/366,1,36,21
acc99/semi70,mbpp/367,1,29,23
acc99/semi70,mbpp/368,1,41,25
acc99/semi70,mbpp/369,1,49,37
acc99/semi70,mbpp/370,1,27,20
acc99/semi70,mbpp/371,0,129,61
acc99/semi70,mbpp/372,1,48,42
acc99/semi70,mbpp/373,1,53,17
acc99/semi70,mbpp/374,0,78,15
acc99/semi70,mbpp/375,0,70,47
acc99/semi70,mbpp/376,0,43,41
acc99/semi70,mbpp/377,1,50,20
acc99/semi70,mbpp/378,1,73,18
acc99/semi70,mbpp/379,0,23,27
acc99/semi70,mbpp/380,0,100,58
acc99/semi70,mbpp/381,1,72,23
acc99/semi70,mbpp/382,0,22,14
acc99/semi70,mbpp/383,0,23,9
acc99/semi70,mbpp/384,1,65,10
acc99/semi70,mbpp/385,0,67,41
acc99/semi70,mbpp/386,0,73,47
acc99/semi70,mbpp/387,0,30,21
acc99/semi70,mbpp/388,1,31,12
acc99/semi70,mbpp/389,0,48,23
acc99/semi70,mbpp/390,0,59,27
acc99/semi70,mbpp/391,0,97,73
acc99/semi70,mbpp/392,1,187,73
acc99/semi70,mbpp/393,1,27,15
acc99/semi70,mbpp/394,1,33,19
acc99/semi70,mbpp/395,1,39,18
acc99/semi70,mbpp/396,0,136,63
acc99/semi70,mbpp/397,0,160,57
acc99/semi70,mbpp/398,1,41,27
acc99/semi70,mbpp/399,1,54,15
acc99/semi70,mbpp/400,0,45,21
acc99/semi70,mbpp/401,1,26,14
acc99/semi70,mbpp/402,0,24,13
acc99/semi70,mbpp/403,1,34,17
acc99/semi70,mbpp/404,0,54,44
acc99/semi70,mbpp/405,0,110,55
acc99/semi70,mbpp/406,0,80,53
acc99/semi70,mbpp/407,0,39,23
acc99/semi70,mbpp/408,0,41,24
acc99/semi70,mbpp/409,1,45,31
acc99/semi70,mbpp/410,0,28,17
acc99/semi70,mbpp/411,1,47,27
acc99/semi70,mbpp/412,0,236,81
acc99/semi70,mbpp/413,1,32,20
acc99/semi70,mbpp/414,1,41,15
acc99/semi70,mbpp/415,1,27,17
acc99/semi70,mbpp/416,0,46,42
acc99/semi70,mbpp/417,0,95,30
acc99/semi70,mbpp/418,1,36,18
acc99/semi70,mbpp/419,0,42,23
acc99/semi70,mbpp/420,0,35,12
acc99/semi70,mbpp/421,1,36,15
acc99/semi70,mbpp/422,0,53,24
acc99/semi70,mbpp/423,0,45,23
acc99/semi70,mbpp/424,1,18,14
acc99/semi70,mbpp/425,0,40,32
acc99/semi70,mbpp/426,0,33,22
acc99/semi70,mbpp/427,0,48,24
acc99/semi70,mbpp/428,1,35,18
acc99/semi70,mbpp/429,1,62,40
acc99/semi70,mbpp/430,1,27,17
acc99/semi70,mbpp/431,1,54,29
acc99/semi70,mbpp/432,0,35,30
acc99/semi70,mbpp/433,0,32,23
acc99/semi70,mbpp/434,0,54,25
acc99/semi70,mbpp/435,1,43,23
acc99/semi70,mbpp/436,1,28,10
acc99/semi70,mbpp/437,0,110,48
acc99/semi70,mbpp/438,0,69,38
acc99/semi70,mbpp/439,0,28,19
acc99/semi70,mbpp/440,0,30,15
acc99/semi70,mbpp/441,0,36,18
acc99/semi70,mbpp/442,1,56,30
acc99/semi70,mbpp/443,0,53,28
acc99/semi70,mbpp/444,1,50,19
acc99/semi70,mbpp/445,1,24,11
acc99/semi70,mbpp/446,1,56,25
acc99/semi70,mbpp/447,1,17,22
acc99/semi70,mbpp/448,0,26,27
acc99/semi70,mbpp/449,0,20,18
acc99/semi70,mbpp/450,0,37,16
acc99/semi70,mbpp/451,0,52,33
acc99/semi70,mbpp/452,0,115,26
acc99/semi70,mbpp/453,1,23,17
acc99/semi70,mbpp/454,1,37,23
acc99/semi70,mbpp/455,1,95,43
acc99/semi70,mbpp/456,0,64,27
acc99/semi70,mbpp/457,0,131,68
acc99/semi70,mbpp/458,0,280,116
acc99/semi70,mbpp/459,0,32,16
acc99/semi70,mbpp/460,1,46,27
acc99/semi70,mbpp/461,0,56,37
acc99/semi70,mbpp/462,0,57,35
acc99/semi70,mbpp/463,1,46,28
acc99/semi70,mbpp/464,1,26,15
acc99/semi70,mbpp/465,1,18,13
acc99/semi70,mbpp/466,1,14,20
acc99/semi70,mbpp/467,1,34,26
acc99/semi70,mbpp/468,1,43,32
acc99/semi70,mbpp/469,0,103,44
acc99/semi70,mbpp/470,0,149,47
acc99/semi70,mbpp/471,1,44,23
acc99/semi70,mbpp/472,0,67,36
acc99/semi70,mbpp/473,1,59,37
acc99/semi70,mbpp/474,1,60,32
acc99/semi70,mbpp/475,0,71,39
acc99/semi70,mbpp/476,1,24,14
acc99/semi70,mbpp/477,1,51,33
acc99/semi70,mbpp/478,0,50,26
acc99/semi70,mbpp/479,0,53,31
acc99/semi70,mbpp/480,0,48,27
acc99/semi70,mbpp/481,1,88,28
acc99/semi70,mbpp/482,0,225,109
acc99/semi70,mbpp/483,0,32,15
acc99/semi70,mbpp/484,1,24,27
acc99/semi70,mbpp/485,0,64,34
acc99/semi70,mbpp/486,0,68,43
acc99/semi70,mbpp/487,1,29,14
acc99/semi70,mbpp/488,1,16,15
acc99/semi70,mbpp/489,0,15,16
acc99/semi70,mbpp/490,0,31,19
acc99/semi70,mbpp/491,1,15,26
acc99/semi70,mbpp/492,0,39,29
acc99/semi70,mbpp/493,1,42,30
acc99/semi70,mbpp/494,1,55,32
acc99/semi70,mbpp/495,1,64,29
acc99/semi70,mbpp/496,1,31,14
acc99/semi70,mbpp/497,0,72,37
acc99/semi70,mbpp/498,1,56,29
acc99/semi70,mbpp/499,0,115,52
acc99/semi90,humaneval_plus/0,1,53,20
acc99/semi90,humaneval_plus/1,1,128,93
acc99/semi90,humaneval_plus/2,0,115,63
acc99/semi90,humaneval_plus/3,1,73,28
acc99/semi90,humaneval_plus/4,1,45,37
acc99/semi90,humaneval_plus/5,1,69,44
acc99/semi90,humaneval_plus/6,1,33,16
acc99/semi90,humaneval_plus/7,1,67,16
acc99/semi90,humaneval_plus/8,1,176,66
acc99/semi90,humaneval_plus/9,1,94,32
acc99/semi90,humaneval_plus/10,1,98,21
acc99/semi90,humaneval_plus/11,0,73,28
acc99/semi90,humaneval_plus/12,0,121,71
acc99/semi90,humaneval_plus/13,1,49,18
acc99/semi90,humaneval_plus/14,0,153,65
acc99/semi90,humaneval_plus/15,1,84,26
acc99/semi90,humaneval_plus/16,1,64,28
acc99/semi90,humaneval_plus/17,0,74,32
acc99/semi90,humaneval_plus/18,1,53,16
acc99/semi90,humaneval_plus/19,1,82,44
acc99/semi90,humaneval_plus/20,0,86,64
acc99/semi90,humaneval_plus/21,0,77,38
acc99/semi90,humaneval_plus/22,1,82,49
acc99/semi90,humaneval_plus/23,0,154,54
acc99/semi90,humaneval_plus/24,1,55,20
acc99/semi90,humaneval_plus/25,1,47,53
acc99/semi90,humaneval_plus/26,1,33,13
acc99/semi90,humaneval_plus/27,0,24,20
acc99/semi90,humaneval_plus/28,0,80,50
acc99/semi90,humaneval_plus/29,0,160,72
acc99/semi90,humaneval_plus/30,1,109,54
acc99/semi90,humaneval_plus/31,0,94,59
acc99/semi90,humaneval_plus/32,0,208,81
acc99/semi90,humaneval_plus/33,1,74,32
acc99/semi90,humaneval_plus/34,0,294,176
acc99/semi90,humaneval_plus/35,1,22,7
acc99/semi90,humaneval_plus/36,0,126,54
acc99/semi90,humaneval_plus/37,1,60,17
acc99/semi90,humaneval_plus/38,0,67,54
acc99/semi90,humaneval_plus/39,1,22,15
acc99/semi90,humaneval_plus/40,0,82,65
acc99/semi90,humaneval_plus/41,0,42,10
acc99/semi90,humaneval_plus/42,1,72,17
acc99/semi90,humaneval_plus/43,0,107,55
acc99/semi90,humaneval_plus/44,0,3908,324
acc99/semi90,humaneval_plus/45,1,74,28
acc99/semi90,humaneval_plus/46,1,24,9
acc99/semi90,humaneval_plus/47,0,61,40
acc99/semi90,humaneval_plus/48,0,119,46
acc99/semi90,humaneval_plus/49,1,74,14
acc99/semi90,humaneval_plus/50,1,115,15
acc99/semi90,humaneval_plus/51,0,129,62
acc99/semi90,humaneval_plus/52,0,104,73
acc99/semi90,humaneval_plus/53,1,80,27
acc99/semi90,humaneval_plus/54,0,92,24
acc99/semi90,humaneval_plus/55,1,151,59
acc99/semi90,humaneval_plus/56,1,69,30
acc99/semi90,humaneval_plus/57,1,20,8
acc99/semi90,humaneval_plus/58,1,95,11
acc99/semi90,humaneval_plus/59,1,48,12
acc99/semi90,humaneval_plus/60,1,48,11
acc99/semi90,humaneval_plus/61,1,90,26
acc99/semi90,humaneval_plus/62,0,49,41
acc99/semi90,humaneval_plus/63,0,70,14
acc99/semi90,humaneval_plus/64,1,147,33
acc99/semi90,humaneval_plus/65,1,65,36
acc99/semi90,humaneval_plus/66,1,70,25
acc99/semi90,humaneval_plus/67,0,37,19
acc99/semi90,humaneval_plus/68,1,37,37
acc99/semi90,humaneval_plus/69,0,100,23
acc99/semi90,humaneval_plus/70,1,82,43
acc99/semi90,humaneval_plus/71,1,30,11
acc99/semi90,humaneval_plus/72,0,68,34
acc99/semi90,humaneval_plus/73,1,66,12
acc99/semi90,humaneval_plus/74,1,70,24
acc99/semi90,humaneval_plus/75,1,149,51
acc99/semi90,humaneval_plus/76,1,24,8
acc99/semi90,humaneval_plus/77,1,76,21
acc99/semi90,humaneval_plus/78,0,81,46
acc99/semi90,humaneval_plus/79,0,17,4
acc99/semi90,humaneval_plus/80,1,25,7
acc99/semi90,humaneval_plus/81,1,32,8
acc99/semi90,humaneval_plus/82,1,126,34
acc99/semi90,humaneval_plus/83,0,39,6
acc99/semi90,humaneval_plus/84,1,49,13
acc99/semi90,humaneval_plus/85,1,9,4
acc99/semi90,humaneval_plus/86,1,16,6
acc99/semi90,humaneval_plus/87,1,35,4
acc99/semi90,humaneval_plus/88,1,17,6
acc99/semi90,humaneval_plus/89,1,78,6
acc99/semi90,humaneval_plus/90,0,203,150
acc99/semi90,humaneval_plus/91,1,126,52
acc99/semi90,humaneval_plus/92,1,10,6
acc99/semi90,humaneval_plus/93,1,53,20
acc99/semi90,humaneval_plus/94,1,56,19
acc99/semi90,humaneval_plus/95,0,101,56
acc99/semi90,humaneval_plus/96,1,104,12
acc99/semi90,humaneval_plus/97,0,172,41
acc99/semi90,humaneval_plus/98,1,50,22
acc99/semi90,humaneval_plus/99,1,75,12
acc99/semi90,humaneval_plus/100,0,22,41
acc99/semi90,humaneval_plus/101,1,15,6
acc99/semi90,humaneval_plus/102,1,45,6
acc99/semi90,humaneval_plus/103,1,47,19
acc99/semi90,humaneval_plus/104,0,13,13
acc99/semi90,humaneval_plus/105,1,123,43
acc99/semi90,humaneval_plus/106,1,76,25
acc99/semi90,humaneval_plus/107,0,28,11
acc99/semi90,humaneval_plus/108,0,88,36
acc99/semi90,humaneval_plus/109,1,50,23
acc99/semi90,humaneval_plus/110,1,36,5
acc99/semi90,humaneval_plus/111,1,28,12
acc99/semi90,humaneval_plus/112,1,14,6
acc99/semi90,humaneval_plus/113,1,9,4
acc99/semi90,humaneval_plus/114,0,17,31
acc99/semi90,humaneval_plus/115,1,70,21
acc99/semi90,humaneval_plus/116,0,54,22
acc99/semi90,humaneval_plus/117,1,71,16
acc99/semi90,humaneval_plus/118,1,16,10
acc99/semi90,humaneval_plus/119,0,97,49
acc99/semi90,humaneval_plus/120,0,96,20
acc99/semi90,humaneval_plus/121,1,29,13
acc99/semi90,humaneval_plus/122,1,55,15
acc99/semi90,humaneval_plus/123,1,44,19
acc99/semi90,humaneval_plus/124,1,106,33
acc99/semi90,humaneval_plus/125,0,137,75
acc99/semi90,humaneval_plus/126,0,52,31
acc99/semi90,humaneval_plus/127,1,18,7
acc99/semi90,humaneval_plus/128,0,100,44
acc99/semi90,humaneval_plus/129,1,76,23
acc99/semi90,humaneval_plus/130,1,105,46
acc99/semi90,humaneval_plus/131,1,16,5
acc99/semi90,humaneval_plus/132,1,98,40
acc99/semi90,humaneval_plus/133,0,86,33
acc99/semi90,humaneval_plus/134,1,64,32
acc99/semi90,humaneval_plus/135,1,49,16
acc99/semi90,humaneval_plus/136,1,46,13
acc99/semi90,humaneval_plus/137,1,184,42
acc99/semi90,humaneval_plus/138,0,48,20
acc99/semi90,humaneval_plus/139,1,49,35
acc99/semi90,humaneval_plus/140,0,86,37
acc99/semi90,humaneval_plus/141,1,37,37
acc99/semi90,humaneval_plus/142,1,38,10
acc99/semi90,humaneval_plus/143,0,49,15
acc99/semi90,humaneval_plus/144,1,214,24
acc99/semi90,humaneval_plus/145,1,84,13
acc99/semi90,humaneval_plus/146,0,185,79
acc99/semi90,humaneval_plus/147,1,46,30
acc99/semi90,humaneval_plus/148,1,45,11
acc99/semi90,humaneval_plus/149,0,82,66
acc99/semi90,humaneval_plus/150,1,78,32
acc99/semi90,humaneval_plus/151,1,87,40
acc99/semi90,humaneval_plus/152,0,92,30
acc99/semi90,humaneval_plus/153,1,55,15
acc99/semi90,humaneval_plus/154,0,45,19
acc99/semi90,humaneval_plus/155,0,95,58
acc99/semi90,humaneval_plus/156,0,53,21
acc99/semi90,humaneval_plus/157,1,183,73
acc99/semi90,humaneval_plus/158,1,131,21
acc99/semi90,humaneval_plus/159,1,68,24
acc99/semi90,humaneval_plus/160,1,98,32
acc99/semi90,humaneval_plus/161,1,39,9
acc99/semi90,humaneval_plus/162,1,49,13
acc99/semi90,humaneval_plus/163,0,61,35
acc99/semi90,mbpp/0,0,66,47
acc99/semi90,mbpp/1,1,17,22
acc99/semi90,mbpp/2,0,59,33
acc99/semi90,mbpp/3,1,34,18
acc99/semi90,mbpp/4,0,64,35
acc99/semi90,mbpp/5,0,55,33
acc99/semi90,mbpp/6,1,17,19
acc99/semi90,mbpp/7,1,31,25
acc99/semi90,mbpp/8,1,19,14
acc99/semi90,mbpp/9,0,60,42
acc99/semi90,mbpp/10,1,39,23
acc99/semi90,mbpp/11,1,41,9
acc99/semi90,mbpp/12,1,40,22
acc99/semi90,mbpp/13,1,69,36
acc99/semi90,mbpp/14,1,69,27
acc99/semi90,mbpp/15,0,33,19
acc99/semi90,mbpp/16,0,32,19
acc99/semi90,mbpp/17,1,68,35
acc99/semi90,mbpp/18,1,38,26
acc99/semi90,mbpp/19,1,64,30
acc99/semi90,mbpp/20,0,126,66
acc99/semi90,mbpp/21,1,50,28
acc99/semi90,mbpp/22,1,63,38
acc99/semi90,mbpp/23,0,79,31
acc99/semi90,mbpp/24,0,16,14
acc99/semi90,mbpp/25,0,292,187
acc99/semi90,mbpp/26,1,70,42
acc99/semi90,mbpp/27,1,89,34
acc99/semi90,mbpp/28,0,285,143
acc99/semi90,mbpp/29,1,38,20
acc99/semi90,mbpp/30,1,27,14
acc99/semi90,mbpp/31,0,88,81
acc99/semi90,mbpp/32,0,50,28
acc99/semi90,mbpp/33,0,44,28
acc99/semi90,mbpp/34,1,47,17
acc99/semi90,mbpp/35,1,31,13
acc99/semi90,mbpp/36,0,4019,238
acc99/semi90,mbpp/37,0,57,45
acc99/semi90,mbpp/38,1,24,17
acc99/semi90,mbpp/39,0,24,14
acc99/semi90,mbpp/40,1,33,20
acc99/semi90,mbpp/41,1,24,8
acc99/semi90,mbpp/42,1,50,21
acc99/semi90,mbpp/43,1,110,43
acc99/semi90,mbpp/44,0,29,19
acc99/semi90,mbpp/45,1,38,33
acc99/semi90,mbpp/46,0,26,35
acc99/semi90,mbpp/47,1,35,21
acc99/semi90,mbpp/48,0,34,23
acc99/semi90,mbpp/49,0,135,73
acc99/semi90,mbpp/50,1,71,27
acc99/semi90,mbpp/51,1,37,19
acc99/semi90,mbpp/52,0,48,30
acc99/semi90,mbpp/53,0,25,19
acc99/semi90,mbpp/54,1,49,13
acc99/semi90,mbpp/55,1,38,16
acc99/semi90,mbpp/56,0,183,72
acc99/semi90,mbpp/57,0,86,41
acc99/semi90,mbpp/58,1,63,23
acc99/semi90,mbpp/59,1,71,45
acc99/semi90,mbpp/60,0,155,71
acc99/semi90,mbpp/61,1,39,26
acc99/semi90,mbpp/62,0,23,24
acc99/semi90,mbpp/63,0,40,35
acc99/semi90,mbpp/64,1,48,21
acc99/semi90,mbpp/65,0,57,38
acc99/semi90,mbpp/66,0,99,42
acc99/semi90,mbpp/67,1,59,22
acc99/semi90,mbpp/68,1,32,14
acc99/semi90,mbpp/69,1,33,16
acc99/semi90,mbpp/70,0,43,27
acc99/semi90,mbpp/71,1,33,32
acc99/semi90,mbpp/72,0,34,40
acc99/semi90,mbpp/73,1,103,37
acc99/semi90,mbpp/74,0,36,32
acc99/semi90,mbpp/75,1,28,12
acc99/semi90,mbpp/76,0,33,8
acc99/semi90,mbpp/77,1,48,20
acc99/semi90,mbpp/78,1,28,15
acc99/semi90,mbpp/79,1,39,19
acc99/semi90,mbpp/80,1,32,15
acc99/semi90,mbpp/81,1,60,39
acc99/semi90,mbpp/82,1,32,17
acc99/semi90,mbpp/83,0,32,27
acc99/semi90,mbpp/84,0,46,25
acc99/semi90,mbpp/85,1,46,23
acc99/semi90,mbpp/86,1,46,16
acc99/semi90,mbpp/87,1,33,25
acc99/semi90,mbpp/88,0,62,21
acc99/semi90,mbpp/89,1,61,21
acc99/semi90,mbpp/90,0,25,21
acc99/semi90,mbpp/91,1,51,21
acc99/semi90,mbpp/92,0,73,61
acc99/semi90,mbpp/93,0,28,25
acc99/semi90,mbpp/94,1,34,21
acc99/semi90,mbpp/95,0,20,25
acc99/semi90,mbpp/96,0,89,65
acc99/semi90,mbpp/97,0,116,42
acc99/semi90,mbpp/98,1,64,30
acc99/semi90,mbpp/99,0,81,45
acc99/semi90,mbpp/100,0,57,23
acc99/semi90,mbpp/101,0,28,24
acc99/semi90,mbpp/102,1,28,15
acc99/semi90,mbpp/103,1,77,42
acc99/semi90,mbpp/104,1,22,13
acc99/semi90,mbpp/105,1,38,11
acc99/semi90,mbpp/106,1,62,54
acc99/semi90,mbpp/107,1,15,7
acc99/semi90,mbpp/108,1,76,37
acc99/semi90,mbpp/109,1,43,29
acc99/semi90,mbpp/110,0,81,27
acc99/semi90,mbpp/111,0,151,80
acc99/semi90,mbpp/112,0,164,63
acc99/semi90,mbpp/113,0,23,28
acc99/semi90,mbpp/114,0,74,26
acc99/semi90,mbpp/115,1,75,42
acc99/semi90,mbpp/116,0,53,39
acc99/semi90,mbpp/117,1,32,19
acc99/semi90,mbpp/118,1,196,89
acc99/semi90,mbpp/119,0,70,46
acc99/semi90,mbpp/120,1,117,41
acc99/semi90,mbpp/121,1,17,23
acc99/semi90,mbpp/122,1,26,15
acc99/semi90,mbpp/123,0,70,47
acc99/semi90,mbpp/124,1,21,13
acc99/semi90,mbpp/125,0,121,51
acc99/semi90,mbpp/126,0,41,39
acc99/semi90,mbpp/127,0,76,55
acc99/semi90,mbpp/128,0,25,22
acc99/semi90,mbpp/129,0,47,31
acc99/semi90,mbpp/130,0,139,78
acc99/semi90,mbpp/131,1,63,26
acc99/semi90,mbpp/132,0,39,8
acc99/semi90,mbpp/133,1,52,22
acc99/semi90,mbpp/134,1,66,37
acc99/semi90,mbpp/135,0,32,20
acc99/semi90,mbpp/136,0,75,20
acc99/semi90,mbpp/137,0,104,47
acc99/semi90,mbpp/138,1,86,22
acc99/semi90,mbpp/139,0,69,58
acc99/semi90,mbpp/140,0,50,27
acc99/semi90,mbpp/141,1,141,24
acc99/semi90,mbpp/142,1,50,21
acc99/semi90,mbpp/143,1,31,14
acc99/semi90,mbpp/144,0,51,47
acc99/semi90,mbpp/145,1,28,19
acc99/semi90,mbpp/146,1,89,24
acc99/semi90,mbpp/147,0,70,59
acc99/semi90,mbpp/148,0,83,30
acc99/semi90,mbpp/149,0,62,35
acc99/semi90,mbpp/150,1,29,13
acc99/semi90,mbpp/151,1,54,20
acc99/semi90,mbpp/152,0,44,29
acc99/semi90,mbpp/153,0,83,33
acc99/semi90,mbpp/154,0,61,32
acc99/semi90,mbpp/155,1,65,15
acc99/semi90,mbpp/156,1,47,23
acc99/semi90,mbpp/157,1,38,15
acc99/semi90,mbpp/158,1,89,25
acc99/semi90,mbpp/159,1,24,17
acc99/semi90,mbpp/160,1,18,20
acc99/semi90,mbpp/161,1,51,17
acc99/semi90,mbpp/162,1,36,23
acc99/semi90,mbpp/163,1,52,15
acc99/semi90,mbpp/164,1,84,37
acc99/semi90,mbpp/165,1,21,11
acc99/semi90,mbpp/166,0,101,56
acc99/semi90,mbpp/167,1,36,24
acc99/semi90,mbpp/168,0,74,61
acc99/semi90,mbpp/169,0,152,58
acc99/semi90,mbpp/170,1,82,41
acc99/semi90,mbpp/171,1,75,38
acc99/semi90,mbpp/172,0,98,57
acc99/semi90,mbpp/173,0,51,30
acc99/semi90,mbpp/174,0,56,26
acc99/semi90,mbpp/175,0,41,33
acc99/semi90,mbpp/176,1,134,26
acc99/semi90,mbpp/177,0,79,44
acc99/semi90,mbpp/178,1,196,71
acc99/semi90,mbpp/179,0,70,40
acc99/semi90,mbpp/180,0,74,52
acc99/semi90,mbpp/181,0,42,32
acc99/semi90,mbpp/182,0,37,19
acc99/semi90,mbpp/183,0,74,49
acc99/semi90,mbpp/184,0,104,40
acc99/semi90,mbpp/185,0,34,19
acc99/semi90,mbpp/186,1,37,24
acc99/semi90,mbpp/187,0,141,88
acc99/semi90,mbpp/188,1,50,23
acc99/semi90,mbpp/189,1,47,20
acc99/semi90,mbpp/190,0,20,17
acc99/semi90,mbpp/191,0,33,21
acc99/semi90,mbpp/192,1,48,33
acc99/semi90,mbpp/193,1,37,19
acc99/semi90,mbpp/194,1,32,19
acc99/semi90,mbpp/195,0,51,24
acc99/semi90,mbpp/196,1,140,23
acc99/semi90,mbpp/197,1,40,32
acc99/semi90,mbpp/198,0,36,22
acc99/semi90,mbpp/199,1,36,25
acc99/semi90,mbpp/200,0,58,36
acc99/semi90,mbpp/201,1,43,29
acc99/semi90,mbpp/202,1,36,18
acc99/semi90,mbpp/203,0,31,23
acc99/semi90,mbpp/204,1,54,24
acc99/semi90,mbpp/205,0,73,44
acc99/semi90,mbpp/206,0,56,30
acc99/semi90,mbpp/207,0,80,51
acc99/semi90,mbpp/208,0,42,52
acc99/semi90,mbpp/209,1,43,22
acc99/semi90,mbpp/210,1,33,8
acc99/semi90,mbpp/211,0,20,25
acc99/semi90,mbpp/212,1,58,29
acc99/semi90,mbpp/213,1,39,23
acc99/semi90,mbpp/214,1,90,44
acc99/semi90,mbpp/215,1,48,27
acc99/semi90,mbpp/216,1,49,22
acc99/semi90,mbpp/217,0,55,52
acc99/semi90,mbpp/218,0,96,36
acc99/semi90,mbpp/219,0,20,19
acc99/semi90,mbpp/220,1,74,27
acc99/semi90,mbpp/221,1,25,26
acc99/semi90,mbpp/222,0,42,28
acc99/semi90,mbpp/223,1,16,18
acc99/semi90,mbpp/224,0,56,46
acc99/semi90,mbpp/225,0,106,77
acc99/semi90,mbpp/226,0,55,29
acc99/semi90,mbpp/227,1,31,16
acc99/semi90,mbpp/228,0,136,69
acc99/semi90,mbpp/229,0,28,17
acc99/semi90,mbpp/230,0,38,15
acc99/semi90,mbpp/231,1,15,22
acc99/semi90,mbpp/232,0,58,41
acc99/semi90,mbpp/233,1,32,22
acc99/semi90,mbpp/234,0,224,84
acc99/semi90,mbpp/235,0,84,46
acc99/semi90,mbpp/236,0,133,48
acc99/semi90,mbpp/237,1,36,18
acc99/semi90,mbpp/238,0,32,33
acc99/semi90,mbpp/239,1,43,19
acc99/semi90,mbpp/240,0,22,31
acc99/semi90,mbpp/241,0,32,22
acc99/semi90,mbpp/242,1,38,13
acc99/semi90,mbpp/243,0,36,38
acc99/semi90,mbpp/244,1,39,21
acc99/semi90,mbpp/245,0,95,27
acc99/semi90,mbpp/246,1,33,22
acc99/semi90,mbpp/247,1,27,12
acc99/semi90,mbpp/248,0,82,45
acc99/semi90,mbpp/249,0,196,77
acc99/semi90,mbpp/250,1,36,19
acc99/semi90,mbpp/251,1,35,15
acc99/semi90,mbpp/252,1,33,17
acc99/semi90,mbpp/253,0,46,40
acc99/semi90,mbpp/254,0,41,21
acc99/semi90,mbpp/255,1,20,18
acc99/semi90,mbpp/256,0,46,37
acc99/semi90,mbpp/257,0,39,43
acc99/semi90,mbpp/258,1,14,14
acc99/semi90,mbpp/259,1,57,15
acc99/semi90,mbpp/260,1,47,26
acc99/semi90,mbpp/261,1,23,13
acc99/semi90,mbpp/262,1,32,20
acc99/semi90,mbpp/263,0,25,13
acc99/semi90,mbpp/264,0,55,45
acc99/semi90,mbpp/265,0,33,28
acc99/semi90,mbpp/266,0,30,18
acc99/semi90,mbpp/267,0,44,31
acc99/semi90,mbpp/268,0,35,26
acc99/semi90,mbpp/269,1,40,20
acc99/semi90,mbpp/270,1,19,11
acc99/semi90,mbpp/271,1,32,11
acc99/semi90,mbpp/272,1,40,19
acc99/semi90,mbpp/273,1,22,12
acc99/semi90,mbpp/274,0,50,23
acc99/semi90,mbpp/275,0,267,144
acc99/semi90,mbpp/276,1,45,35
acc99/semi90,mbpp/277,1,52,16
acc99/semi90,mbpp/278,0,60,44
acc99/semi90,mbpp/279,1,58,28
acc99/semi90,mbpp/280,0,146,79
acc99/semi90,mbpp/281,1,15,25
acc99/semi90,mbpp/282,1,58,42
acc99/semi90,mbpp/283,1,54,17
acc99/semi90,mbpp/284,0,46,19
acc99/semi90,mbpp/285,1,60,20
acc99/semi90,mbpp/286,0,46,16
acc99/semi90,mbpp/287,0,60,23
acc99/semi90,mbpp/288,1,74,32
acc99/semi90,mbpp/289,0,120,62
acc99/semi90,mbpp/290,0,43,35
acc99/semi90,mbpp/291,1,54,35
acc99/semi90,mbpp/292,0,59,58
acc99/semi90,mbpp/293,0,108,99
acc99/semi90,mbpp/294,0,89,51
acc99/semi90,mbpp/295,0,158,114
acc99/semi90,mbpp/296,0,76,35
acc99/semi90,mbpp/297,1,52,19
acc99/semi90,mbpp/298,1,27,17
acc99/semi90,mbpp/299,0,15,13
acc99/semi90,mbpp/300,0,88,59
acc99/semi90,mbpp/301,0,43,26
acc99/semi90,mbpp/302,0,36,17
acc99/semi90,mbpp/303,0,152,44
acc99/semi90,mbpp/304,0,75,36
acc99/semi90,mbpp/305,0,107,21
acc99/semi90,mbpp/306,1,109,34
acc99/semi90,mbpp/307,1,78,35
acc99/semi90,mbpp/308,1,35,23
acc99/semi90,mbpp/309,0,66,37
acc99/semi90,mbpp/310,0,74,54
acc99/semi90,mbpp/311,1,53,22
acc99/semi90,mbpp/312,0,113,48
acc99/semi90,mbpp/313,0,78,33
acc99/semi90,mbpp/314,1,118,47
acc99/semi90,mbpp/315,1,67,26
acc99/semi90,mbpp/316,0,43,25
acc99/semi90,mbpp/317,0,75,67
acc99/semi90,mbpp/318,1,38,14
acc99/semi90,mbpp/319,1,36,17
acc99/semi90,mbpp/320,1,51,31
acc99/semi90,mbpp/321,0,48,24
acc99/semi90,mbpp/322,1,21,18
acc99/semi90,mbpp/323,1,47,25
acc99/semi90,mbpp/324,0,40,23
acc99/semi90,mbpp/325,1,116,46
acc99/semi90,mbpp/326,0,46,36
acc99/semi90,mbpp/327,1,63,20
acc99/semi90,mbpp/328,0,103,54
acc99/semi90,mbpp/329,1,60,29
acc99/semi90,mbpp/330,1,16,11
acc99/semi90,mbpp/331,0,242,130
acc99/semi90,mbpp/332,1,58,20
acc99/semi90,mbpp/333,0,95,75
acc99/semi90,mbpp/334,1,51,21
acc99/semi90,mbpp/335,0,179,86
acc99/semi90,mbpp/336,0,57,38
acc99/semi90,mbpp/337,0,159,110
acc99/semi90,mbpp/338,1,45,33
acc99/semi90,mbpp/339,0,70,58
acc99/semi90,mbpp/340,1,79,32
acc99/semi90,mbpp/341,0,42,34
acc99/semi90,mbpp/342,1,35,14
acc99/semi90,mbpp/343,0,26,14
acc99/semi90,mbpp/344,0,181,90
acc99/semi90,mbpp/345,1,34,14
acc99/semi90,mbpp/346,1,29,17
acc99/semi90,mbpp/347,1,39,18
acc99/semi90,mbpp/348,0,104,58
acc99/semi90,mbpp/349,0,25,20
acc99/semi90,mbpp/350,1,20,22
acc99/semi90,mbpp/351,0,50,38
acc99/semi90,mbpp/352,1,46,35
acc99/semi90,mbpp/353,1,132,45
acc99/semi90,mbpp/354,1,66,43
acc99/semi90,mbpp/355,1,69,19
acc99/semi90,mbpp/356,0,132,30
acc99/semi90,mbpp/357,1,21,25
acc99/semi90,mbpp/358,1,29,16
acc99/semi90,mbpp/359,0,25,23
acc99/semi90,mbpp/360,0,74,33
acc99/semi90,mbpp/361,1,57,30
acc99/semi90,mbpp/362,1,28,11
acc99/semi90,mbpp/363,0,76,16
acc99/semi90,mbpp/364,0,21,10
acc99/semi90,mbpp/365,0,59,23
acc99/semi90,mbpp/366,1,36,23
acc99/semi90,mbpp/367,1,29,28
acc99/semi90,mbpp/368,1,41,26
acc99/semi90,mbpp/369,1,49,39
acc99/semi90,mbpp/370,1,27,19
acc99/semi90,mbpp/371,0,131,78
acc99/semi90,mbpp/372,0,51,44
acc99/semi90,mbpp/373,1,53,18
acc99/semi90,mbpp/374,0,78,15
acc99/semi90,mbpp/375,0,70,48
acc99/semi90,mbpp/376,0,101,60
acc99/semi90,mbpp/377,1,50,22
acc99/semi90,mbpp/378,1,73,18
acc99/semi90,mbpp/379,0,23,27
acc99/semi90,mbpp/380,0,76,43
acc99/semi90,mbpp/381,1,72,23
acc99/semi90,mbpp/382,0,22,14
acc99/semi90,mbpp/383,0,23,10
acc99/semi90,mbpp/384,1,65,12
acc99/semi90,mbpp/385,0,61,42
acc99/semi90,mbpp/386,1,80,37
acc99/semi90,mbpp/387,0,30,22
acc99/semi90,mbpp/388,1,31,12
acc99/semi90,mbpp/389,0,48,23
acc99/semi90,mbpp/390,0,52,52
acc99/semi90,mbpp/391,0,119,63
acc99/semi90,mbpp/392,1,181,80
acc99/semi90,mbpp/393,1,27,15
acc99/semi90,mbpp/394,1,33,19
acc99/semi90,mbpp/395,1,39,17
acc99/semi90,mbpp/396,0,120,48
acc99/semi90,mbpp/397,1,129,51
acc99/semi90,mbpp/398,1,41,27
acc99/semi90,mbpp/399,1,54,16
acc99/semi90,mbpp/400,0,57,32
acc99/semi90,mbpp/401,1,26,14
acc99/semi90,mbpp/402,0,24,13
acc99/semi90,mbpp/403,1,34,16
acc99/semi90,mbpp/404,0,62,47
acc99/semi90,mbpp/405,0,103,49
acc99/semi90,mbpp/406,0,78,60
acc99/semi90,mbpp/407,1,50,32
acc99/semi90,mbpp/408,0,41,24
acc99/semi90,mbpp/409,1,45,35
acc99/semi90,mbpp/410,0,24,19
acc99/semi90,mbpp/411,1,53,34
acc99/semi90,mbpp/412,0,257,102
acc99/semi90,mbpp/413,1,32,22
acc99/semi90,mbpp/414,1,41,15
acc99/semi90,mbpp/415,1,27,17
acc99/semi90,mbpp/416,0,46,47
acc99/semi90,mbpp/417,1,97,27
acc99/semi90,mbpp/418,1,36,18
acc99/semi90,mbpp/419,0,30,35
acc99/semi90,mbpp/420,0,35,13
acc99/semi90,mbpp/421,1,36,16
acc99/semi90,mbpp/422,0,53,25
acc99/semi90,mbpp/423,0,45,23
acc99/semi90,mbpp/424,1,18,14
acc99/semi90,mbpp/425,0,40,32
acc99/semi90,mbpp/426,0,33,22
acc99/semi90,mbpp/427,0,48,31
acc99/semi90,mbpp/428,1,35,19
acc99/semi90,mbpp/429,1,62,45
acc99/semi90,mbpp/430,1,27,17
acc99/semi90,mbpp/431,1,54,34
acc99/semi90,mbpp/432,0,35,32
acc99/semi90,mbpp/433,0,32,23
acc99/semi90,mbpp/434,1,52,26
acc99/semi90,mbpp/435,1,43,25
acc99/semi90,mbpp/436,1,28,10
acc99/semi90,mbpp/437,0,109,52
acc99/semi90,mbpp/438,0,125,55
acc99/semi90,mbpp/439,0,28,20
acc99/semi90,mbpp/440,1,30,18
acc99/semi90,mbpp/441,0,36,19
acc99/semi90,mbpp/442,1,55,31
acc99/semi90,mbpp/443,0,54,33
acc99/semi90,mbpp/444,1,50,19
acc99/semi90,mbpp/445,1,24,11
acc99/semi90,mbpp/446,1,56,29
acc99/semi90,mbpp/447,1,17,22
acc99/semi90,mbpp/448,0,26,27
acc99/semi90,mbpp/449,0,20,18
acc99/semi90,mbpp/450,0,37,16
acc99/semi90,mbpp/451,0,51,29
acc99/semi90,mbpp/452,0,115,26
acc99/semi90,mbpp/453,1,23,17
acc99/semi90,mbpp/454,1,37,25
acc99/semi90,mbpp/455,1,95,47
acc99/semi90,mbpp/456,0,67,42
acc99/semi90,mbpp/457,0,104,57
acc99/semi90,mbpp/458,0,294,135
acc99/semi90,mbpp/459,0,32,16
acc99/semi90,mbpp/460,1,46,33
acc99/semi90,mbpp/461,0,32,40
acc99/semi90,mbpp/462,0,43,35
acc99/semi90,mbpp/463,1,46,30
acc99/semi90,mbpp/464,1,26,15
acc99/semi90,mbpp/465,1,18,13
acc99/semi90,mbpp/466,1,14,20
acc99/semi90,mbpp/467,1,34,26
acc99/semi90,mbpp/468,1,43,31
acc99/semi90,mbpp/469,0,99,35
acc99/semi90,mbpp/470,0,91,38
acc99/semi90,mbpp/471,1,44,23
acc99/semi90,mbpp/472,0,67,37
acc99/semi90,mbpp/473,1,59,39
acc99/semi90,mbpp/474,1,62,38
acc99/semi90,mbpp/475,1,72,39
acc99/semi90,mbpp/476,1,24,14
acc99/semi90,mbpp/477,0,52,39
acc99/semi90,mbpp/478,1,79,39
acc99/semi90,mbpp/479,0,55,34
acc99/semi90,mbpp/480,0,48,27
acc99/semi90,mbpp/481,1,88,29
acc99/semi90,mbpp/482,0,304,182
acc99/semi90,mbpp/483,0,32,16
acc99/semi90,mbpp/484,1,24,27
acc99/semi90,mbpp/485,0,64,38
acc99/semi90,mbpp/486,0,68,48
acc99/semi90,mbpp/487,1,29,14
acc99/semi90,mbpp/488,1,16,15
acc99/semi90,mbpp/489,0,15,16
acc99/semi90,mbpp/490,0,31,20
acc99/semi90,mbpp/491,1,15,26
acc99/semi90,mbpp/492,0,39,35
acc99/semi90,mbpp/493,1,42,32
acc99/semi90,mbpp/494,1,53,32
acc99/semi90,mbpp/495,1,53,27
acc99/semi90,mbpp/496,1,31,14
acc99/semi90,mbpp/497,0,72,37
acc99/semi90,mbpp/498,1,69,33
acc99/semi90,mbpp/499,0,106,44
