config,prompt,correct,tokens,forwards
acc85/semi70,gsm8k/0,1,125,33
acc85/semi70,gsm8k/1,0,276,81
acc85/semi70,gsm8k/2,0,203,41
acc85/semi70,gsm8k/3,0,185,28
acc85/semi70,gsm8k/4,1,212,77
acc85/semi70,gsm8k/5,1,150,30
acc85/semi70,gsm8k/6,1,165,29
acc85/semi70,gsm8k/7,1,196,51
acc85/semi70,gsm8k/8,1,327,100
acc85/semi70,gsm8k/9,0,252,66
acc85/semi70,gsm8k/10,1,201,77
acc85/semi70,gsm8k/11,0,357,82
acc85/semi70,gsm8k/12,1,116,23
acc85/semi70,gsm8k/13,1,220,51
acc85/semi70,gsm8k/14,1,291,88
acc85/semi70,gsm8k/15,1,198,52
acc85/semi70,gsm8k/16,1,197,28
acc85/semi70,gsm8k/17,1,187,54
acc85/semi70,gsm8k/18,1,216,50
acc85/semi70,gsm8k/19,1,155,34
acc85/semi70,gsm8k/20,1,195,47
acc85/semi70,gsm8k/21,1,198,65
acc85/semi70,gsm8k/22,1,271,43
acc85/semi70,gsm8k/23,1,308,88
acc85/semi70,gsm8k/24,0,174,51
acc85/semi70,gsm8k/25,1,262,50
acc85/semi70,gsm8k/26,1,200,56
acc85/semi70,gsm8k/27,1,111,27
acc85/semi70,gsm8k/28,1,148,31
acc85/semi70,gsm8k/29,0,184,55
acc85/semi70,gsm8k/30,1,183,43
acc85/semi70,gsm8k/31,0,293,100
acc85/semi70,gsm8k/32,1,93,33
acc85/semi70,gsm8k/33,1,357,86
acc85/semi70,gsm8k/34,1,294,59
acc85/semi70,gsm8k/35,1,162,33
acc85/semi70,gsm8k/36,1,176,49
acc85/semi70,gsm8k/37,1,199,78
acc85/semi70,gsm8k/38,1,344,96
acc85/semi70,gsm8k/39,0,282,53
acc85/semi70,gsm8k/40,1,192,56
acc85/semi70,gsm8k/41,1,310,42
acc85/semi70,gsm8k/42,0,235,38
acc85/semi70,gsm8k/43,1,135,46
acc85/semi70,gsm8k/44,1,321,74
acc85/semi70,gsm8k/45,1,247,55
acc85/semi70,gsm8k/46,1,288,67
acc85/semi70,gsm8k/47,1,139,25
acc85/semi70,gsm8k/48,1,253,68
acc85/semi70,gsm8k/49,0,392,93
acc85/semi70,gsm8k/50,0,502,153
acc85/semi70,gsm8k/51,0,134,35
acc85/semi70,gsm8k/52,1,140,31
acc85/semi70,gsm8k/53,1,90,23
acc85/semi70,gsm8k/54,1,265,60
acc85/semi70,gsm8k/55,1,143,30
acc85/semi70,gsm8k/56,1,303,43
acc85/semi70,gsm8k/57,1,139,23
acc85/semi70,gsm8k/58,1,161,30
acc85/semi70,gsm8k/59,1,158,56
acc85/semi70,gsm8k/60,1,153,30
acc85/semi70,gsm8k/61,1,157,24
acc85/semi70,gsm8k/62,1,232,66
acc85/semi70,gsm8k/63,1,157,48
acc85/semi70,gsm8k/64,1,372,110
acc85/semi70,gsm8k/65,1,144,43
acc85/semi70,gsm8k/66,0,175,52
acc85/semi70,gsm8k/67,1,255,43
acc85/semi70,gsm8k/68,1,307,110
acc85/semi70,gsm8k/69,1,104,30
acc85/semi70,gsm8k/70,1,287,60
acc85/semi70,gsm8k/71,1,205,29
acc85/semi70,gsm8k/72,1,197,55
acc85/semi70,gsm8k/73,1,273,74
acc85/semi70,gsm8k/74,1,128,34
acc85/semi70,gsm8k/75,1,187,49
acc85/semi70,gsm8k/76,1,218,55
acc85/semi70,gsm8k/77,0,325,126
acc85/semi70,gsm8k/78,1,222,60
acc85/semi70,gsm8k/79,1,232,41
acc85/semi70,gsm8k/80,1,207,41
acc85/semi70,gsm8k/81,1,285,74
acc85/semi70,gsm8k/82,1,158,32
acc85/semi70,gsm8k/83,1,269,76
acc85/semi70,gsm8k/84,0,156,54
acc85/semi70,gsm8k/85,1,121,29
acc85/semi70,gsm8k/86,0,245,61
acc85/semi70,gsm8k/87,1,171,56
acc85/semi70,gsm8k/88,1,159,34
acc85/semi70,gsm8k/89,1,182,30
acc85/semi70,gsm8k/90,1,214,34
acc85/semi70,gsm8k/91,1,405,81
acc85/semi70,gsm8k/92,1,198,51
acc85/semi70,gsm8k/93,1,116,23
acc85/semi70,gsm8k/94,0,199,64
acc85/semi70,gsm8k/95,1,179,40
acc85/semi70,gsm8k/96,0,255,111
acc85/semi70,gsm8k/97,1,280,81
acc85/semi70,gsm8k/98,1,150,31
acc85/semi70,gsm8k/99,1,242,37
acc85/semi70,gsm8k/100,1,210,68
acc85/semi70,gsm8k/101,0,274,77
acc85/semi70,gsm8k/102,0,233,55
acc85/semi70,gsm8k/103,1,187,30
acc85/semi70,gsm8k/104,1,122,45
acc85/semi70,gsm8k/105,1,300,52
acc85/semi70,gsm8k/106,0,397,127
acc85/semi70,gsm8k/107,1,205,42
acc85/semi70,gsm8k/108,1,199,46
acc85/semi70,gsm8k/109,1,325,76
acc85/semi70,gsm8k/110,1,162,37
acc85/semi70,gsm8k/111,1,152,30
acc85/semi70,gsm8k/112,1,142,35
acc85/semi70,gsm8k/113,1,219,61
acc85/semi70,gsm8k/114,1,177,57
acc85/semi70,gsm8k/115,1,122,18
acc85/semi70,gsm8k/116,1,256,79
acc85/semi70,gsm8k/117,0,272,84
acc85/semi70,gsm8k/118,1,265,82
acc85/semi70,gsm8k/119,1,233,58
acc85/semi70,gsm8k/120,0,96,31
acc85/semi70,gsm8k/121,1,357,108
acc85/semi70,gsm8k/122,1,98,22
acc85/semi70,gsm8k/123,1,483,100
acc85/semi70,gsm8k/124,1,170,35
acc85/semi70,gsm8k/125,1,262,67
acc85/semi70,gsm8k/126,1,276,102
acc85/semi70,gsm8k/127,1,166,38
acc85/semi70,gsm8k/128,0,594,157
acc85/semi70,gsm8k/129,1,210,65
acc85/semi70,gsm8k/130,1,217,52
acc85/semi70,gsm8k/131,0,296,92
acc85/semi70,gsm8k/132,1,192,32
acc85/semi70,gsm8k/133,1,257,74
acc85/semi70,gsm8k/134,1,143,48
acc85/semi70,gsm8k/135,1,396,99
acc85/semi70,gsm8k/136,1,657,170
acc85/semi70,gsm8k/137,0,232,48
acc85/semi70,gsm8k/138,1,209,74
acc85/semi70,gsm8k/139,0,508,149
acc85/semi70,gsm8k/140,1,302,54
acc85/semi70,gsm8k/141,1,259,75
acc85/semi70,gsm8k/142,1,149,36
acc85/semi70,gsm8k/143,1,208,60
acc85/semi70,gsm8k/144,1,400,70
acc85/semi70,gsm8k/145,1,167,56
acc85/semi70,gsm8k/146,1,307,64
acc85/semi70,gsm8k/147,1,148,32
acc85/semi70,gsm8k/148,1,297,96
acc85/semi70,gsm8k/149,1,219,63
acc85/semi70,gsm8k/150,1,219,55
acc85/semi70,gsm8k/151,1,383,114
acc85/semi70,gsm8k/152,0,294,82
acc85/semi70,gsm8k/153,1,225,66
acc85/semi70,gsm8k/154,1,140,25
acc85/semi70,gsm8k/155,0,127,30
acc85/semi70,gsm8k/156,1,200,31
acc85/semi70,gsm8k/157,1,212,65
acc85/semi70,gsm8k/158,1,221,48
acc85/semi70,gsm8k/159,1,248,40
acc85/semi70,gsm8k/160,1,151,28
acc85/semi70,gsm8k/161,1,207,47
acc85/semi70,gsm8k/162,1,198,58
acc85/semi70,gsm8k/163,1,210,66
acc85/semi70,gsm8k/164,1,267,55
acc85/semi70,gsm8k/165,1,269,69
acc85/semi70,gsm8k/166,1,143,39
acc85/semi70,gsm8k/167,0,164,30
acc85/semi70,gsm8k/168,1,482,197
acc85/semi70,gsm8k/169,1,184,35
acc85/semi70,gsm8k/170,1,431,94
acc85/semi70,gsm8k/171,1,158,57
acc85/semi70,gsm8k/172,1,221,57
acc85/semi70,gsm8k/173,1,189,38
acc85/semi70,gsm8k/174,1,187,37
acc85/semi70,gsm8k/175,1,246,63
acc85/semi70,gsm8k/176,1,287,43
acc85/semi70,gsm8k/177,1,172,45
acc85/semi70,gsm8k/178,1,202,72
acc85/semi70,gsm8k/179,1,240,51
acc85/semi70,gsm8k/180,1,123,22
acc85/semi70,gsm8k/181,1,220,62
acc85/semi70,gsm8k/182,0,227,74
acc85/semi70,gsm8k/183,1,250,57
acc85/semi70,gsm8k/184,1,290,65
acc85/semi70,gsm8k/185,1,166,41
acc85/semi70,gsm8k/186,1,203,63
acc85/semi70,gsm8k/187,1,147,40
acc85/semi70,gsm8k/188,1,265,45
acc85/semi70,gsm8k/189,0,282,66
acc85/semi70,gsm8k/190,1,308,49
acc85/semi70,gsm8k/191,1,258,106
acc85/semi70,gsm8k/192,1,226,54
acc85/semi70,gsm8k/193,1,142,35
acc85/semi70,gsm8k/194,1,99,33
acc85/semi70,gsm8k/195,1,296,69
acc85/semi70,gsm8k/196,0,223,43
acc85/semi70,gsm8k/197,1,356,63
acc85/semi70,gsm8k/198,1,201,49
acc85/semi70,gsm8k/199,1,94,24
acc85/semi70,gsm8k/200,1,226,45
acc85/semi70,gsm8k/201,1,202,42
acc85/semi70,gsm8k/202,1,105,20
acc85/semi70,gsm8k/203,1,245,51
acc85/semi70,gsm8k/204,0,303,80
acc85/semi70,gsm8k/205,0,226,64
acc85/semi70,gsm8k/206,1,183,48
acc85/semi70,gsm8k/207,1,210,36
acc85/semi70,gsm8k/208,0,158,23
acc85/semi70,gsm8k/209,1,245,50
acc85/semi70,gsm8k/210,1,340,128
acc85/semi70,gsm8k/211,1,133,27
acc85/semi70,gsm8k/212,1,156,34
acc85/semi70,gsm8k/213,1,234,49
acc85/semi70,gsm8k/214,1,93,27
acc85/semi70,gsm8k/215,1,366,69
acc85/semi70,gsm8k/216,1,215,36
acc85/semi70,gsm8k/217,1,166,55
acc85/semi70,gsm8k/218,1,346,95
acc85/semi70,gsm8k/219,0,235,54
acc85/semi70,gsm8k/220,1,137,29
acc85/semi70,gsm8k/221,1,219,27
acc85/semi70,gsm8k/222,1,182,27
acc85/semi70,gsm8k/223,1,201,70
acc85/semi70,gsm8k/224,1,173,51
acc85/semi70,gsm8k/225,0,388,195
acc85/semi70,gsm8k/226,1,101,21
acc85/semi70,gsm8k/227,1,260,51
acc85/semi70,gsm8k/228,0,249,64
acc85/semi70,gsm8k/229,0,336,95
acc85/semi70,gsm8k/230,0,565,192
acc85/semi70,gsm8k/231,1,199,30
acc85/semi70,gsm8k/232,1,215,49
acc85/semi70,gsm8k/233,1,214,46
acc85/semi70,gsm8k/234,1,201,45
acc85/semi70,gsm8k/235,1,240,61
acc85/semi70,gsm8k/236,1,193,38
acc85/semi70,gsm8k/237,1,203,35
acc85/semi70,gsm8k/238,1,246,72
acc85/semi70,gsm8k/239,1,166,38
acc85/semi70,gsm8k/240,1,139,36
acc85/semi70,gsm8k/241,1,128,30
acc85/semi70,gsm8k/242,1,240,97
acc85/semi70,gsm8k/243,1,279,75
acc85/semi70,gsm8k/244,1,108,30
acc85/semi70,gsm8k/245,1,183,33
acc85/semi70,gsm8k/246,1,160,50
acc85/semi70,gsm8k/247,1,216,47
acc85/semi70,gsm8k/248,1,104,26
acc85/semi70,gsm8k/249,1,161,31
acc85/semi70,gsm8k/250,1,172,54
acc85/semi70,gsm8k/251,1,261,50
acc85/semi70,gsm8k/252,1,175,50
acc85/semi70,gsm8k/253,1,153,36
acc85/semi70,gsm8k/254,1,129,43
acc85/semi70,gsm8k/255,1,300,83
acc85/semi70,gsm8k/256,0,313,56
acc85/semi70,gsm8k/257,0,255,90
acc85/semi70,gsm8k/258,1,157,31
acc85/semi70,gsm8k/259,0,510,165
acc85/semi70,gsm8k/260,1,160,30
acc85/semi70,gsm8k/261,0,318,95
acc85/semi70,gsm8k/262,1,254,43
acc85/semi70,gsm8k/263,1,231,41
acc85/semi70,gsm8k/264,1,268,50
acc85/semi70,gsm8k/265,0,273,83
acc85/semi70,gsm8k/266,1,294,80
acc85/semi70,gsm8k/267,1,145,40
acc85/semi70,gsm8k/268,1,158,45
acc85/semi70,gsm8k/269,1,171,30
acc85/semi70,gsm8k/270,0,418,130
acc85/semi70,gsm8k/271,1,261,75
acc85/semi70,gsm8k/272,1,142,14
acc85/semi70,gsm8k/273,1,210,69
acc85/semi70,gsm8k/274,0,276,58
acc85/semi70,gsm8k/275,1,204,57
acc85/semi70,gsm8k/276,1,345,128
acc85/semi70,gsm8k/277,1,163,46
acc85/semi70,gsm8k/278,1,150,29
acc85/semi70,gsm8k/279,1,210,39
acc85/semi70,gsm8k/280,1,261,72
acc85/semi70,gsm8k/281,1,137,45
acc85/semi70,gsm8k/282,1,201,43
acc85/semi70,gsm8k/283,1,160,53
acc85/semi70,gsm8k/284,1,171,33
acc85/semi70,gsm8k/285,1,213,41
acc85/semi70,gsm8k/286,1,145,40
acc85/semi70,gsm8k/287,1,390,164
acc85/semi70,gsm8k/288,1,313,74
acc85/semi70,gsm8k/289,1,164,64
acc85/semi70,gsm8k/290,1,132,35
acc85/semi70,gsm8k/291,1,241,42
acc85/semi70,gsm8k/292,1,137,24
acc85/semi70,gsm8k/293,1,310,90
acc85/semi70,gsm8k/294,1,862,354
acc85/semi70,gsm8k/295,1,162,27
acc85/semi70,gsm8k/296,0,376,102
acc85/semi70,gsm8k/297,1,232,60
acc85/semi70,gsm8k/298,1,235,46
acc85/semi70,gsm8k/299,1,302,45
acc85/semi70,gsm8k/300,1,253,75
acc85/semi70,gsm8k/301,1,104,22
acc85/semi70,gsm8k/302,1,192,28
acc85/semi70,gsm8k/303,0,259,50
acc85/semi70,gsm8k/304,1,130,29
acc85/semi70,gsm8k/305,0,148,29
acc85/semi70,gsm8k/306,1,143,31
acc85/semi70,gsm8k/307,1,192,50
acc85/semi70,gsm8k/308,1,228,61
acc85/semi70,gsm8k/309,1,162,55
acc85/semi70,gsm8k/310,1,267,73
acc85/semi70,gsm8k/311,1,171,40
acc85/semi70,gsm8k/312,1,205,43
acc85/semi70,gsm8k/313,1,268,57
acc85/semi70,gsm8k/314,1,258,55
acc85/semi70,gsm8k/315,1,270,76
acc85/semi70,gsm8k/316,1,176,73
acc85/semi70,gsm8k/317,1,188,60
acc85/semi70,gsm8k/318,1,196,29
acc85/semi70,gsm8k/319,1,106,28
acc85/semi70,gsm8k/320,1,378,174
acc85/semi70,gsm8k/321,1,206,39
acc85/semi70,gsm8k/322,1,275,46
acc85/semi70,gsm8k/323,0,216,58
acc85/semi70,gsm8k/324,1,269,69
acc85/semi70,gsm8k/325,1,160,38
acc85/semi70,gsm8k/326,1,232,67
acc85/semi70,gsm8k/327,1,212,42
acc85/semi70,gsm8k/328,1,150,13
acc85/semi70,gsm8k/329,1,204,66
acc85/semi70,gsm8k/330,1,176,42
acc85/semi70,gsm8k/331,0,184,58
acc85/semi70,gsm8k/332,1,196,55
acc85/semi70,gsm8k/333,1,173,24
acc85/semi70,gsm8k/334,1,376,134
acc85/semi70,gsm8k/335,1,152,38
acc85/semi70,gsm8k/336,1,247,63
acc85/semi70,gsm8k/337,0,317,76
acc85/semi70,gsm8k/338,1,369,79
acc85/semi70,gsm8k/339,1,650,179
acc85/semi70,gsm8k/340,1,190,51
acc85/semi70,gsm8k/341,1,137,41
acc85/semi70,gsm8k/342,1,235,57
acc85/semi70,gsm8k/343,1,215,55
acc85/semi70,gsm8k/344,1,92,27
acc85/semi70,gsm8k/345,1,276,64
acc85/semi70,gsm8k/346,1,463,110
acc85/semi70,gsm8k/347,1,112,28
acc85/semi70,gsm8k/348,1,352,55
acc85/semi70,gsm8k/349,1,214,29
acc85/semi70,gsm8k/350,1,251,47
acc85/semi70,gsm8k/351,0,450,87
acc85/semi70,gsm8k/352,1,103,18
acc85/semi70,gsm8k/353,1,174,57
acc85/semi70,gsm8k/354,1,244,61
acc85/semi70,gsm8k/355,1,228,62
acc85/semi70,gsm8k/356,1,252,80
acc85/semi70,gsm8k/357,1,212,91
acc85/semi70,gsm8k/358,1,160,27
acc85/semi70,gsm8k/359,1,217,53
acc85/semi70,gsm8k/360,1,433,101
acc85/semi70,gsm8k/361,1,228,74
acc85/semi70,gsm8k/362,1,141,26
acc85/semi70,gsm8k/363,1,161,36
acc85/semi70,gsm8k/364,1,104,43
acc85/semi70,gsm8k/365,0,243,78
acc85/semi70,gsm8k/366,0,229,51
acc85/semi70,gsm8k/367,1,190,39
acc85/semi70,gsm8k/368,0,266,77
acc85/semi70,gsm8k/369,1,200,57
acc85/semi70,gsm8k/370,1,224,62
acc85/semi70,gsm8k/371,1,216,28
acc85/semi70,gsm8k/372,1,277,67
acc85/semi70,gsm8k/373,1,143,17
acc85/semi70,gsm8k/374,1,378,76
acc85/semi70,gsm8k/375,1,382,133
acc85/semi70,gsm8k/376,1,142,23
acc85/semi70,gsm8k/377,1,171,39
acc85/semi70,gsm8k/378,1,368,80
acc85/semi70,gsm8k/379,1,196,60
acc85/semi70,gsm8k/380,1,256,63
acc85/semi70,gsm8k/381,1,146,25
acc85/semi70,gsm8k/382,0,373,104
acc85/semi70,gsm8k/383,1,156,34
acc85/semi70,gsm8k/384,1,144,24
acc85/semi70,gsm8k/385,1,198,32
acc85/semi70,gsm8k/386,1,237,59
acc85/semi70,gsm8k/387,0,243,58
acc85/semi70,gsm8k/388,1,256,74
acc85/semi70,gsm8k/389,1,395,171
acc85/semi70,gsm8k/390,1,236,80
acc85/semi70,gsm8k/391,1,289,62
acc85/semi70,gsm8k/392,1,286,96
acc85/semi70,gsm8k/393,1,171,38
acc85/semi70,gsm8k/394,0,163,32
acc85/semi70,gsm8k/395,1,117,21
acc85/semi70,gsm8k/396,1,189,58
acc85/semi70,gsm8k/397,1,130,36
acc85/semi70,gsm8k/398,1,179,35
acc85/semi70,gsm8k/399,0,308,129
acc85/semi70,gsm8k/400,1,176,37
acc85/semi70,gsm8k/401,1,254,55
acc85/semi70,gsm8k/402,1,335,108
acc85/semi70,gsm8k/403,1,337,53
acc85/semi70,gsm8k/404,1,159,36
acc85/semi70,gsm8k/405,0,441,123
acc85/semi70,gsm8k/406,0,223,84
acc85/semi70,gsm8k/407,1,396,85
acc85/semi70,gsm8k/408,1,104,23
acc85/semi70,gsm8k/409,1,306,63
acc85/semi70,gsm8k/410,1,298,54
acc85/semi70,gsm8k/411,0,219,53
acc85/semi70,gsm8k/412,1,262,82
acc85/semi70,gsm8k/413,1,149,44
acc85/semi70,gsm8k/414,0,179,52
acc85/semi70,gsm8k/415,1,307,60
acc85/semi70,gsm8k/416,1,158,31
acc85/semi70,gsm8k/417,1,271,44
acc85/semi70,gsm8k/418,1,152,51
acc85/semi70,gsm8k/419,0,210,48
acc85/semi70,gsm8k/420,1,256,41
acc85/semi70,gsm8k/421,1,146,21
acc85/semi70,gsm8k/422,1,144,31
acc85/semi70,gsm8k/423,1,163,25
acc85/semi70,gsm8k/424,1,124,34
acc85/semi70,gsm8k/425,1,209,40
acc85/semi70,gsm8k/426,1,164,41
acc85/semi70,gsm8k/427,1,251,84
acc85/semi70,gsm8k/428,1,249,52
acc85/semi70,gsm8k/429,1,322,106
acc85/semi70,gsm8k/430,1,129,22
acc85/semi70,gsm8k/431,1,802,335
acc85/semi70,gsm8k/432,1,148,26
acc85/semi70,gsm8k/433,1,423,111
acc85/semi70,gsm8k/434,1,329,67
acc85/semi70,gsm8k/435,1,230,32
acc85/semi70,gsm8k/436,1,265,68
acc85/semi70,gsm8k/437,1,750,248
acc85/semi70,gsm8k/438,0,153,34
acc85/semi70,gsm8k/439,1,299,70
acc85/semi70,gsm8k/440,0,92,25
acc85/semi70,gsm8k/441,0,386,114
acc85/semi70,gsm8k/442,1,129,31
acc85/semi70,gsm8k/443,0,242,58
acc85/semi70,gsm8k/444,1,109,19
acc85/semi70,gsm8k/445,1,270,82
acc85/semi70,gsm8k/446,1,293,88
acc85/semi70,gsm8k/447,1,177,42
acc85/semi70,gsm8k/448,1,170,36
acc85/semi70,gsm8k/449,1,221,31
acc85/semi70,gsm8k/450,1,181,30
acc85/semi70,gsm8k/451,1,212,49
acc85/semi70,gsm8k/452,0,229,90
acc85/semi70,gsm8k/453,1,271,84
acc85/semi70,gsm8k/454,0,319,149
acc85/semi70,gsm8k/455,1,174,39
acc85/semi70,gsm8k/456,1,149,15
acc85/semi70,gsm8k/457,1,207,44
acc85/semi70,gsm8k/458,1,219,84
acc85/semi70,gsm8k/459,1,274,51
acc85/semi70,gsm8k/460,1,187,37
acc85/semi70,gsm8k/461,1,220,59
acc85/semi70,gsm8k/462,1,255,40
acc85/semi70,gsm8k/463,1,226,63
acc85/semi70,gsm8k/464,1,247,54
acc85/semi70,gsm8k/465,0,298,108
acc85/semi70,gsm8k/466,1,304,76
acc85/semi70,gsm8k/467,1,170,24
acc85/semi70,gsm8k/468,1,168,39
acc85/semi70,gsm8k/469,1,239,53
acc85/semi70,gsm8k/470,1,193,29
acc85/semi70,gsm8k/471,0,263,64
acc85/semi70,gsm8k/472,1,351,93
acc85/semi70,gsm8k/473,1,223,33
acc85/semi70,gsm8k/474,1,195,46
acc85/semi70,gsm8k/475,0,293,141
acc85/semi70,gsm8k/476,1,229,78
acc85/semi70,gsm8k/477,1,152,40
acc85/semi70,gsm8k/478,1,225,30
acc85/semi70,gsm8k/479,0,390,98
acc85/semi70,gsm8k/480,1,246,49
acc85/semi70,gsm8k/481,0,310,115
acc85/semi70,gsm8k/482,1,220,39
acc85/semi70,gsm8k/483,1,375,155
acc85/semi70,gsm8k/484,0,313,68
acc85/semi70,gsm8k/485,1,130,25
acc85/semi70,gsm8k/486,0,459,154
acc85/semi70,gsm8k/487,1,150,38
acc85/semi70,gsm8k/488,1,264,66
acc85/semi70,gsm8k/489,1,306,52
acc85/semi70,gsm8k/490,0,637,265
acc85/semi70,gsm8k/491,1,422,93
acc85/semi70,gsm8k/492,0,284,113
acc85/semi70,gsm8k/493,1,131,24
acc85/semi70,gsm8k/494,1,146,40
acc85/semi70,gsm8k/495,1,177,47
acc85/semi70,gsm8k/496,1,262,68
acc85/semi70,gsm8k/497,1,166,29
acc85/semi70,gsm8k/498,1,131,31
acc85/semi70,gsm8k/499,1,241,73
acc85/semi70,gsm8k/500,1,108,15
acc85/semi70,gsm8k/501,1,185,32
acc85/semi70,gsm8k/502,1,336,67
acc85/semi70,gsm8k/503,1,212,48
acc85/semi70,gsm8k/504,1,264,81
acc85/semi70,gsm8k/505,1,247,46
acc85/semi70,gsm8k/506,1,91,27
acc85/semi70,gsm8k/507,0,271,49
acc85/semi70,gsm8k/508,1,163,17
acc85/semi70,gsm8k/509,0,338,87
acc85/semi70,gsm8k/510,1,212,38
acc85/semi70,gsm8k/511,1,146,49
acc85/semi70,math500/0,1,242,47
acc85/semi70,math500/1,1,705,125
acc85/semi70,math500/2,0,371,27
acc85/semi70,math500/3,1,292,43
acc85/semi70,math500/4,0,388,81
acc85/semi70,math500/5,1,220,51
acc85/semi70,math500/6,1,354,76
acc85/semi70,math500/7,0,1058,181
acc85/semi70,math500/8,1,228,30
acc85/semi70,math500/9,0,3924,500
acc85/semi70,math500/10,0,4048,276
acc85/semi70,math500/11,0,984,164
acc85/semi70,math500/12,0,469,113
acc85/semi70,math500/13,1,177,35
acc85/semi70,math500/14,0,281,79
acc85/semi70,math500/15,0,1792,331
acc85/semi70,math500/16,1,218,63
acc85/semi70,math500/17,1,436,148
acc85/semi70,math500/18,1,565,208
acc85/semi70,math500/19,0,1606,425
acc85/semi70,math500/20,1,121,22
acc85/semi70,math500/21,0,889,180
acc85/semi70,math500/22,1,551,95
acc85/semi70,math500/23,1,410,44
acc85/semi70,math500/24,1,713,175
acc85/semi70,math500/25,0,3994,358
acc85/semi70,math500/26,0,1281,370
acc85/semi70,math500/27,1,282,61
acc85/semi70,math500/28,1,136,34
acc85/semi70,math500/29,1,252,54
acc85/semi70,math500/30,1,203,35
acc85/semi70,math500/31,1,143,27
acc85/semi70,math500/32,1,359,143
acc85/semi70,math500/33,0,660,107
acc85/semi70,math500/34,1,678,90
acc85/semi70,math500/35,1,234,41
acc85/semi70,math500/36,1,468,43
acc85/semi70,math500/37,1,233,88
acc85/semi70,math500/38,1,167,38
acc85/semi70,math500/39,1,309,54
acc85/semi70,math500/40,1,232,44
acc85/semi70,math500/41,0,4023,378
acc85/semi70,math500/42,1,184,29
acc85/semi70,math500/43,0,3988,431
acc85/semi70,math500/44,1,356,88
acc85/semi70,math500/45,1,152,27
acc85/semi70,math500/46,0,1190,312
acc85/semi70,math500/47,1,320,63
acc85/semi70,math500/48,1,195,42
acc85/semi70,math500/49,1,161,22
acc85/semi70,math500/50,0,824,169
acc85/semi70,math500/51,0,888,115
acc85/semi70,math500/52,1,309,43
acc85/semi70,math500/53,1,301,56
acc85/semi70,math500/54,1,59,12
acc85/semi70,math500/55,1,259,75
acc85/semi70,math500/56,1,211,43
acc85/semi70,math500/57,1,439,85
acc85/semi70,math500/58,0,155,29
acc85/semi70,math500/59,1,303,72
acc85/semi70,math500/60,0,2928,617
acc85/semi70,math500/61,0,580,79
acc85/semi70,math500/62,0,3967,433
acc85/semi70,math500/63,1,792,144
acc85/semi70,math500/64,0,863,153
acc85/semi70,math500/65,1,158,62
acc85/semi70,math500/66,0,343,43
acc85/semi70,math500/67,1,286,68
acc85/semi70,math500/68,0,1024,243
acc85/semi70,math500/69,1,746,121
acc85/semi70,math500/70,1,170,57
acc85/semi70,math500/71,0,227,61
acc85/semi70,math500/72,1,263,41
acc85/semi70,math500/73,1,253,27
acc85/semi70,math500/74,1,355,76
acc85/semi70,math500/75,1,355,101
acc85/semi70,math500/76,1,379,94
acc85/semi70,math500/77,1,175,23
acc85/semi70,math500/78,0,905,131
acc85/semi70,math500/79,1,179,20
acc85/semi70,math500/80,0,991,296
acc85/semi70,math500/81,1,498,112
acc85/semi70,math500/82,0,568,126
acc85/semi70,math500/83,1,316,41
acc85/semi70,math500/84,0,4017,447
acc85/semi70,math500/85,1,360,73
acc85/semi70,math500/86,1,118,36
acc85/semi70,math500/87,1,386,78
acc85/semi70,math500/88,1,2342,605
acc85/semi70,math500/89,1,505,102
acc85/semi70,math500/90,1,81,23
acc85/semi70,math500/91,1,313,67
acc85/semi70,math500/92,0,463,75
acc85/semi70,math500/93,1,421,68
acc85/semi70,math500/94,0,1005,309
acc85/semi70,math500/95,1,508,60
acc85/semi70,math500/96,0,3965,288
acc85/semi70,math500/97,0,338,108
acc85/semi70,math500/98,1,110,22
acc85/semi70,math500/99,0,642,86
acc85/semi70,math500/100,1,1236,429
acc85/semi70,math500/101,1,2579,449
acc85/semi70,math500/102,1,199,39
acc85/semi70,math500/103,0,1770,515
acc85/semi70,math500/104,0,3993,506
acc85/semi70,math500/105,1,323,67
acc85/semi70,math500/106,0,258,60
acc85/semi70,math500/107,0,343,80
acc85/semi70,math500/108,0,3987,997
acc85/semi70,math500/109,0,996,132
acc85/semi70,math500/110,0,3955,379
acc85/semi70,math500/111,1,245,47
acc85/semi70,math500/112,1,661,85
acc85/semi70,math500/113,1,281,35
acc85/semi70,math500/114,1,504,70
acc85/semi70,math500/115,1,220,62
acc85/semi70,math500/116,1,195,28
acc85/semi70,math500/117,1,198,30
acc85/semi70,math500/118,1,729,141
acc85/semi70,math500/119,0,3920,307
acc85/semi70,math500/120,1,740,246
acc85/semi70,math500/121,1,200,32
acc85/semi70,math500/122,1,244,60
acc85/semi70,math500/123,0,1484,314
acc85/semi70,math500/124,1,332,63
acc85/semi70,math500/125,1,270,28
acc85/semi70,math500/126,0,3999,607
acc85/semi70,math500/127,0,179,41
acc85/semi70,math500/128,1,228,76
acc85/semi70,math500/129,0,1232,220
acc85/semi70,math500/130,1,423,109
acc85/semi70,math500/131,1,357,44
acc85/semi70,math500/132,1,325,61
acc85/semi70,math500/133,1,268,70
acc85/semi70,math500/134,1,608,112
acc85/semi70,math500/135,1,314,64
acc85/semi70,math500/136,1,1111,286
acc85/semi70,math500/137,0,294,52
acc85/semi70,math500/138,0,1002,411
acc85/semi70,math500/139,1,785,160
acc85/semi70,math500/140,1,516,136
acc85/semi70,math500/141,1,255,105
acc85/semi70,math500/142,1,433,151
acc85/semi70,math500/143,1,653,79
acc85/semi70,math500/144,1,217,25
acc85/semi70,math500/145,0,4015,611
acc85/semi70,math500/146,1,266,40
acc85/semi70,math500/147,0,4025,289
acc85/semi70,math500/148,1,137,24
acc85/semi70,math500/149,0,4015,263
acc85/semi70,math500/150,0,1353,253
acc85/semi70,math500/151,0,707,133
acc85/semi70,math500/152,1,1540,227
acc85/semi70,math500/153,0,587,127
acc85/semi70,math500/154,0,796,293
acc85/semi70,math500/155,1,487,142
acc85/semi70,math500/156,0,3879,358
acc85/semi70,math500/157,1,559,79
acc85/semi70,math500/158,0,415,69
acc85/semi70,math500/159,1,394,101
acc85/semi70,math500/160,1,381,72
acc85/semi70,math500/161,1,105,19
acc85/semi70,math500/162,1,526,112
acc85/semi70,math500/163,0,830,180
acc85/semi70,math500/164,0,474,118
acc85/semi70,math500/165,1,208,54
acc85/semi70,math500/166,0,1105,414
acc85/semi70,math500/167,1,147,29
acc85/semi70,math500/168,0,740,244
acc85/semi70,math500/169,1,262,37
acc85/semi70,math500/170,0,4029,278
acc85/semi70,math500/171,1,223,39
acc85/semi70,math500/172,0,354,56
acc85/semi70,math500/173,1,835,175
acc85/semi70,math500/174,1,277,72
acc85/semi70,math500/175,1,665,117
acc85/semi70,math500/176,1,197,33
acc85/semi70,math500/177,1,1003,279
acc85/semi70,math500/178,1,127,16
acc85/semi70,math500/179,0,879,119
acc85/semi70,math500/180,1,319,84
acc85/semi70,math500/181,1,338,54
acc85/semi70,math500/182,1,153,30
acc85/semi70,math500/183,1,561,66
acc85/semi70,math500/184,1,780,177
acc85/semi70,math500/185,1,170,22
acc85/semi70,math500/186,1,480,154
acc85/semi70,math500/187,1,283,46
acc85/semi70,math500/188,0,3849,303
acc85/semi70,math500/189,0,2024,471
acc85/semi70,math500/190,1,321,111
acc85/semi70,math500/191,1,171,26
acc85/semi70,math500/192,1,691,146
acc85/semi70,math500/193,1,445,89
acc85/semi70,math500/194,0,1195,237
acc85/semi70,math500/195,1,363,71
acc85/semi70,math500/196,1,211,34
acc85/semi70,math500/197,1,891,162
acc85/semi70,math500/198,0,261,71
acc85/semi70,math500/199,1,218,34
acc85/semi70,math500/200,1,243,34
acc85/semi70,math500/201,1,599,134
acc85/semi70,math500/202,1,642,123
acc85/semi70,math500/203,1,510,87
acc85/semi70,math500/204,0,3986,469
acc85/semi70,math500/205,0,743,61
acc85/semi70,math500/206,1,348,45
acc85/semi70,math500/207,1,122,32
acc85/semi70,math500/208,0,247,63
acc85/semi70,math500/209,0,4035,206
acc85/semi70,math500/210,0,384,99
acc85/semi70,math500/211,1,187,24
acc85/semi70,math500/212,1,275,56
acc85/semi70,math500/213,0,1418,259
acc85/semi70,math500/214,1,578,166
acc85/semi70,math500/215,1,438,81
acc85/semi70,math500/216,1,276,40
acc85/semi70,math500/217,0,4054,299
acc85/semi70,math500/218,1,183,22
acc85/semi70,math500/219,0,3373,706
acc85/semi70,math500/220,1,226,73
acc85/semi70,math500/221,1,380,102
acc85/semi70,math500/222,0,3936,676
acc85/semi70,math500/223,0,321,62
acc85/semi70,math500/224,1,548,78
acc85/semi70,math500/225,0,167,43
acc85/semi70,math500/226,1,326,128
acc85/semi70,math500/227,0,148,98
acc85/semi70,math500/228,1,1364,259
acc85/semi70,math500/229,1,162,48
acc85/semi70,math500/230,1,847,157
acc85/semi70,math500/231,1,623,119
acc85/semi70,math500/232,0,534,116
acc85/semi70,math500/233,1,425,68
acc85/semi70,math500/234,1,508,79
acc85/semi70,math500/235,1,423,43
acc85/semi70,math500/236,1,683,93
acc85/semi70,math500/237,0,518,104
acc85/semi70,math500/238,1,473,87
acc85/semi70,math500/239,0,1596,460
acc85/semi70,math500/240,0,3847,434
acc85/semi70,math500/241,0,4030,199
acc85/semi70,math500/242,1,388,94
acc85/semi70,math500/243,1,234,69
acc85/semi70,math500/244,1,449,113
acc85/semi70,math500/245,0,963,221
acc85/semi70,math500/246,0,213,114
acc85/semi70,math500/247,0,401,75
acc85/semi70,math500/248,0,4003,675
acc85/semi70,math500/249,0,4032,348
acc85/semi70,math500/250,1,440,60
acc85/semi70,math500/251,1,461,196
acc85/semi70,math500/252,1,551,94
acc85/semi70,math500/253,1,172,38
acc85/semi70,math500/254,1,331,107
acc85/semi70,math500/255,0,861,203
acc85/semi70,math500/256,1,241,29
acc85/semi70,math500/257,1,248,52
acc85/semi70,math500/258,1,328,60
acc85/semi70,math500/259,1,179,34
acc85/semi70,math500/260,0,688,87
acc85/semi70,math500/261,1,328,74
acc85/semi70,math500/262,0,126,33
acc85/semi70,math500/263,1,288,59
acc85/semi70,math500/264,0,483,189
acc85/semi70,math500/265,1,207,30
acc85/semi70,math500/266,1,228,61
acc85/semi70,math500/267,1,889,332
acc85/semi70,math500/268,1,175,30
acc85/semi70,math500/269,1,254,77
acc85/semi70,math500/270,1,330,47
acc85/semi70,math500/271,0,562,141
acc85/semi70,math500/272,0,601,129
acc85/semi70,math500/273,0,256,60
acc85/semi70,math500/274,0,625,290
acc85/semi70,math500/275,1,178,13
acc85/semi70,math500/276,1,391,114
acc85/semi70,math500/277,1,205,79
acc85/semi70,math500/278,1,249,63
acc85/semi70,math500/279,0,424,97
acc85/semi70,math500/280,1,516,125
acc85/semi70,math500/281,0,449,189
acc85/semi70,math500/282,0,466,76
acc85/semi70,math500/283,1,284,29
acc85/semi70,math500/284,0,970,161
acc85/semi70,math500/285,0,2781,460
acc85/semi70,math500/286,0,4005,397
acc85/semi70,math500/287,1,908,259
acc85/semi70,math500/288,0,1057,127
acc85/semi70,math500/289,0,742,170
acc85/semi70,math500/290,0,654,100
acc85/semi70,math500/291,1,313,88
acc85/semi70,math500/292,0,1356,220
acc85/semi70,math500/293,1,338,41
acc85/semi70,math500/294,1,673,183
acc85/semi70,math500/295,0,3973,450
acc85/semi70,math500/296,0,1296,368
acc85/semi70,math500/297,1,573,140
acc85/semi70,math500/298,0,1005,128
acc85/semi70,math500/299,0,360,114
acc85/semi70,math500/300,1,225,79
acc85/semi70,math500/301,0,409,104
acc85/semi70,math500/302,0,3983,242
acc85/semi70,math500/303,0,3995,729
acc85/semi70,math500/304,1,699,107
acc85/semi70,math500/305,1,462,74
acc85/semi70,math500/306,0,1181,473
acc85/semi70,math500/307,0,421,118
acc85/semi70,math500/308,0,1765,597
acc85/semi70,math500/309,0,4049,266
acc85/semi70,math500/310,1,259,41
acc85/semi70,math500/311,0,489,80
acc85/semi70,math500/312,1,224,62
acc85/semi70,math500/313,1,248,61
acc85/semi70,math500/314,1,235,47
acc85/semi70,math500/315,1,825,258
acc85/semi70,math500/316,1,462,86
acc85/semi70,math500/317,0,634,192
acc85/semi70,math500/318,1,317,34
acc85/semi70,math500/319,1,219,36
acc85/semi70,math500/320,1,771,193
acc85/semi70,math500/321,1,244,51
acc85/semi70,math500/322,1,207,25
acc85/semi70,math500/323,1,616,293
acc85/semi70,math500/324,1,735,210
acc85/semi70,math500/325,1,375,52
acc85/semi70,math500/326,0,538,69
acc85/semi70,math500/327,0,1732,286
acc85/semi70,math500/328,1,1653,362
acc85/semi70,math500/329,1,149,26
acc85/semi70,math500/330,0,274,62
acc85/semi70,math500/331,1,608,73
acc85/semi70,math500/332,0,1489,290
acc85/semi70,math500/333,1,515,113
acc85/semi70,math500/334,1,403,83
acc85/semi70,math500/335,1,652,128
acc85/semi70,math500/336,1,201,19
acc85/semi70,math500/337,1,296,77
acc85/semi70,math500/338,0,178,37
acc85/semi70,math500/339,0,760,165
acc85/semi70,math500/340,1,1907,359
acc85/semi70,math500/341,1,355,64
acc85/semi70,math500/342,1,221,36
acc85/semi70,math500/343,1,252,79
acc85/semi70,math500/344,1,298,51
acc85/semi70,math500/345,1,175,18
acc85/semi70,math500/346,1,395,45
acc85/semi70,math500/347,1,287,48
acc85/semi70,math500/348,1,250,33
acc85/semi70,math500/349,0,564,216
acc85/semi70,math500/350,1,318,80
acc85/semi70,math500/351,0,555,51
acc85/semi70,math500/352,0,2283,531
acc85/semi70,math500/353,1,320,119
acc85/semi70,math500/354,1,422,127
acc85/semi70,math500/355,0,1118,185
acc85/semi70,math500/356,1,532,127
acc85/semi70,math500/357,0,510,157
acc85/semi70,math500/358,0,275,103
acc85/semi70,math500/359,0,3976,263
acc85/semi70,math500/360,1,424,69
acc85/semi70,math500/361,1,883,192
acc85/semi70,math500/362,1,236,54
acc85/semi70,math500/363,1,156,28
acc85/semi70,math500/364,1,604,130
acc85/semi70,math500/365,1,1043,326
acc85/semi70,math500/366,1,369,59
acc85/semi70,math500/367,1,177,22
acc85/semi70,math500/368,1,353,85
acc85/semi70,math500/369,0,247,69
acc85/semi70,math500/370,1,191,32
acc85/semi70,math500/371,0,4008,327
acc85/semi70,math500/372,0,510,193
acc85/semi70,math500/373,1,425,57
acc85/semi70,math500/374,1,138,16
acc85/semi70,math500/375,1,441,94
acc85/semi70,math500/376,0,628,131
acc85/semi70,math500/377,1,638,208
acc85/semi70,math500/378,1,497,107
acc85/semi70,math500/379,0,618,132
acc85/semi70,math500/380,1,1044,180
acc85/semi70,math500/381,0,788,253
acc85/semi70,math500/382,1,613,149
acc85/semi70,math500/383,0,465,72
acc85/semi70,math500/384,1,122,17
acc85/semi70,math500/385,1,274,57
acc85/semi70,math500/386,0,225,42
acc85/semi70,math500/387,1,178,30
acc85/semi70,math500/388,1,447,73
acc85/semi70,math500/389,1,412,128
acc85/semi70,math500/390,1,800,150
acc85/semi70,math500/391,0,2453,494
acc85/semi70,math500/392,0,3795,748
acc85/semi70,math500/393,0,240,73
acc85/semi70,math500/394,0,1265,304
acc85/semi70,math500/395,1,281,44
acc85/semi70,math500/396,1,480,173
acc85/semi70,math500/397,1,173,15
acc85/semi70,math500/398,1,401,75
acc85/semi70,math500/399,1,85,21
acc85/semi70,math500/400,0,794,226
acc85/semi70,math500/401,0,1797,343
acc85/semi70,math500/402,0,395,124
acc85/semi70,math500/403,1,401,84
acc85/semi70,math500/404,1,242,51
acc85/semi70,math500/405,1,237,83
acc85/semi70,math500/406,1,142,23
acc85/semi70,math500/407,1,186,25
acc85/semi70,math500/408,0,1206,239
acc85/semi70,math500/409,0,771,195
acc85/semi70,math500/410,1,472,167
acc85/semi70,math500/411,1,135,46
acc85/semi70,math500/412,0,3999,499
acc85/semi70,math500/413,1,212,39
acc85/semi70,math500/414,1,372,59
acc85/semi70,math500/415,1,660,116
acc85/semi70,math500/416,0,604,73
acc85/semi70,math500/417,0,1064,236
acc85/semi70,math500/418,1,351,53
acc85/semi70,math500/419,1,1169,167
acc85/semi70,math500/420,0,459,41
acc85/semi70,math500/421,0,3967,370
acc85/semi70,math500/422,0,3963,493
acc85/semi70,math500/423,1,903,158
acc85/semi70,math500/424,1,357,48
acc85/semi70,math500/425,0,1345,267
acc85/semi70,math500/426,1,453,92
acc85/semi70,math500/427,1,201,41
acc85/semi70,math500/428,0,1008,123
acc85/semi70,math500/429,0,1925,450
acc85/semi70,math500/430,1,55,14
acc85/semi70,math500/431,0,841,149
acc85/semi70,math500/432,0,1204,200
acc85/semi70,math500/433,0,77,13
acc85/semi70,math500/434,0,479,118
acc85/semi70,math500/435,1,406,95
acc85/semi70,math500/436,0,4031,386
acc85/semi70,math500/437,1,790,199
acc85/semi70,math500/438,1,152,61
acc85/semi70,math500/439,1,276,71
acc85/semi70,math500/440,1,298,32
acc85/semi70,math500/441,1,214,57
acc85/semi70,math500/442,1,254,22
acc85/semi70,math500/443,1,201,28
acc85/semi70,math500/444,0,3893,621
acc85/semi70,math500/445,0,2270,504
acc85/semi70,math500/446,0,560,63
acc85/semi70,math500/447,1,302,109
acc85/semi70,math500/448,1,555,102
acc85/semi70,math500/449,1,217,28
acc85/semi70,math500/450,0,765,141
acc85/semi70,math500/451,1,402,76
acc85/semi70,math500/452,0,496,85
acc85/semi70,math500/453,1,307,82
acc85/semi70,math500/454,1,1442,229
acc85/semi70,math500/455,1,165,33
acc85/semi70,math500/456,0,716,135
acc85/semi70,math500/457,1,64,24
acc85/semi70,math500/458,1,448,177
acc85/semi70,math500/459,0,682,160
acc85/semi70,math500/460,0,394,115
acc85/semi70,math500/461,1,523,69
acc85/semi70,math500/462,1,343,108
acc85/semi70,math500/463,1,165,38
acc85/semi70,math500/464,1,532,92
acc85/semi70,math500/465,1,469,117
acc85/semi70,math500/466,0,3989,306
acc85/semi70,math500/467,1,378,59
acc85/semi70,math500/468,1,180,40
acc85/semi70,math500/469,1,209,35
acc85/semi70,math500/470,0,1372,251
acc85/semi70,math500/471,1,206,26
acc85/semi70,math500/472,1,180,29
acc85/semi70,math500/473,0,446,163
acc85/semi70,math500/474,1,475,62
acc85/semi70,math500/475,0,3913,413
acc85/semi70,math500/476,1,277,75
acc85/semi70,math500/477,0,2493,351
acc85/semi70,math500/478,0,851,191
acc85/semi70,math500/479,1,373,110
acc85/semi70,math500/480,1,455,104
acc85/semi70,math500/481,0,2790,407
acc85/semi70,math500/482,1,766,230
acc85/semi70,math500/483,0,1294,211
acc85/semi70,math500/484,1,820,93
acc85/semi70,math500/485,0,1540,219
acc85/semi70,math500/486,0,440,149
acc85/semi70,math500/487,1,179,35
acc85/semi70,math500/488,1,134,28
acc85/semi70,math500/489,1,702,177
acc85/semi70,math500/490,0,3980,433
acc85/semi70,math500/491,1,336,115
acc85/semi70,math500/492,1,446,71
acc85/semi70,math500/493,1,611,81
acc85/semi70,math500/494,0,1346,372
acc85/semi70,math500/495,0,445,131
acc85/semi70,math500/496,1,368,35
acc85/semi70,math500/497,0,3782,675
acc85/semi70,math500/498,0,1887,297
acc85/semi70,math500/499,1,404,108
acc95/semi90,gsm8k/0,1,115,56
acc95/semi90,gsm8k/1,0,274,111
acc95/semi90,gsm8k/2,1,195,57
acc95/semi90,gsm8k/3,1,194,44
acc95/semi90,gsm8k/4,1,206,98
acc95/semi90,gsm8k/5,1,148,42
acc95/semi90,gsm8k/6,1,165,54
acc95/semi90,gsm8k/7,1,207,64
acc95/semi90,gsm8k/8,1,289,124
acc95/semi90,gsm8k/9,1,250,96
acc95/semi90,gsm8k/10,1,278,153
acc95/semi90,gsm8k/11,0,447,158
acc95/semi90,gsm8k/12,1,114,35
acc95/semi90,gsm8k/13,1,218,67
acc95/semi90,gsm8k/14,1,259,115
acc95/semi90,gsm8k/15,1,197,70
acc95/semi90,gsm8k/16,1,178,52
acc95/semi90,gsm8k/17,1,191,76
acc95/semi90,gsm8k/18,1,198,77
acc95/semi90,gsm8k/19,1,156,39
acc95/semi90,gsm8k/20,1,163,50
acc95/semi90,gsm8k/21,1,219,95
acc95/semi90,gsm8k/22,1,249,65
acc95/semi90,gsm8k/23,1,288,122
acc95/semi90,gsm8k/24,1,197,69
acc95/semi90,gsm8k/25,1,263,89
acc95/semi90,gsm8k/26,1,211,84
acc95/semi90,gsm8k/27,1,100,36
acc95/semi90,gsm8k/28,1,150,57
acc95/semi90,gsm8k/29,1,177,68
acc95/semi90,gsm8k/30,1,184,66
acc95/semi90,gsm8k/31,1,328,115
acc95/semi90,gsm8k/32,1,98,48
acc95/semi90,gsm8k/33,1,394,159
acc95/semi90,gsm8k/34,1,312,90
acc95/semi90,gsm8k/35,1,164,41
acc95/semi90,gsm8k/36,1,192,58
acc95/semi90,gsm8k/37,1,197,91
acc95/semi90,gsm8k/38,1,314,157
acc95/semi90,gsm8k/39,1,284,103
acc95/semi90,gsm8k/40,1,177,60
acc95/semi90,gsm8k/41,1,325,75
acc95/semi90,gsm8k/42,1,236,51
acc95/semi90,gsm8k/43,1,141,68
acc95/semi90,gsm8k/44,1,330,129
acc95/semi90,gsm8k/45,1,246,82
acc95/semi90,gsm8k/46,1,280,91
acc95/semi90,gsm8k/47,1,128,41
acc95/semi90,gsm8k/48,1,250,93
acc95/semi90,gsm8k/49,0,295,96
acc95/semi90,gsm8k/50,0,4001,555
acc95/semi90,gsm8k/51,1,125,60
acc95/semi90,gsm8k/52,1,125,31
acc95/semi90,gsm8k/53,1,88,33
acc95/semi90,gsm8k/54,1,307,84
acc95/semi90,gsm8k/55,1,148,49
acc95/semi90,gsm8k/56,1,304,66
acc95/semi90,gsm8k/57,1,131,33
acc95/semi90,gsm8k/58,1,161,50
acc95/semi90,gsm8k/59,1,154,72
acc95/semi90,gsm8k/60,1,156,44
acc95/semi90,gsm8k/61,1,187,37
acc95/semi90,gsm8k/62,1,227,87
acc95/semi90,gsm8k/63,1,140,72
acc95/semi90,gsm8k/64,0,394,157
acc95/semi90,gsm8k/65,1,140,64
acc95/semi90,gsm8k/66,1,217,73
acc95/semi90,gsm8k/67,1,257,75
acc95/semi90,gsm8k/68,1,617,356
acc95/semi90,gsm8k/69,1,104,44
acc95/semi90,gsm8k/70,1,321,97
acc95/semi90,gsm8k/71,1,213,51
acc95/semi90,gsm8k/72,1,206,78
acc95/semi90,gsm8k/73,1,216,69
acc95/semi90,gsm8k/74,1,130,54
acc95/semi90,gsm8k/75,1,180,83
acc95/semi90,gsm8k/76,1,224,85
acc95/semi90,gsm8k/77,0,323,161
acc95/semi90,gsm8k/78,1,202,70
acc95/semi90,gsm8k/79,1,278,67
acc95/semi90,gsm8k/80,1,204,58
acc95/semi90,gsm8k/81,1,267,95
acc95/semi90,gsm8k/82,1,161,50
acc95/semi90,gsm8k/83,1,310,109
acc95/semi90,gsm8k/84,1,150,74
acc95/semi90,gsm8k/85,1,128,44
acc95/semi90,gsm8k/86,1,247,85
acc95/semi90,gsm8k/87,1,205,75
acc95/semi90,gsm8k/88,1,172,40
acc95/semi90,gsm8k/89,1,182,49
acc95/semi90,gsm8k/90,1,224,42
acc95/semi90,gsm8k/91,1,424,125
acc95/semi90,gsm8k/92,1,192,72
acc95/semi90,gsm8k/93,1,116,34
acc95/semi90,gsm8k/94,0,223,78
acc95/semi90,gsm8k/95,1,180,50
acc95/semi90,gsm8k/96,0,295,175
acc95/semi90,gsm8k/97,1,229,108
acc95/semi90,gsm8k/98,1,162,47
acc95/semi90,gsm8k/99,1,244,52
acc95/semi90,gsm8k/100,1,283,120
acc95/semi90,gsm8k/101,1,285,103
acc95/semi90,gsm8k/102,1,235,81
acc95/semi90,gsm8k/103,1,188,46
acc95/semi90,gsm8k/104,1,144,82
acc95/semi90,gsm8k/105,1,230,71
acc95/semi90,gsm8k/106,0,391,187
acc95/semi90,gsm8k/107,1,202,69
acc95/semi90,gsm8k/108,1,198,56
acc95/semi90,gsm8k/109,1,332,96
acc95/semi90,gsm8k/110,1,160,44
acc95/semi90,gsm8k/111,1,152,45
acc95/semi90,gsm8k/112,1,156,65
acc95/semi90,gsm8k/113,1,190,77
acc95/semi90,gsm8k/114,1,174,73
acc95/semi90,gsm8k/115,1,138,30
acc95/semi90,gsm8k/116,1,339,115
acc95/semi90,gsm8k/117,1,301,116
acc95/semi90,gsm8k/118,1,221,100
acc95/semi90,gsm8k/119,1,242,71
acc95/semi90,gsm8k/120,1,97,42
acc95/semi90,gsm8k/121,1,290,121
acc95/semi90,gsm8k/122,0,111,35
acc95/semi90,gsm8k/123,1,445,148
acc95/semi90,gsm8k/124,1,160,51
acc95/semi90,gsm8k/125,0,152,50
acc95/semi90,gsm8k/126,1,362,171
acc95/semi90,gsm8k/127,1,171,59
acc95/semi90,gsm8k/128,1,936,361
acc95/semi90,gsm8k/129,1,213,95
acc95/semi90,gsm8k/130,1,218,78
acc95/semi90,gsm8k/131,1,455,157
acc95/semi90,gsm8k/132,1,199,39
acc95/semi90,gsm8k/133,1,238,92
acc95/semi90,gsm8k/134,1,149,54
acc95/semi90,gsm8k/135,1,388,116
acc95/semi90,gsm8k/136,1,468,161
acc95/semi90,gsm8k/137,0,233,70
acc95/semi90,gsm8k/138,1,275,122
acc95/semi90,gsm8k/139,1,139,66
acc95/semi90,gsm8k/140,1,318,82
acc95/semi90,gsm8k/141,1,236,89
acc95/semi90,gsm8k/142,1,170,68
acc95/semi90,gsm8k/143,1,240,91
acc95/semi90,gsm8k/144,1,399,99
acc95/semi90,gsm8k/145,1,170,74
acc95/semi90,gsm8k/146,1,287,73
acc95/semi90,gsm8k/147,1,145,51
acc95/semi90,gsm8k/148,1,302,124
acc95/semi90,gsm8k/149,1,164,79
acc95/semi90,gsm8k/150,1,298,113
acc95/semi90,gsm8k/151,1,316,127
acc95/semi90,gsm8k/152,1,332,119
acc95/semi90,gsm8k/153,1,223,83
acc95/semi90,gsm8k/154,1,146,40
acc95/semi90,gsm8k/155,0,140,45
acc95/semi90,gsm8k/156,1,199,51
acc95/semi90,gsm8k/157,1,180,71
acc95/semi90,gsm8k/158,1,228,73
acc95/semi90,gsm8k/159,1,346,88
acc95/semi90,gsm8k/160,1,156,47
acc95/semi90,gsm8k/161,1,216,72
acc95/semi90,gsm8k/162,1,211,80
acc95/semi90,gsm8k/163,1,209,101
acc95/semi90,gsm8k/164,1,286,78
acc95/semi90,gsm8k/165,1,245,95
acc95/semi90,gsm8k/166,1,167,51
acc95/semi90,gsm8k/167,1,183,57
acc95/semi90,gsm8k/168,1,389,225
acc95/semi90,gsm8k/169,1,184,53
acc95/semi90,gsm8k/170,1,428,149
acc95/semi90,gsm8k/171,0,4004,394
acc95/semi90,gsm8k/172,1,225,83
acc95/semi90,gsm8k/173,1,175,44
acc95/semi90,gsm8k/174,1,221,73
acc95/semi90,gsm8k/175,1,246,89
acc95/semi90,gsm8k/176,1,290,61
acc95/semi90,gsm8k/177,1,167,61
acc95/semi90,gsm8k/178,1,163,71
acc95/semi90,gsm8k/179,1,262,75
acc95/semi90,gsm8k/180,1,136,34
acc95/semi90,gsm8k/181,1,211,77
acc95/semi90,gsm8k/182,1,252,110
acc95/semi90,gsm8k/183,1,253,85
acc95/semi90,gsm8k/184,1,296,117
acc95/semi90,gsm8k/185,1,188,64
acc95/semi90,gsm8k/186,1,199,88
acc95/semi90,gsm8k/187,1,165,53
acc95/semi90,gsm8k/188,1,263,62
acc95/semi90,gsm8k/189,1,305,90
acc95/semi90,gsm8k/190,1,314,74
acc95/semi90,gsm8k/191,1,269,135
acc95/semi90,gsm8k/192,1,206,59
acc95/semi90,gsm8k/193,1,146,58
acc95/semi90,gsm8k/194,1,106,48
acc95/semi90,gsm8k/195,1,351,101
acc95/semi90,gsm8k/196,1,224,71
acc95/semi90,gsm8k/197,1,427,89
acc95/semi90,gsm8k/198,1,219,82
acc95/semi90,gsm8k/199,1,95,33
acc95/semi90,gsm8k/200,1,265,100
acc95/semi90,gsm8k/201,1,216,59
acc95/semi90,gsm8k/202,1,126,42
acc95/semi90,gsm8k/203,1,243,68
acc95/semi90,gsm8k/204,0,303,114
acc95/semi90,gsm8k/205,1,247,84
acc95/semi90,gsm8k/206,1,195,61
acc95/semi90,gsm8k/207,1,216,68
acc95/semi90,gsm8k/208,1,160,35
acc95/semi90,gsm8k/209,1,245,76
acc95/semi90,gsm8k/210,1,549,248
acc95/semi90,gsm8k/211,1,134,47
acc95/semi90,gsm8k/212,1,173,54
acc95/semi90,gsm8k/213,1,234,67
acc95/semi90,gsm8k/214,1,94,37
acc95/semi90,gsm8k/215,1,347,90
acc95/semi90,gsm8k/216,1,233,73
acc95/semi90,gsm8k/217,1,151,64
acc95/semi90,gsm8k/218,1,338,149
acc95/semi90,gsm8k/219,1,206,70
acc95/semi90,gsm8k/220,1,121,29
acc95/semi90,gsm8k/221,1,219,39
acc95/semi90,gsm8k/222,1,180,55
acc95/semi90,gsm8k/223,1,209,96
acc95/semi90,gsm8k/224,1,181,63
acc95/semi90,gsm8k/225,0,455,321
acc95/semi90,gsm8k/226,1,97,27
acc95/semi90,gsm8k/227,1,297,92
acc95/semi90,gsm8k/228,0,257,97
acc95/semi90,gsm8k/229,1,307,133
acc95/semi90,gsm8k/230,0,464,206
acc95/semi90,gsm8k/231,1,209,40
acc95/semi90,gsm8k/232,1,188,70
acc95/semi90,gsm8k/233,1,215,56
acc95/semi90,gsm8k/234,1,222,63
acc95/semi90,gsm8k/235,1,241,105
acc95/semi90,gsm8k/236,1,201,39
acc95/semi90,gsm8k/237,1,226,54
acc95/semi90,gsm8k/238,1,259,121
acc95/semi90,gsm8k/239,1,180,77
acc95/semi90,gsm8k/240,1,142,66
acc95/semi90,gsm8k/241,1,128,52
acc95/semi90,gsm8k/242,1,264,114
acc95/semi90,gsm8k/243,1,289,104
acc95/semi90,gsm8k/244,1,110,48
acc95/semi90,gsm8k/245,1,173,43
acc95/semi90,gsm8k/246,1,172,63
acc95/semi90,gsm8k/247,1,228,68
acc95/semi90,gsm8k/248,1,132,47
acc95/semi90,gsm8k/249,1,162,50
acc95/semi90,gsm8k/250,1,177,70
acc95/semi90,gsm8k/251,1,267,76
acc95/semi90,gsm8k/252,1,194,91
acc95/semi90,gsm8k/253,1,177,56
acc95/semi90,gsm8k/254,1,236,64
acc95/semi90,gsm8k/255,1,357,106
acc95/semi90,gsm8k/256,1,306,83
acc95/semi90,gsm8k/257,1,301,110
acc95/semi90,gsm8k/258,1,177,62
acc95/semi90,gsm8k/259,0,3924,468
acc95/semi90,gsm8k/260,1,161,54
acc95/semi90,gsm8k/261,1,342,123
acc95/semi90,gsm8k/262,1,257,60
acc95/semi90,gsm8k/263,1,226,76
acc95/semi90,gsm8k/264,1,243,85
acc95/semi90,gsm8k/265,0,245,86
acc95/semi90,gsm8k/266,1,277,112
acc95/semi90,gsm8k/267,1,142,54
acc95/semi90,gsm8k/268,1,193,42
acc95/semi90,gsm8k/269,1,173,39
acc95/semi90,gsm8k/270,0,448,166
acc95/semi90,gsm8k/271,1,293,97
acc95/semi90,gsm8k/272,1,153,27
acc95/semi90,gsm8k/273,1,257,101
acc95/semi90,gsm8k/274,1,283,80
acc95/semi90,gsm8k/275,1,227,80
acc95/semi90,gsm8k/276,1,346,185
acc95/semi90,gsm8k/277,1,187,67
acc95/semi90,gsm8k/278,1,150,42
acc95/semi90,gsm8k/279,1,204,64
acc95/semi90,gsm8k/280,1,274,111
acc95/semi90,gsm8k/281,1,141,60
acc95/semi90,gsm8k/282,1,211,61
acc95/semi90,gsm8k/283,0,207,96
acc95/semi90,gsm8k/284,1,168,56
acc95/semi90,gsm8k/285,1,242,61
acc95/semi90,gsm8k/286,1,167,66
acc95/semi90,gsm8k/287,0,411,186
acc95/semi90,gsm8k/288,1,323,99
acc95/semi90,gsm8k/289,1,228,111
acc95/semi90,gsm8k/290,1,157,47
acc95/semi90,gsm8k/291,1,238,62
acc95/semi90,gsm8k/292,1,137,40
acc95/semi90,gsm8k/293,1,369,140
acc95/semi90,gsm8k/294,0,488,229
acc95/semi90,gsm8k/295,1,164,58
acc95/semi90,gsm8k/296,0,352,127
acc95/semi90,gsm8k/297,1,218,79
acc95/semi90,gsm8k/298,1,247,85
acc95/semi90,gsm8k/299,1,294,71
acc95/semi90,gsm8k/300,1,266,95
acc95/semi90,gsm8k/301,1,121,33
acc95/semi90,gsm8k/302,1,220,47
acc95/semi90,gsm8k/303,0,248,80
acc95/semi90,gsm8k/304,1,131,38
acc95/semi90,gsm8k/305,1,151,43
acc95/semi90,gsm8k/306,1,142,38
acc95/semi90,gsm8k/307,1,249,100
acc95/semi90,gsm8k/308,1,254,78
acc95/semi90,gsm8k/309,1,196,74
acc95/semi90,gsm8k/310,1,255,108
acc95/semi90,gsm8k/311,1,168,63
acc95/semi90,gsm8k/312,1,205,66
acc95/semi90,gsm8k/313,1,258,73
acc95/semi90,gsm8k/314,1,257,82
acc95/semi90,gsm8k/315,1,242,84
acc95/semi90,gsm8k/316,1,194,81
acc95/semi90,gsm8k/317,1,227,93
acc95/semi90,gsm8k/318,1,233,36
acc95/semi90,gsm8k/319,1,106,39
acc95/semi90,gsm8k/320,0,371,213
acc95/semi90,gsm8k/321,1,210,56
acc95/semi90,gsm8k/322,1,304,113
acc95/semi90,gsm8k/323,1,219,78
acc95/semi90,gsm8k/324,1,304,100
acc95/semi90,gsm8k/325,1,226,46
acc95/semi90,gsm8k/326,1,261,88
acc95/semi90,gsm8k/327,1,228,64
acc95/semi90,gsm8k/328,1,148,20
acc95/semi90,gsm8k/329,1,190,76
acc95/semi90,gsm8k/330,1,170,71
acc95/semi90,gsm8k/331,1,150,56
acc95/semi90,gsm8k/332,1,190,67
acc95/semi90,gsm8k/333,1,205,70
acc95/semi90,gsm8k/334,1,288,146
acc95/semi90,gsm8k/335,1,152,67
acc95/semi90,gsm8k/336,1,257,99
acc95/semi90,gsm8k/337,0,370,109
acc95/semi90,gsm8k/338,1,259,81
acc95/semi90,gsm8k/339,0,615,300
acc95/semi90,gsm8k/340,1,203,73
acc95/semi90,gsm8k/341,1,134,50
acc95/semi90,gsm8k/342,1,219,57
acc95/semi90,gsm8k/343,1,229,84
acc95/semi90,gsm8k/344,1,102,51
acc95/semi90,gsm8k/345,1,281,82
acc95/semi90,gsm8k/346,1,396,141
acc95/semi90,gsm8k/347,1,100,37
acc95/semi90,gsm8k/348,1,348,76
acc95/semi90,gsm8k/349,1,217,70
acc95/semi90,gsm8k/350,1,280,65
acc95/semi90,gsm8k/351,1,494,112
acc95/semi90,gsm8k/352,1,104,30
acc95/semi90,gsm8k/353,1,231,124
acc95/semi90,gsm8k/354,1,189,56
acc95/semi90,gsm8k/355,1,256,99
acc95/semi90,gsm8k/356,1,325,122
acc95/semi90,gsm8k/357,1,359,144
acc95/semi90,gsm8k/358,1,153,56
acc95/semi90,gsm8k/359,1,279,71
acc95/semi90,gsm8k/360,1,468,167
acc95/semi90,gsm8k/361,1,230,100
acc95/semi90,gsm8k/362,1,147,38
acc95/semi90,gsm8k/363,1,163,60
acc95/semi90,gsm8k/364,1,100,56
acc95/semi90,gsm8k/365,1,224,112
acc95/semi90,gsm8k/366,0,219,67
acc95/semi90,gsm8k/367,1,205,53
acc95/semi90,gsm8k/368,1,280,128
acc95/semi90,gsm8k/369,1,206,82
acc95/semi90,gsm8k/370,0,239,89
acc95/semi90,gsm8k/371,1,218,41
acc95/semi90,gsm8k/372,1,254,111
acc95/semi90,gsm8k/373,1,143,32
acc95/semi90,gsm8k/374,1,338,110
acc95/semi90,gsm8k/375,1,354,165
acc95/semi90,gsm8k/376,1,154,29
acc95/semi90,gsm8k/377,1,172,50
acc95/semi90,gsm8k/378,1,355,120
acc95/semi90,gsm8k/379,1,214,71
acc95/semi90,gsm8k/380,1,245,94
acc95/semi90,gsm8k/381,1,153,37
acc95/semi90,gsm8k/382,0,361,150
acc95/semi90,gsm8k/383,1,117,37
acc95/semi90,gsm8k/384,1,168,46
acc95/semi90,gsm8k/385,1,192,54
acc95/semi90,gsm8k/386,1,294,72
acc95/semi90,gsm8k/387,1,251,78
acc95/semi90,gsm8k/388,1,248,97
acc95/semi90,gsm8k/389,0,264,127
acc95/semi90,gsm8k/390,1,196,87
acc95/semi90,gsm8k/391,1,283,92
acc95/semi90,gsm8k/392,1,290,131
acc95/semi90,gsm8k/393,1,166,55
acc95/semi90,gsm8k/394,1,169,44
acc95/semi90,gsm8k/395,1,122,35
acc95/semi90,gsm8k/396,1,285,82
acc95/semi90,gsm8k/397,1,134,49
acc95/semi90,gsm8k/398,1,170,47
acc95/semi90,gsm8k/399,0,274,143
acc95/semi90,gsm8k/400,1,195,48
acc95/semi90,gsm8k/401,1,265,87
acc95/semi90,gsm8k/402,1,311,113
acc95/semi90,gsm8k/403,0,332,83
acc95/semi90,gsm8k/404,1,173,63
acc95/semi90,gsm8k/405,0,450,195
acc95/semi90,gsm8k/406,0,222,123
acc95/semi90,gsm8k/407,1,304,110
acc95/semi90,gsm8k/408,1,105,39
acc95/semi90,gsm8k/409,1,303,93
acc95/semi90,gsm8k/410,1,308,75
acc95/semi90,gsm8k/411,1,221,79
acc95/semi90,gsm8k/412,1,250,102
acc95/semi90,gsm8k/413,1,151,51
acc95/semi90,gsm8k/414,1,172,67
acc95/semi90,gsm8k/415,1,260,62
acc95/semi90,gsm8k/416,1,165,56
acc95/semi90,gsm8k/417,1,269,60
acc95/semi90,gsm8k/418,1,127,47
acc95/semi90,gsm8k/419,1,258,84
acc95/semi90,gsm8k/420,1,243,68
acc95/semi90,gsm8k/421,1,149,35
acc95/semi90,gsm8k/422,1,148,51
acc95/semi90,gsm8k/423,0,165,59
acc95/semi90,gsm8k/424,1,152,53
acc95/semi90,gsm8k/425,0,191,92
acc95/semi90,gsm8k/426,1,210,63
acc95/semi90,gsm8k/427,1,380,147
acc95/semi90,gsm8k/428,1,230,78
acc95/semi90,gsm8k/429,0,485,198
acc95/semi90,gsm8k/430,1,129,34
acc95/semi90,gsm8k/431,1,466,240
acc95/semi90,gsm8k/432,1,166,50
acc95/semi90,gsm8k/433,1,388,139
acc95/semi90,gsm8k/434,1,365,124
acc95/semi90,gsm8k/435,1,200,44
acc95/semi90,gsm8k/436,1,321,97
acc95/semi90,gsm8k/437,0,317,119
acc95/semi90,gsm8k/438,0,193,45
acc95/semi90,gsm8k/439,0,305,91
acc95/semi90,gsm8k/440,0,88,34
acc95/semi90,gsm8k/441,1,287,122
acc95/semi90,gsm8k/442,1,134,46
acc95/semi90,gsm8k/443,1,318,100
acc95/semi90,gsm8k/444,1,109,30
acc95/semi90,gsm8k/445,1,270,112
acc95/semi90,gsm8k/446,1,214,124
acc95/semi90,gsm8k/447,1,182,66
acc95/semi90,gsm8k/448,1,217,66
acc95/semi90,gsm8k/449,1,207,61
acc95/semi90,gsm8k/450,1,180,37
acc95/semi90,gsm8k/451,1,290,95
acc95/semi90,gsm8k/452,0,237,133
acc95/semi90,gsm8k/453,1,281,128
acc95/semi90,gsm8k/454,1,269,145
acc95/semi90,gsm8k/455,1,213,101
acc95/semi90,gsm8k/456,1,151,30
acc95/semi90,gsm8k/457,1,211,63
acc95/semi90,gsm8k/458,1,245,105
acc95/semi90,gsm8k/459,1,295,71
acc95/semi90,gsm8k/460,1,175,53
acc95/semi90,gsm8k/461,1,243,72
acc95/semi90,gsm8k/462,1,264,58
acc95/semi90,gsm8k/463,1,234,79
acc95/semi90,gsm8k/464,1,311,106
acc95/semi90,gsm8k/465,1,355,163
acc95/semi90,gsm8k/466,1,298,104
acc95/semi90,gsm8k/467,1,175,40
acc95/semi90,gsm8k/468,1,166,53
acc95/semi90,gsm8k/469,1,256,81
acc95/semi90,gsm8k/470,1,193,47
acc95/semi90,gsm8k/471,1,258,87
acc95/semi90,gsm8k/472,1,396,125
acc95/semi90,gsm8k/473,1,234,44
acc95/semi90,gsm8k/474,1,217,62
acc95/semi90,gsm8k/475,0,287,212
acc95/semi90,gsm8k/476,1,256,100
acc95/semi90,gsm8k/477,1,154,61
acc95/semi90,gsm8k/478,1,214,31
acc95/semi90,gsm8k/479,0,417,120
acc95/semi90,gsm8k/480,1,243,80
acc95/semi90,gsm8k/481,0,356,163
acc95/semi90,gsm8k/482,1,220,69
acc95/semi90,gsm8k/483,1,308,173
acc95/semi90,gsm8k/484,1,325,112
acc95/semi90,gsm8k/485,1,169,43
acc95/semi90,gsm8k/486,0,3968,367
acc95/semi90,gsm8k/487,1,138,47
acc95/semi90,gsm8k/488,1,296,86
acc95/semi90,gsm8k/489,1,301,92
acc95/semi90,gsm8k/490,1,456,255
acc95/semi90,gsm8k/491,0,372,150
acc95/semi90,gsm8k/492,1,329,129
acc95/semi90,gsm8k/493,1,139,39
acc95/semi90,gsm8k/494,1,143,53
acc95/semi90,gsm8k/495,1,178,70
acc95/semi90,gsm8k/496,1,288,127
acc95/semi90,gsm8k/497,1,171,45
acc95/semi90,gsm8k/498,1,129,48
acc95/semi90,gsm8k/499,1,264,113
acc95/semi90,gsm8k/500,1,109,29
acc95/semi90,gsm8k/501,1,177,42
acc95/semi90,gsm8k/502,1,347,107
acc95/semi90,gsm8k/503,1,216,59
acc95/semi90,gsm8k/504,1,248,124
acc95/semi90,gsm8k/505,1,238,61
acc95/semi90,gsm8k/506,1,82,42
acc95/semi90,gsm8k/507,1,204,73
acc95/semi90,gsm8k/508,1,163,27
acc95/semi90,gsm8k/509,1,343,120
acc95/semi90,gsm8k/510,1,206,44
acc95/semi90,gsm8k/511,1,160,72
acc95/semi90,math500/0,1,249,64
acc95/semi90,math500/1,1,587,142
acc95/semi90,math500/2,1,370,32
acc95/semi90,math500/3,1,296,72
acc95/semi90,math500/4,0,420,141
acc95/semi90,math500/5,1,233,93
acc95/semi90,math500/6,1,361,144
acc95/semi90,math500/7,0,1238,266
acc95/semi90,math500/8,1,250,42
acc95/semi90,math500/9,0,1444,544
acc95/semi90,math500/10,0,549,245
acc95/semi90,math500/11,0,4014,855
acc95/semi90,math500/12,0,442,118
acc95/semi90,math500/13,1,180,43
acc95/semi90,math500/14,0,257,77
acc95/semi90,math500/15,0,984,258
acc95/semi90,math500/16,1,199,65
acc95/semi90,math500/17,1,1125,484
acc95/semi90,math500/18,0,1201,635
acc95/semi90,math500/19,0,4025,407
acc95/semi90,math500/20,1,126,29
acc95/semi90,math500/21,0,1652,458
acc95/semi90,math500/22,1,685,196
acc95/semi90,math500/23,1,402,60
acc95/semi90,math500/24,1,735,251
acc95/semi90,math500/25,0,1439,308
acc95/semi90,math500/26,0,1105,443
acc95/semi90,math500/27,1,335,101
acc95/semi90,math500/28,1,134,52
acc95/semi90,math500/29,1,245,78
acc95/semi90,math500/30,1,241,77
acc95/semi90,math500/31,1,142,38
acc95/semi90,math500/32,1,282,140
acc95/semi90,math500/33,1,639,137
acc95/semi90,math500/34,0,461,93
acc95/semi90,math500/35,1,269,56
acc95/semi90,math500/36,1,457,70
acc95/semi90,math500/37,1,205,109
acc95/semi90,math500/38,1,163,58
acc95/semi90,math500/39,1,346,88
acc95/semi90,math500/40,1,234,62
acc95/semi90,math500/41,0,4023,756
acc95/semi90,math500/42,1,171,33
acc95/semi90,math500/43,0,2653,513
acc95/semi90,math500/44,1,416,132
acc95/semi90,math500/45,1,152,36
acc95/semi90,math500/46,0,4029,432
acc95/semi90,math500/47,1,374,132
acc95/semi90,math500/48,1,188,51
acc95/semi90,math500/49,1,132,19
acc95/semi90,math500/50,0,733,287
acc95/semi90,math500/51,0,455,153
acc95/semi90,math500/52,1,304,50
acc95/semi90,math500/53,1,292,74
acc95/semi90,math500/54,1,71,15
acc95/semi90,math500/55,1,294,90
acc95/semi90,math500/56,1,208,58
acc95/semi90,math500/57,1,405,108
acc95/semi90,math500/58,1,167,28
acc95/semi90,math500/59,1,278,96
acc95/semi90,math500/60,0,1811,476
acc95/semi90,math500/61,1,528,97
acc95/semi90,math500/62,0,3967,621
acc95/semi90,math500/63,0,739,220
acc95/semi90,math500/64,1,1083,381
acc95/semi90,math500/65,1,134,75
acc95/semi90,math500/66,0,309,74
acc95/semi90,math500/67,1,264,97
acc95/semi90,math500/68,1,493,135
acc95/semi90,math500/69,1,949,249
acc95/semi90,math500/70,1,140,68
acc95/semi90,math500/71,0,249,102
acc95/semi90,math500/72,1,261,62
acc95/semi90,math500/73,1,253,34
acc95/semi90,math500/74,1,310,81
acc95/semi90,math500/75,1,414,162
acc95/semi90,math500/76,1,295,101
acc95/semi90,math500/77,1,174,30
acc95/semi90,math500/78,1,946,162
acc95/semi90,math500/79,1,179,28
acc95/semi90,math500/80,0,4027,892
acc95/semi90,math500/81,1,291,100
acc95/semi90,math500/82,1,619,196
acc95/semi90,math500/83,1,384,120
acc95/semi90,math500/84,1,697,132
acc95/semi90,math500/85,1,347,119
acc95/semi90,math500/86,1,109,48
acc95/semi90,math500/87,1,471,100
acc95/semi90,math500/88,0,1116,435
acc95/semi90,math500/89,0,345,93
acc95/semi90,math500/90,1,117,37
acc95/semi90,math500/91,1,315,124
acc95/semi90,math500/92,0,462,113
acc95/semi90,math500/93,1,380,97
acc95/semi90,math500/94,0,718,322
acc95/semi90,math500/95,1,511,81
acc95/semi90,math500/96,0,3965,394
acc95/semi90,math500/97,0,297,161
acc95/semi90,math500/98,1,111,30
acc95/semi90,math500/99,0,731,174
acc95/semi90,math500/100,0,3872,734
acc95/semi90,math500/101,0,2006,435
acc95/semi90,math500/102,1,197,53
acc95/semi90,math500/103,0,1631,634
acc95/semi90,math500/104,0,3993,605
acc95/semi90,math500/105,1,314,92
acc95/semi90,math500/106,1,262,77
acc95/semi90,math500/107,1,371,125
acc95/semi90,math500/108,0,3667,1024
acc95/semi90,math500/109,0,1298,160
acc95/semi90,math500/110,0,3955,689
acc95/semi90,math500/111,1,248,55
acc95/semi90,math500/112,1,648,129
acc95/semi90,math500/113,1,281,47
acc95/semi90,math500/114,1,517,119
acc95/semi90,math500/115,1,273,110
acc95/semi90,math500/116,1,208,33
acc95/semi90,math500/117,1,198,45
acc95/semi90,math500/118,0,654,162
acc95/semi90,math500/119,0,3920,490
acc95/semi90,math500/120,1,656,272
acc95/semi90,math500/121,1,187,41
acc95/semi90,math500/122,1,241,89
acc95/semi90,math500/123,0,1911,532
acc95/semi90,math500/124,1,333,100
acc95/semi90,math500/125,1,231,35
acc95/semi90,math500/126,0,3999,682
acc95/semi90,math500/127,0,179,56
acc95/semi90,math500/128,1,202,94
acc95/semi90,math500/129,0,1376,271
acc95/semi90,math500/130,0,395,140
acc95/semi90,math500/131,1,329,78
acc95/semi90,math500/132,0,320,109
acc95/semi90,math500/133,1,280,107
acc95/semi90,math500/134,1,612,198
acc95/semi90,math500/135,1,385,107
acc95/semi90,math500/136,1,1482,541
acc95/semi90,math500/137,0,347,67
acc95/semi90,math500/138,0,839,501
acc95/semi90,math500/139,1,619,223
acc95/semi90,math500/140,1,755,202
acc95/semi90,math500/141,1,317,189
acc95/semi90,math500/142,1,432,237
acc95/semi90,math500/143,1,597,101
acc95/semi90,math500/144,1,222,42
acc95/semi90,math500/145,0,1950,376
acc95/semi90,math500/146,1,292,71
acc95/semi90,math500/147,1,900,239
acc95/semi90,math500/148,1,176,26
acc95/semi90,math500/149,1,759,237
acc95/semi90,math500/150,0,1793,448
acc95/semi90,math500/151,1,916,171
acc95/semi90,math500/152,1,1607,338
acc95/semi90,math500/153,0,3986,392
acc95/semi90,math500/154,0,857,435
acc95/semi90,math500/155,1,393,141
acc95/semi90,math500/156,0,3335,1024
acc95/semi90,math500/157,1,621,148
acc95/semi90,math500/158,1,375,85
acc95/semi90,math500/159,1,311,103
acc95/semi90,math500/160,1,372,82
acc95/semi90,math500/161,1,88,23
acc95/semi90,math500/162,1,346,106
acc95/semi90,math500/163,1,569,150
acc95/semi90,math500/164,0,709,210
acc95/semi90,math500/165,1,213,67
acc95/semi90,math500/166,0,732,389
acc95/semi90,math500/167,1,146,36
acc95/semi90,math500/168,0,3406,664
acc95/semi90,math500/169,1,255,55
acc95/semi90,math500/170,0,1806,416
acc95/semi90,math500/171,1,224,56
acc95/semi90,math500/172,0,378,96
acc95/semi90,math500/173,0,4018,617
acc95/semi90,math500/174,1,287,95
acc95/semi90,math500/175,1,626,195
acc95/semi90,math500/176,1,197,42
acc95/semi90,math500/177,1,1133,357
acc95/semi90,math500/178,1,127,25
acc95/semi90,math500/179,1,892,163
acc95/semi90,math500/180,1,367,144
acc95/semi90,math500/181,1,315,76
acc95/semi90,math500/182,1,145,47
acc95/semi90,math500/183,0,1081,248
acc95/semi90,math500/184,0,2315,660
acc95/semi90,math500/185,1,169,31
acc95/semi90,math500/186,1,433,198
acc95/semi90,math500/187,1,277,67
acc95/semi90,math500/188,1,1042,232
acc95/semi90,math500/189,0,1952,563
acc95/semi90,math500/190,1,413,184
acc95/semi90,math500/191,1,163,37
acc95/semi90,math500/192,1,636,168
acc95/semi90,math500/193,1,498,163
acc95/semi90,math500/194,0,1819,582
acc95/semi90,math500/195,1,369,85
acc95/semi90,math500/196,1,211,41
acc95/semi90,math500/197,1,935,194
acc95/semi90,math500/198,1,250,115
acc95/semi90,math500/199,1,198,46
acc95/semi90,math500/200,1,263,45
acc95/semi90,math500/201,1,582,190
acc95/semi90,math500/202,1,742,268
acc95/semi90,math500/203,1,504,120
acc95/semi90,math500/204,0,3986,808
acc95/semi90,math500/205,0,1113,164
acc95/semi90,math500/206,1,361,98
acc95/semi90,math500/207,1,99,48
acc95/semi90,math500/208,1,285,106
acc95/semi90,math500/209,0,4035,495
acc95/semi90,math500/210,1,365,136
acc95/semi90,math500/211,1,187,32
acc95/semi90,math500/212,1,245,99
acc95/semi90,math500/213,0,1103,266
acc95/semi90,math500/214,1,571,226
acc95/semi90,math500/215,1,367,81
acc95/semi90,math500/216,1,274,49
acc95/semi90,math500/217,0,4054,437
acc95/semi90,math500/218,1,183,31
acc95/semi90,math500/219,0,3373,461
acc95/semi90,math500/220,1,225,89
acc95/semi90,math500/221,1,476,145
acc95/semi90,math500/222,0,3936,714
acc95/semi90,math500/223,0,297,82
acc95/semi90,math500/224,0,1549,321
acc95/semi90,math500/225,0,212,85
acc95/semi90,math500/226,1,270,138
acc95/semi90,math500/227,0,217,123
acc95/semi90,math500/228,0,1262,280
acc95/semi90,math500/229,1,165,80
acc95/semi90,math500/230,1,875,215
acc95/semi90,math500/231,1,632,142
acc95/semi90,math500/232,0,748,248
acc95/semi90,math500/233,1,414,84
acc95/semi90,math500/234,1,448,162
acc95/semi90,math500/235,1,411,55
acc95/semi90,math500/236,1,713,163
acc95/semi90,math500/237,0,933,208
acc95/semi90,math500/238,1,569,173
acc95/semi90,math500/239,0,2483,771
acc95/semi90,math500/240,0,718,298
acc95/semi90,math500/241,1,600,168
acc95/semi90,math500/242,0,431,148
acc95/semi90,math500/243,1,262,116
acc95/semi90,math500/244,1,375,128
acc95/semi90,math500/245,1,1142,261
acc95/semi90,math500/246,0,901,606
acc95/semi90,math500/247,0,450,114
acc95/semi90,math500/248,0,4003,389
acc95/semi90,math500/249,0,4032,278
acc95/semi90,math500/250,1,433,87
acc95/semi90,math500/251,0,551,270
acc95/semi90,math500/252,1,490,103
acc95/semi90,math500/253,1,171,50
acc95/semi90,math500/254,1,376,151
acc95/semi90,math500/255,0,814,273
acc95/semi90,math500/256,1,240,38
acc95/semi90,math500/257,1,263,98
acc95/semi90,math500/258,1,331,92
acc95/semi90,math500/259,1,195,51
acc95/semi90,math500/260,1,506,77
acc95/semi90,math500/261,1,284,75
acc95/semi90,math500/262,1,137,24
acc95/semi90,math500/263,1,272,80
acc95/semi90,math500/264,0,1638,725
acc95/semi90,math500/265,1,246,57
acc95/semi90,math500/266,1,361,111
acc95/semi90,math500/267,1,991,484
acc95/semi90,math500/268,1,173,48
acc95/semi90,math500/269,1,173,72
acc95/semi90,math500/270,1,326,83
acc95/semi90,math500/271,0,487,136
acc95/semi90,math500/272,1,573,201
acc95/semi90,math500/273,1,237,86
acc95/semi90,math500/274,0,530,302
acc95/semi90,math500/275,1,178,20
acc95/semi90,math500/276,0,494,208
acc95/semi90,math500/277,1,212,119
acc95/semi90,math500/278,1,241,91
acc95/semi90,math500/279,0,439,156
acc95/semi90,math500/280,1,499,149
acc95/semi90,math500/281,0,391,196
acc95/semi90,math500/282,0,391,101
acc95/semi90,math500/283,1,290,45
acc95/semi90,math500/284,0,1393,345
acc95/semi90,math500/285,0,1804,546
acc95/semi90,math500/286,0,4005,369
acc95/semi90,math500/287,1,622,239
acc95/semi90,math500/288,0,1050,168
acc95/semi90,math500/289,1,598,148
acc95/semi90,math500/290,1,631,106
acc95/semi90,math500/291,0,385,133
acc95/semi90,math500/292,0,3751,532
acc95/semi90,math500/293,1,298,67
acc95/semi90,math500/294,1,750,289
acc95/semi90,math500/295,0,3973,859
acc95/semi90,math500/296,0,1244,411
acc95/semi90,math500/297,1,558,201
acc95/semi90,math500/298,0,875,126
acc95/semi90,math500/299,1,355,148
acc95/semi90,math500/300,1,270,150
acc95/semi90,math500/301,0,374,129
acc95/semi90,math500/302,1,324,146
acc95/semi90,math500/303,0,792,366
acc95/semi90,math500/304,1,693,169
acc95/semi90,math500/305,1,360,70
acc95/semi90,math500/306,0,4023,369
acc95/semi90,math500/307,1,452,159
acc95/semi90,math500/308,0,2675,1024
acc95/semi90,math500/309,0,697,294
acc95/semi90,math500/310,1,252,54
acc95/semi90,math500/311,1,542,126
acc95/semi90,math500/312,1,202,99
acc95/semi90,math500/313,1,232,97
acc95/semi90,math500/314,1,289,69
acc95/semi90,math500/315,1,1741,694
acc95/semi90,math500/316,1,642,149
acc95/semi90,math500/317,0,1168,412
acc95/semi90,math500/318,1,329,52
acc95/semi90,math500/319,1,222,51
acc95/semi90,math500/320,0,502,188
acc95/semi90,math500/321,1,262,85
acc95/semi90,math500/322,1,201,37
acc95/semi90,math500/323,1,1036,675
acc95/semi90,math500/324,1,586,206
acc95/semi90,math500/325,1,393,74
acc95/semi90,math500/326,0,515,109
acc95/semi90,math500/327,0,3986,484
acc95/semi90,math500/328,1,1501,333
acc95/semi90,math500/329,1,162,39
acc95/semi90,math500/330,0,234,102
acc95/semi90,math500/331,1,606,103
acc95/semi90,math500/332,0,1031,443
acc95/semi90,math500/333,0,571,229
acc95/semi90,math500/334,1,317,81
acc95/semi90,math500/335,1,724,147
acc95/semi90,math500/336,0,299,79
acc95/semi90,math500/337,1,351,127
acc95/semi90,math500/338,0,167,51
acc95/semi90,math500/339,1,732,239
acc95/semi90,math500/340,0,2518,580
acc95/semi90,math500/341,1,327,87
acc95/semi90,math500/342,1,217,52
acc95/semi90,math500/343,0,280,113
acc95/semi90,math500/344,1,320,84
acc95/semi90,math500/345,1,178,31
acc95/semi90,math500/346,1,396,60
acc95/semi90,math500/347,1,258,54
acc95/semi90,math500/348,1,240,55
acc95/semi90,math500/349,0,403,216
acc95/semi90,math500/350,1,313,100
acc95/semi90,math500/351,1,498,87
acc95/semi90,math500/352,0,2269,810
acc95/semi90,math500/353,1,342,150
acc95/semi90,math500/354,1,434,166
acc95/semi90,math500/355,0,3524,659
acc95/semi90,math500/356,0,456,135
acc95/semi90,math500/357,1,539,201
acc95/semi90,math500/358,1,491,235
acc95/semi90,math500/359,0,3976,333
acc95/semi90,math500/360,1,359,114
acc95/semi90,math500/361,1,1531,440
acc95/semi90,math500/362,1,208,76
acc95/semi90,math500/363,1,106,40
acc95/semi90,math500/364,1,777,251
acc95/semi90,math500/365,0,1349,509
acc95/semi90,math500/366,1,366,88
acc95/semi90,math500/367,1,205,33
acc95/semi90,math500/368,1,384,138
acc95/semi90,math500/369,1,277,103
acc95/semi90,math500/370,1,189,45
acc95/semi90,math500/371,0,4008,364
acc95/semi90,math500/372,0,3827,354
acc95/semi90,math500/373,1,334,59
acc95/semi90,math500/374,1,135,23
acc95/semi90,math500/375,0,375,99
acc95/semi90,math500/376,0,783,171
acc95/semi90,math500/377,1,718,274
acc95/semi90,math500/378,0,419,152
acc95/semi90,math500/379,0,740,182
acc95/semi90,math500/380,1,1051,250
acc95/semi90,math500/381,0,1999,643
acc95/semi90,math500/382,1,706,250
acc95/semi90,math500/383,0,496,100
acc95/semi90,math500/384,1,120,23
acc95/semi90,math500/385,1,338,111
acc95/semi90,math500/386,1,300,83
acc95/semi90,math500/387,1,167,42
acc95/semi90,math500/388,1,445,111
acc95/semi90,math500/389,1,409,132
acc95/semi90,math500/390,0,864,235
acc95/semi90,math500/391,0,853,209
acc95/semi90,math500/392,0,3795,894
acc95/semi90,math500/393,1,295,114
acc95/semi90,math500/394,0,1643,471
acc95/semi90,math500/395,1,271,54
acc95/semi90,math500/396,1,437,219
acc95/semi90,math500/397,1,171,31
acc95/semi90,math500/398,0,456,131
acc95/semi90,math500/399,1,85,27
acc95/semi90,math500/400,0,2451,883
acc95/semi90,math500/401,0,1984,514
acc95/semi90,math500/402,0,402,145
acc95/semi90,math500/403,1,404,104
acc95/semi90,math500/404,1,246,79
acc95/semi90,math500/405,1,270,136
acc95/semi90,math500/406,1,124,35
acc95/semi90,math500/407,1,187,31
acc95/semi90,math500/408,0,1232,272
acc95/semi90,math500/409,1,877,349
acc95/semi90,math500/410,1,489,239
acc95/semi90,math500/411,1,167,73
acc95/semi90,math500/412,0,2224,646
acc95/semi90,math500/413,1,210,58
acc95/semi90,math500/414,1,336,78
acc95/semi90,math500/415,1,561,108
acc95/semi90,math500/416,1,678,102
acc95/semi90,math500/417,1,237,75
acc95/semi90,math500/418,1,362,82
acc95/semi90,math500/419,1,1082,192
acc95/semi90,math500/420,0,459,70
acc95/semi90,math500/421,0,3967,570
acc95/semi90,math500/422,0,3867,1024
acc95/semi90,math500/423,0,628,173
acc95/semi90,math500/424,1,304,57
acc95/semi90,math500/425,0,1472,383
acc95/semi90,math500/426,1,391,105
acc95/semi90,math500/427,1,197,66
acc95/semi90,math500/428,1,775,109
acc95/semi90,math500/429,1,535,145
acc95/semi90,math500/430,1,56,14
acc95/semi90,math500/431,1,824,186
acc95/semi90,math500/432,0,946,213
acc95/semi90,math500/433,1,78,23
acc95/semi90,math500/434,1,573,204
acc95/semi90,math500/435,1,373,117
acc95/semi90,math500/436,0,4031,370
acc95/semi90,math500/437,1,1203,414
acc95/semi90,math500/438,1,175,68
acc95/semi90,math500/439,1,329,123
acc95/semi90,math500/440,1,288,47
acc95/semi90,math500/441,1,258,78
acc95/semi90,math500/442,1,254,36
acc95/semi90,math500/443,1,202,47
acc95/semi90,math500/444,0,906,390
acc95/semi90,math500/445,0,3839,817
acc95/semi90,math500/446,1,566,96
acc95/semi90,math500/447,1,353,122
acc95/semi90,math500/448,0,635,176
acc95/semi90,math500/449,1,216,45
acc95/semi90,math500/450,0,579,177
acc95/semi90,math500/451,1,450,104
acc95/semi90,math500/452,0,504,140
acc95/semi90,math500/453,1,260,91
acc95/semi90,math500/454,0,1251,258
acc95/semi90,math500/455,1,169,44
acc95/semi90,math500/456,0,809,215
acc95/semi90,math500/457,1,65,25
acc95/semi90,math500/458,0,3964,511
acc95/semi90,math500/459,1,642,177
acc95/semi90,math500/460,0,337,146
acc95/semi90,math500/461,1,470,85
acc95/semi90,math500/462,1,327,130
acc95/semi90,math500/463,1,167,64
acc95/semi90,math500/464,1,596,176
acc95/semi90,math500/465,1,450,190
acc95/semi90,math500/466,1,1241,438
acc95/semi90,math500/467,1,352,86
acc95/semi90,math500/468,0,181,74
acc95/semi90,math500/469,1,179,35
acc95/semi90,math500/470,0,4022,523
acc95/semi90,math500/471,1,192,43
acc95/semi90,math500/472,0,216,55
acc95/semi90,math500/473,0,3841,886
acc95/semi90,math500/474,1,485,77
acc95/semi90,math500/475,0,3273,1024
acc95/semi90,math500/476,1,272,87
acc95/semi90,math500/477,0,495,205
acc95/semi90,math500/478,0,3998,679
acc95/semi90,math500/479,1,312,149
acc95/semi90,math500/480,0,795,234
acc95/semi90,math500/481,0,1099,276
acc95/semi90,math500/482,0,749,311
acc95/semi90,math500/483,0,4022,663
acc95/semi90,math500/484,0,4037,570
acc95/semi90,math500/485,0,2023,328
acc95/semi90,math500/486,1,286,151
acc95/semi90,math500/487,1,217,46
acc95/semi90,math500/488,1,134,47
acc95/semi90,math500/489,1,522,184
acc95/semi90,math500/490,0,2719,644
acc95/semi90,math500/491,0,310,164
acc95/semi90,math500/492,1,505,96
acc95/semi90,math500/493,1,1053,182
acc95/semi90,math500/494,0,2816,1024
acc95/semi90,math500/495,1,444,160
acc95/semi90,math500/496,1,399,57
acc95/semi90,math500/497,0,4022,356
acc95/semi90,math500/498,0,3069,790
acc95/semi90,math500/499,0,560,225
acc99/semi70,gsm8k/0,1,126,70
acc99/semi70,gsm8k/1,0,289,122
acc99/semi70,gsm8k/2,0,207,77
acc99/semi70,gsm8k/3,1,208,61
acc99/semi70,gsm8k/4,1,212,109
acc99/semi70,gsm8k/5,1,174,65
acc99/semi70,gsm8k/6,1,159,66
acc99/semi70,gsm8k/7,1,205,90
acc99/semi70,gsm8k/8,1,362,177
acc99/semi70,gsm8k/9,0,239,119
acc99/semi70,gsm8k/10,1,277,167
acc99/semi70,gsm8k/11,1,433,176
acc99/semi70,gsm8k/12,1,121,51
acc99/semi70,gsm8k/13,1,223,85
acc99/semi70,gsm8k/14,1,271,126
acc99/semi70,gsm8k/15,1,196,76
acc99/semi70,gsm8k/16,1,174,62
acc99/semi70,gsm8k/17,1,185,89
acc99/semi70,gsm8k/18,1,228,103
acc99/semi70,gsm8k/19,1,149,56
acc99/semi70,gsm8k/20,1,203,74
acc99/semi70,gsm8k/21,1,191,107
acc99/semi70,gsm8k/22,1,254,84
acc99/semi70,gsm8k/23,1,309,128
acc99/semi70,gsm8k/24,1,181,100
acc99/semi70,gsm8k/25,1,259,89
acc99/semi70,gsm8k/26,1,193,107
acc99/semi70,gsm8k/27,1,104,49
acc99/semi70,gsm8k/28,1,131,78
acc99/semi70,gsm8k/29,1,178,80
acc99/semi70,gsm8k/30,1,180,75
acc99/semi70,gsm8k/31,1,295,162
acc99/semi70,gsm8k/32,1,99,56
acc99/semi70,gsm8k/33,1,345,160
acc99/semi70,gsm8k/34,0,355,135
acc99/semi70,gsm8k/35,1,156,66
acc99/semi70,gsm8k/36,1,177,93
acc99/semi70,gsm8k/37,1,193,107
acc99/semi70,gsm8k/38,1,318,152
acc99/semi70,gsm8k/39,1,254,101
acc99/semi70,gsm8k/40,0,186,104
acc99/semi70,gsm8k/41,1,314,96
acc99/semi70,gsm8k/42,1,242,63
acc99/semi70,gsm8k/43,1,142,78
acc99/semi70,gsm8k/44,1,290,108
acc99/semi70,gsm8k/45,1,268,96
acc99/semi70,gsm8k/46,1,252,107
acc99/semi70,gsm8k/47,1,138,59
acc99/semi70,gsm8k/48,1,228,93
acc99/semi70,gsm8k/49,0,282,117
acc99/semi70,gsm8k/50,0,457,224
acc99/semi70,gsm8k/51,1,132,59
acc99/semi70,gsm8k/52,1,153,75
acc99/semi70,gsm8k/53,1,88,39
acc99/semi70,gsm8k/54,0,245,108
acc99/semi70,gsm8k/55,1,148,57
acc99/semi70,gsm8k/56,1,314,76
acc99/semi70,gsm8k/57,1,131,53
acc99/semi70,gsm8k/58,1,161,66
acc99/semi70,gsm8k/59,1,121,62
acc99/semi70,gsm8k/60,1,153,52
acc99/semi70,gsm8k/61,1,167,42
acc99/semi70,gsm8k/62,1,224,107
acc99/semi70,gsm8k/63,1,158,81
acc99/semi70,gsm8k/64,0,355,179
acc99/semi70,gsm8k/65,1,145,67
acc99/semi70,gsm8k/66,1,224,88
acc99/semi70,gsm8k/67,1,253,89
acc99/semi70,gsm8k/68,1,299,149
acc99/semi70,gsm8k/69,1,137,62
acc99/semi70,gsm8k/70,1,342,133
acc99/semi70,gsm8k/71,1,202,67
acc99/semi70,gsm8k/72,0,202,80
acc99/semi70,gsm8k/73,1,289,100
acc99/semi70,gsm8k/74,1,94,65
acc99/semi70,gsm8k/75,1,226,94
acc99/semi70,gsm8k/76,1,190,95
acc99/semi70,gsm8k/77,0,299,166
acc99/semi70,gsm8k/78,1,180,70
acc99/semi70,gsm8k/79,1,269,101
acc99/semi70,gsm8k/80,1,302,146
acc99/semi70,gsm8k/81,1,318,139
acc99/semi70,gsm8k/82,1,154,53
acc99/semi70,gsm8k/83,1,241,83
acc99/semi70,gsm8k/84,1,150,78
acc99/semi70,gsm8k/85,1,136,67
acc99/semi70,gsm8k/86,1,233,110
acc99/semi70,gsm8k/87,1,187,78
acc99/semi70,gsm8k/88,1,158,63
acc99/semi70,gsm8k/89,1,172,61
acc99/semi70,gsm8k/90,1,223,50
acc99/semi70,gsm8k/91,0,456,163
acc99/semi70,gsm8k/92,1,160,67
acc99/semi70,gsm8k/93,1,116,45
acc99/semi70,gsm8k/94,0,221,103
acc99/semi70,gsm8k/95,1,173,64
acc99/semi70,gsm8k/96,0,238,141
acc99/semi70,gsm8k/97,1,243,103
acc99/semi70,gsm8k/98,1,150,57
acc99/semi70,gsm8k/99,1,244,61
acc99/semi70,gsm8k/100,1,201,107
acc99/semi70,gsm8k/101,1,285,114
acc99/semi70,gsm8k/102,1,240,83
acc99/semi70,gsm8k/103,1,188,64
acc99/semi70,gsm8k/104,1,122,63
acc99/semi70,gsm8k/105,1,307,85
acc99/semi70,gsm8k/106,0,211,130
acc99/semi70,gsm8k/107,1,243,72
acc99/semi70,gsm8k/108,1,204,83
acc99/semi70,gsm8k/109,1,343,157
acc99/semi70,gsm8k/110,1,155,61
acc99/semi70,gsm8k/111,1,153,63
acc99/semi70,gsm8k/112,1,154,83
acc99/semi70,gsm8k/113,1,199,86
acc99/semi70,gsm8k/114,1,177,97
acc99/semi70,gsm8k/115,1,119,35
acc99/semi70,gsm8k/116,1,303,137
acc99/semi70,gsm8k/117,1,298,159
acc99/semi70,gsm8k/118,1,228,94
acc99/semi70,gsm8k/119,1,242,90
acc99/semi70,gsm8k/120,1,93,58
acc99/semi70,gsm8k/121,1,331,147
acc99/semi70,gsm8k/122,1,96,33
acc99/semi70,gsm8k/123,1,443,186
acc99/semi70,gsm8k/124,1,170,62
acc99/semi70,gsm8k/125,1,133,57
acc99/semi70,gsm8k/126,1,264,143
acc99/semi70,gsm8k/127,1,185,61
acc99/semi70,gsm8k/128,0,4001,768
acc99/semi70,gsm8k/129,1,212,106
acc99/semi70,gsm8k/130,1,195,68
acc99/semi70,gsm8k/131,1,445,153
acc99/semi70,gsm8k/132,1,198,52
acc99/semi70,gsm8k/133,0,237,100
acc99/semi70,gsm8k/134,1,131,60
acc99/semi70,gsm8k/135,1,384,152
acc99/semi70,gsm8k/136,1,850,352
acc99/semi70,gsm8k/137,0,212,93
acc99/semi70,gsm8k/138,1,297,161
acc99/semi70,gsm8k/139,1,186,78
acc99/semi70,gsm8k/140,1,242,106
acc99/semi70,gsm8k/141,1,233,108
acc99/semi70,gsm8k/142,1,166,81
acc99/semi70,gsm8k/143,1,260,100
acc99/semi70,gsm8k/144,1,375,165
acc99/semi70,gsm8k/145,0,174,88
acc99/semi70,gsm8k/146,1,299,107
acc99/semi70,gsm8k/147,1,147,58
acc99/semi70,gsm8k/148,1,323,134
acc99/semi70,gsm8k/149,1,253,97
acc99/semi70,gsm8k/150,1,278,102
acc99/semi70,gsm8k/151,1,329,135
acc99/semi70,gsm8k/152,1,330,141
acc99/semi70,gsm8k/153,1,223,103
acc99/semi70,gsm8k/154,1,152,47
acc99/semi70,gsm8k/155,0,136,56
acc99/semi70,gsm8k/156,1,201,64
acc99/semi70,gsm8k/157,1,172,90
acc99/semi70,gsm8k/158,1,225,80
acc99/semi70,gsm8k/159,1,315,108
acc99/semi70,gsm8k/160,1,137,46
acc99/semi70,gsm8k/161,1,218,99
acc99/semi70,gsm8k/162,1,208,86
acc99/semi70,gsm8k/163,1,213,107
acc99/semi70,gsm8k/164,0,233,84
acc99/semi70,gsm8k/165,1,266,134
acc99/semi70,gsm8k/166,1,135,48
acc99/semi70,gsm8k/167,1,160,68
acc99/semi70,gsm8k/168,0,440,226
acc99/semi70,gsm8k/169,1,184,63
acc99/semi70,gsm8k/170,1,390,166
acc99/semi70,gsm8k/171,0,4004,529
acc99/semi70,gsm8k/172,1,209,101
acc99/semi70,gsm8k/173,1,173,79
acc99/semi70,gsm8k/174,1,196,76
acc99/semi70,gsm8k/175,1,245,106
acc99/semi70,gsm8k/176,1,230,86
acc99/semi70,gsm8k/177,0,153,75
acc99/semi70,gsm8k/178,1,197,108
acc99/semi70,gsm8k/179,1,243,95
acc99/semi70,gsm8k/180,1,136,46
acc99/semi70,gsm8k/181,1,227,108
acc99/semi70,gsm8k/182,1,272,127
acc99/semi70,gsm8k/183,1,246,94
acc99/semi70,gsm8k/184,1,215,90
acc99/semi70,gsm8k/185,1,192,98
acc99/semi70,gsm8k/186,1,211,105
acc99/semi70,gsm8k/187,1,157,69
acc99/semi70,gsm8k/188,1,292,80
acc99/semi70,gsm8k/189,1,266,95
acc99/semi70,gsm8k/190,1,308,105
acc99/semi70,gsm8k/191,1,254,118
acc99/semi70,gsm8k/192,1,205,81
acc99/semi70,gsm8k/193,1,149,61
acc99/semi70,gsm8k/194,1,65,51
acc99/semi70,gsm8k/195,0,382,153
acc99/semi70,gsm8k/196,1,206,86
acc99/semi70,gsm8k/197,1,380,113
acc99/semi70,gsm8k/198,1,220,86
acc99/semi70,gsm8k/199,1,95,41
acc99/semi70,gsm8k/200,1,222,77
acc99/semi70,gsm8k/201,1,200,65
acc99/semi70,gsm8k/202,1,109,39
acc99/semi70,gsm8k/203,1,240,81
acc99/semi70,gsm8k/204,1,253,99
acc99/semi70,gsm8k/205,1,231,91
acc99/semi70,gsm8k/206,1,186,78
acc99/semi70,gsm8k/207,1,223,79
acc99/semi70,gsm8k/208,1,161,49
acc99/semi70,gsm8k/209,1,247,90
acc99/semi70,gsm8k/210,1,353,166
acc99/semi70,gsm8k/211,1,127,59
acc99/semi70,gsm8k/212,1,160,72
acc99/semi70,gsm8k/213,1,247,98
acc99/semi70,gsm8k/214,1,77,40
acc99/semi70,gsm8k/215,1,374,167
acc99/semi70,gsm8k/216,1,249,85
acc99/semi70,gsm8k/217,1,143,78
acc99/semi70,gsm8k/218,1,347,169
acc99/semi70,gsm8k/219,0,246,103
acc99/semi70,gsm8k/220,1,120,61
acc99/semi70,gsm8k/221,1,219,56
acc99/semi70,gsm8k/222,1,184,64
acc99/semi70,gsm8k/223,1,232,111
acc99/semi70,gsm8k/224,1,177,82
acc99/semi70,gsm8k/225,0,905,597
acc99/semi70,gsm8k/226,1,98,45
acc99/semi70,gsm8k/227,1,287,99
acc99/semi70,gsm8k/228,0,246,98
acc99/semi70,gsm8k/229,1,280,149
acc99/semi70,gsm8k/230,0,474,239
acc99/semi70,gsm8k/231,1,197,66
acc99/semi70,gsm8k/232,1,211,95
acc99/semi70,gsm8k/233,1,228,92
acc99/semi70,gsm8k/234,1,213,101
acc99/semi70,gsm8k/235,1,260,105
acc99/semi70,gsm8k/236,1,212,80
acc99/semi70,gsm8k/237,1,203,54
acc99/semi70,gsm8k/238,1,240,106
acc99/semi70,gsm8k/239,0,167,76
acc99/semi70,gsm8k/240,1,147,76
acc99/semi70,gsm8k/241,1,128,54
acc99/semi70,gsm8k/242,1,258,122
acc99/semi70,gsm8k/243,1,312,128
acc99/semi70,gsm8k/244,1,108,70
acc99/semi70,gsm8k/245,1,154,52
acc99/semi70,gsm8k/246,1,177,71
acc99/semi70,gsm8k/247,1,234,89
acc99/semi70,gsm8k/248,1,107,42
acc99/semi70,gsm8k/249,1,164,69
acc99/semi70,gsm8k/250,1,262,98
acc99/semi70,gsm8k/251,1,265,80
acc99/semi70,gsm8k/252,1,210,108
acc99/semi70,gsm8k/253,1,168,63
acc99/semi70,gsm8k/254,1,238,78
acc99/semi70,gsm8k/255,1,340,133
acc99/semi70,gsm8k/256,1,369,106
acc99/semi70,gsm8k/257,1,270,130
acc99/semi70,gsm8k/258,1,153,70
acc99/semi70,gsm8k/259,0,3924,547
acc99/semi70,gsm8k/260,1,159,70
acc99/semi70,gsm8k/261,1,359,151
acc99/semi70,gsm8k/262,1,226,89
acc99/semi70,gsm8k/263,1,231,65
acc99/semi70,gsm8k/264,1,268,87
acc99/semi70,gsm8k/265,0,270,128
acc99/semi70,gsm8k/266,1,282,95
acc99/semi70,gsm8k/267,1,151,62
acc99/semi70,gsm8k/268,1,146,63
acc99/semi70,gsm8k/269,1,171,62
acc99/semi70,gsm8k/270,0,463,223
acc99/semi70,gsm8k/271,1,242,105
acc99/semi70,gsm8k/272,1,142,30
acc99/semi70,gsm8k/273,1,254,112
acc99/semi70,gsm8k/274,1,299,143
acc99/semi70,gsm8k/275,1,178,68
acc99/semi70,gsm8k/276,0,330,161
acc99/semi70,gsm8k/277,1,186,77
acc99/semi70,gsm8k/278,1,157,65
acc99/semi70,gsm8k/279,1,204,75
acc99/semi70,gsm8k/280,0,272,115
acc99/semi70,gsm8k/281,1,142,76
acc99/semi70,gsm8k/282,1,215,82
acc99/semi70,gsm8k/283,1,160,78
acc99/semi70,gsm8k/284,1,170,73
acc99/semi70,gsm8k/285,1,226,79
acc99/semi70,gsm8k/286,1,162,78
acc99/semi70,gsm8k/287,1,445,231
acc99/semi70,gsm8k/288,1,316,132
acc99/semi70,gsm8k/289,0,204,96
acc99/semi70,gsm8k/290,1,155,70
acc99/semi70,gsm8k/291,1,240,71
acc99/semi70,gsm8k/292,1,154,56
acc99/semi70,gsm8k/293,1,339,158
acc99/semi70,gsm8k/294,0,418,191
acc99/semi70,gsm8k/295,1,163,75
acc99/semi70,gsm8k/296,0,311,150
acc99/semi70,gsm8k/297,1,238,92
acc99/semi70,gsm8k/298,1,232,97
acc99/semi70,gsm8k/299,1,273,69
acc99/semi70,gsm8k/300,1,262,126
acc99/semi70,gsm8k/301,1,123,48
acc99/semi70,gsm8k/302,1,219,59
acc99/semi70,gsm8k/303,0,282,101
acc99/semi70,gsm8k/304,1,130,58
acc99/semi70,gsm8k/305,1,163,59
acc99/semi70,gsm8k/306,1,140,48
acc99/semi70,gsm8k/307,1,246,110
acc99/semi70,gsm8k/308,1,256,105
acc99/semi70,gsm8k/309,1,148,76
acc99/semi70,gsm8k/310,0,299,116
acc99/semi70,gsm8k/311,1,164,73
acc99/semi70,gsm8k/312,1,180,81
acc99/semi70,gsm8k/313,1,267,119
acc99/semi70,gsm8k/314,1,258,109
acc99/semi70,gsm8k/315,1,217,100
acc99/semi70,gsm8k/316,1,178,79
acc99/semi70,gsm8k/317,1,155,84
acc99/semi70,gsm8k/318,1,226,77
acc99/semi70,gsm8k/319,1,106,44
acc99/semi70,gsm8k/320,0,347,211
acc99/semi70,gsm8k/321,1,191,79
acc99/semi70,gsm8k/322,1,309,114
acc99/semi70,gsm8k/323,0,220,101
acc99/semi70,gsm8k/324,1,325,109
acc99/semi70,gsm8k/325,1,147,43
acc99/semi70,gsm8k/326,1,261,100
acc99/semi70,gsm8k/327,1,225,72
acc99/semi70,gsm8k/328,1,148,35
acc99/semi70,gsm8k/329,1,164,88
acc99/semi70,gsm8k/330,1,179,75
acc99/semi70,gsm8k/331,1,144,70
acc99/semi70,gsm8k/332,1,193,95
acc99/semi70,gsm8k/333,1,175,62
acc99/semi70,gsm8k/334,1,393,214
acc99/semi70,gsm8k/335,1,152,81
acc99/semi70,gsm8k/336,1,247,107
acc99/semi70,gsm8k/337,0,315,116
acc99/semi70,gsm8k/338,1,229,70
acc99/semi70,gsm8k/339,1,464,244
acc99/semi70,gsm8k/340,1,188,82
acc99/semi70,gsm8k/341,1,140,72
acc99/semi70,gsm8k/342,1,239,83
acc99/semi70,gsm8k/343,1,211,98
acc99/semi70,gsm8k/344,1,102,55
acc99/semi70,gsm8k/345,1,287,100
acc99/semi70,gsm8k/346,1,417,171
acc99/semi70,gsm8k/347,1,120,52
acc99/semi70,gsm8k/348,1,347,89
acc99/semi70,gsm8k/349,1,206,78
acc99/semi70,gsm8k/350,1,241,89
acc99/semi70,gsm8k/351,1,471,127
acc99/semi70,gsm8k/352,1,103,31
acc99/semi70,gsm8k/353,1,176,103
acc99/semi70,gsm8k/354,0,214,123
acc99/semi70,gsm8k/355,1,227,97
acc99/semi70,gsm8k/356,1,302,130
acc99/semi70,gsm8k/357,1,357,147
acc99/semi70,gsm8k/358,1,155,64
acc99/semi70,gsm8k/359,1,223,84
acc99/semi70,gsm8k/360,0,422,228
acc99/semi70,gsm8k/361,1,204,104
acc99/semi70,gsm8k/362,1,143,70
acc99/semi70,gsm8k/363,1,164,72
acc99/semi70,gsm8k/364,1,105,59
acc99/semi70,gsm8k/365,1,273,163
acc99/semi70,gsm8k/366,0,226,90
acc99/semi70,gsm8k/367,1,181,90
acc99/semi70,gsm8k/368,1,267,144
acc99/semi70,gsm8k/369,1,208,90
acc99/semi70,gsm8k/370,1,223,92
acc99/semi70,gsm8k/371,1,219,50
acc99/semi70,gsm8k/372,1,288,119
acc99/semi70,gsm8k/373,1,143,37
acc99/semi70,gsm8k/374,1,331,120
acc99/semi70,gsm8k/375,1,389,210
acc99/semi70,gsm8k/376,1,145,47
acc99/semi70,gsm8k/377,0,193,68
acc99/semi70,gsm8k/378,1,344,137
acc99/semi70,gsm8k/379,1,209,91
acc99/semi70,gsm8k/380,1,282,98
acc99/semi70,gsm8k/381,1,146,44
acc99/semi70,gsm8k/382,0,353,193
acc99/semi70,gsm8k/383,1,155,75
acc99/semi70,gsm8k/384,1,147,66
acc99/semi70,gsm8k/385,1,199,62
acc99/semi70,gsm8k/386,1,316,103
acc99/semi70,gsm8k/387,1,238,81
acc99/semi70,gsm8k/388,0,252,114
acc99/semi70,gsm8k/389,0,4017,550
acc99/semi70,gsm8k/390,1,260,140
acc99/semi70,gsm8k/391,1,274,107
acc99/semi70,gsm8k/392,1,237,129
acc99/semi70,gsm8k/393,1,176,72
acc99/semi70,gsm8k/394,1,168,58
acc99/semi70,gsm8k/395,1,119,40
acc99/semi70,gsm8k/396,1,216,85
acc99/semi70,gsm8k/397,1,131,51
acc99/semi70,gsm8k/398,1,175,64
acc99/semi70,gsm8k/399,0,209,131
acc99/semi70,gsm8k/400,1,197,58
acc99/semi70,gsm8k/401,1,258,100
acc99/semi70,gsm8k/402,1,339,159
acc99/semi70,gsm8k/403,0,340,134
acc99/semi70,gsm8k/404,1,163,72
acc99/semi70,gsm8k/405,0,432,213
acc99/semi70,gsm8k/406,1,257,152
acc99/semi70,gsm8k/407,1,300,92
acc99/semi70,gsm8k/408,1,102,50
acc99/semi70,gsm8k/409,1,265,114
acc99/semi70,gsm8k/410,1,303,98
acc99/semi70,gsm8k/411,1,214,91
acc99/semi70,gsm8k/412,1,246,116
acc99/semi70,gsm8k/413,1,144,58
acc99/semi70,gsm8k/414,1,174,66
acc99/semi70,gsm8k/415,1,305,96
acc99/semi70,gsm8k/416,1,155,52
acc99/semi70,gsm8k/417,1,247,76
acc99/semi70,gsm8k/418,1,125,68
acc99/semi70,gsm8k/419,1,256,101
acc99/semi70,gsm8k/420,1,267,82
acc99/semi70,gsm8k/421,1,151,45
acc99/semi70,gsm8k/422,1,157,58
acc99/semi70,gsm8k/423,1,154,52
acc99/semi70,gsm8k/424,1,150,65
acc99/semi70,gsm8k/425,1,180,101
acc99/semi70,gsm8k/426,1,211,79
acc99/semi70,gsm8k/427,1,371,186
acc99/semi70,gsm8k/428,1,238,95
acc99/semi70,gsm8k/429,1,321,163
acc99/semi70,gsm8k/430,1,128,49
acc99/semi70,gsm8k/431,1,416,236
acc99/semi70,gsm8k/432,1,152,53
acc99/semi70,gsm8k/433,1,381,182
acc99/semi70,gsm8k/434,1,332,114
acc99/semi70,gsm8k/435,1,241,73
acc99/semi70,gsm8k/436,1,330,117
acc99/semi70,gsm8k/437,1,379,168
acc99/semi70,gsm8k/438,0,178,77
acc99/semi70,gsm8k/439,1,402,162
acc99/semi70,gsm8k/440,0,85,40
acc99/semi70,gsm8k/441,0,317,156
acc99/semi70,gsm8k/442,1,146,58
acc99/semi70,gsm8k/443,1,299,119
acc99/semi70,gsm8k/444,1,112,45
acc99/semi70,gsm8k/445,0,273,140
acc99/semi70,gsm8k/446,1,213,123
acc99/semi70,gsm8k/447,1,161,69
acc99/semi70,gsm8k/448,1,233,100
acc99/semi70,gsm8k/449,1,224,73
acc99/semi70,gsm8k/450,1,172,57
acc99/semi70,gsm8k/451,1,503,230
acc99/semi70,gsm8k/452,0,168,100
acc99/semi70,gsm8k/453,1,261,122
acc99/semi70,gsm8k/454,0,297,181
acc99/semi70,gsm8k/455,1,231,107
acc99/semi70,gsm8k/456,1,151,39
acc99/semi70,gsm8k/457,1,198,85
acc99/semi70,gsm8k/458,0,215,115
acc99/semi70,gsm8k/459,1,197,84
acc99/semi70,gsm8k/460,1,191,75
acc99/semi70,gsm8k/461,0,229,106
acc99/semi70,gsm8k/462,1,263,73
acc99/semi70,gsm8k/463,1,225,92
acc99/semi70,gsm8k/464,1,249,83
acc99/semi70,gsm8k/465,0,3960,628
acc99/semi70,gsm8k/466,1,256,127
acc99/semi70,gsm8k/467,1,154,75
acc99/semi70,gsm8k/468,1,167,64
acc99/semi70,gsm8k/469,1,210,83
acc99/semi70,gsm8k/470,1,193,59
acc99/semi70,gsm8k/471,1,232,94
acc99/semi70,gsm8k/472,1,293,133
acc99/semi70,gsm8k/473,1,235,67
acc99/semi70,gsm8k/474,1,194,63
acc99/semi70,gsm8k/475,0,410,258
acc99/semi70,gsm8k/476,1,170,99
acc99/semi70,gsm8k/477,1,153,66
acc99/semi70,gsm8k/478,1,213,49
acc99/semi70,gsm8k/479,0,381,155
acc99/semi70,gsm8k/480,0,203,107
acc99/semi70,gsm8k/481,0,379,198
acc99/semi70,gsm8k/482,1,217,80
acc99/semi70,gsm8k/483,0,4008,552
acc99/semi70,gsm8k/484,0,418,204
acc99/semi70,gsm8k/485,1,181,68
acc99/semi70,gsm8k/486,0,528,287
acc99/semi70,gsm8k/487,1,143,72
acc99/semi70,gsm8k/488,1,265,92
acc99/semi70,gsm8k/489,1,312,96
acc99/semi70,gsm8k/490,0,343,211
acc99/semi70,gsm8k/491,0,321,126
acc99/semi70,gsm8k/492,1,235,106
acc99/semi70,gsm8k/493,1,131,40
acc99/semi70,gsm8k/494,1,148,62
acc99/semi70,gsm8k/495,1,192,90
acc99/semi70,gsm8k/496,1,284,114
acc99/semi70,gsm8k/497,1,170,66
acc99/semi70,gsm8k/498,1,146,67
acc99/semi70,gsm8k/499,1,253,129
acc99/semi70,gsm8k/500,1,111,41
acc99/semi70,gsm8k/501,1,179,59
acc99/semi70,gsm8k/502,1,379,136
acc99/semi70,gsm8k/503,1,216,71
acc99/semi70,gsm8k/504,1,216,108
acc99/semi70,gsm8k/505,1,245,75
acc99/semi70,gsm8k/506,1,91,50
acc99/semi70,gsm8k/507,1,277,90
acc99/semi70,gsm8k/508,1,158,44
acc99/semi70,gsm8k/509,1,355,152
acc99/semi70,gsm8k/510,1,195,76
acc99/semi70,gsm8k/511,1,165,91
acc99/semi70,math500/0,1,260,91
acc99/semi70,math500/1,0,3962,486
acc99/semi70,math500/2,1,376,52
acc99/semi70,math500/3,1,291,100
acc99/semi70,math500/4,0,465,158
acc99/semi70,math500/5,1,232,95
acc99/semi70,math500/6,1,403,195
acc99/semi70,math500/7,0,1287,367
acc99/semi70,math500/8,1,264,71
acc99/semi70,math500/9,0,1003,507
acc99/semi70,math500/10,1,522,286
acc99/semi70,math500/11,0,2286,1024
acc99/semi70,math500/12,0,842,394
acc99/semi70,math500/13,1,182,55
acc99/semi70,math500/14,0,351,156
acc99/semi70,math500/15,0,824,312
acc99/semi70,math500/16,1,188,62
acc99/semi70,math500/17,0,537,243
acc99/semi70,math500/18,0,1063,511
acc99/semi70,math500/19,0,3737,1024
acc99/semi70,math500/20,1,128,35
acc99/semi70,math500/21,0,1567,636
acc99/semi70,math500/22,0,1301,517
acc99/semi70,math500/23,1,409,74
acc99/semi70,math500/24,0,711,296
acc99/semi70,math500/25,0,1402,433
acc99/semi70,math500/26,0,1011,506
acc99/semi70,math500/27,1,297,97
acc99/semi70,math500/28,1,159,73
acc99/semi70,math500/29,1,227,104
acc99/semi70,math500/30,1,247,113
acc99/semi70,math500/31,1,153,57
acc99/semi70,math500/32,1,404,236
acc99/semi70,math500/33,0,634,174
acc99/semi70,math500/34,0,4039,756
acc99/semi70,math500/35,1,305,71
acc99/semi70,math500/36,0,4043,610
acc99/semi70,math500/37,1,210,121
acc99/semi70,math500/38,1,164,68
acc99/semi70,math500/39,1,308,98
acc99/semi70,math500/40,1,235,82
acc99/semi70,math500/41,1,768,334
acc99/semi70,math500/42,1,184,48
acc99/semi70,math500/43,0,3988,876
acc99/semi70,math500/44,1,440,165
acc99/semi70,math500/45,1,159,55
acc99/semi70,math500/46,0,1552,726
acc99/semi70,math500/47,1,321,119
acc99/semi70,math500/48,0,172,105
acc99/semi70,math500/49,1,160,41
acc99/semi70,math500/50,1,648,266
acc99/semi70,math500/51,1,716,209
acc99/semi70,math500/52,1,303,66
acc99/semi70,math500/53,1,328,83
acc99/semi70,math500/54,1,59,27
acc99/semi70,math500/55,1,250,109
acc99/semi70,math500/56,1,190,73
acc99/semi70,math500/57,1,432,109
acc99/semi70,math500/58,1,169,50
acc99/semi70,math500/59,1,293,108
acc99/semi70,math500/60,0,1657,639
acc99/semi70,math500/61,1,466,124
acc99/semi70,math500/62,1,1146,471
acc99/semi70,math500/63,1,645,208
acc99/semi70,math500/64,0,749,339
acc99/semi70,math500/65,1,120,62
acc99/semi70,math500/66,1,251,70
acc99/semi70,math500/67,1,278,105
acc99/semi70,math500/68,1,507,157
acc99/semi70,math500/69,1,409,134
acc99/semi70,math500/70,1,145,71
acc99/semi70,math500/71,0,286,121
acc99/semi70,math500/72,1,244,79
acc99/semi70,math500/73,1,253,51
acc99/semi70,math500/74,1,377,118
acc99/semi70,math500/75,1,414,206
acc99/semi70,math500/76,1,448,236
acc99/semi70,math500/77,1,178,44
acc99/semi70,math500/78,1,2435,874
acc99/semi70,math500/79,1,174,48
acc99/semi70,math500/80,0,1426,691
acc99/semi70,math500/81,1,313,145
acc99/semi70,math500/82,0,641,288
acc99/semi70,math500/83,1,518,194
acc99/semi70,math500/84,1,815,240
acc99/semi70,math500/85,1,365,124
acc99/semi70,math500/86,1,124,66
acc99/semi70,math500/87,1,481,171
acc99/semi70,math500/88,0,2096,911
acc99/semi70,math500/89,0,388,128
acc99/semi70,math500/90,1,81,39
acc99/semi70,math500/91,0,276,130
acc99/semi70,math500/92,0,468,137
acc99/semi70,math500/93,1,377,118
acc99/semi70,math500/94,0,529,243
acc99/semi70,math500/95,1,488,98
acc99/semi70,math500/96,0,3965,737
acc99/semi70,math500/97,0,231,129
acc99/semi70,math500/98,1,111,45
acc99/semi70,math500/99,0,710,202
acc99/semi70,math500/100,0,2048,1024
acc99/semi70,math500/101,0,1558,575
acc99/semi70,math500/102,1,197,61
acc99/semi70,math500/103,0,3966,755
acc99/semi70,math500/104,0,3993,422
acc99/semi70,math500/105,1,268,92
acc99/semi70,math500/106,1,291,111
acc99/semi70,math500/107,1,381,159
acc99/semi70,math500/108,0,2515,1024
acc99/semi70,math500/109,0,1042,234
acc99/semi70,math500/110,0,3955,872
acc99/semi70,math500/111,1,248,71
acc99/semi70,math500/112,1,633,176
acc99/semi70,math500/113,1,278,58
acc99/semi70,math500/114,1,484,129
acc99/semi70,math500/115,1,247,118
acc99/semi70,math500/116,1,202,45
acc99/semi70,math500/117,1,188,47
acc99/semi70,math500/118,0,726,279
acc99/semi70,math500/119,0,3920,439
acc99/semi70,math500/120,1,462,267
acc99/semi70,math500/121,1,197,60
acc99/semi70,math500/122,1,239,106
acc99/semi70,math500/123,0,3824,452
acc99/semi70,math500/124,1,287,100
acc99/semi70,math500/125,0,229,49
acc99/semi70,math500/126,0,1736,778
acc99/semi70,math500/127,0,185,77
acc99/semi70,math500/128,1,220,115
acc99/semi70,math500/129,0,928,352
acc99/semi70,math500/130,0,584,271
acc99/semi70,math500/131,1,324,87
acc99/semi70,math500/132,1,316,126
acc99/semi70,math500/133,1,241,117
acc99/semi70,math500/134,1,559,211
acc99/semi70,math500/135,1,314,111
acc99/semi70,math500/136,1,1183,467
acc99/semi70,math500/137,1,338,85
acc99/semi70,math500/138,0,732,453
acc99/semi70,math500/139,1,1058,429
acc99/semi70,math500/140,1,414,165
acc99/semi70,math500/141,1,252,154
acc99/semi70,math500/142,1,362,194
acc99/semi70,math500/143,1,646,119
acc99/semi70,math500/144,1,197,42
acc99/semi70,math500/145,0,2775,784
acc99/semi70,math500/146,1,262,59
acc99/semi70,math500/147,0,4025,564
acc99/semi70,math500/148,1,162,36
acc99/semi70,math500/149,0,606,238
acc99/semi70,math500/150,1,1214,351
acc99/semi70,math500/151,1,1034,269
acc99/semi70,math500/152,1,1642,443
acc99/semi70,math500/153,1,572,191
acc99/semi70,math500/154,0,786,460
acc99/semi70,math500/155,1,389,153
acc99/semi70,math500/156,1,1829,673
acc99/semi70,math500/157,1,460,139
acc99/semi70,math500/158,1,399,112
acc99/semi70,math500/159,0,394,142
acc99/semi70,math500/160,1,375,120
acc99/semi70,math500/161,1,123,48
acc99/semi70,math500/162,1,456,195
acc99/semi70,math500/163,1,1159,425
acc99/semi70,math500/164,1,479,175
acc99/semi70,math500/165,1,204,89
acc99/semi70,math500/166,0,984,439
acc99/semi70,math500/167,1,146,55
acc99/semi70,math500/168,0,2958,1024
acc99/semi70,math500/169,1,255,62
acc99/semi70,math500/170,0,4029,641
acc99/semi70,math500/171,1,241,71
acc99/semi70,math500/172,1,426,136
acc99/semi70,math500/173,0,4018,581
acc99/semi70,math500/174,1,305,115
acc99/semi70,math500/175,0,590,233
acc99/semi70,math500/176,1,197,51
acc99/semi70,math500/177,0,320,182
acc99/semi70,math500/178,1,249,72
acc99/semi70,math500/179,1,839,239
acc99/semi70,math500/180,1,319,134
acc99/semi70,math500/181,1,284,74
acc99/semi70,math500/182,1,148,49
acc99/semi70,math500/183,0,1877,532
acc99/semi70,math500/184,0,1529,614
acc99/semi70,math500/185,1,153,35
acc99/semi70,math500/186,1,416,222
acc99/semi70,math500/187,1,270,81
acc99/semi70,math500/188,1,1197,320
acc99/semi70,math500/189,0,1789,890
acc99/semi70,math500/190,1,398,179
acc99/semi70,math500/191,1,169,50
acc99/semi70,math500/192,1,616,169
acc99/semi70,math500/193,0,354,189
acc99/semi70,math500/194,0,1813,524
acc99/semi70,math500/195,1,361,108
acc99/semi70,math500/196,1,211,56
acc99/semi70,math500/197,1,676,222
acc99/semi70,math500/198,1,272,138
acc99/semi70,math500/199,1,197,60
acc99/semi70,math500/200,0,298,71
acc99/semi70,math500/201,1,611,234
acc99/semi70,math500/202,1,993,448
acc99/semi70,math500/203,1,527,138
acc99/semi70,math500/204,0,2962,1024
acc99/semi70,math500/205,0,1076,192
acc99/semi70,math500/206,1,360,118
acc99/semi70,math500/207,1,122,58
acc99/semi70,math500/208,1,260,115
acc99/semi70,math500/209,1,476,237
acc99/semi70,math500/210,0,398,167
acc99/semi70,math500/211,1,187,48
acc99/semi70,math500/212,1,273,123
acc99/semi70,math500/213,0,1759,731
acc99/semi70,math500/214,0,614,242
acc99/semi70,math500/215,1,531,164
acc99/semi70,math500/216,1,278,63
acc99/semi70,math500/217,0,4054,402
acc99/semi70,math500/218,1,180,34
acc99/semi70,math500/219,0,3373,709
acc99/semi70,math500/220,1,209,89
acc99/semi70,math500/221,1,372,162
acc99/semi70,math500/222,0,612,346
acc99/semi70,math500/223,0,322,145
acc99/semi70,math500/224,0,1295,374
acc99/semi70,math500/225,0,265,84
acc99/semi70,math500/226,1,448,208
acc99/semi70,math500/227,0,206,128
acc99/semi70,math500/228,0,2447,655
acc99/semi70,math500/229,1,148,79
acc99/semi70,math500/230,1,1351,451
acc99/semi70,math500/231,1,671,194
acc99/semi70,math500/232,0,4003,308
acc99/semi70,math500/233,1,431,115
acc99/semi70,math500/234,1,488,184
acc99/semi70,math500/235,1,272,65
acc99/semi70,math500/236,0,685,192
acc99/semi70,math500/237,0,726,291
acc99/semi70,math500/238,1,505,174
acc99/semi70,math500/239,0,3966,707
acc99/semi70,math500/240,0,570,270
acc99/semi70,math500/241,0,519,179
acc99/semi70,math500/242,0,406,187
acc99/semi70,math500/243,1,269,150
acc99/semi70,math500/244,1,450,183
acc99/semi70,math500/245,0,938,310
acc99/semi70,math500/246,0,251,168
acc99/semi70,math500/247,0,414,136
acc99/semi70,math500/248,0,3334,907
acc99/semi70,math500/249,0,985,370
acc99/semi70,math500/250,1,438,107
acc99/semi70,math500/251,1,572,264
acc99/semi70,math500/252,1,478,147
acc99/semi70,math500/253,1,172,57
acc99/semi70,math500/254,1,368,161
acc99/semi70,math500/255,0,736,277
acc99/semi70,math500/256,1,258,59
acc99/semi70,math500/257,1,265,116
acc99/semi70,math500/258,1,333,119
acc99/semi70,math500/259,1,177,53
acc99/semi70,math500/260,1,503,96
acc99/semi70,math500/261,1,286,96
acc99/semi70,math500/262,1,129,41
acc99/semi70,math500/263,1,282,104
acc99/semi70,math500/264,0,3828,998
acc99/semi70,math500/265,1,249,74
acc99/semi70,math500/266,0,337,147
acc99/semi70,math500/267,1,1292,692
acc99/semi70,math500/268,1,191,78
acc99/semi70,math500/269,1,266,119
acc99/semi70,math500/270,1,303,99
acc99/semi70,math500/271,1,613,216
acc99/semi70,math500/272,0,709,326
acc99/semi70,math500/273,1,265,116
acc99/semi70,math500/274,1,874,520
acc99/semi70,math500/275,1,179,22
acc99/semi70,math500/276,0,425,197
acc99/semi70,math500/277,1,160,84
acc99/semi70,math500/278,1,265,104
acc99/semi70,math500/279,0,518,155
acc99/semi70,math500/280,1,519,211
acc99/semi70,math500/281,1,634,370
acc99/semi70,math500/282,0,456,124
acc99/semi70,math500/283,1,280,81
acc99/semi70,math500/284,0,2194,969
acc99/semi70,math500/285,0,3916,608
acc99/semi70,math500/286,0,2580,876
acc99/semi70,math500/287,1,798,341
acc99/semi70,math500/288,0,1107,234
acc99/semi70,math500/289,1,516,143
acc99/semi70,math500/290,1,616,125
acc99/semi70,math500/291,0,350,157
acc99/semi70,math500/292,0,1159,269
acc99/semi70,math500/293,1,356,91
acc99/semi70,math500/294,1,722,310
acc99/semi70,math500/295,0,2245,1024
acc99/semi70,math500/296,0,597,240
acc99/semi70,math500/297,1,613,259
acc99/semi70,math500/298,0,1196,261
acc99/semi70,math500/299,0,404,194
acc99/semi70,math500/300,1,219,110
acc99/semi70,math500/301,1,370,133
acc99/semi70,math500/302,0,3983,195
acc99/semi70,math500/303,0,664,351
acc99/semi70,math500/304,1,670,188
acc99/semi70,math500/305,1,361,81
acc99/semi70,math500/306,0,4023,1018
acc99/semi70,math500/307,1,471,193
acc99/semi70,math500/308,0,3100,948
acc99/semi70,math500/309,0,857,322
acc99/semi70,math500/310,1,234,69
acc99/semi70,math500/311,1,515,133
acc99/semi70,math500/312,1,185,90
acc99/semi70,math500/313,1,230,98
acc99/semi70,math500/314,1,329,118
acc99/semi70,math500/315,1,561,260
acc99/semi70,math500/316,1,505,197
acc99/semi70,math500/317,0,732,346
acc99/semi70,math500/318,0,309,105
acc99/semi70,math500/319,1,199,68
acc99/semi70,math500/320,1,686,266
acc99/semi70,math500/321,1,243,104
acc99/semi70,math500/322,1,202,50
acc99/semi70,math500/323,1,511,261
acc99/semi70,math500/324,0,3799,1014
acc99/semi70,math500/325,1,383,98
acc99/semi70,math500/326,0,485,145
acc99/semi70,math500/327,0,1367,493
acc99/semi70,math500/328,1,932,432
acc99/semi70,math500/329,1,165,50
acc99/semi70,math500/330,1,286,99
acc99/semi70,math500/331,1,628,131
acc99/semi70,math500/332,0,4026,883
acc99/semi70,math500/333,1,1430,382
acc99/semi70,math500/334,0,414,148
acc99/semi70,math500/335,1,754,183
acc99/semi70,math500/336,0,302,96
acc99/semi70,math500/337,1,402,175
acc99/semi70,math500/338,1,168,60
acc99/semi70,math500/339,0,667,236
acc99/semi70,math500/340,0,2333,706
acc99/semi70,math500/341,0,325,104
acc99/semi70,math500/342,1,214,60
acc99/semi70,math500/343,1,289,113
acc99/semi70,math500/344,1,324,97
acc99/semi70,math500/345,1,175,36
acc99/semi70,math500/346,1,396,78
acc99/semi70,math500/347,1,258,59
acc99/semi70,math500/348,0,274,87
acc99/semi70,math500/349,0,515,301
acc99/semi70,math500/350,1,314,121
acc99/semi70,math500/351,0,558,124
acc99/semi70,math500/352,0,2434,1024
acc99/semi70,math500/353,1,360,188
acc99/semi70,math500/354,1,464,203
acc99/semi70,math500/355,0,4017,729
acc99/semi70,math500/356,0,546,200
acc99/semi70,math500/357,1,630,262
acc99/semi70,math500/358,0,277,137
acc99/semi70,math500/359,0,997,366
acc99/semi70,math500/360,1,433,151
acc99/semi70,math500/361,1,2312,964
acc99/semi70,math500/362,1,231,87
acc99/semi70,math500/363,0,156,54
acc99/semi70,math500/364,0,669,279
acc99/semi70,math500/365,0,934,356
acc99/semi70,math500/366,1,359,131
acc99/semi70,math500/367,1,177,62
acc99/semi70,math500/368,1,362,169
acc99/semi70,math500/369,0,253,100
acc99/semi70,math500/370,1,199,54
acc99/semi70,math500/371,0,1548,606
acc99/semi70,math500/372,0,466,264
acc99/semi70,math500/373,1,344,80
acc99/semi70,math500/374,1,138,32
acc99/semi70,math500/375,0,595,243
acc99/semi70,math500/376,0,671,217
acc99/semi70,math500/377,0,4010,637
acc99/semi70,math500/378,1,446,158
acc99/semi70,math500/379,1,750,266
acc99/semi70,math500/380,0,536,257
acc99/semi70,math500/381,0,980,571
acc99/semi70,math500/382,0,711,352
acc99/semi70,math500/383,0,474,130
acc99/semi70,math500/384,1,123,34
acc99/semi70,math500/385,1,277,106
acc99/semi70,math500/386,1,289,114
acc99/semi70,math500/387,1,165,55
acc99/semi70,math500/388,0,719,282
acc99/semi70,math500/389,1,414,183
acc99/semi70,math500/390,1,2117,772
acc99/semi70,math500/391,0,2232,809
acc99/semi70,math500/392,0,2579,1024
acc99/semi70,math500/393,1,267,130
acc99/semi70,math500/394,0,1136,378
acc99/semi70,math500/395,1,284,85
acc99/semi70,math500/396,1,385,183
acc99/semi70,math500/397,1,205,54
acc99/semi70,math500/398,1,392,120
acc99/semi70,math500/399,1,85,34
acc99/semi70,math500/400,0,1611,862
acc99/semi70,math500/401,0,2091,736
acc99/semi70,math500/402,0,407,181
acc99/semi70,math500/403,1,402,123
acc99/semi70,math500/404,1,244,98
acc99/semi70,math500/405,1,230,115
acc99/semi70,math500/406,1,136,52
acc99/semi70,math500/407,1,184,45
acc99/semi70,math500/408,0,1436,433
acc99/semi70,math500/409,1,789,307
acc99/semi70,math500/410,1,442,228
acc99/semi70,math500/411,1,166,89
acc99/semi70,math500/412,1,1264,497
acc99/semi70,math500/413,1,196,77
acc99/semi70,math500/414,1,316,96
acc99/semi70,math500/415,0,639,180
acc99/semi70,math500/416,1,614,126
acc99/semi70,math500/417,1,312,124
acc99/semi70,math500/418,1,372,121
acc99/semi70,math500/419,0,1015,291
acc99/semi70,math500/420,0,432,73
acc99/semi70,math500/421,1,541,190
acc99/semi70,math500/422,0,2992,848
acc99/semi70,math500/423,0,1098,385
acc99/semi70,math500/424,1,381,105
acc99/semi70,math500/425,0,1106,357
acc99/semi70,math500/426,1,453,164
acc99/semi70,math500/427,1,232,92
acc99/semi70,math500/428,1,780,145
acc99/semi70,math500/429,0,4035,493
acc99/semi70,math500/430,1,54,26
acc99/semi70,math500/431,0,781,245
acc99/semi70,math500/432,1,1061,322
acc99/semi70,math500/433,1,70,25
acc99/semi70,math500/434,1,614,238
acc99/semi70,math500/435,1,390,131
acc99/semi70,math500/436,0,4031,515
acc99/semi70,math500/437,0,3976,504
acc99/semi70,math500/438,1,155,79
acc99/semi70,math500/439,1,279,115
acc99/semi70,math500/440,1,311,63
acc99/semi70,math500/441,1,231,93
acc99/semi70,math500/442,1,254,43
acc99/semi70,math500/443,1,200,51
acc99/semi70,math500/444,0,1040,537
acc99/semi70,math500/445,0,2588,959
acc99/semi70,math500/446,0,585,166
acc99/semi70,math500/447,1,312,144
acc99/semi70,math500/448,0,540,253
acc99/semi70,math500/449,1,234,63
acc99/semi70,math500/450,0,722,295
acc99/semi70,math500/451,1,270,116
acc99/semi70,math500/452,1,386,143
acc99/semi70,math500/453,1,306,134
acc99/semi70,math500/454,0,1868,505
acc99/semi70,math500/455,1,169,61
acc99/semi70,math500/456,0,1668,603
acc99/semi70,math500/457,1,64,34
acc99/semi70,math500/458,1,420,229
acc99/semi70,math500/459,1,702,276
acc99/semi70,math500/460,0,382,154
acc99/semi70,math500/461,1,474,104
acc99/semi70,math500/462,1,358,133
acc99/semi70,math500/463,1,161,74
acc99/semi70,math500/464,1,629,222
acc99/semi70,math500/465,1,513,222
acc99/semi70,math500/466,0,1592,683
acc99/semi70,math500/467,1,403,102
acc99/semi70,math500/468,0,181,74
acc99/semi70,math500/469,1,222,67
acc99/semi70,math500/470,1,1790,720
acc99/semi70,math500/471,1,191,41
acc99/semi70,math500/472,1,180,57
acc99/semi70,math500/473,0,3841,454
acc99/semi70,math500/474,1,458,95
acc99/semi70,math500/475,0,2601,1024
acc99/semi70,math500/476,0,289,158
acc99/semi70,math500/477,0,625,304
acc99/semi70,math500/478,0,508,150
acc99/semi70,math500/479,1,303,150
acc99/semi70,math500/480,0,969,329
acc99/semi70,math500/481,0,3970,619
acc99/semi70,math500/482,1,745,333
acc99/semi70,math500/483,0,2087,854
acc99/semi70,math500/484,1,698,163
acc99/semi70,math500/485,1,1514,364
acc99/semi70,math500/486,1,237,106
acc99/semi70,math500/487,1,227,72
acc99/semi70,math500/488,1,144,64
acc99/semi70,math500/489,1,548,204
acc99/semi70,math500/490,0,2394,851
acc99/semi70,math500/491,0,303,147
acc99/semi70,math500/492,1,452,125
acc99/semi70,math500/493,1,560,128
acc99/semi70,math500/494,0,2159,898
acc99/semi70,math500/495,1,467,204
acc99/semi70,math500/496,1,368,63
acc99/semi70,math500/497,0,4022,443
acc99/semi70,math500/498,0,2159,577
acc99/semi70,math500/499,1,342,117
acc99/semi90,gsm8k/0,1,115,66
acc99/semi90,gsm8k/1,0,274,142
acc99/semi90,gsm8k/2,1,195,71
acc99/semi90,gsm8k/3,1,209,69
acc99/semi90,gsm8k/4,1,204,121
acc99/semi90,gsm8k/5,1,175,70
acc99/semi90,gsm8k/6,1,165,71
acc99/semi90,gsm8k/7,1,189,90
acc99/semi90,gsm8k/8,1,296,145
acc99/semi90,gsm8k/9,1,244,120
acc99/semi90,gsm8k/10,1,306,200
acc99/semi90,gsm8k/11,0,445,200
acc99/semi90,gsm8k/12,1,114,51
acc99/semi90,gsm8k/13,1,218,88
acc99/semi90,gsm8k/14,1,261,155
acc99/semi90,gsm8k/15,1,208,110
acc99/semi90,gsm8k/16,1,190,75
acc99/semi90,gsm8k/17,1,150,90
acc99/semi90,gsm8k/18,1,198,112
acc99/semi90,gsm8k/19,1,146,54
acc99/semi90,gsm8k/20,1,146,50
acc99/semi90,gsm8k/21,1,219,121
acc99/semi90,gsm8k/22,1,249,93
acc99/semi90,gsm8k/23,1,307,156
acc99/semi90,gsm8k/24,1,194,88
acc99/semi90,gsm8k/25,1,263,115
acc99/semi90,gsm8k/26,1,211,109
acc99/semi90,gsm8k/27,1,100,47
acc99/semi90,gsm8k/28,1,150,80
acc99/semi90,gsm8k/29,1,177,85
acc99/semi90,gsm8k/30,1,184,91
acc99/semi90,gsm8k/31,0,319,187
acc99/semi90,gsm8k/32,1,98,69
acc99/semi90,gsm8k/33,1,381,186
acc99/semi90,gsm8k/34,1,308,116
acc99/semi90,gsm8k/35,1,164,65
acc99/semi90,gsm8k/36,1,192,80
acc99/semi90,gsm8k/37,1,197,117
acc99/semi90,gsm8k/38,1,314,204
acc99/semi90,gsm8k/39,1,294,140
acc99/semi90,gsm8k/40,0,177,74
acc99/semi90,gsm8k/41,1,322,108
acc99/semi90,gsm8k/42,1,236,81
acc99/semi90,gsm8k/43,1,141,98
acc99/semi90,gsm8k/44,1,301,131
acc99/semi90,gsm8k/45,1,246,113
acc99/semi90,gsm8k/46,1,262,114
acc99/semi90,gsm8k/47,1,128,61
acc99/semi90,gsm8k/48,1,252,109
acc99/semi90,gsm8k/49,1,249,116
acc99/semi90,gsm8k/50,0,490,259
acc99/semi90,gsm8k/51,1,125,72
acc99/semi90,gsm8k/52,1,125,49
acc99/semi90,gsm8k/53,1,88,48
acc99/semi90,gsm8k/54,0,308,130
acc99/semi90,gsm8k/55,1,148,69
acc99/semi90,gsm8k/56,1,303,82
acc99/semi90,gsm8k/57,1,131,53
acc99/semi90,gsm8k/58,1,161,77
acc99/semi90,gsm8k/59,1,154,88
acc99/semi90,gsm8k/60,1,156,66
acc99/semi90,gsm8k/61,1,174,54
acc99/semi90,gsm8k/62,1,218,115
acc99/semi90,gsm8k/63,1,142,91
acc99/semi90,gsm8k/64,1,379,220
acc99/semi90,gsm8k/65,1,147,79
acc99/semi90,gsm8k/66,1,217,89
acc99/semi90,gsm8k/67,1,257,98
acc99/semi90,gsm8k/68,1,294,168
acc99/semi90,gsm8k/69,1,104,64
acc99/semi90,gsm8k/70,1,321,129
acc99/semi90,gsm8k/71,1,211,67
acc99/semi90,gsm8k/72,1,220,103
acc99/semi90,gsm8k/73,1,217,99
acc99/semi90,gsm8k/74,1,130,77
acc99/semi90,gsm8k/75,1,188,96
acc99/semi90,gsm8k/76,1,223,114
acc99/semi90,gsm8k/77,1,251,167
acc99/semi90,gsm8k/78,1,228,102
acc99/semi90,gsm8k/79,1,284,96
acc99/semi90,gsm8k/80,1,206,78
acc99/semi90,gsm8k/81,1,267,121
acc99/semi90,gsm8k/82,1,161,70
acc99/semi90,gsm8k/83,1,310,142
acc99/semi90,gsm8k/84,1,150,85
acc99/semi90,gsm8k/85,1,142,53
acc99/semi90,gsm8k/86,1,247,120
acc99/semi90,gsm8k/87,1,169,84
acc99/semi90,gsm8k/88,1,172,66
acc99/semi90,gsm8k/89,1,185,61
acc99/semi90,gsm8k/90,1,224,61
acc99/semi90,gsm8k/91,1,399,175
acc99/semi90,gsm8k/92,1,192,90
acc99/semi90,gsm8k/93,1,116,49
acc99/semi90,gsm8k/94,1,151,90
acc99/semi90,gsm8k/95,1,180,71
acc99/semi90,gsm8k/96,0,249,163
acc99/semi90,gsm8k/97,1,229,133
acc99/semi90,gsm8k/98,1,160,66
acc99/semi90,gsm8k/99,1,244,68
acc99/semi90,gsm8k/100,1,283,156
acc99/semi90,gsm8k/101,0,234,122
acc99/semi90,gsm8k/102,1,237,100
acc99/semi90,gsm8k/103,1,189,78
acc99/semi90,gsm8k/104,1,144,93
acc99/semi90,gsm8k/105,1,230,94
acc99/semi90,gsm8k/106,0,391,222
acc99/semi90,gsm8k/107,1,199,84
acc99/semi90,gsm8k/108,1,198,81
acc99/semi90,gsm8k/109,1,346,134
acc99/semi90,gsm8k/110,1,160,62
acc99/semi90,gsm8k/111,1,149,70
acc99/semi90,gsm8k/112,1,156,85
acc99/semi90,gsm8k/113,1,190,96
acc99/semi90,gsm8k/114,1,174,99
acc99/semi90,gsm8k/115,1,138,37
acc99/semi90,gsm8k/116,1,339,151
acc99/semi90,gsm8k/117,1,301,156
acc99/semi90,gsm8k/118,1,214,102
acc99/semi90,gsm8k/119,1,242,92
acc99/semi90,gsm8k/120,1,105,48
acc99/semi90,gsm8k/121,1,320,184
acc99/semi90,gsm8k/122,1,132,57
acc99/semi90,gsm8k/123,1,431,182
acc99/semi90,gsm8k/124,1,160,68
acc99/semi90,gsm8k/125,0,152,67
acc99/semi90,gsm8k/126,1,362,202
acc99/semi90,gsm8k/127,1,171,76
acc99/semi90,gsm8k/128,1,652,292
acc99/semi90,gsm8k/129,1,213,121
acc99/semi90,gsm8k/130,1,218,93
acc99/semi90,gsm8k/131,1,436,195
acc99/semi90,gsm8k/132,1,196,56
acc99/semi90,gsm8k/133,1,209,132
acc99/semi90,gsm8k/134,1,159,89
acc99/semi90,gsm8k/135,1,389,172
acc99/semi90,gsm8k/136,1,292,152
acc99/semi90,gsm8k/137,0,234,99
acc99/semi90,gsm8k/138,1,275,151
acc99/semi90,gsm8k/139,1,139,81
acc99/semi90,gsm8k/140,1,288,82
acc99/semi90,gsm8k/141,1,236,121
acc99/semi90,gsm8k/142,1,170,93
acc99/semi90,gsm8k/143,1,240,109
acc99/semi90,gsm8k/144,1,399,128
acc99/semi90,gsm8k/145,1,170,88
acc99/semi90,gsm8k/146,1,309,116
acc99/semi90,gsm8k/147,1,145,74
acc99/semi90,gsm8k/148,1,302,163
acc99/semi90,gsm8k/149,1,164,96
acc99/semi90,gsm8k/150,1,267,101
acc99/semi90,gsm8k/151,1,316,171
acc99/semi90,gsm8k/152,1,350,143
acc99/semi90,gsm8k/153,1,250,108
acc99/semi90,gsm8k/154,1,146,52
acc99/semi90,gsm8k/155,0,140,68
acc99/semi90,gsm8k/156,1,199,78
acc99/semi90,gsm8k/157,1,180,88
acc99/semi90,gsm8k/158,1,240,93
acc99/semi90,gsm8k/159,1,346,112
acc99/semi90,gsm8k/160,1,162,68
acc99/semi90,gsm8k/161,1,216,99
acc99/semi90,gsm8k/162,1,211,95
acc99/semi90,gsm8k/163,1,209,126
acc99/semi90,gsm8k/164,1,286,107
acc99/semi90,gsm8k/165,1,256,119
acc99/semi90,gsm8k/166,1,164,70
acc99/semi90,gsm8k/167,1,190,82
acc99/semi90,gsm8k/168,1,389,262
acc99/semi90,gsm8k/169,1,184,73
acc99/semi90,gsm8k/170,1,416,171
acc99/semi90,gsm8k/171,1,159,113
acc99/semi90,gsm8k/172,1,225,113
acc99/semi90,gsm8k/173,1,175,61
acc99/semi90,gsm8k/174,1,219,98
acc99/semi90,gsm8k/175,1,246,126
acc99/semi90,gsm8k/176,1,290,85
acc99/semi90,gsm8k/177,1,164,74
acc99/semi90,gsm8k/178,1,163,103
acc99/semi90,gsm8k/179,1,262,103
acc99/semi90,gsm8k/180,1,136,58
acc99/semi90,gsm8k/181,1,217,110
acc99/semi90,gsm8k/182,1,252,141
acc99/semi90,gsm8k/183,1,254,109
acc99/semi90,gsm8k/184,1,320,153
acc99/semi90,gsm8k/185,1,205,94
acc99/semi90,gsm8k/186,1,237,128
acc99/semi90,gsm8k/187,1,175,75
acc99/semi90,gsm8k/188,1,284,85
acc99/semi90,gsm8k/189,1,304,127
acc99/semi90,gsm8k/190,1,314,106
acc99/semi90,gsm8k/191,1,270,165
acc99/semi90,gsm8k/192,1,206,77
acc99/semi90,gsm8k/193,1,149,74
acc99/semi90,gsm8k/194,1,106,60
acc99/semi90,gsm8k/195,1,351,125
acc99/semi90,gsm8k/196,1,219,85
acc99/semi90,gsm8k/197,1,427,117
acc99/semi90,gsm8k/198,1,217,102
acc99/semi90,gsm8k/199,1,95,45
acc99/semi90,gsm8k/200,1,217,85
acc99/semi90,gsm8k/201,1,217,76
acc99/semi90,gsm8k/202,1,128,60
acc99/semi90,gsm8k/203,1,243,83
acc99/semi90,gsm8k/204,0,303,142
acc99/semi90,gsm8k/205,1,247,107
acc99/semi90,gsm8k/206,1,220,98
acc99/semi90,gsm8k/207,1,218,86
acc99/semi90,gsm8k/208,1,161,59
acc99/semi90,gsm8k/209,1,245,101
acc99/semi90,gsm8k/210,1,549,302
acc99/semi90,gsm8k/211,1,135,69
acc99/semi90,gsm8k/212,1,173,76
acc99/semi90,gsm8k/213,1,234,84
acc99/semi90,gsm8k/214,1,94,50
acc99/semi90,gsm8k/215,1,347,125
acc99/semi90,gsm8k/216,1,233,100
acc99/semi90,gsm8k/217,1,151,76
acc99/semi90,gsm8k/218,1,338,193
acc99/semi90,gsm8k/219,1,207,95
acc99/semi90,gsm8k/220,1,137,50
acc99/semi90,gsm8k/221,1,219,65
acc99/semi90,gsm8k/222,1,180,71
acc99/semi90,gsm8k/223,0,229,150
acc99/semi90,gsm8k/224,1,175,91
acc99/semi90,gsm8k/225,0,738,555
acc99/semi90,gsm8k/226,1,97,44
acc99/semi90,gsm8k/227,1,297,110
acc99/semi90,gsm8k/228,0,257,124
acc99/semi90,gsm8k/229,1,307,170
acc99/semi90,gsm8k/230,0,464,261
acc99/semi90,gsm8k/231,1,204,61
acc99/semi90,gsm8k/232,1,188,100
acc99/semi90,gsm8k/233,1,215,77
acc99/semi90,gsm8k/234,1,226,94
acc99/semi90,gsm8k/235,1,244,140
acc99/semi90,gsm8k/236,1,195,63
acc99/semi90,gsm8k/237,1,203,58
acc99/semi90,gsm8k/238,1,246,156
acc99/semi90,gsm8k/239,1,179,100
acc99/semi90,gsm8k/240,1,142,93
acc99/semi90,gsm8k/241,1,128,66
acc99/semi90,gsm8k/242,1,264,143
acc99/semi90,gsm8k/243,1,284,117
acc99/semi90,gsm8k/244,1,110,82
acc99/semi90,gsm8k/245,1,162,67
acc99/semi90,gsm8k/246,1,172,72
acc99/semi90,gsm8k/247,1,211,86
acc99/semi90,gsm8k/248,1,121,68
acc99/semi90,gsm8k/249,1,191,83
acc99/semi90,gsm8k/250,1,177,87
acc99/semi90,gsm8k/251,1,218,84
acc99/semi90,gsm8k/252,1,178,107
acc99/semi90,gsm8k/253,1,177,73
acc99/semi90,gsm8k/254,1,215,75
acc99/semi90,gsm8k/255,1,357,135
acc99/semi90,gsm8k/256,1,306,106
acc99/semi90,gsm8k/257,1,301,141
acc99/semi90,gsm8k/258,1,177,86
acc99/semi90,gsm8k/259,0,3924,635
acc99/semi90,gsm8k/260,1,161,67
acc99/semi90,gsm8k/261,1,384,166
acc99/semi90,gsm8k/262,1,257,75
acc99/semi90,gsm8k/263,1,225,90
acc99/semi90,gsm8k/264,1,242,91
acc99/semi90,gsm8k/265,0,248,120
acc99/semi90,gsm8k/266,1,277,147
acc99/semi90,gsm8k/267,1,142,67
acc99/semi90,gsm8k/268,1,193,70
acc99/semi90,gsm8k/269,1,173,53
acc99/semi90,gsm8k/270,0,447,219
acc99/semi90,gsm8k/271,0,247,132
acc99/semi90,gsm8k/272,1,142,32
acc99/semi90,gsm8k/273,1,256,116
acc99/semi90,gsm8k/274,1,274,110
acc99/semi90,gsm8k/275,1,227,96
acc99/semi90,gsm8k/276,1,346,224
acc99/semi90,gsm8k/277,1,185,91
acc99/semi90,gsm8k/278,1,150,73
acc99/semi90,gsm8k/279,1,219,88
acc99/semi90,gsm8k/280,1,268,130
acc99/semi90,gsm8k/281,1,140,74
acc99/semi90,gsm8k/282,1,211,100
acc99/semi90,gsm8k/283,0,207,119
acc99/semi90,gsm8k/284,1,168,74
acc99/semi90,gsm8k/285,1,211,85
acc99/semi90,gsm8k/286,1,167,85
acc99/semi90,gsm8k/287,1,407,225
acc99/semi90,gsm8k/288,1,322,145
acc99/semi90,gsm8k/289,1,228,124
acc99/semi90,gsm8k/290,1,157,66
acc99/semi90,gsm8k/291,1,238,78
acc99/semi90,gsm8k/292,1,154,66
acc99/semi90,gsm8k/293,1,369,163
acc99/semi90,gsm8k/294,0,488,281
acc99/semi90,gsm8k/295,1,132,67
acc99/semi90,gsm8k/296,0,337,152
acc99/semi90,gsm8k/297,1,218,102
acc99/semi90,gsm8k/298,1,246,116
acc99/semi90,gsm8k/299,1,339,108
acc99/semi90,gsm8k/300,1,266,122
acc99/semi90,gsm8k/301,1,121,53
acc99/semi90,gsm8k/302,1,202,69
acc99/semi90,gsm8k/303,0,341,171
acc99/semi90,gsm8k/304,1,130,62
acc99/semi90,gsm8k/305,1,151,54
acc99/semi90,gsm8k/306,1,142,54
acc99/semi90,gsm8k/307,1,249,127
acc99/semi90,gsm8k/308,1,254,110
acc99/semi90,gsm8k/309,1,195,91
acc99/semi90,gsm8k/310,1,256,136
acc99/semi90,gsm8k/311,1,169,85
acc99/semi90,gsm8k/312,1,205,99
acc99/semi90,gsm8k/313,1,265,131
acc99/semi90,gsm8k/314,1,257,115
acc99/semi90,gsm8k/315,1,242,113
acc99/semi90,gsm8k/316,1,194,104
acc99/semi90,gsm8k/317,1,224,134
acc99/semi90,gsm8k/318,1,236,62
acc99/semi90,gsm8k/319,1,106,52
acc99/semi90,gsm8k/320,0,372,250
acc99/semi90,gsm8k/321,1,210,92
acc99/semi90,gsm8k/322,1,314,130
acc99/semi90,gsm8k/323,1,219,102
acc99/semi90,gsm8k/324,1,323,132
acc99/semi90,gsm8k/325,1,147,52
acc99/semi90,gsm8k/326,1,261,115
acc99/semi90,gsm8k/327,1,228,89
acc99/semi90,gsm8k/328,1,148,36
acc99/semi90,gsm8k/329,1,190,100
acc99/semi90,gsm8k/330,1,170,82
acc99/semi90,gsm8k/331,1,163,79
acc99/semi90,gsm8k/332,1,263,121
acc99/semi90,gsm8k/333,1,204,86
acc99/semi90,gsm8k/334,1,288,179
acc99/semi90,gsm8k/335,1,152,88
acc99/semi90,gsm8k/336,1,255,122
acc99/semi90,gsm8k/337,1,251,101
acc99/semi90,gsm8k/338,1,258,101
acc99/semi90,gsm8k/339,0,615,381
acc99/semi90,gsm8k/340,1,186,93
acc99/semi90,gsm8k/341,1,134,65
acc99/semi90,gsm8k/342,1,223,79
acc99/semi90,gsm8k/343,1,230,110
acc99/semi90,gsm8k/344,1,102,65
acc99/semi90,gsm8k/345,1,243,96
acc99/semi90,gsm8k/346,1,372,195
acc99/semi90,gsm8k/347,1,123,63
acc99/semi90,gsm8k/348,1,354,97
acc99/semi90,gsm8k/349,1,212,84
acc99/semi90,gsm8k/350,1,280,95
acc99/semi90,gsm8k/351,1,494,128
acc99/semi90,gsm8k/352,1,104,40
acc99/semi90,gsm8k/353,1,231,143
acc99/semi90,gsm8k/354,1,189,72
acc99/semi90,gsm8k/355,1,252,113
acc99/semi90,gsm8k/356,1,325,166
acc99/semi90,gsm8k/357,1,355,182
acc99/semi90,gsm8k/358,1,155,50
acc99/semi90,gsm8k/359,1,281,93
acc99/semi90,gsm8k/360,1,433,202
acc99/semi90,gsm8k/361,1,230,127
acc99/semi90,gsm8k/362,1,147,57
acc99/semi90,gsm8k/363,1,158,79
acc99/semi90,gsm8k/364,1,108,67
acc99/semi90,gsm8k/365,1,224,138
acc99/semi90,gsm8k/366,0,217,98
acc99/semi90,gsm8k/367,1,181,80
acc99/semi90,gsm8k/368,1,280,165
acc99/semi90,gsm8k/369,1,210,105
acc99/semi90,gsm8k/370,1,235,113
acc99/semi90,gsm8k/371,1,219,56
acc99/semi90,gsm8k/372,1,254,140
acc99/semi90,gsm8k/373,1,143,46
acc99/semi90,gsm8k/374,1,338,146
acc99/semi90,gsm8k/375,1,355,203
acc99/semi90,gsm8k/376,1,145,52
acc99/semi90,gsm8k/377,1,168,72
acc99/semi90,gsm8k/378,1,322,138
acc99/semi90,gsm8k/379,1,214,100
acc99/semi90,gsm8k/380,1,245,124
acc99/semi90,gsm8k/381,1,153,51
acc99/semi90,gsm8k/382,0,362,202
acc99/semi90,gsm8k/383,1,117,57
acc99/semi90,gsm8k/384,1,168,65
acc99/semi90,gsm8k/385,1,192,70
acc99/semi90,gsm8k/386,1,296,101
acc99/semi90,gsm8k/387,1,261,93
acc99/semi90,gsm8k/388,1,248,128
acc99/semi90,gsm8k/389,0,264,172
acc99/semi90,gsm8k/390,1,229,150
acc99/semi90,gsm8k/391,1,252,114
acc99/semi90,gsm8k/392,1,288,167
acc99/semi90,gsm8k/393,0,167,80
acc99/semi90,gsm8k/394,1,169,59
acc99/semi90,gsm8k/395,1,123,45
acc99/semi90,gsm8k/396,1,285,117
acc99/semi90,gsm8k/397,1,131,55
acc99/semi90,gsm8k/398,1,170,67
acc99/semi90,gsm8k/399,0,274,177
acc99/semi90,gsm8k/400,1,195,70
acc99/semi90,gsm8k/401,1,265,129
acc99/semi90,gsm8k/402,1,311,136
acc99/semi90,gsm8k/403,1,337,124
acc99/semi90,gsm8k/404,1,175,85
acc99/semi90,gsm8k/405,0,513,307
acc99/semi90,gsm8k/406,0,221,153
acc99/semi90,gsm8k/407,1,304,128
acc99/semi90,gsm8k/408,1,101,60
acc99/semi90,gsm8k/409,1,293,122
acc99/semi90,gsm8k/410,1,302,105
acc99/semi90,gsm8k/411,1,221,99
acc99/semi90,gsm8k/412,1,250,125
acc99/semi90,gsm8k/413,1,151,66
acc99/semi90,gsm8k/414,1,171,72
acc99/semi90,gsm8k/415,1,260,86
acc99/semi90,gsm8k/416,1,165,68
acc99/semi90,gsm8k/417,1,269,82
acc99/semi90,gsm8k/418,1,127,62
acc99/semi90,gsm8k/419,1,258,110
acc99/semi90,gsm8k/420,1,244,84
acc99/semi90,gsm8k/421,1,151,52
acc99/semi90,gsm8k/422,1,148,64
acc99/semi90,gsm8k/423,1,156,52
acc99/semi90,gsm8k/424,1,152,76
acc99/semi90,gsm8k/425,1,193,117
acc99/semi90,gsm8k/426,1,210,91
acc99/semi90,gsm8k/427,1,405,209
acc99/semi90,gsm8k/428,1,259,118
acc99/semi90,gsm8k/429,0,480,249
acc99/semi90,gsm8k/430,1,129,53
acc99/semi90,gsm8k/431,1,452,305
acc99/semi90,gsm8k/432,1,167,73
acc99/semi90,gsm8k/433,1,404,180
acc99/semi90,gsm8k/434,1,365,162
acc99/semi90,gsm8k/435,1,202,71
acc99/semi90,gsm8k/436,1,325,114
acc99/semi90,gsm8k/437,0,458,227
acc99/semi90,gsm8k/438,0,156,56
acc99/semi90,gsm8k/439,1,307,115
acc99/semi90,gsm8k/440,0,88,46
acc99/semi90,gsm8k/441,1,287,151
acc99/semi90,gsm8k/442,1,130,58
acc99/semi90,gsm8k/443,1,320,128
acc99/semi90,gsm8k/444,1,110,50
acc99/semi90,gsm8k/445,1,256,137
acc99/semi90,gsm8k/446,1,208,123
acc99/semi90,gsm8k/447,1,176,93
acc99/semi90,gsm8k/448,1,217,95
acc99/semi90,gsm8k/449,1,214,74
acc99/semi90,gsm8k/450,1,180,54
acc99/semi90,gsm8k/451,1,290,131
acc99/semi90,gsm8k/452,0,237,160
acc99/semi90,gsm8k/453,1,285,157
acc99/semi90,gsm8k/454,1,269,179
acc99/semi90,gsm8k/455,1,213,125
acc99/semi90,gsm8k/456,1,151,46
acc99/semi90,gsm8k/457,1,212,89
acc99/semi90,gsm8k/458,1,244,131
acc99/semi90,gsm8k/459,1,298,115
acc99/semi90,gsm8k/460,1,175,56
acc99/semi90,gsm8k/461,1,243,110
acc99/semi90,gsm8k/462,1,255,93
acc99/semi90,gsm8k/463,1,234,98
acc99/semi90,gsm8k/464,1,312,143
acc99/semi90,gsm8k/465,1,421,234
acc99/semi90,gsm8k/466,1,308,150
acc99/semi90,gsm8k/467,1,143,66
acc99/semi90,gsm8k/468,1,166,67
acc99/semi90,gsm8k/469,1,224,88
acc99/semi90,gsm8k/470,1,210,73
acc99/semi90,gsm8k/471,1,258,104
acc99/semi90,gsm8k/472,1,402,154
acc99/semi90,gsm8k/473,1,256,76
acc99/semi90,gsm8k/474,1,217,80
acc99/semi90,gsm8k/475,0,287,243
acc99/semi90,gsm8k/476,1,234,146
acc99/semi90,gsm8k/477,1,154,77
acc99/semi90,gsm8k/478,1,172,54
acc99/semi90,gsm8k/479,0,407,167
acc99/semi90,gsm8k/480,1,243,102
acc99/semi90,gsm8k/481,0,356,200
acc99/semi90,gsm8k/482,1,221,94
acc99/semi90,gsm8k/483,0,433,280
acc99/semi90,gsm8k/484,1,325,140
acc99/semi90,gsm8k/485,1,181,69
acc99/semi90,gsm8k/486,0,551,303
acc99/semi90,gsm8k/487,1,144,72
acc99/semi90,gsm8k/488,1,266,100
acc99/semi90,gsm8k/489,1,298,121
acc99/semi90,gsm8k/490,1,456,287
acc99/semi90,gsm8k/491,0,401,194
acc99/semi90,gsm8k/492,1,329,156
acc99/semi90,gsm8k/493,1,139,53
acc99/semi90,gsm8k/494,1,143,63
acc99/semi90,gsm8k/495,1,178,92
acc99/semi90,gsm8k/496,1,321,152
acc99/semi90,gsm8k/497,1,171,68
acc99/semi90,gsm8k/498,1,129,64
acc99/semi90,gsm8k/499,1,275,155
acc99/semi90,gsm8k/500,1,109,46
acc99/semi90,gsm8k/501,1,177,65
acc99/semi90,gsm8k/502,1,343,137
acc99/semi90,gsm8k/503,1,216,79
acc99/semi90,gsm8k/504,1,252,141
acc99/semi90,gsm8k/505,1,252,92
acc99/semi90,gsm8k/506,1,82,54
acc99/semi90,gsm8k/507,1,223,93
acc99/semi90,gsm8k/508,1,163,42
acc99/semi90,gsm8k/509,1,350,156
acc99/semi90,gsm8k/510,1,214,60
acc99/semi90,gsm8k/511,1,161,79
acc99/semi90,math500/0,1,257,95
acc99/semi90,math500/1,1,587,178
acc99/semi90,math500/2,1,369,44
acc99/semi90,math500/3,1,296,102
acc99/semi90,math500/4,1,418,168
acc99/semi90,math500/5,1,211,98
acc99/semi90,math500/6,1,361,179
acc99/semi90,math500/7,1,731,228
acc99/semi90,math500/8,1,250,63
acc99/semi90,math500/9,0,1413,756
acc99/semi90,math500/10,1,538,338
acc99/semi90,math500/11,0,4014,444
acc99/semi90,math500/12,0,443,160
acc99/semi90,math500/13,1,180,70
acc99/semi90,math500/14,0,261,106
acc99/semi90,math500/15,0,973,349
acc99/semi90,math500/16,1,199,80
acc99/semi90,math500/17,1,1153,618
acc99/semi90,math500/18,0,323,171
acc99/semi90,math500/19,1,1167,594
acc99/semi90,math500/20,1,126,40
acc99/semi90,math500/21,0,1117,340
acc99/semi90,math500/22,1,688,270
acc99/semi90,math500/23,1,387,98
acc99/semi90,math500/24,0,754,328
acc99/semi90,math500/25,0,901,299
acc99/semi90,math500/26,0,1110,630
acc99/semi90,math500/27,1,335,119
acc99/semi90,math500/28,1,152,78
acc99/semi90,math500/29,1,245,104
acc99/semi90,math500/30,1,245,93
acc99/semi90,math500/31,1,153,65
acc99/semi90,math500/32,1,282,164
acc99/semi90,math500/33,1,673,189
acc99/semi90,math500/34,1,546,160
acc99/semi90,math500/35,1,269,84
acc99/semi90,math500/36,1,457,98
acc99/semi90,math500/37,1,205,131
acc99/semi90,math500/38,1,163,80
acc99/semi90,math500/39,1,328,131
acc99/semi90,math500/40,1,234,88
acc99/semi90,math500/41,1,714,328
acc99/semi90,math500/42,1,171,43
acc99/semi90,math500/43,0,3988,738
acc99/semi90,math500/44,1,416,161
acc99/semi90,math500/45,1,364,126
acc99/semi90,math500/46,1,1402,560
acc99/semi90,math500/47,1,367,151
acc99/semi90,math500/48,1,188,63
acc99/semi90,math500/49,1,132,38
acc99/semi90,math500/50,0,733,372
acc99/semi90,math500/51,0,355,129
acc99/semi90,math500/52,1,305,66
acc99/semi90,math500/53,1,292,94
acc99/semi90,math500/54,1,71,20
acc99/semi90,math500/55,1,219,96
acc99/semi90,math500/56,1,208,81
acc99/semi90,math500/57,1,398,145
acc99/semi90,math500/58,0,168,53
acc99/semi90,math500/59,1,295,129
acc99/semi90,math500/60,0,2199,1024
acc99/semi90,math500/61,1,528,128
acc99/semi90,math500/62,1,864,344
acc99/semi90,math500/63,0,734,275
acc99/semi90,math500/64,0,2921,841
acc99/semi90,math500/65,1,134,94
acc99/semi90,math500/66,0,309,95
acc99/semi90,math500/67,1,287,115
acc99/semi90,math500/68,1,513,204
acc99/semi90,math500/69,1,437,165
acc99/semi90,math500/70,1,140,80
acc99/semi90,math500/71,0,247,121
acc99/semi90,math500/72,1,261,90
acc99/semi90,math500/73,1,253,53
acc99/semi90,math500/74,0,211,83
acc99/semi90,math500/75,1,414,198
acc99/semi90,math500/76,1,349,140
acc99/semi90,math500/77,1,175,41
acc99/semi90,math500/78,1,957,245
acc99/semi90,math500/79,1,179,45
acc99/semi90,math500/80,0,1947,1024
acc99/semi90,math500/81,1,291,131
acc99/semi90,math500/82,1,615,242
acc99/semi90,math500/83,0,4049,598
acc99/semi90,math500/84,0,732,253
acc99/semi90,math500/85,1,350,156
acc99/semi90,math500/86,1,109,62
acc99/semi90,math500/87,1,449,136
acc99/semi90,math500/88,0,993,518
acc99/semi90,math500/89,0,345,127
acc99/semi90,math500/90,0,102,55
acc99/semi90,math500/91,1,315,152
acc99/semi90,math500/92,0,462,154
acc99/semi90,math500/93,1,380,124
acc99/semi90,math500/94,0,746,385
acc99/semi90,math500/95,1,506,115
acc99/semi90,math500/96,0,3965,692
acc99/semi90,math500/97,0,297,195
acc99/semi90,math500/98,1,111,46
acc99/semi90,math500/99,0,3976,709
acc99/semi90,math500/100,0,2400,1024
acc99/semi90,math500/101,0,3882,892
acc99/semi90,math500/102,1,204,70
acc99/semi90,math500/103,0,2942,1024
acc99/semi90,math500/104,0,3993,488
acc99/semi90,math500/105,1,314,131
acc99/semi90,math500/106,1,279,105
acc99/semi90,math500/107,1,371,160
acc99/semi90,math500/108,0,3091,1024
acc99/semi90,math500/109,1,1127,207
acc99/semi90,math500/110,0,3219,1024
acc99/semi90,math500/111,1,246,67
acc99/semi90,math500/112,1,655,194
acc99/semi90,math500/113,1,283,54
acc99/semi90,math500/114,1,507,155
acc99/semi90,math500/115,1,225,118
acc99/semi90,math500/116,1,208,46
acc99/semi90,math500/117,1,198,59
acc99/semi90,math500/118,1,656,204
acc99/semi90,math500/119,1,670,453
acc99/semi90,math500/120,0,477,270
acc99/semi90,math500/121,1,205,78
acc99/semi90,math500/122,1,241,137
acc99/semi90,math500/123,0,1328,384
acc99/semi90,math500/124,1,349,125
acc99/semi90,math500/125,1,232,53
acc99/semi90,math500/126,0,3999,892
acc99/semi90,math500/127,0,178,81
acc99/semi90,math500/128,1,205,123
acc99/semi90,math500/129,0,1219,337
acc99/semi90,math500/130,0,473,231
acc99/semi90,math500/131,1,324,92
acc99/semi90,math500/132,1,330,123
acc99/semi90,math500/133,1,280,140
acc99/semi90,math500/134,0,637,258
acc99/semi90,math500/135,1,342,121
acc99/semi90,math500/136,1,1112,516
acc99/semi90,math500/137,1,342,85
acc99/semi90,math500/138,0,895,593
acc99/semi90,math500/139,1,1047,392
acc99/semi90,math500/140,1,557,231
acc99/semi90,math500/141,1,304,215
acc99/semi90,math500/142,1,416,258
acc99/semi90,math500/143,1,656,135
acc99/semi90,math500/144,1,217,59
acc99/semi90,math500/145,1,1962,574
acc99/semi90,math500/146,1,269,73
acc99/semi90,math500/147,0,1190,463
acc99/semi90,math500/148,1,166,34
acc99/semi90,math500/149,1,607,262
acc99/semi90,math500/150,1,1630,516
acc99/semi90,math500/151,0,989,381
acc99/semi90,math500/152,0,1027,338
acc99/semi90,math500/153,0,3986,476
acc99/semi90,math500/154,0,847,502
acc99/semi90,math500/155,1,393,182
acc99/semi90,math500/156,0,3879,928
acc99/semi90,math500/157,1,623,184
acc99/semi90,math500/158,1,375,103
acc99/semi90,math500/159,1,311,135
acc99/semi90,math500/160,1,380,119
acc99/semi90,math500/161,1,88,33
acc99/semi90,math500/162,1,344,138
acc99/semi90,math500/163,1,971,371
acc99/semi90,math500/164,0,406,149
acc99/semi90,math500/165,1,224,85
acc99/semi90,math500/166,0,898,576
acc99/semi90,math500/167,1,146,56
acc99/semi90,math500/168,0,3406,711
acc99/semi90,math500/169,1,255,74
acc99/semi90,math500/170,0,2685,1024
acc99/semi90,math500/171,1,224,79
acc99/semi90,math500/172,1,381,138
acc99/semi90,math500/173,0,738,300
acc99/semi90,math500/174,1,287,120
acc99/semi90,math500/175,1,650,241
acc99/semi90,math500/176,1,197,54
acc99/semi90,math500/177,1,1391,476
acc99/semi90,math500/178,1,128,30
acc99/semi90,math500/179,1,882,231
acc99/semi90,math500/180,1,367,175
acc99/semi90,math500/181,1,317,106
acc99/semi90,math500/182,1,154,69
acc99/semi90,math500/183,1,772,200
acc99/semi90,math500/184,0,910,450
acc99/semi90,math500/185,1,172,50
acc99/semi90,math500/186,1,481,265
acc99/semi90,math500/187,1,304,112
acc99/semi90,math500/188,0,3849,568
acc99/semi90,math500/189,0,2114,832
acc99/semi90,math500/190,1,418,231
acc99/semi90,math500/191,1,169,52
acc99/semi90,math500/192,1,621,234
acc99/semi90,math500/193,1,420,205
acc99/semi90,math500/194,1,1764,664
acc99/semi90,math500/195,1,361,106
acc99/semi90,math500/196,1,211,60
acc99/semi90,math500/197,1,842,245
acc99/semi90,math500/198,1,268,147
acc99/semi90,math500/199,1,197,72
acc99/semi90,math500/200,1,285,82
acc99/semi90,math500/201,1,582,243
acc99/semi90,math500/202,1,742,331
acc99/semi90,math500/203,0,717,288
acc99/semi90,math500/204,0,3986,758
acc99/semi90,math500/205,0,746,120
acc99/semi90,math500/206,1,361,128
acc99/semi90,math500/207,1,99,60
acc99/semi90,math500/208,1,288,137
acc99/semi90,math500/209,0,3123,568
acc99/semi90,math500/210,0,453,209
acc99/semi90,math500/211,1,187,51
acc99/semi90,math500/212,1,245,130
acc99/semi90,math500/213,0,1121,366
acc99/semi90,math500/214,0,562,271
acc99/semi90,math500/215,1,366,116
acc99/semi90,math500/216,1,274,64
acc99/semi90,math500/217,0,4054,551
acc99/semi90,math500/218,1,183,42
acc99/semi90,math500/219,0,1639,859
acc99/semi90,math500/220,1,224,113
acc99/semi90,math500/221,1,476,187
acc99/semi90,math500/222,0,1121,608
acc99/semi90,math500/223,0,297,106
acc99/semi90,math500/224,0,1003,381
acc99/semi90,math500/225,1,256,73
acc99/semi90,math500/226,1,270,172
acc99/semi90,math500/227,0,155,124
acc99/semi90,math500/228,0,1448,480
acc99/semi90,math500/229,1,150,92
acc99/semi90,math500/230,1,793,250
acc99/semi90,math500/231,1,643,210
acc99/semi90,math500/232,1,1152,420
acc99/semi90,math500/233,1,400,122
acc99/semi90,math500/234,1,515,186
acc99/semi90,math500/235,1,411,76
acc99/semi90,math500/236,1,692,207
acc99/semi90,math500/237,1,610,234
acc99/semi90,math500/238,0,451,195
acc99/semi90,math500/239,0,2750,1024
acc99/semi90,math500/240,0,3847,958
acc99/semi90,math500/241,1,600,222
acc99/semi90,math500/242,0,434,206
acc99/semi90,math500/243,1,264,152
acc99/semi90,math500/244,1,507,235
acc99/semi90,math500/245,1,800,359
acc99/semi90,math500/246,0,901,686
acc99/semi90,math500/247,0,452,139
acc99/semi90,math500/248,0,1807,475
acc99/semi90,math500/249,1,960,351
acc99/semi90,math500/250,1,433,123
acc99/semi90,math500/251,0,554,343
acc99/semi90,math500/252,1,534,195
acc99/semi90,math500/253,1,171,64
acc99/semi90,math500/254,1,356,160
acc99/semi90,math500/255,0,452,205
acc99/semi90,math500/256,1,240,49
acc99/semi90,math500/257,1,263,127
acc99/semi90,math500/258,1,325,144
acc99/semi90,math500/259,1,195,72
acc99/semi90,math500/260,1,512,100
acc99/semi90,math500/261,1,284,96
acc99/semi90,math500/262,1,129,43
acc99/semi90,math500/263,1,273,108
acc99/semi90,math500/264,0,3828,945
acc99/semi90,math500/265,1,246,75
acc99/semi90,math500/266,1,365,156
acc99/semi90,math500/267,1,879,568
acc99/semi90,math500/268,1,178,66
acc99/semi90,math500/269,1,173,87
acc99/semi90,math500/270,1,325,105
acc99/semi90,math500/271,1,520,181
acc99/semi90,math500/272,1,616,237
acc99/semi90,math500/273,1,257,129
acc99/semi90,math500/274,0,1087,664
acc99/semi90,math500/275,1,179,22
acc99/semi90,math500/276,0,494,246
acc99/semi90,math500/277,1,212,144
acc99/semi90,math500/278,1,263,118
acc99/semi90,math500/279,0,452,199
acc99/semi90,math500/280,1,479,188
acc99/semi90,math500/281,0,391,236
acc99/semi90,math500/282,0,573,197
acc99/semi90,math500/283,1,284,76
acc99/semi90,math500/284,0,601,279
acc99/semi90,math500/285,0,2387,597
acc99/semi90,math500/286,0,1485,695
acc99/semi90,math500/287,1,601,275
acc99/semi90,math500/288,1,1040,236
acc99/semi90,math500/289,1,484,152
acc99/semi90,math500/290,1,650,152
acc99/semi90,math500/291,1,374,171
acc99/semi90,math500/292,0,3948,652
acc99/semi90,math500/293,1,324,97
acc99/semi90,math500/294,1,750,365
acc99/semi90,math500/295,0,3973,568
acc99/semi90,math500/296,0,1193,507
acc99/semi90,math500/297,0,529,232
acc99/semi90,math500/298,0,963,173
acc99/semi90,math500/299,1,338,168
acc99/semi90,math500/300,1,262,160
acc99/semi90,math500/301,1,370,156
acc99/semi90,math500/302,1,321,165
acc99/semi90,math500/303,0,1158,555
acc99/semi90,math500/304,1,694,238
acc99/semi90,math500/305,0,4038,253
acc99/semi90,math500/306,0,4023,559
acc99/semi90,math500/307,1,452,193
acc99/semi90,math500/308,0,4019,993
acc99/semi90,math500/309,0,4049,420
acc99/semi90,math500/310,1,252,78
acc99/semi90,math500/311,1,541,154
acc99/semi90,math500/312,1,202,114
acc99/semi90,math500/313,1,232,115
acc99/semi90,math500/314,1,287,98
acc99/semi90,math500/315,0,1953,1024
acc99/semi90,math500/316,1,619,211
acc99/semi90,math500/317,1,981,496
acc99/semi90,math500/318,1,313,81
acc99/semi90,math500/319,1,224,68
acc99/semi90,math500/320,0,3950,360
acc99/semi90,math500/321,1,262,120
acc99/semi90,math500/322,1,202,60
acc99/semi90,math500/323,1,1280,944
acc99/semi90,math500/324,1,586,270
acc99/semi90,math500/325,1,377,100
acc99/semi90,math500/326,0,515,158
acc99/semi90,math500/327,0,2496,951
acc99/semi90,math500/328,1,1492,429
acc99/semi90,math500/329,1,162,54
acc99/semi90,math500/330,0,232,123
acc99/semi90,math500/331,1,628,138
acc99/semi90,math500/332,1,1046,487
acc99/semi90,math500/333,1,1118,397
acc99/semi90,math500/334,1,309,123
acc99/semi90,math500/335,1,727,181
acc99/semi90,math500/336,0,259,93
acc99/semi90,math500/337,1,356,168
acc99/semi90,math500/338,1,169,65
acc99/semi90,math500/339,1,668,263
acc99/semi90,math500/340,0,1943,635
acc99/semi90,math500/341,1,327,123
acc99/semi90,math500/342,1,217,70
acc99/semi90,math500/343,0,280,139
acc99/semi90,math500/344,1,322,106
acc99/semi90,math500/345,1,207,50
acc99/semi90,math500/346,1,396,83
acc99/semi90,math500/347,1,258,65
acc99/semi90,math500/348,1,240,79
acc99/semi90,math500/349,0,398,255
acc99/semi90,math500/350,1,313,128
acc99/semi90,math500/351,1,469,137
acc99/semi90,math500/352,0,3682,1024
acc99/semi90,math500/353,1,345,194
acc99/semi90,math500/354,1,436,218
acc99/semi90,math500/355,0,4017,543
acc99/semi90,math500/356,0,456,167
acc99/semi90,math500/357,1,507,220
acc99/semi90,math500/358,1,483,275
acc99/semi90,math500/359,0,3976,540
acc99/semi90,math500/360,1,359,145
acc99/semi90,math500/361,1,1115,487
acc99/semi90,math500/362,1,208,96
acc99/semi90,math500/363,1,106,50
acc99/semi90,math500/364,1,777,314
acc99/semi90,math500/365,0,1858,768
acc99/semi90,math500/366,1,381,146
acc99/semi90,math500/367,1,175,50
acc99/semi90,math500/368,1,384,182
acc99/semi90,math500/369,1,277,126
acc99/semi90,math500/370,1,189,51
acc99/semi90,math500/371,0,4008,659
acc99/semi90,math500/372,0,3827,405
acc99/semi90,math500/373,1,347,86
acc99/semi90,math500/374,1,138,31
acc99/semi90,math500/375,0,376,158
acc99/semi90,math500/376,1,710,228
acc99/semi90,math500/377,1,719,363
acc99/semi90,math500/378,1,432,167
acc99/semi90,math500/379,0,740,221
acc99/semi90,math500/380,0,1082,310
acc99/semi90,math500/381,0,2650,1024
acc99/semi90,math500/382,1,712,312
acc99/semi90,math500/383,0,496,135
acc99/semi90,math500/384,1,120,38
acc99/semi90,math500/385,1,292,131
acc99/semi90,math500/386,1,246,93
acc99/semi90,math500/387,1,178,61
acc99/semi90,math500/388,1,446,139
acc99/semi90,math500/389,1,360,172
acc99/semi90,math500/390,1,946,295
acc99/semi90,math500/391,0,3121,777
acc99/semi90,math500/392,0,2451,1024
acc99/semi90,math500/393,1,295,148
acc99/semi90,math500/394,0,1697,631
acc99/semi90,math500/395,1,272,80
acc99/semi90,math500/396,1,437,259
acc99/semi90,math500/397,1,171,39
acc99/semi90,math500/398,1,456,148
acc99/semi90,math500/399,1,85,40
acc99/semi90,math500/400,0,615,331
acc99/semi90,math500/401,0,1776,543
acc99/semi90,math500/402,1,380,201
acc99/semi90,math500/403,1,429,139
acc99/semi90,math500/404,1,246,101
acc99/semi90,math500/405,1,266,163
acc99/semi90,math500/406,1,124,54
acc99/semi90,math500/407,1,187,49
acc99/semi90,math500/408,0,1308,359
acc99/semi90,math500/409,0,926,395
acc99/semi90,math500/410,1,489,298
acc99/semi90,math500/411,1,167,96
acc99/semi90,math500/412,0,2164,750
acc99/semi90,math500/413,1,210,76
acc99/semi90,math500/414,1,335,108
acc99/semi90,math500/415,0,635,205
acc99/semi90,math500/416,1,517,122
acc99/semi90,math500/417,0,285,126
acc99/semi90,math500/418,1,362,118
acc99/semi90,math500/419,0,1072,329
acc99/semi90,math500/420,0,453,88
acc99/semi90,math500/421,0,3967,368
acc99/semi90,math500/422,0,3963,689
acc99/semi90,math500/423,0,873,306
acc99/semi90,math500/424,1,374,95
acc99/semi90,math500/425,0,831,440
acc99/semi90,math500/426,1,391,147
acc99/semi90,math500/427,1,196,87
acc99/semi90,math500/428,1,840,164
acc99/semi90,math500/429,1,535,187
acc99/semi90,math500/430,1,56,23
acc99/semi90,math500/431,0,767,250
acc99/semi90,math500/432,1,990,363
acc99/semi90,math500/433,1,78,34
acc99/semi90,math500/434,1,566,256
acc99/semi90,math500/435,1,373,140
acc99/semi90,math500/436,0,869,288
acc99/semi90,math500/437,1,763,323
acc99/semi90,math500/438,1,175,80
acc99/semi90,math500/439,1,281,103
acc99/semi90,math500/440,1,310,64
acc99/semi90,math500/441,1,255,100
acc99/semi90,math500/442,1,254,51
acc99/semi90,math500/443,1,202,59
acc99/semi90,math500/444,0,878,499
acc99/semi90,math500/445,0,1968,756
acc99/semi90,math500/446,1,566,139
acc99/semi90,math500/447,1,353,167
acc99/semi90,math500/448,1,637,232
acc99/semi90,math500/449,1,216,61
acc99/semi90,math500/450,1,668,245
acc99/semi90,math500/451,0,409,145
acc99/semi90,math500/452,1,504,201
acc99/semi90,math500/453,1,260,123
acc99/semi90,math500/454,1,1377,404
acc99/semi90,math500/455,1,169,64
acc99/semi90,math500/456,0,849,293
acc99/semi90,math500/457,1,65,31
acc99/semi90,math500/458,1,392,242
acc99/semi90,math500/459,1,684,261
acc99/semi90,math500/460,0,363,183
acc99/semi90,math500/461,1,514,116
acc99/semi90,math500/462,0,423,205
acc99/semi90,math500/463,1,145,68
acc99/semi90,math500/464,1,698,290
acc99/semi90,math500/465,1,460,236
acc99/semi90,math500/466,1,1233,605
acc99/semi90,math500/467,1,361,110
acc99/semi90,math500/468,1,203,89
acc99/semi90,math500/469,1,179,53
acc99/semi90,math500/470,0,1586,606
acc99/semi90,math500/471,0,226,88
acc99/semi90,math500/472,0,216,78
acc99/semi90,math500/473,1,1814,710
acc99/semi90,math500/474,1,480,110
acc99/semi90,math500/475,0,3113,1024
acc99/semi90,math500/476,0,310,153
acc99/semi90,math500/477,0,496,255
acc99/semi90,math500/478,0,3998,364
acc99/semi90,math500/479,1,312,179
acc99/semi90,math500/480,1,1034,398
acc99/semi90,math500/481,0,2322,760
acc99/semi90,math500/482,1,644,316
acc99/semi90,math500/483,1,1865,711
acc99/semi90,math500/484,1,760,194
acc99/semi90,math500/485,0,1945,436
acc99/semi90,math500/486,1,286,173
acc99/semi90,math500/487,1,217,59
acc99/semi90,math500/488,1,134,60
acc99/semi90,math500/489,1,522,230
acc99/semi90,math500/490,0,3308,1024
acc99/semi90,math500/491,0,324,209
acc99/semi90,math500/492,1,523,136
acc99/semi90,math500/493,1,552,139
acc99/semi90,math500/494,0,4000,451
acc99/semi90,math500/495,1,444,188
acc99/semi90,math500/496,1,395,75
acc99/semi90,math500/497,0,2182,909
acc99/semi90,math500/498,0,2246,601
acc99/semi90,math500/499,1,337,133
acc85/semi90,gsm8k/0,1,122,35
acc85/semi90,gsm8k/1,0,280,88
acc85/semi90,gsm8k/2,0,195,33
acc85/semi90,gsm8k/3,1,187,30
acc85/semi90,gsm8k/4,1,199,78
acc85/semi90,gsm8k/5,1,151,30
acc85/semi90,gsm8k/6,0,168,38
acc85/semi90,gsm8k/7,1,154,48
acc85/semi90,gsm8k/8,1,307,103
acc85/semi90,gsm8k/9,1,241,70
acc85/semi90,gsm8k/10,1,329,143
acc85/semi90,gsm8k/11,1,316,74
acc85/semi90,gsm8k/12,1,114,27
acc85/semi90,gsm8k/13,1,213,46
acc85/semi90,gsm8k/14,1,281,96
acc85/semi90,gsm8k/15,1,205,56
acc85/semi90,gsm8k/16,1,174,30
acc85/semi90,gsm8k/17,1,195,60
acc85/semi90,gsm8k/18,1,218,44
acc85/semi90,gsm8k/19,1,151,31
acc85/semi90,gsm8k/20,1,163,42
acc85/semi90,gsm8k/21,1,203,77
acc85/semi90,gsm8k/22,1,271,47
acc85/semi90,gsm8k/23,0,326,93
acc85/semi90,gsm8k/24,1,193,54
acc85/semi90,gsm8k/25,1,266,64
acc85/semi90,gsm8k/26,1,212,66
acc85/semi90,gsm8k/27,1,100,26
acc85/semi90,gsm8k/28,1,150,42
acc85/semi90,gsm8k/29,1,176,51
acc85/semi90,gsm8k/30,1,182,47
acc85/semi90,gsm8k/31,1,320,97
acc85/semi90,gsm8k/32,1,96,41
acc85/semi90,gsm8k/33,1,370,114
acc85/semi90,gsm8k/34,1,311,69
acc85/semi90,gsm8k/35,1,164,30
acc85/semi90,gsm8k/36,1,193,41
acc85/semi90,gsm8k/37,1,198,73
acc85/semi90,gsm8k/38,0,299,111
acc85/semi90,gsm8k/39,0,257,76
acc85/semi90,gsm8k/40,1,204,46
acc85/semi90,gsm8k/41,1,310,44
acc85/semi90,gsm8k/42,0,235,39
acc85/semi90,gsm8k/43,1,141,52
acc85/semi90,gsm8k/44,1,336,71
acc85/semi90,gsm8k/45,1,222,64
acc85/semi90,gsm8k/46,1,295,72
acc85/semi90,gsm8k/47,1,128,26
acc85/semi90,gsm8k/48,1,253,78
acc85/semi90,gsm8k/49,0,295,72
acc85/semi90,gsm8k/50,0,518,171
acc85/semi90,gsm8k/51,1,124,47
acc85/semi90,gsm8k/52,1,162,27
acc85/semi90,gsm8k/53,1,90,35
acc85/semi90,gsm8k/54,1,295,67
acc85/semi90,gsm8k/55,1,148,33
acc85/semi90,gsm8k/56,1,303,41
acc85/semi90,gsm8k/57,1,139,24
acc85/semi90,gsm8k/58,1,176,38
acc85/semi90,gsm8k/59,1,154,49
acc85/semi90,gsm8k/60,1,156,32
acc85/semi90,gsm8k/61,1,187,25
acc85/semi90,gsm8k/62,0,219,67
acc85/semi90,gsm8k/63,1,150,52
acc85/semi90,gsm8k/64,1,452,164
acc85/semi90,gsm8k/65,1,146,45
acc85/semi90,gsm8k/66,1,216,58
acc85/semi90,gsm8k/67,1,263,60
acc85/semi90,gsm8k/68,0,405,176
acc85/semi90,gsm8k/69,1,104,30
acc85/semi90,gsm8k/70,1,319,65
acc85/semi90,gsm8k/71,1,231,35
acc85/semi90,gsm8k/72,1,219,57
acc85/semi90,gsm8k/73,1,199,42
acc85/semi90,gsm8k/74,1,130,44
acc85/semi90,gsm8k/75,1,232,49
acc85/semi90,gsm8k/76,1,221,65
acc85/semi90,gsm8k/77,1,425,208
acc85/semi90,gsm8k/78,1,241,58
acc85/semi90,gsm8k/79,1,272,50
acc85/semi90,gsm8k/80,1,205,40
acc85/semi90,gsm8k/81,1,276,83
acc85/semi90,gsm8k/82,1,156,31
acc85/semi90,gsm8k/83,1,305,87
acc85/semi90,gsm8k/84,1,150,52
acc85/semi90,gsm8k/85,1,119,31
acc85/semi90,gsm8k/86,0,252,90
acc85/semi90,gsm8k/87,1,191,53
acc85/semi90,gsm8k/88,0,160,32
acc85/semi90,gsm8k/89,1,182,30
acc85/semi90,gsm8k/90,1,220,27
acc85/semi90,gsm8k/91,0,407,80
acc85/semi90,gsm8k/92,1,203,56
acc85/semi90,gsm8k/93,1,116,24
acc85/semi90,gsm8k/94,0,219,74
acc85/semi90,gsm8k/95,1,182,39
acc85/semi90,gsm8k/96,0,233,111
acc85/semi90,gsm8k/97,1,234,77
acc85/semi90,gsm8k/98,1,155,40
acc85/semi90,gsm8k/99,1,225,38
acc85/semi90,gsm8k/100,1,199,70
acc85/semi90,gsm8k/101,1,286,85
acc85/semi90,gsm8k/102,0,229,67
acc85/semi90,gsm8k/103,1,186,34
acc85/semi90,gsm8k/104,1,144,55
acc85/semi90,gsm8k/105,1,218,48
acc85/semi90,gsm8k/106,0,327,120
acc85/semi90,gsm8k/107,1,199,47
acc85/semi90,gsm8k/108,1,194,43
acc85/semi90,gsm8k/109,1,325,80
acc85/semi90,gsm8k/110,1,160,33
acc85/semi90,gsm8k/111,1,151,35
acc85/semi90,gsm8k/112,1,155,43
acc85/semi90,gsm8k/113,1,206,62
acc85/semi90,gsm8k/114,1,173,50
acc85/semi90,gsm8k/115,1,138,21
acc85/semi90,gsm8k/116,1,295,90
acc85/semi90,gsm8k/117,1,309,107
acc85/semi90,gsm8k/118,1,214,65
acc85/semi90,gsm8k/119,1,233,56
acc85/semi90,gsm8k/120,1,97,30
acc85/semi90,gsm8k/121,1,297,92
acc85/semi90,gsm8k/122,1,98,23
acc85/semi90,gsm8k/123,1,459,118
acc85/semi90,gsm8k/124,1,188,41
acc85/semi90,gsm8k/125,0,150,34
acc85/semi90,gsm8k/126,0,255,108
acc85/semi90,gsm8k/127,0,167,45
acc85/semi90,gsm8k/128,0,4001,367
acc85/semi90,gsm8k/129,0,209,86
acc85/semi90,gsm8k/130,0,214,57
acc85/semi90,gsm8k/131,0,344,107
acc85/semi90,gsm8k/132,1,201,35
acc85/semi90,gsm8k/133,1,241,71
acc85/semi90,gsm8k/134,1,152,45
acc85/semi90,gsm8k/135,1,388,80
acc85/semi90,gsm8k/136,1,287,72
acc85/semi90,gsm8k/137,0,230,54
acc85/semi90,gsm8k/138,1,264,99
acc85/semi90,gsm8k/139,1,141,44
acc85/semi90,gsm8k/140,1,292,54
acc85/semi90,gsm8k/141,0,253,82
acc85/semi90,gsm8k/142,1,166,50
acc85/semi90,gsm8k/143,1,236,68
acc85/semi90,gsm8k/144,1,383,68
acc85/semi90,gsm8k/145,1,156,56
acc85/semi90,gsm8k/146,1,307,64
acc85/semi90,gsm8k/147,1,144,35
acc85/semi90,gsm8k/148,1,296,83
acc85/semi90,gsm8k/149,1,206,66
acc85/semi90,gsm8k/150,1,279,66
acc85/semi90,gsm8k/151,1,329,90
acc85/semi90,gsm8k/152,1,333,82
acc85/semi90,gsm8k/153,1,239,63
acc85/semi90,gsm8k/154,1,140,25
acc85/semi90,gsm8k/155,0,140,36
acc85/semi90,gsm8k/156,1,196,31
acc85/semi90,gsm8k/157,1,179,55
acc85/semi90,gsm8k/158,1,187,38
acc85/semi90,gsm8k/159,1,318,55
acc85/semi90,gsm8k/160,1,160,33
acc85/semi90,gsm8k/161,1,207,56
acc85/semi90,gsm8k/162,1,184,62
acc85/semi90,gsm8k/163,1,209,83
acc85/semi90,gsm8k/164,1,285,53
acc85/semi90,gsm8k/165,1,263,68
acc85/semi90,gsm8k/166,1,168,31
acc85/semi90,gsm8k/167,1,183,45
acc85/semi90,gsm8k/168,0,389,185
acc85/semi90,gsm8k/169,1,184,36
acc85/semi90,gsm8k/170,1,418,105
acc85/semi90,gsm8k/171,1,158,81
acc85/semi90,gsm8k/172,1,232,65
acc85/semi90,gsm8k/173,1,194,41
acc85/semi90,gsm8k/174,1,193,52
acc85/semi90,gsm8k/175,1,250,64
acc85/semi90,gsm8k/176,1,255,53
acc85/semi90,gsm8k/177,1,159,45
acc85/semi90,gsm8k/178,1,147,54
acc85/semi90,gsm8k/179,1,264,53
acc85/semi90,gsm8k/180,1,136,26
acc85/semi90,gsm8k/181,1,211,60
acc85/semi90,gsm8k/182,1,252,83
acc85/semi90,gsm8k/183,1,252,61
acc85/semi90,gsm8k/184,1,296,90
acc85/semi90,gsm8k/185,1,166,41
acc85/semi90,gsm8k/186,1,239,81
acc85/semi90,gsm8k/187,1,141,51
acc85/semi90,gsm8k/188,1,263,48
acc85/semi90,gsm8k/189,1,306,75
acc85/semi90,gsm8k/190,1,318,57
acc85/semi90,gsm8k/191,1,262,101
acc85/semi90,gsm8k/192,1,206,53
acc85/semi90,gsm8k/193,0,142,36
acc85/semi90,gsm8k/194,1,90,32
acc85/semi90,gsm8k/195,1,357,83
acc85/semi90,gsm8k/196,1,224,54
acc85/semi90,gsm8k/197,0,394,79
acc85/semi90,gsm8k/198,1,201,49
acc85/semi90,gsm8k/199,1,95,26
acc85/semi90,gsm8k/200,1,216,51
acc85/semi90,gsm8k/201,1,219,45
acc85/semi90,gsm8k/202,1,114,22
acc85/semi90,gsm8k/203,1,243,52
acc85/semi90,gsm8k/204,0,303,94
acc85/semi90,gsm8k/205,1,250,71
acc85/semi90,gsm8k/206,0,181,51
acc85/semi90,gsm8k/207,1,215,45
acc85/semi90,gsm8k/208,0,158,25
acc85/semi90,gsm8k/209,1,245,55
acc85/semi90,gsm8k/210,1,567,190
acc85/semi90,gsm8k/211,1,131,39
acc85/semi90,gsm8k/212,1,174,37
acc85/semi90,gsm8k/213,1,234,50
acc85/semi90,gsm8k/214,1,94,29
acc85/semi90,gsm8k/215,1,347,75
acc85/semi90,gsm8k/216,1,215,38
acc85/semi90,gsm8k/217,1,156,51
acc85/semi90,gsm8k/218,1,334,97
acc85/semi90,gsm8k/219,1,207,46
acc85/semi90,gsm8k/220,1,139,28
acc85/semi90,gsm8k/221,1,217,27
acc85/semi90,gsm8k/222,1,182,30
acc85/semi90,gsm8k/223,1,220,71
acc85/semi90,gsm8k/224,1,180,58
acc85/semi90,gsm8k/225,0,540,207
acc85/semi90,gsm8k/226,1,97,20
acc85/semi90,gsm8k/227,1,268,52
acc85/semi90,gsm8k/228,0,255,76
acc85/semi90,gsm8k/229,1,301,101
acc85/semi90,gsm8k/230,0,449,169
acc85/semi90,gsm8k/231,1,199,30
acc85/semi90,gsm8k/232,1,205,51
acc85/semi90,gsm8k/233,1,214,45
acc85/semi90,gsm8k/234,1,222,49
acc85/semi90,gsm8k/235,1,234,75
acc85/semi90,gsm8k/236,1,201,33
acc85/semi90,gsm8k/237,1,203,35
acc85/semi90,gsm8k/238,1,241,92
acc85/semi90,gsm8k/239,1,180,58
acc85/semi90,gsm8k/240,1,145,42
acc85/semi90,gsm8k/241,1,128,35
acc85/semi90,gsm8k/242,1,279,98
acc85/semi90,gsm8k/243,1,280,84
acc85/semi90,gsm8k/244,1,109,34
acc85/semi90,gsm8k/245,1,160,33
acc85/semi90,gsm8k/246,1,178,53
acc85/semi90,gsm8k/247,1,211,49
acc85/semi90,gsm8k/248,1,121,35
acc85/semi90,gsm8k/249,1,173,31
acc85/semi90,gsm8k/250,1,166,47
acc85/semi90,gsm8k/251,1,230,47
acc85/semi90,gsm8k/252,1,194,74
acc85/semi90,gsm8k/253,1,176,39
acc85/semi90,gsm8k/254,1,173,38
acc85/semi90,gsm8k/255,1,375,73
acc85/semi90,gsm8k/256,1,307,68
acc85/semi90,gsm8k/257,1,300,78
acc85/semi90,gsm8k/258,1,176,48
acc85/semi90,gsm8k/259,1,452,216
acc85/semi90,gsm8k/260,1,167,37
acc85/semi90,gsm8k/261,1,351,100
acc85/semi90,gsm8k/262,1,254,45
acc85/semi90,gsm8k/263,1,242,65
acc85/semi90,gsm8k/264,1,248,64
acc85/semi90,gsm8k/265,0,245,72
acc85/semi90,gsm8k/266,1,252,71
acc85/semi90,gsm8k/267,1,159,55
acc85/semi90,gsm8k/268,1,194,27
acc85/semi90,gsm8k/269,1,173,32
acc85/semi90,gsm8k/270,0,458,131
acc85/semi90,gsm8k/271,1,295,83
acc85/semi90,gsm8k/272,1,142,14
acc85/semi90,gsm8k/273,1,255,75
acc85/semi90,gsm8k/274,1,276,55
acc85/semi90,gsm8k/275,1,225,67
acc85/semi90,gsm8k/276,1,346,144
acc85/semi90,gsm8k/277,1,187,54
acc85/semi90,gsm8k/278,1,150,29
acc85/semi90,gsm8k/279,1,209,41
acc85/semi90,gsm8k/280,1,270,84
acc85/semi90,gsm8k/281,1,140,43
acc85/semi90,gsm8k/282,1,201,45
acc85/semi90,gsm8k/283,0,207,81
acc85/semi90,gsm8k/284,1,166,39
acc85/semi90,gsm8k/285,1,226,46
acc85/semi90,gsm8k/286,1,168,50
acc85/semi90,gsm8k/287,0,393,134
acc85/semi90,gsm8k/288,1,323,81
acc85/semi90,gsm8k/289,1,226,78
acc85/semi90,gsm8k/290,1,138,37
acc85/semi90,gsm8k/291,1,242,40
acc85/semi90,gsm8k/292,1,137,28
acc85/semi90,gsm8k/293,1,377,111
acc85/semi90,gsm8k/294,1,636,249
acc85/semi90,gsm8k/295,1,165,42
acc85/semi90,gsm8k/296,0,309,88
acc85/semi90,gsm8k/297,1,227,62
acc85/semi90,gsm8k/298,1,235,48
acc85/semi90,gsm8k/299,1,288,54
acc85/semi90,gsm8k/300,1,271,74
acc85/semi90,gsm8k/301,0,120,29
acc85/semi90,gsm8k/302,1,188,35
acc85/semi90,gsm8k/303,0,261,68
acc85/semi90,gsm8k/304,1,130,30
acc85/semi90,gsm8k/305,1,151,34
acc85/semi90,gsm8k/306,1,141,32
acc85/semi90,gsm8k/307,0,232,58
acc85/semi90,gsm8k/308,1,256,63
acc85/semi90,gsm8k/309,1,176,51
acc85/semi90,gsm8k/310,1,269,89
acc85/semi90,gsm8k/311,1,168,44
acc85/semi90,gsm8k/312,1,205,44
acc85/semi90,gsm8k/313,1,259,51
acc85/semi90,gsm8k/314,1,256,56
acc85/semi90,gsm8k/315,1,242,62
acc85/semi90,gsm8k/316,1,190,64
acc85/semi90,gsm8k/317,1,201,65
acc85/semi90,gsm8k/318,1,233,27
acc85/semi90,gsm8k/319,1,106,29
acc85/semi90,gsm8k/320,1,363,174
acc85/semi90,gsm8k/321,1,207,39
acc85/semi90,gsm8k/322,1,304,96
acc85/semi90,gsm8k/323,1,211,45
acc85/semi90,gsm8k/324,1,323,67
acc85/semi90,gsm8k/325,0,204,37
acc85/semi90,gsm8k/326,1,259,62
acc85/semi90,gsm8k/327,1,245,43
acc85/semi90,gsm8k/328,1,150,13
acc85/semi90,gsm8k/329,1,201,67
acc85/semi90,gsm8k/330,1,173,41
acc85/semi90,gsm8k/331,1,195,57
acc85/semi90,gsm8k/332,1,198,58
acc85/semi90,gsm8k/333,1,180,33
acc85/semi90,gsm8k/334,1,331,136
acc85/semi90,gsm8k/335,1,152,38
acc85/semi90,gsm8k/336,1,246,71
acc85/semi90,gsm8k/337,0,430,112
acc85/semi90,gsm8k/338,1,244,46
acc85/semi90,gsm8k/339,0,591,216
acc85/semi90,gsm8k/340,1,203,60
acc85/semi90,gsm8k/341,1,131,34
acc85/semi90,gsm8k/342,0,210,41
acc85/semi90,gsm8k/343,1,230,64
acc85/semi90,gsm8k/344,1,93,32
acc85/semi90,gsm8k/345,1,297,67
acc85/semi90,gsm8k/346,1,387,124
acc85/semi90,gsm8k/347,1,123,34
acc85/semi90,gsm8k/348,0,378,60
acc85/semi90,gsm8k/349,1,222,35
acc85/semi90,gsm8k/350,0,280,53
acc85/semi90,gsm8k/351,0,450,92
acc85/semi90,gsm8k/352,1,103,23
acc85/semi90,gsm8k/353,1,199,68
acc85/semi90,gsm8k/354,1,458,140
acc85/semi90,gsm8k/355,1,235,68
acc85/semi90,gsm8k/356,1,348,93
acc85/semi90,gsm8k/357,1,355,99
acc85/semi90,gsm8k/358,1,160,31
acc85/semi90,gsm8k/359,1,266,61
acc85/semi90,gsm8k/360,1,469,127
acc85/semi90,gsm8k/361,1,230,76
acc85/semi90,gsm8k/362,1,144,22
acc85/semi90,gsm8k/363,1,158,47
acc85/semi90,gsm8k/364,1,107,42
acc85/semi90,gsm8k/365,1,218,77
acc85/semi90,gsm8k/366,0,221,53
acc85/semi90,gsm8k/367,1,192,38
acc85/semi90,gsm8k/368,1,302,145
acc85/semi90,gsm8k/369,1,205,72
acc85/semi90,gsm8k/370,0,233,73
acc85/semi90,gsm8k/371,1,216,29
acc85/semi90,gsm8k/372,1,261,78
acc85/semi90,gsm8k/373,1,143,18
acc85/semi90,gsm8k/374,1,334,85
acc85/semi90,gsm8k/375,1,361,132
acc85/semi90,gsm8k/376,1,142,23
acc85/semi90,gsm8k/377,1,190,41
acc85/semi90,gsm8k/378,1,368,89
acc85/semi90,gsm8k/379,1,214,57
acc85/semi90,gsm8k/380,1,258,61
acc85/semi90,gsm8k/381,1,153,28
acc85/semi90,gsm8k/382,0,360,120
acc85/semi90,gsm8k/383,1,119,29
acc85/semi90,gsm8k/384,1,147,31
acc85/semi90,gsm8k/385,1,196,33
acc85/semi90,gsm8k/386,1,299,62
acc85/semi90,gsm8k/387,1,197,54
acc85/semi90,gsm8k/388,0,252,70
acc85/semi90,gsm8k/389,0,243,116
acc85/semi90,gsm8k/390,1,267,119
acc85/semi90,gsm8k/391,1,282,71
acc85/semi90,gsm8k/392,1,289,101
acc85/semi90,gsm8k/393,0,167,35
acc85/semi90,gsm8k/394,1,166,31
acc85/semi90,gsm8k/395,1,117,21
acc85/semi90,gsm8k/396,1,228,50
acc85/semi90,gsm8k/397,1,131,35
acc85/semi90,gsm8k/398,1,171,32
acc85/semi90,gsm8k/399,0,293,105
acc85/semi90,gsm8k/400,1,183,38
acc85/semi90,gsm8k/401,1,272,59
acc85/semi90,gsm8k/402,1,311,94
acc85/semi90,gsm8k/403,1,334,56
acc85/semi90,gsm8k/404,1,173,47
acc85/semi90,gsm8k/405,0,500,190
acc85/semi90,gsm8k/406,0,206,68
acc85/semi90,gsm8k/407,1,337,85
acc85/semi90,gsm8k/408,1,102,27
acc85/semi90,gsm8k/409,1,311,71
acc85/semi90,gsm8k/410,1,306,60
acc85/semi90,gsm8k/411,1,226,56
acc85/semi90,gsm8k/412,1,256,79
acc85/semi90,gsm8k/413,1,150,44
acc85/semi90,gsm8k/414,0,179,56
acc85/semi90,gsm8k/415,1,306,46
acc85/semi90,gsm8k/416,1,155,30
acc85/semi90,gsm8k/417,1,268,44
acc85/semi90,gsm8k/418,1,142,56
acc85/semi90,gsm8k/419,1,258,58
acc85/semi90,gsm8k/420,1,246,51
acc85/semi90,gsm8k/421,1,146,22
acc85/semi90,gsm8k/422,1,142,31
acc85/semi90,gsm8k/423,1,151,25
acc85/semi90,gsm8k/424,1,147,46
acc85/semi90,gsm8k/425,1,203,44
acc85/semi90,gsm8k/426,0,198,46
acc85/semi90,gsm8k/427,1,351,117
acc85/semi90,gsm8k/428,0,234,49
acc85/semi90,gsm8k/429,0,401,151
acc85/semi90,gsm8k/430,1,128,25
acc85/semi90,gsm8k/431,0,641,338
acc85/semi90,gsm8k/432,1,165,36
acc85/semi90,gsm8k/433,1,364,94
acc85/semi90,gsm8k/434,1,369,85
acc85/semi90,gsm8k/435,1,203,33
acc85/semi90,gsm8k/436,1,265,71
acc85/semi90,gsm8k/437,1,474,126
acc85/semi90,gsm8k/438,0,156,30
acc85/semi90,gsm8k/439,1,329,64
acc85/semi90,gsm8k/440,0,88,27
acc85/semi90,gsm8k/441,1,292,107
acc85/semi90,gsm8k/442,1,120,32
acc85/semi90,gsm8k/443,1,319,56
acc85/semi90,gsm8k/444,1,109,29
acc85/semi90,gsm8k/445,1,258,82
acc85/semi90,gsm8k/446,1,370,120
acc85/semi90,gsm8k/447,1,182,50
acc85/semi90,gsm8k/448,1,210,50
acc85/semi90,gsm8k/449,1,208,46
acc85/semi90,gsm8k/450,1,180,29
acc85/semi90,gsm8k/451,1,226,60
acc85/semi90,gsm8k/452,0,237,108
acc85/semi90,gsm8k/453,1,255,91
acc85/semi90,gsm8k/454,1,266,111
acc85/semi90,gsm8k/455,1,173,43
acc85/semi90,gsm8k/456,1,149,15
acc85/semi90,gsm8k/457,1,198,52
acc85/semi90,gsm8k/458,1,271,94
acc85/semi90,gsm8k/459,1,298,55
acc85/semi90,gsm8k/460,1,170,31
acc85/semi90,gsm8k/461,0,218,56
acc85/semi90,gsm8k/462,1,255,41
acc85/semi90,gsm8k/463,1,234,57
acc85/semi90,gsm8k/464,1,252,76
acc85/semi90,gsm8k/465,1,358,142
acc85/semi90,gsm8k/466,1,306,82
acc85/semi90,gsm8k/467,1,175,24
acc85/semi90,gsm8k/468,1,168,40
acc85/semi90,gsm8k/469,1,225,52
acc85/semi90,gsm8k/470,1,194,33
acc85/semi90,gsm8k/471,1,220,65
acc85/semi90,gsm8k/472,1,420,106
acc85/semi90,gsm8k/473,1,261,33
acc85/semi90,gsm8k/474,1,193,43
acc85/semi90,gsm8k/475,0,287,177
acc85/semi90,gsm8k/476,1,242,80
acc85/semi90,gsm8k/477,1,156,45
acc85/semi90,gsm8k/478,0,214,24
acc85/semi90,gsm8k/479,0,415,99
acc85/semi90,gsm8k/480,1,233,67
acc85/semi90,gsm8k/481,0,494,218
acc85/semi90,gsm8k/482,1,220,40
acc85/semi90,gsm8k/483,0,446,190
acc85/semi90,gsm8k/484,0,263,72
acc85/semi90,gsm8k/485,1,130,25
acc85/semi90,gsm8k/486,0,544,204
acc85/semi90,gsm8k/487,1,143,41
acc85/semi90,gsm8k/488,1,282,51
acc85/semi90,gsm8k/489,1,306,74
acc85/semi90,gsm8k/490,1,449,208
acc85/semi90,gsm8k/491,0,397,135
acc85/semi90,gsm8k/492,0,328,104
acc85/semi90,gsm8k/493,1,131,25
acc85/semi90,gsm8k/494,1,144,39
acc85/semi90,gsm8k/495,1,176,59
acc85/semi90,gsm8k/496,1,302,89
acc85/semi90,gsm8k/497,1,171,29
acc85/semi90,gsm8k/498,1,129,35
acc85/semi90,gsm8k/499,1,245,69
acc85/semi90,gsm8k/500,1,108,17
acc85/semi90,gsm8k/501,1,173,36
acc85/semi90,gsm8k/502,0,364,77
acc85/semi90,gsm8k/503,1,198,35
acc85/semi90,gsm8k/504,1,248,102
acc85/semi90,gsm8k/505,1,251,49
acc85/semi90,gsm8k/506,1,82,28
acc85/semi90,gsm8k/507,1,203,59
acc85/semi90,gsm8k/508,1,163,17
acc85/semi90,gsm8k/509,1,355,91
acc85/semi90,gsm8k/510,1,204,42
acc85/semi90,gsm8k/511,1,160,56
acc85/semi90,math500/0,1,250,54
acc85/semi90,math500/1,1,605,96
acc85/semi90,math500/2,0,369,27
acc85/semi90,math500/3,1,299,54
acc85/semi90,math500/4,1,422,117
acc85/semi90,math500/5,1,207,57
acc85/semi90,math500/6,1,427,112
acc85/semi90,math500/7,1,771,144
acc85/semi90,math500/8,0,216,45
acc85/semi90,math500/9,0,1604,508
acc85/semi90,math500/10,1,575,205
acc85/semi90,math500/11,0,1645,321
acc85/semi90,math500/12,0,434,96
acc85/semi90,math500/13,1,176,31
acc85/semi90,math500/14,1,484,165
acc85/semi90,math500/15,0,966,195
acc85/semi90,math500/16,1,215,55
acc85/semi90,math500/17,1,594,190
acc85/semi90,math500/18,0,928,422
acc85/semi90,math500/19,1,1043,413
acc85/semi90,math500/20,1,125,22
acc85/semi90,math500/21,0,1534,278
acc85/semi90,math500/22,0,723,167
acc85/semi90,math500/23,1,410,45
acc85/semi90,math500/24,0,695,218
acc85/semi90,math500/25,0,1409,220
acc85/semi90,math500/26,0,1024,357
acc85/semi90,math500/27,1,298,64
acc85/semi90,math500/28,1,134,38
acc85/semi90,math500/29,1,245,67
acc85/semi90,math500/30,1,245,57
acc85/semi90,math500/31,1,143,27
acc85/semi90,math500/32,1,282,115
acc85/semi90,math500/33,0,1086,231
acc85/semi90,math500/34,0,578,78
acc85/semi90,math500/35,1,266,48
acc85/semi90,math500/36,1,474,54
acc85/semi90,math500/37,1,123,65
acc85/semi90,math500/38,1,176,46
acc85/semi90,math500/39,1,351,87
acc85/semi90,math500/40,1,211,42
acc85/semi90,math500/41,1,931,220
acc85/semi90,math500/42,1,171,27
acc85/semi90,math500/43,0,3988,448
acc85/semi90,math500/44,1,467,117
acc85/semi90,math500/45,1,152,28
acc85/semi90,math500/46,1,1504,404
acc85/semi90,math500/47,1,283,64
acc85/semi90,math500/48,1,189,39
acc85/semi90,math500/49,1,132,17
acc85/semi90,math500/50,0,652,245
acc85/semi90,math500/51,0,395,105
acc85/semi90,math500/52,1,302,39
acc85/semi90,math500/53,1,231,47
acc85/semi90,math500/54,1,63,12
acc85/semi90,math500/55,1,252,83
acc85/semi90,math500/56,1,204,44
acc85/semi90,math500/57,1,390,83
acc85/semi90,math500/58,1,168,28
acc85/semi90,math500/59,1,273,63
acc85/semi90,math500/60,0,4023,519
acc85/semi90,math500/61,1,591,67
acc85/semi90,math500/62,0,3967,747
acc85/semi90,math500/63,0,789,158
acc85/semi90,math500/64,0,917,153
acc85/semi90,math500/65,1,134,60
acc85/semi90,math500/66,0,337,61
acc85/semi90,math500/67,1,287,61
acc85/semi90,math500/68,1,462,104
acc85/semi90,math500/69,1,444,112
acc85/semi90,math500/70,1,162,52
acc85/semi90,math500/71,0,245,78
acc85/semi90,math500/72,0,282,46
acc85/semi90,math500/73,1,253,27
acc85/semi90,math500/74,1,327,69
acc85/semi90,math500/75,1,382,123
acc85/semi90,math500/76,1,294,80
acc85/semi90,math500/77,1,176,23
acc85/semi90,math500/78,1,933,121
acc85/semi90,math500/79,1,179,20
acc85/semi90,math500/80,0,4027,624
acc85/semi90,math500/81,1,327,98
acc85/semi90,math500/82,1,769,225
acc85/semi90,math500/83,0,4049,326
acc85/semi90,math500/84,1,731,104
acc85/semi90,math500/85,1,369,81
acc85/semi90,math500/86,0,108,39
acc85/semi90,math500/87,1,471,70
acc85/semi90,math500/88,0,1220,331
acc85/semi90,math500/89,0,343,60
acc85/semi90,math500/90,0,114,28
acc85/semi90,math500/91,1,310,90
acc85/semi90,math500/92,0,424,79
acc85/semi90,math500/93,1,383,77
acc85/semi90,math500/94,0,534,173
acc85/semi90,math500/95,1,510,61
acc85/semi90,math500/96,0,3965,314
acc85/semi90,math500/97,0,297,139
acc85/semi90,math500/98,1,111,20
acc85/semi90,math500/99,0,724,108
acc85/semi90,math500/100,0,3872,731
acc85/semi90,math500/101,0,2481,475
acc85/semi90,math500/102,1,201,41
acc85/semi90,math500/103,0,3966,730
acc85/semi90,math500/104,0,3993,477
acc85/semi90,math500/105,1,314,86
acc85/semi90,math500/106,1,263,66
acc85/semi90,math500/107,1,370,102
acc85/semi90,math500/108,0,1970,579
acc85/semi90,math500/109,0,1103,152
acc85/semi90,math500/110,0,3955,427
acc85/semi90,math500/111,1,247,49
acc85/semi90,math500/112,1,665,98
acc85/semi90,math500/113,1,282,37
acc85/semi90,math500/114,1,516,74
acc85/semi90,math500/115,0,204,73
acc85/semi90,math500/116,1,200,23
acc85/semi90,math500/117,1,198,27
acc85/semi90,math500/118,1,749,153
acc85/semi90,math500/119,0,3920,339
acc85/semi90,math500/120,1,855,324
acc85/semi90,math500/121,1,200,32
acc85/semi90,math500/122,1,244,64
acc85/semi90,math500/123,0,1767,349
acc85/semi90,math500/124,1,333,69
acc85/semi90,math500/125,1,270,31
acc85/semi90,math500/126,0,2260,502
acc85/semi90,math500/127,0,179,42
acc85/semi90,math500/128,1,327,156
acc85/semi90,math500/129,0,1181,202
acc85/semi90,math500/130,1,497,146
acc85/semi90,math500/131,1,357,45
acc85/semi90,math500/132,1,327,69
acc85/semi90,math500/133,1,266,68
acc85/semi90,math500/134,1,580,142
acc85/semi90,math500/135,1,371,83
acc85/semi90,math500/136,0,3971,416
acc85/semi90,math500/137,1,344,60
acc85/semi90,math500/138,0,931,416
acc85/semi90,math500/139,1,830,199
acc85/semi90,math500/140,1,445,105
acc85/semi90,math500/141,1,251,116
acc85/semi90,math500/142,1,402,165
acc85/semi90,math500/143,0,646,82
acc85/semi90,math500/144,1,217,26
acc85/semi90,math500/145,0,1404,231
acc85/semi90,math500/146,1,269,34
acc85/semi90,math500/147,0,1369,244
acc85/semi90,math500/148,1,139,21
acc85/semi90,math500/149,1,747,183
acc85/semi90,math500/150,0,1695,264
acc85/semi90,math500/151,0,3898,404
acc85/semi90,math500/152,1,1518,264
acc85/semi90,math500/153,1,700,306
acc85/semi90,math500/154,0,790,322
acc85/semi90,math500/155,1,439,118
acc85/semi90,math500/156,0,2095,423
acc85/semi90,math500/157,1,398,78
acc85/semi90,math500/158,1,434,71
acc85/semi90,math500/159,1,312,89
acc85/semi90,math500/160,1,368,63
acc85/semi90,math500/161,1,88,15
acc85/semi90,math500/162,1,497,111
acc85/semi90,math500/163,1,922,201
acc85/semi90,math500/164,0,410,99
acc85/semi90,math500/165,1,212,52
acc85/semi90,math500/166,0,852,377
acc85/semi90,math500/167,1,146,29
acc85/semi90,math500/168,0,3406,619
acc85/semi90,math500/169,1,262,40
acc85/semi90,math500/170,0,1321,226
acc85/semi90,math500/171,1,224,42
acc85/semi90,math500/172,0,4043,455
acc85/semi90,math500/173,0,4018,316
acc85/semi90,math500/174,1,252,61
acc85/semi90,math500/175,0,637,128
acc85/semi90,math500/176,1,198,32
acc85/semi90,math500/177,1,743,295
acc85/semi90,math500/178,1,127,16
acc85/semi90,math500/179,1,892,123
acc85/semi90,math500/180,1,341,90
acc85/semi90,math500/181,1,329,77
acc85/semi90,math500/182,1,145,34
acc85/semi90,math500/183,1,556,71
acc85/semi90,math500/184,0,4019,351
acc85/semi90,math500/185,1,172,25
acc85/semi90,math500/186,1,419,146
acc85/semi90,math500/187,0,306,49
acc85/semi90,math500/188,0,1375,185
acc85/semi90,math500/189,0,3153,767
acc85/semi90,math500/190,1,397,144
acc85/semi90,math500/191,1,163,25
acc85/semi90,math500/192,1,638,139
acc85/semi90,math500/193,1,373,108
acc85/semi90,math500/194,1,1404,273
acc85/semi90,math500/195,1,351,62
acc85/semi90,math500/196,1,211,35
acc85/semi90,math500/197,0,884,172
acc85/semi90,math500/198,1,270,88
acc85/semi90,math500/199,1,199,32
acc85/semi90,math500/200,0,266,31
acc85/semi90,math500/201,1,591,143
acc85/semi90,math500/202,1,676,158
acc85/semi90,math500/203,1,482,84
acc85/semi90,math500/204,0,3986,538
acc85/semi90,math500/205,0,749,69
acc85/semi90,math500/206,1,362,70
acc85/semi90,math500/207,1,99,28
acc85/semi90,math500/208,1,283,81
acc85/semi90,math500/209,1,403,109
acc85/semi90,math500/210,1,420,108
acc85/semi90,math500/211,1,187,24
acc85/semi90,math500/212,1,263,77
acc85/semi90,math500/213,1,1005,169
acc85/semi90,math500/214,1,971,257
acc85/semi90,math500/215,1,437,93
acc85/semi90,math500/216,1,234,38
acc85/semi90,math500/217,0,4054,346
acc85/semi90,math500/218,1,183,23
acc85/semi90,math500/219,0,3373,383
acc85/semi90,math500/220,1,236,74
acc85/semi90,math500/221,1,404,122
acc85/semi90,math500/222,0,616,239
acc85/semi90,math500/223,1,320,70
acc85/semi90,math500/224,0,521,82
acc85/semi90,math500/225,0,218,60
acc85/semi90,math500/226,1,270,118
acc85/semi90,math500/227,0,155,75
acc85/semi90,math500/228,0,1269,234
acc85/semi90,math500/229,1,165,68
acc85/semi90,math500/230,0,685,147
acc85/semi90,math500/231,1,667,109
acc85/semi90,math500/232,0,537,128
acc85/semi90,math500/233,1,400,62
acc85/semi90,math500/234,0,500,97
acc85/semi90,math500/235,1,423,43
acc85/semi90,math500/236,0,701,135
acc85/semi90,math500/237,1,841,161
acc85/semi90,math500/238,1,490,126
acc85/semi90,math500/239,0,3966,526
acc85/semi90,math500/240,0,3847,496
acc85/semi90,math500/241,0,912,230
acc85/semi90,math500/242,0,435,115
acc85/semi90,math500/243,1,262,97
acc85/semi90,math500/244,1,439,106
acc85/semi90,math500/245,0,996,252
acc85/semi90,math500/246,0,701,412
acc85/semi90,math500/247,0,430,77
acc85/semi90,math500/248,0,4003,584
acc85/semi90,math500/249,0,4032,267
acc85/semi90,math500/250,1,436,65
acc85/semi90,math500/251,1,432,167
acc85/semi90,math500/252,1,490,84
acc85/semi90,math500/253,1,172,40
acc85/semi90,math500/254,1,395,130
acc85/semi90,math500/255,0,471,137
acc85/semi90,math500/256,1,240,29
acc85/semi90,math500/257,1,275,83
acc85/semi90,math500/258,1,335,62
acc85/semi90,math500/259,1,202,44
acc85/semi90,math500/260,0,536,63
acc85/semi90,math500/261,1,310,86
acc85/semi90,math500/262,1,138,21
acc85/semi90,math500/263,1,272,60
acc85/semi90,math500/264,0,1912,653
acc85/semi90,math500/265,1,207,31
acc85/semi90,math500/266,1,360,87
acc85/semi90,math500/267,1,1082,514
acc85/semi90,math500/268,1,178,34
acc85/semi90,math500/269,1,160,55
acc85/semi90,math500/270,1,326,52
acc85/semi90,math500/271,1,593,126
acc85/semi90,math500/272,0,569,133
acc85/semi90,math500/273,0,271,78
acc85/semi90,math500/274,0,511,253
acc85/semi90,math500/275,1,178,13
acc85/semi90,math500/276,0,599,179
acc85/semi90,math500/277,1,212,98
acc85/semi90,math500/278,1,255,72
acc85/semi90,math500/279,0,439,126
acc85/semi90,math500/280,1,509,109
acc85/semi90,math500/281,0,403,164
acc85/semi90,math500/282,0,405,106
acc85/semi90,math500/283,1,284,31
acc85/semi90,math500/284,0,773,123
acc85/semi90,math500/285,0,2239,437
acc85/semi90,math500/286,0,957,322
acc85/semi90,math500/287,1,803,279
acc85/semi90,math500/288,1,1132,142
acc85/semi90,math500/289,1,533,112
acc85/semi90,math500/290,1,658,85
acc85/semi90,math500/291,0,363,112
acc85/semi90,math500/292,0,988,152
acc85/semi90,math500/293,1,324,52
acc85/semi90,math500/294,1,908,257
acc85/semi90,math500/295,0,3973,437
acc85/semi90,math500/296,0,950,320
acc85/semi90,math500/297,1,568,143
acc85/semi90,math500/298,0,1158,106
acc85/semi90,math500/299,0,375,137
acc85/semi90,math500/300,1,228,93
acc85/semi90,math500/301,1,370,100
acc85/semi90,math500/302,1,352,141
acc85/semi90,math500/303,0,1055,407
acc85/semi90,math500/304,1,698,120
acc85/semi90,math500/305,0,319,71
acc85/semi90,math500/306,0,4023,406
acc85/semi90,math500/307,1,467,134
acc85/semi90,math500/308,0,3443,1024
acc85/semi90,math500/309,0,927,267
acc85/semi90,math500/310,1,275,44
acc85/semi90,math500/311,1,532,100
acc85/semi90,math500/312,1,203,75
acc85/semi90,math500/313,1,229,58
acc85/semi90,math500/314,1,290,59
acc85/semi90,math500/315,0,1124,360
acc85/semi90,math500/316,1,464,94
acc85/semi90,math500/317,1,1353,362
acc85/semi90,math500/318,0,290,33
acc85/semi90,math500/319,1,221,40
acc85/semi90,math500/320,0,537,162
acc85/semi90,math500/321,1,260,56
acc85/semi90,math500/322,1,207,27
acc85/semi90,math500/323,0,523,254
acc85/semi90,math500/324,0,599,158
acc85/semi90,math500/325,1,377,53
acc85/semi90,math500/326,0,538,72
acc85/semi90,math500/327,0,1862,324
acc85/semi90,math500/328,1,1412,321
acc85/semi90,math500/329,1,152,27
acc85/semi90,math500/330,1,257,65
acc85/semi90,math500/331,0,581,84
acc85/semi90,math500/332,0,1426,373
acc85/semi90,math500/333,0,3337,330
acc85/semi90,math500/334,1,317,59
acc85/semi90,math500/335,0,847,147
acc85/semi90,math500/336,1,201,26
acc85/semi90,math500/337,1,363,95
acc85/semi90,math500/338,1,240,38
acc85/semi90,math500/339,1,664,134
acc85/semi90,math500/340,0,1818,313
acc85/semi90,math500/341,1,322,59
acc85/semi90,math500/342,1,217,39
acc85/semi90,math500/343,0,255,81
acc85/semi90,math500/344,1,309,62
acc85/semi90,math500/345,1,175,18
acc85/semi90,math500/346,1,396,48
acc85/semi90,math500/347,1,285,61
acc85/semi90,math500/348,1,250,38
acc85/semi90,math500/349,1,385,185
acc85/semi90,math500/350,1,321,77
acc85/semi90,math500/351,0,544,46
acc85/semi90,math500/352,0,3874,577
acc85/semi90,math500/353,1,355,126
acc85/semi90,math500/354,1,292,117
acc85/semi90,math500/355,0,1318,217
acc85/semi90,math500/356,1,448,103
acc85/semi90,math500/357,0,525,166
acc85/semi90,math500/358,1,491,207
acc85/semi90,math500/359,0,3976,315
acc85/semi90,math500/360,1,428,93
acc85/semi90,math500/361,1,946,288
acc85/semi90,math500/362,1,243,64
acc85/semi90,math500/363,1,106,26
acc85/semi90,math500/364,1,647,154
acc85/semi90,math500/365,0,1219,340
acc85/semi90,math500/366,1,374,77
acc85/semi90,math500/367,1,207,29
acc85/semi90,math500/368,1,389,89
acc85/semi90,math500/369,1,277,86
acc85/semi90,math500/370,1,189,26
acc85/semi90,math500/371,0,4008,307
acc85/semi90,math500/372,0,1092,454
acc85/semi90,math500/373,1,390,52
acc85/semi90,math500/374,1,136,17
acc85/semi90,math500/375,0,374,71
acc85/semi90,math500/376,1,650,111
acc85/semi90,math500/377,1,1172,361
acc85/semi90,math500/378,1,418,98
acc85/semi90,math500/379,0,740,141
acc85/semi90,math500/380,1,1074,226
acc85/semi90,math500/381,0,4026,557
acc85/semi90,math500/382,1,770,211
acc85/semi90,math500/383,0,504,84
acc85/semi90,math500/384,1,120,18
acc85/semi90,math500/385,0,323,77
acc85/semi90,math500/386,0,225,42
acc85/semi90,math500/387,1,178,34
acc85/semi90,math500/388,1,433,71
acc85/semi90,math500/389,1,409,110
acc85/semi90,math500/390,0,813,161
acc85/semi90,math500/391,1,1460,252
acc85/semi90,math500/392,0,3795,587
acc85/semi90,math500/393,1,303,86
acc85/semi90,math500/394,1,1174,281
acc85/semi90,math500/395,1,270,36
acc85/semi90,math500/396,1,403,158
acc85/semi90,math500/397,1,172,17
acc85/semi90,math500/398,0,451,97
acc85/semi90,math500/399,1,85,20
acc85/semi90,math500/400,0,2367,647
acc85/semi90,math500/401,0,4030,435
acc85/semi90,math500/402,0,380,126
acc85/semi90,math500/403,0,413,96
acc85/semi90,math500/404,1,261,69
acc85/semi90,math500/405,1,241,91
acc85/semi90,math500/406,1,124,29
acc85/semi90,math500/407,1,187,26
acc85/semi90,math500/408,0,1379,274
acc85/semi90,math500/409,1,1397,348
acc85/semi90,math500/410,1,445,166
acc85/semi90,math500/411,1,161,59
acc85/semi90,math500/412,0,3999,562
acc85/semi90,math500/413,1,212,46
acc85/semi90,math500/414,1,282,42
acc85/semi90,math500/415,0,755,115
acc85/semi90,math500/416,0,675,108
acc85/semi90,math500/417,1,251,63
acc85/semi90,math500/418,1,335,66
acc85/semi90,math500/419,1,1190,167
acc85/semi90,math500/420,0,476,57
acc85/semi90,math500/421,0,3967,313
acc85/semi90,math500/422,0,3963,420
acc85/semi90,math500/423,0,903,174
acc85/semi90,math500/424,1,315,51
acc85/semi90,math500/425,0,1268,219
acc85/semi90,math500/426,1,395,89
acc85/semi90,math500/427,0,187,40
acc85/semi90,math500/428,1,664,79
acc85/semi90,math500/429,0,2421,537
acc85/semi90,math500/430,1,63,13
acc85/semi90,math500/431,0,887,170
acc85/semi90,math500/432,0,2000,421
acc85/semi90,math500/433,0,77,14
acc85/semi90,math500/434,1,667,206
acc85/semi90,math500/435,1,373,95
acc85/semi90,math500/436,1,751,166
acc85/semi90,math500/437,0,3976,364
acc85/semi90,math500/438,1,175,57
acc85/semi90,math500/439,1,282,76
acc85/semi90,math500/440,1,295,38
acc85/semi90,math500/441,1,258,50
acc85/semi90,math500/442,1,260,26
acc85/semi90,math500/443,1,185,44
acc85/semi90,math500/444,0,1410,487
acc85/semi90,math500/445,0,2214,519
acc85/semi90,math500/446,0,626,87
acc85/semi90,math500/447,1,338,92
acc85/semi90,math500/448,0,353,97
acc85/semi90,math500/449,1,217,31
acc85/semi90,math500/450,1,675,142
acc85/semi90,math500/451,1,469,80
acc85/semi90,math500/452,0,501,106
acc85/semi90,math500/453,1,284,64
acc85/semi90,math500/454,0,2016,313
acc85/semi90,math500/455,1,167,31
acc85/semi90,math500/456,0,4029,290
acc85/semi90,math500/457,1,65,17
acc85/semi90,math500/458,0,3964,314
acc85/semi90,math500/459,1,728,168
acc85/semi90,math500/460,0,386,134
acc85/semi90,math500/461,0,518,55
acc85/semi90,math500/462,1,349,127
acc85/semi90,math500/463,1,167,51
acc85/semi90,math500/464,1,583,124
acc85/semi90,math500/465,1,369,135
acc85/semi90,math500/466,0,1767,469
acc85/semi90,math500/467,1,357,69
acc85/semi90,math500/468,0,178,49
acc85/semi90,math500/469,1,179,27
acc85/semi90,math500/470,0,2121,410
acc85/semi90,math500/471,1,206,26
acc85/semi90,math500/472,0,216,38
acc85/semi90,math500/473,0,3841,537
acc85/semi90,math500/474,1,488,62
acc85/semi90,math500/475,0,3913,764
acc85/semi90,math500/476,1,305,77
acc85/semi90,math500/477,1,713,230
acc85/semi90,math500/478,0,3998,265
acc85/semi90,math500/479,1,425,162
acc85/semi90,math500/480,1,500,102
acc85/semi90,math500/481,0,3970,406
acc85/semi90,math500/482,0,711,249
acc85/semi90,math500/483,1,1129,186
acc85/semi90,math500/484,0,4037,335
acc85/semi90,math500/485,0,1126,258
acc85/semi90,math500/486,1,286,124
acc85/semi90,math500/487,1,286,51
acc85/semi90,math500/488,1,134,29
acc85/semi90,math500/489,1,759,259
acc85/semi90,math500/490,0,3980,466
acc85/semi90,math500/491,0,327,144
acc85/semi90,math500/492,1,469,90
acc85/semi90,math500/493,1,556,64
acc85/semi90,math500/494,0,1905,594
acc85/semi90,math500/495,1,438,120
acc85/semi90,math500/496,1,400,45
acc85/semi90,math500/497,0,2704,445
acc85/semi90,math500/498,0,1233,250
acc85/semi90,math500/499,1,399,112
acc90/semi70,gsm8k/0,1,130,40
acc90/semi70,gsm8k/1,1,303,83
acc90/semi70,gsm8k/2,0,204,64
acc90/semi70,gsm8k/3,1,187,37
acc90/semi70,gsm8k/4,1,212,81
acc90/semi70,gsm8k/5,1,146,32
acc90/semi70,gsm8k/6,1,159,37
acc90/semi70,gsm8k/7,1,196,52
acc90/semi70,gsm8k/8,1,363,124
acc90/semi70,gsm8k/9,1,239,75
acc90/semi70,gsm8k/10,0,244,137
acc90/semi70,gsm8k/11,1,348,88
acc90/semi70,gsm8k/12,1,116,29
acc90/semi70,gsm8k/13,1,225,69
acc90/semi70,gsm8k/14,0,297,103
acc90/semi70,gsm8k/15,1,179,45
acc90/semi70,gsm8k/16,1,193,27
acc90/semi70,gsm8k/17,1,157,57
acc90/semi70,gsm8k/18,1,191,57
acc90/semi70,gsm8k/19,1,157,34
acc90/semi70,gsm8k/20,1,195,49
acc90/semi70,gsm8k/21,1,205,76
acc90/semi70,gsm8k/22,1,281,66
acc90/semi70,gsm8k/23,1,311,79
acc90/semi70,gsm8k/24,1,193,53
acc90/semi70,gsm8k/25,1,244,66
acc90/semi70,gsm8k/26,1,200,56
acc90/semi70,gsm8k/27,1,111,32
acc90/semi70,gsm8k/28,1,144,35
acc90/semi70,gsm8k/29,1,147,55
acc90/semi70,gsm8k/30,1,174,48
acc90/semi70,gsm8k/31,0,283,100
acc90/semi70,gsm8k/32,1,99,37
acc90/semi70,gsm8k/33,1,442,117
acc90/semi70,gsm8k/34,1,367,91
acc90/semi70,gsm8k/35,1,155,35
acc90/semi70,gsm8k/36,1,174,49
acc90/semi70,gsm8k/37,1,199,83
acc90/semi70,gsm8k/38,0,301,136
acc90/semi70,gsm8k/39,1,242,51
acc90/semi70,gsm8k/40,1,164,46
acc90/semi70,gsm8k/41,1,306,53
acc90/semi70,gsm8k/42,1,238,40
acc90/semi70,gsm8k/43,1,146,54
acc90/semi70,gsm8k/44,1,287,69
acc90/semi70,gsm8k/45,1,269,61
acc90/semi70,gsm8k/46,0,272,80
acc90/semi70,gsm8k/47,1,124,29
acc90/semi70,gsm8k/48,1,255,75
acc90/semi70,gsm8k/49,0,498,144
acc90/semi70,gsm8k/50,0,390,134
acc90/semi70,gsm8k/51,1,131,36
acc90/semi70,gsm8k/52,1,152,28
acc90/semi70,gsm8k/53,1,90,26
acc90/semi70,gsm8k/54,0,255,69
acc90/semi70,gsm8k/55,1,143,34
acc90/semi70,gsm8k/56,0,313,52
acc90/semi70,gsm8k/57,1,131,24
acc90/semi70,gsm8k/58,1,161,36
acc90/semi70,gsm8k/59,1,155,65
acc90/semi70,gsm8k/60,1,154,30
acc90/semi70,gsm8k/61,1,158,23
acc90/semi70,gsm8k/62,0,215,70
acc90/semi70,gsm8k/63,1,159,55
acc90/semi70,gsm8k/64,0,377,126
acc90/semi70,gsm8k/65,1,144,46
acc90/semi70,gsm8k/66,0,177,49
acc90/semi70,gsm8k/67,1,255,48
acc90/semi70,gsm8k/68,1,794,304
acc90/semi70,gsm8k/69,1,133,33
acc90/semi70,gsm8k/70,0,341,92
acc90/semi70,gsm8k/71,1,207,33
acc90/semi70,gsm8k/72,1,202,62
acc90/semi70,gsm8k/73,1,300,82
acc90/semi70,gsm8k/74,1,128,39
acc90/semi70,gsm8k/75,1,178,52
acc90/semi70,gsm8k/76,1,218,59
acc90/semi70,gsm8k/77,1,400,169
acc90/semi70,gsm8k/78,1,233,74
acc90/semi70,gsm8k/79,1,232,49
acc90/semi70,gsm8k/80,1,205,49
acc90/semi70,gsm8k/81,1,253,69
acc90/semi70,gsm8k/82,1,157,44
acc90/semi70,gsm8k/83,1,278,79
acc90/semi70,gsm8k/84,1,157,57
acc90/semi70,gsm8k/85,1,136,42
acc90/semi70,gsm8k/86,1,293,79
acc90/semi70,gsm8k/87,1,171,61
acc90/semi70,gsm8k/88,1,166,34
acc90/semi70,gsm8k/89,1,185,34
acc90/semi70,gsm8k/90,1,207,36
acc90/semi70,gsm8k/91,1,412,106
acc90/semi70,gsm8k/92,1,189,61
acc90/semi70,gsm8k/93,1,116,25
acc90/semi70,gsm8k/94,0,200,83
acc90/semi70,gsm8k/95,1,181,44
acc90/semi70,gsm8k/96,0,271,133
acc90/semi70,gsm8k/97,1,278,94
acc90/semi70,gsm8k/98,1,150,33
acc90/semi70,gsm8k/99,1,240,41
acc90/semi70,gsm8k/100,1,212,73
acc90/semi70,gsm8k/101,1,291,91
acc90/semi70,gsm8k/102,0,238,61
acc90/semi70,gsm8k/103,1,187,38
acc90/semi70,gsm8k/104,1,122,50
acc90/semi70,gsm8k/105,1,307,54
acc90/semi70,gsm8k/106,0,497,156
acc90/semi70,gsm8k/107,1,204,46
acc90/semi70,gsm8k/108,1,199,40
acc90/semi70,gsm8k/109,1,281,79
acc90/semi70,gsm8k/110,1,159,38
acc90/semi70,gsm8k/111,1,152,33
acc90/semi70,gsm8k/112,1,164,46
acc90/semi70,gsm8k/113,0,218,72
acc90/semi70,gsm8k/114,1,177,63
acc90/semi70,gsm8k/115,1,121,20
acc90/semi70,gsm8k/116,1,237,78
acc90/semi70,gsm8k/117,0,272,94
acc90/semi70,gsm8k/118,1,227,67
acc90/semi70,gsm8k/119,1,211,58
acc90/semi70,gsm8k/120,1,95,35
acc90/semi70,gsm8k/121,1,347,102
acc90/semi70,gsm8k/122,1,96,23
acc90/semi70,gsm8k/123,1,313,79
acc90/semi70,gsm8k/124,1,170,39
acc90/semi70,gsm8k/125,1,168,38
acc90/semi70,gsm8k/126,1,261,94
acc90/semi70,gsm8k/127,1,165,46
acc90/semi70,gsm8k/128,0,382,113
acc90/semi70,gsm8k/129,1,222,72
acc90/semi70,gsm8k/130,1,192,46
acc90/semi70,gsm8k/131,0,328,125
acc90/semi70,gsm8k/132,1,192,36
acc90/semi70,gsm8k/133,0,235,78
acc90/semi70,gsm8k/134,1,167,58
acc90/semi70,gsm8k/135,1,376,99
acc90/semi70,gsm8k/136,1,281,77
acc90/semi70,gsm8k/137,0,230,49
acc90/semi70,gsm8k/138,1,210,87
acc90/semi70,gsm8k/139,1,160,48
acc90/semi70,gsm8k/140,1,242,66
acc90/semi70,gsm8k/141,1,248,87
acc90/semi70,gsm8k/142,1,149,42
acc90/semi70,gsm8k/143,1,232,70
acc90/semi70,gsm8k/144,1,393,78
acc90/semi70,gsm8k/145,1,167,59
acc90/semi70,gsm8k/146,1,308,68
acc90/semi70,gsm8k/147,1,165,47
acc90/semi70,gsm8k/148,1,214,80
acc90/semi70,gsm8k/149,1,249,72
acc90/semi70,gsm8k/150,1,211,71
acc90/semi70,gsm8k/151,0,325,78
acc90/semi70,gsm8k/152,0,296,89
acc90/semi70,gsm8k/153,1,222,83
acc90/semi70,gsm8k/154,1,140,26
acc90/semi70,gsm8k/155,0,127,38
acc90/semi70,gsm8k/156,1,198,36
acc90/semi70,gsm8k/157,1,211,72
acc90/semi70,gsm8k/158,1,229,49
acc90/semi70,gsm8k/159,1,248,44
acc90/semi70,gsm8k/160,1,151,31
acc90/semi70,gsm8k/161,1,207,54
acc90/semi70,gsm8k/162,0,238,77
acc90/semi70,gsm8k/163,1,206,76
acc90/semi70,gsm8k/164,1,269,61
acc90/semi70,gsm8k/165,0,283,89
acc90/semi70,gsm8k/166,1,143,46
acc90/semi70,gsm8k/167,1,162,33
acc90/semi70,gsm8k/168,0,884,370
acc90/semi70,gsm8k/169,1,185,40
acc90/semi70,gsm8k/170,1,414,104
acc90/semi70,gsm8k/171,1,150,66
acc90/semi70,gsm8k/172,1,213,63
acc90/semi70,gsm8k/173,1,189,41
acc90/semi70,gsm8k/174,1,195,51
acc90/semi70,gsm8k/175,1,249,66
acc90/semi70,gsm8k/176,1,283,52
acc90/semi70,gsm8k/177,1,177,43
acc90/semi70,gsm8k/178,1,210,80
acc90/semi70,gsm8k/179,1,246,59
acc90/semi70,gsm8k/180,1,135,28
acc90/semi70,gsm8k/181,1,215,61
acc90/semi70,gsm8k/182,1,287,81
acc90/semi70,gsm8k/183,1,250,64
acc90/semi70,gsm8k/184,1,278,82
acc90/semi70,gsm8k/185,1,176,45
acc90/semi70,gsm8k/186,1,211,87
acc90/semi70,gsm8k/187,1,154,46
acc90/semi70,gsm8k/188,1,258,53
acc90/semi70,gsm8k/189,1,273,69
acc90/semi70,gsm8k/190,1,315,58
acc90/semi70,gsm8k/191,1,258,112
acc90/semi70,gsm8k/192,1,197,52
acc90/semi70,gsm8k/193,1,140,34
acc90/semi70,gsm8k/194,1,99,38
acc90/semi70,gsm8k/195,1,311,74
acc90/semi70,gsm8k/196,0,222,49
acc90/semi70,gsm8k/197,1,367,76
acc90/semi70,gsm8k/198,1,211,57
acc90/semi70,gsm8k/199,1,95,27
acc90/semi70,gsm8k/200,1,228,58
acc90/semi70,gsm8k/201,1,201,44
acc90/semi70,gsm8k/202,1,105,21
acc90/semi70,gsm8k/203,1,244,54
acc90/semi70,gsm8k/204,0,308,86
acc90/semi70,gsm8k/205,1,252,66
acc90/semi70,gsm8k/206,1,194,57
acc90/semi70,gsm8k/207,1,232,53
acc90/semi70,gsm8k/208,1,160,28
acc90/semi70,gsm8k/209,1,245,59
acc90/semi70,gsm8k/210,1,376,142
acc90/semi70,gsm8k/211,1,132,33
acc90/semi70,gsm8k/212,1,170,50
acc90/semi70,gsm8k/213,1,234,54
acc90/semi70,gsm8k/214,1,95,33
acc90/semi70,gsm8k/215,1,382,100
acc90/semi70,gsm8k/216,0,233,48
acc90/semi70,gsm8k/217,1,167,58
acc90/semi70,gsm8k/218,1,345,103
acc90/semi70,gsm8k/219,1,234,63
acc90/semi70,gsm8k/220,1,137,30
acc90/semi70,gsm8k/221,1,219,29
acc90/semi70,gsm8k/222,1,182,30
acc90/semi70,gsm8k/223,1,207,84
acc90/semi70,gsm8k/224,1,184,57
acc90/semi70,gsm8k/225,0,386,209
acc90/semi70,gsm8k/226,1,100,23
acc90/semi70,gsm8k/227,1,299,68
acc90/semi70,gsm8k/228,0,230,67
acc90/semi70,gsm8k/229,1,295,110
acc90/semi70,gsm8k/230,0,338,125
acc90/semi70,gsm8k/231,1,188,32
acc90/semi70,gsm8k/232,1,219,61
acc90/semi70,gsm8k/233,1,213,53
acc90/semi70,gsm8k/234,1,201,50
acc90/semi70,gsm8k/235,1,240,78
acc90/semi70,gsm8k/236,1,193,42
acc90/semi70,gsm8k/237,1,203,38
acc90/semi70,gsm8k/238,1,205,58
acc90/semi70,gsm8k/239,1,166,47
acc90/semi70,gsm8k/240,1,150,41
acc90/semi70,gsm8k/241,1,124,37
acc90/semi70,gsm8k/242,1,266,99
acc90/semi70,gsm8k/243,1,258,74
acc90/semi70,gsm8k/244,1,108,33
acc90/semi70,gsm8k/245,1,183,36
acc90/semi70,gsm8k/246,1,185,64
acc90/semi70,gsm8k/247,1,222,62
acc90/semi70,gsm8k/248,1,104,30
acc90/semi70,gsm8k/249,1,175,35
acc90/semi70,gsm8k/250,1,279,50
acc90/semi70,gsm8k/251,1,233,48
acc90/semi70,gsm8k/252,0,175,53
acc90/semi70,gsm8k/253,1,174,45
acc90/semi70,gsm8k/254,1,129,45
acc90/semi70,gsm8k/255,1,350,80
acc90/semi70,gsm8k/256,1,298,54
acc90/semi70,gsm8k/257,1,266,104
acc90/semi70,gsm8k/258,1,170,43
acc90/semi70,gsm8k/259,0,481,166
acc90/semi70,gsm8k/260,1,160,35
acc90/semi70,gsm8k/261,1,323,114
acc90/semi70,gsm8k/262,1,245,46
acc90/semi70,gsm8k/263,1,231,44
acc90/semi70,gsm8k/264,1,268,58
acc90/semi70,gsm8k/265,1,290,85
acc90/semi70,gsm8k/266,1,291,66
acc90/semi70,gsm8k/267,1,145,43
acc90/semi70,gsm8k/268,1,186,34
acc90/semi70,gsm8k/269,1,157,28
acc90/semi70,gsm8k/270,0,512,189
acc90/semi70,gsm8k/271,1,262,80
acc90/semi70,gsm8k/272,1,142,15
acc90/semi70,gsm8k/273,1,210,79
acc90/semi70,gsm8k/274,1,276,64
acc90/semi70,gsm8k/275,1,160,45
acc90/semi70,gsm8k/276,0,355,149
acc90/semi70,gsm8k/277,1,163,55
acc90/semi70,gsm8k/278,1,150,33
acc90/semi70,gsm8k/279,1,204,50
acc90/semi70,gsm8k/280,1,256,83
acc90/semi70,gsm8k/281,1,143,61
acc90/semi70,gsm8k/282,1,221,47
acc90/semi70,gsm8k/283,1,160,55
acc90/semi70,gsm8k/284,1,171,37
acc90/semi70,gsm8k/285,1,210,50
acc90/semi70,gsm8k/286,1,163,47
acc90/semi70,gsm8k/287,1,416,164
acc90/semi70,gsm8k/288,1,301,62
acc90/semi70,gsm8k/289,1,165,72
acc90/semi70,gsm8k/290,1,134,39
acc90/semi70,gsm8k/291,1,242,44
acc90/semi70,gsm8k/292,1,154,37
acc90/semi70,gsm8k/293,1,346,101
acc90/semi70,gsm8k/294,0,436,130
acc90/semi70,gsm8k/295,1,163,49
acc90/semi70,gsm8k/296,0,349,96
acc90/semi70,gsm8k/297,1,243,75
acc90/semi70,gsm8k/298,1,212,48
acc90/semi70,gsm8k/299,1,302,53
acc90/semi70,gsm8k/300,1,253,81
acc90/semi70,gsm8k/301,1,124,27
acc90/semi70,gsm8k/302,1,196,35
acc90/semi70,gsm8k/303,0,254,60
acc90/semi70,gsm8k/304,1,131,32
acc90/semi70,gsm8k/305,1,150,29
acc90/semi70,gsm8k/306,1,142,32
acc90/semi70,gsm8k/307,1,192,60
acc90/semi70,gsm8k/308,1,242,60
acc90/semi70,gsm8k/309,1,162,56
acc90/semi70,gsm8k/310,1,267,81
acc90/semi70,gsm8k/311,1,168,47
acc90/semi70,gsm8k/312,1,205,46
acc90/semi70,gsm8k/313,1,275,64
acc90/semi70,gsm8k/314,1,258,60
acc90/semi70,gsm8k/315,1,265,71
acc90/semi70,gsm8k/316,1,173,85
acc90/semi70,gsm8k/317,1,175,74
acc90/semi70,gsm8k/318,1,193,32
acc90/semi70,gsm8k/319,1,106,31
acc90/semi70,gsm8k/320,0,315,158
acc90/semi70,gsm8k/321,1,176,52
acc90/semi70,gsm8k/322,1,332,109
acc90/semi70,gsm8k/323,1,210,49
acc90/semi70,gsm8k/324,1,280,67
acc90/semi70,gsm8k/325,1,152,42
acc90/semi70,gsm8k/326,1,241,75
acc90/semi70,gsm8k/327,1,243,52
acc90/semi70,gsm8k/328,1,150,14
acc90/semi70,gsm8k/329,1,171,50
acc90/semi70,gsm8k/330,1,174,52
acc90/semi70,gsm8k/331,1,185,69
acc90/semi70,gsm8k/332,1,259,66
acc90/semi70,gsm8k/333,1,171,27
acc90/semi70,gsm8k/334,1,373,164
acc90/semi70,gsm8k/335,1,152,47
acc90/semi70,gsm8k/336,1,247,65
acc90/semi70,gsm8k/337,1,251,67
acc90/semi70,gsm8k/338,1,232,51
acc90/semi70,gsm8k/339,0,452,172
acc90/semi70,gsm8k/340,1,191,55
acc90/semi70,gsm8k/341,1,137,47
acc90/semi70,gsm8k/342,0,199,66
acc90/semi70,gsm8k/343,1,191,58
acc90/semi70,gsm8k/344,1,92,32
acc90/semi70,gsm8k/345,1,285,73
acc90/semi70,gsm8k/346,1,440,114
acc90/semi70,gsm8k/347,1,112,33
acc90/semi70,gsm8k/348,1,334,58
acc90/semi70,gsm8k/349,1,195,32
acc90/semi70,gsm8k/350,1,251,49
acc90/semi70,gsm8k/351,1,457,101
acc90/semi70,gsm8k/352,1,103,20
acc90/semi70,gsm8k/353,1,178,79
acc90/semi70,gsm8k/354,1,214,63
acc90/semi70,gsm8k/355,1,245,61
acc90/semi70,gsm8k/356,1,252,86
acc90/semi70,gsm8k/357,1,210,106
acc90/semi70,gsm8k/358,1,178,28
acc90/semi70,gsm8k/359,1,223,60
acc90/semi70,gsm8k/360,0,386,128
acc90/semi70,gsm8k/361,1,235,78
acc90/semi70,gsm8k/362,1,151,36
acc90/semi70,gsm8k/363,1,161,44
acc90/semi70,gsm8k/364,1,104,46
acc90/semi70,gsm8k/365,1,245,87
acc90/semi70,gsm8k/366,0,226,56
acc90/semi70,gsm8k/367,1,192,47
acc90/semi70,gsm8k/368,1,286,101
acc90/semi70,gsm8k/369,1,190,62
acc90/semi70,gsm8k/370,1,249,74
acc90/semi70,gsm8k/371,1,217,30
acc90/semi70,gsm8k/372,1,286,79
acc90/semi70,gsm8k/373,1,142,22
acc90/semi70,gsm8k/374,1,356,83
acc90/semi70,gsm8k/375,0,3987,459
acc90/semi70,gsm8k/376,1,154,23
acc90/semi70,gsm8k/377,1,170,46
acc90/semi70,gsm8k/378,0,352,90
acc90/semi70,gsm8k/379,1,196,64
acc90/semi70,gsm8k/380,1,252,72
acc90/semi70,gsm8k/381,1,165,40
acc90/semi70,gsm8k/382,0,358,140
acc90/semi70,gsm8k/383,1,156,39
acc90/semi70,gsm8k/384,1,150,32
acc90/semi70,gsm8k/385,1,198,41
acc90/semi70,gsm8k/386,1,237,53
acc90/semi70,gsm8k/387,1,236,66
acc90/semi70,gsm8k/388,1,254,66
acc90/semi70,gsm8k/389,0,217,123
acc90/semi70,gsm8k/390,1,236,91
acc90/semi70,gsm8k/391,1,322,74
acc90/semi70,gsm8k/392,1,304,117
acc90/semi70,gsm8k/393,1,170,41
acc90/semi70,gsm8k/394,1,170,37
acc90/semi70,gsm8k/395,1,115,27
acc90/semi70,gsm8k/396,1,226,61
acc90/semi70,gsm8k/397,1,130,38
acc90/semi70,gsm8k/398,1,176,39
acc90/semi70,gsm8k/399,0,308,141
acc90/semi70,gsm8k/400,0,184,42
acc90/semi70,gsm8k/401,1,278,86
acc90/semi70,gsm8k/402,1,334,117
acc90/semi70,gsm8k/403,1,337,75
acc90/semi70,gsm8k/404,1,159,40
acc90/semi70,gsm8k/405,1,355,142
acc90/semi70,gsm8k/406,1,234,79
acc90/semi70,gsm8k/407,1,356,90
acc90/semi70,gsm8k/408,1,101,29
acc90/semi70,gsm8k/409,1,315,85
acc90/semi70,gsm8k/410,1,302,64
acc90/semi70,gsm8k/411,0,222,60
acc90/semi70,gsm8k/412,1,251,85
acc90/semi70,gsm8k/413,1,150,44
acc90/semi70,gsm8k/414,0,181,54
acc90/semi70,gsm8k/415,1,296,68
acc90/semi70,gsm8k/416,1,166,31
acc90/semi70,gsm8k/417,1,272,50
acc90/semi70,gsm8k/418,1,111,50
acc90/semi70,gsm8k/419,1,254,52
acc90/semi70,gsm8k/420,1,268,52
acc90/semi70,gsm8k/421,1,152,26
acc90/semi70,gsm8k/422,1,148,37
acc90/semi70,gsm8k/423,1,163,27
acc90/semi70,gsm8k/424,0,124,38
acc90/semi70,gsm8k/425,1,181,61
acc90/semi70,gsm8k/426,1,159,40
acc90/semi70,gsm8k/427,1,317,119
acc90/semi70,gsm8k/428,1,243,55
acc90/semi70,gsm8k/429,1,338,116
acc90/semi70,gsm8k/430,1,129,26
acc90/semi70,gsm8k/431,1,466,196
acc90/semi70,gsm8k/432,1,154,32
acc90/semi70,gsm8k/433,0,373,115
acc90/semi70,gsm8k/434,1,363,69
acc90/semi70,gsm8k/435,1,205,38
acc90/semi70,gsm8k/436,1,332,86
acc90/semi70,gsm8k/437,0,467,118
acc90/semi70,gsm8k/438,0,217,50
acc90/semi70,gsm8k/439,1,377,84
acc90/semi70,gsm8k/440,0,91,27
acc90/semi70,gsm8k/441,1,288,104
acc90/semi70,gsm8k/442,1,123,35
acc90/semi70,gsm8k/443,1,239,57
acc90/semi70,gsm8k/444,1,111,24
acc90/semi70,gsm8k/445,1,275,116
acc90/semi70,gsm8k/446,1,297,88
acc90/semi70,gsm8k/447,1,177,48
acc90/semi70,gsm8k/448,1,178,55
acc90/semi70,gsm8k/449,1,224,37
acc90/semi70,gsm8k/450,1,159,35
acc90/semi70,gsm8k/451,1,215,58
acc90/semi70,gsm8k/452,0,230,98
acc90/semi70,gsm8k/453,1,277,102
acc90/semi70,gsm8k/454,1,300,128
acc90/semi70,gsm8k/455,1,210,77
acc90/semi70,gsm8k/456,1,153,16
acc90/semi70,gsm8k/457,1,207,45
acc90/semi70,gsm8k/458,1,282,118
acc90/semi70,gsm8k/459,1,273,59
acc90/semi70,gsm8k/460,1,187,39
acc90/semi70,gsm8k/461,1,206,69
acc90/semi70,gsm8k/462,0,263,48
acc90/semi70,gsm8k/463,1,231,68
acc90/semi70,gsm8k/464,1,247,56
acc90/semi70,gsm8k/465,0,336,125
acc90/semi70,gsm8k/466,1,285,82
acc90/semi70,gsm8k/467,1,145,27
acc90/semi70,gsm8k/468,1,169,42
acc90/semi70,gsm8k/469,1,236,67
acc90/semi70,gsm8k/470,1,193,34
acc90/semi70,gsm8k/471,1,228,65
acc90/semi70,gsm8k/472,1,375,87
acc90/semi70,gsm8k/473,1,203,32
acc90/semi70,gsm8k/474,1,195,45
acc90/semi70,gsm8k/475,0,322,139
acc90/semi70,gsm8k/476,1,248,91
acc90/semi70,gsm8k/477,0,154,46
acc90/semi70,gsm8k/478,1,225,36
acc90/semi70,gsm8k/479,1,864,300
acc90/semi70,gsm8k/480,1,228,84
acc90/semi70,gsm8k/481,0,365,149
acc90/semi70,gsm8k/482,0,218,52
acc90/semi70,gsm8k/483,0,4008,329
acc90/semi70,gsm8k/484,1,327,91
acc90/semi70,gsm8k/485,1,130,28
acc90/semi70,gsm8k/486,0,406,135
acc90/semi70,gsm8k/487,1,150,38
acc90/semi70,gsm8k/488,1,280,69
acc90/semi70,gsm8k/489,1,309,73
acc90/semi70,gsm8k/490,0,571,267
acc90/semi70,gsm8k/491,0,351,83
acc90/semi70,gsm8k/492,1,251,116
acc90/semi70,gsm8k/493,1,139,28
acc90/semi70,gsm8k/494,1,146,42
acc90/semi70,gsm8k/495,1,241,77
acc90/semi70,gsm8k/496,1,262,73
acc90/semi70,gsm8k/497,1,166,30
acc90/semi70,gsm8k/498,1,137,35
acc90/semi70,gsm8k/499,1,235,75
acc90/semi70,gsm8k/500,1,110,21
acc90/semi70,gsm8k/501,1,180,42
acc90/semi70,gsm8k/502,1,341,80
acc90/semi70,gsm8k/503,1,216,49
acc90/semi70,gsm8k/504,1,281,103
acc90/semi70,gsm8k/505,1,247,48
acc90/semi70,gsm8k/506,1,90,34
acc90/semi70,gsm8k/507,1,246,62
acc90/semi70,gsm8k/508,1,159,21
acc90/semi70,gsm8k/509,1,335,91
acc90/semi70,gsm8k/510,1,200,29
acc90/semi70,gsm8k/511,1,138,58
acc90/semi70,math500/0,1,242,47
acc90/semi70,math500/1,1,577,121
acc90/semi70,math500/2,1,367,26
acc90/semi70,math500/3,1,294,71
acc90/semi70,math500/4,0,380,88
acc90/semi70,math500/5,1,224,59
acc90/semi70,math500/6,1,418,123
acc90/semi70,math500/7,0,1205,226
acc90/semi70,math500/8,1,248,48
acc90/semi70,math500/9,0,1066,340
acc90/semi70,math500/10,0,4048,299
acc90/semi70,math500/11,0,1306,297
acc90/semi70,math500/12,0,438,100
acc90/semi70,math500/13,1,179,41
acc90/semi70,math500/14,0,336,96
acc90/semi70,math500/15,0,3894,312
acc90/semi70,math500/16,1,196,46
acc90/semi70,math500/17,1,475,135
acc90/semi70,math500/18,0,626,258
acc90/semi70,math500/19,0,4025,217
acc90/semi70,math500/20,1,131,34
acc90/semi70,math500/21,0,1157,262
acc90/semi70,math500/22,1,663,165
acc90/semi70,math500/23,1,410,47
acc90/semi70,math500/24,0,589,164
acc90/semi70,math500/25,0,1836,356
acc90/semi70,math500/26,0,1074,355
acc90/semi70,math500/27,0,294,70
acc90/semi70,math500/28,1,138,44
acc90/semi70,math500/29,1,250,59
acc90/semi70,math500/30,0,236,71
acc90/semi70,math500/31,0,136,33
acc90/semi70,math500/32,1,354,159
acc90/semi70,math500/33,0,651,119
acc90/semi70,math500/34,0,634,96
acc90/semi70,math500/35,0,268,49
acc90/semi70,math500/36,1,460,67
acc90/semi70,math500/37,1,227,112
acc90/semi70,math500/38,1,186,49
acc90/semi70,math500/39,0,202,51
acc90/semi70,math500/40,1,236,52
acc90/semi70,math500/41,1,806,243
acc90/semi70,math500/42,1,184,33
acc90/semi70,math500/43,0,3988,605
acc90/semi70,math500/44,1,355,100
acc90/semi70,math500/45,1,154,30
acc90/semi70,math500/46,1,1339,316
acc90/semi70,math500/47,1,333,77
acc90/semi70,math500/48,1,196,45
acc90/semi70,math500/49,1,160,22
acc90/semi70,math500/50,1,746,234
acc90/semi70,math500/51,1,822,142
acc90/semi70,math500/52,1,286,39
acc90/semi70,math500/53,1,292,56
acc90/semi70,math500/54,1,59,13
acc90/semi70,math500/55,1,256,79
acc90/semi70,math500/56,1,190,48
acc90/semi70,math500/57,0,345,86
acc90/semi70,math500/58,1,165,31
acc90/semi70,math500/59,1,288,64
acc90/semi70,math500/60,0,2788,719
acc90/semi70,math500/61,1,338,69
acc90/semi70,math500/62,0,3967,357
acc90/semi70,math500/63,0,737,190
acc90/semi70,math500/64,0,1300,247
acc90/semi70,math500/65,1,158,59
acc90/semi70,math500/66,1,251,45
acc90/semi70,math500/67,1,284,80
acc90/semi70,math500/68,0,885,199
acc90/semi70,math500/69,0,658,142
acc90/semi70,math500/70,1,170,60
acc90/semi70,math500/71,0,236,83
acc90/semi70,math500/72,1,428,78
acc90/semi70,math500/73,1,253,28
acc90/semi70,math500/74,1,314,64
acc90/semi70,math500/75,1,396,126
acc90/semi70,math500/76,1,350,100
acc90/semi70,math500/77,1,175,24
acc90/semi70,math500/78,1,941,147
acc90/semi70,math500/79,1,177,26
acc90/semi70,math500/80,0,936,284
acc90/semi70,math500/81,1,296,81
acc90/semi70,math500/82,0,578,209
acc90/semi70,math500/83,0,4049,394
acc90/semi70,math500/84,1,816,131
acc90/semi70,math500/85,1,361,78
acc90/semi70,math500/86,1,124,43
acc90/semi70,math500/87,1,388,89
acc90/semi70,math500/88,0,1064,357
acc90/semi70,math500/89,0,362,74
acc90/semi70,math500/90,1,81,23
acc90/semi70,math500/91,1,494,134
acc90/semi70,math500/92,0,413,80
acc90/semi70,math500/93,1,387,68
acc90/semi70,math500/94,0,762,217
acc90/semi70,math500/95,1,509,67
acc90/semi70,math500/96,0,3965,421
acc90/semi70,math500/97,0,246,102
acc90/semi70,math500/98,1,111,21
acc90/semi70,math500/99,0,759,114
acc90/semi70,math500/100,0,2268,625
acc90/semi70,math500/101,0,3285,585
acc90/semi70,math500/102,0,208,60
acc90/semi70,math500/103,0,2449,577
acc90/semi70,math500/104,0,3993,411
acc90/semi70,math500/105,1,327,74
acc90/semi70,math500/106,0,257,63
acc90/semi70,math500/107,0,369,107
acc90/semi70,math500/108,0,3987,536
acc90/semi70,math500/109,0,1025,153
acc90/semi70,math500/110,0,3955,475
acc90/semi70,math500/111,1,247,49
acc90/semi70,math500/112,1,693,107
acc90/semi70,math500/113,1,278,33
acc90/semi70,math500/114,1,529,83
acc90/semi70,math500/115,1,282,88
acc90/semi70,math500/116,1,198,27
acc90/semi70,math500/117,1,187,28
acc90/semi70,math500/118,1,816,188
acc90/semi70,math500/119,1,1448,399
acc90/semi70,math500/120,0,645,255
acc90/semi70,math500/121,1,177,40
acc90/semi70,math500/122,0,237,67
acc90/semi70,math500/123,1,1281,197
acc90/semi70,math500/124,1,304,61
acc90/semi70,math500/125,1,270,30
acc90/semi70,math500/126,0,3609,807
acc90/semi70,math500/127,0,184,43
acc90/semi70,math500/128,1,229,89
acc90/semi70,math500/129,0,1355,291
acc90/semi70,math500/130,1,503,145
acc90/semi70,math500/131,1,334,60
acc90/semi70,math500/132,1,323,68
acc90/semi70,math500/133,1,278,81
acc90/semi70,math500/134,1,581,136
acc90/semi70,math500/135,1,320,75
acc90/semi70,math500/136,0,3971,537
acc90/semi70,math500/137,1,338,52
acc90/semi70,math500/138,0,3992,682
acc90/semi70,math500/139,1,1191,295
acc90/semi70,math500/140,1,516,149
acc90/semi70,math500/141,1,242,107
acc90/semi70,math500/142,1,370,164
acc90/semi70,math500/143,1,665,80
acc90/semi70,math500/144,1,196,27
acc90/semi70,math500/145,0,4015,475
acc90/semi70,math500/146,1,237,37
acc90/semi70,math500/147,0,4025,201
acc90/semi70,math500/148,1,139,21
acc90/semi70,math500/149,1,586,152
acc90/semi70,math500/150,0,1090,275
acc90/semi70,math500/151,1,1414,279
acc90/semi70,math500/152,1,1164,234
acc90/semi70,math500/153,1,496,158
acc90/semi70,math500/154,0,847,336
acc90/semi70,math500/155,1,385,94
acc90/semi70,math500/156,1,1514,408
acc90/semi70,math500/157,1,615,120
acc90/semi70,math500/158,0,411,75
acc90/semi70,math500/159,1,421,107
acc90/semi70,math500/160,1,356,79
acc90/semi70,math500/161,1,105,21
acc90/semi70,math500/162,0,506,110
acc90/semi70,math500/163,0,831,176
acc90/semi70,math500/164,0,417,88
acc90/semi70,math500/165,1,208,56
acc90/semi70,math500/166,0,1497,635
acc90/semi70,math500/167,1,146,29
acc90/semi70,math500/168,0,616,215
acc90/semi70,math500/169,1,255,45
acc90/semi70,math500/170,0,4029,425
acc90/semi70,math500/171,1,223,43
acc90/semi70,math500/172,0,433,69
acc90/semi70,math500/173,1,895,222
acc90/semi70,math500/174,1,280,83
acc90/semi70,math500/175,1,665,128
acc90/semi70,math500/176,1,196,34
acc90/semi70,math500/177,0,3822,688
acc90/semi70,math500/178,1,127,18
acc90/semi70,math500/179,1,831,144
acc90/semi70,math500/180,1,312,93
acc90/semi70,math500/181,1,295,57
acc90/semi70,math500/182,1,153,33
acc90/semi70,math500/183,1,1339,250
acc90/semi70,math500/184,1,675,194
acc90/semi70,math500/185,1,170,25
acc90/semi70,math500/186,1,423,133
acc90/semi70,math500/187,1,280,50
acc90/semi70,math500/188,0,3849,600
acc90/semi70,math500/189,0,3613,791
acc90/semi70,math500/190,1,355,118
acc90/semi70,math500/191,1,175,38
acc90/semi70,math500/192,1,657,145
acc90/semi70,math500/193,1,450,119
acc90/semi70,math500/194,1,1510,343
acc90/semi70,math500/195,1,347,52
acc90/semi70,math500/196,1,211,39
acc90/semi70,math500/197,1,955,188
acc90/semi70,math500/198,1,258,75
acc90/semi70,math500/199,1,218,37
acc90/semi70,math500/200,0,308,55
acc90/semi70,math500/201,1,612,136
acc90/semi70,math500/202,1,559,150
acc90/semi70,math500/203,1,479,70
acc90/semi70,math500/204,0,3986,419
acc90/semi70,math500/205,0,689,59
acc90/semi70,math500/206,1,345,61
acc90/semi70,math500/207,1,122,35
acc90/semi70,math500/208,1,264,75
acc90/semi70,math500/209,0,501,189
acc90/semi70,math500/210,0,384,106
acc90/semi70,math500/211,1,187,29
acc90/semi70,math500/212,1,270,84
acc90/semi70,math500/213,0,4004,391
acc90/semi70,math500/214,0,474,138
acc90/semi70,math500/215,1,420,88
acc90/semi70,math500/216,1,297,49
acc90/semi70,math500/217,0,4054,289
acc90/semi70,math500/218,1,183,25
acc90/semi70,math500/219,0,1349,384
acc90/semi70,math500/220,1,225,75
acc90/semi70,math500/221,1,381,134
acc90/semi70,math500/222,0,787,320
acc90/semi70,math500/223,1,319,72
acc90/semi70,math500/224,0,848,223
acc90/semi70,math500/225,0,167,55
acc90/semi70,math500/226,1,346,165
acc90/semi70,math500/227,0,145,74
acc90/semi70,math500/228,0,3070,634
acc90/semi70,math500/229,1,167,69
acc90/semi70,math500/230,1,900,174
acc90/semi70,math500/231,1,578,114
acc90/semi70,math500/232,1,473,134
acc90/semi70,math500/233,1,404,66
acc90/semi70,math500/234,1,442,95
acc90/semi70,math500/235,0,415,50
acc90/semi70,math500/236,1,653,101
acc90/semi70,math500/237,0,754,166
acc90/semi70,math500/238,1,481,105
acc90/semi70,math500/239,0,3966,365
acc90/semi70,math500/240,0,630,203
acc90/semi70,math500/241,0,645,140
acc90/semi70,math500/242,0,356,109
acc90/semi70,math500/243,1,225,72
acc90/semi70,math500/244,0,607,157
acc90/semi70,math500/245,0,1122,210
acc90/semi70,math500/246,0,221,115
acc90/semi70,math500/247,0,441,91
acc90/semi70,math500/248,0,1869,365
acc90/semi70,math500/249,0,4032,594
acc90/semi70,math500/250,1,431,67
acc90/semi70,math500/251,1,670,237
acc90/semi70,math500/252,1,479,96
acc90/semi70,math500/253,1,171,37
acc90/semi70,math500/254,1,332,113
acc90/semi70,math500/255,0,4017,213
acc90/semi70,math500/256,1,266,39
acc90/semi70,math500/257,1,230,67
acc90/semi70,math500/258,1,329,72
acc90/semi70,math500/259,1,179,35
acc90/semi70,math500/260,0,620,71
acc90/semi70,math500/261,1,281,62
acc90/semi70,math500/262,1,139,26
acc90/semi70,math500/263,1,316,87
acc90/semi70,math500/264,0,3828,319
acc90/semi70,math500/265,1,244,36
acc90/semi70,math500/266,0,289,74
acc90/semi70,math500/267,0,3894,696
acc90/semi70,math500/268,1,175,35
acc90/semi70,math500/269,1,254,81
acc90/semi70,math500/270,1,311,60
acc90/semi70,math500/271,1,555,112
acc90/semi70,math500/272,0,525,127
acc90/semi70,math500/273,1,275,72
acc90/semi70,math500/274,0,733,332
acc90/semi70,math500/275,1,178,13
acc90/semi70,math500/276,0,465,164
acc90/semi70,math500/277,1,191,67
acc90/semi70,math500/278,1,251,67
acc90/semi70,math500/279,1,467,112
acc90/semi70,math500/280,1,478,130
acc90/semi70,math500/281,0,489,198
acc90/semi70,math500/282,0,503,100
acc90/semi70,math500/283,1,283,38
acc90/semi70,math500/284,0,4013,357
acc90/semi70,math500/285,0,3563,504
acc90/semi70,math500/286,0,1545,401
acc90/semi70,math500/287,1,719,228
acc90/semi70,math500/288,1,1030,139
acc90/semi70,math500/289,1,554,129
acc90/semi70,math500/290,1,748,105
acc90/semi70,math500/291,1,352,117
acc90/semi70,math500/292,0,3948,284
acc90/semi70,math500/293,1,388,62
acc90/semi70,math500/294,0,700,207
acc90/semi70,math500/295,0,3973,315
acc90/semi70,math500/296,0,1031,282
acc90/semi70,math500/297,0,545,135
acc90/semi70,math500/298,0,1017,107
acc90/semi70,math500/299,0,330,101
acc90/semi70,math500/300,1,225,84
acc90/semi70,math500/301,1,386,91
acc90/semi70,math500/302,0,3983,223
acc90/semi70,math500/303,0,2587,580
acc90/semi70,math500/304,1,714,140
acc90/semi70,math500/305,1,552,107
acc90/semi70,math500/306,0,4023,360
acc90/semi70,math500/307,1,430,128
acc90/semi70,math500/308,0,1948,718
acc90/semi70,math500/309,0,4049,334
acc90/semi70,math500/310,1,272,38
acc90/semi70,math500/311,1,491,87
acc90/semi70,math500/312,1,208,76
acc90/semi70,math500/313,1,246,76
acc90/semi70,math500/314,1,275,67
acc90/semi70,math500/315,1,688,206
acc90/semi70,math500/316,1,505,113
acc90/semi70,math500/317,0,675,220
acc90/semi70,math500/318,1,315,36
acc90/semi70,math500/319,1,220,38
acc90/semi70,math500/320,1,543,131
acc90/semi70,math500/321,1,252,57
acc90/semi70,math500/322,1,207,29
acc90/semi70,math500/323,1,575,269
acc90/semi70,math500/324,1,655,189
acc90/semi70,math500/325,1,373,52
acc90/semi70,math500/326,0,528,86
acc90/semi70,math500/327,0,3986,760
acc90/semi70,math500/328,1,1174,245
acc90/semi70,math500/329,1,147,29
acc90/semi70,math500/330,1,323,92
acc90/semi70,math500/331,0,4020,506
acc90/semi70,math500/332,0,4026,865
acc90/semi70,math500/333,1,678,209
acc90/semi70,math500/334,1,457,102
acc90/semi70,math500/335,1,1070,133
acc90/semi70,math500/336,1,201,26
acc90/semi70,math500/337,1,413,122
acc90/semi70,math500/338,0,195,43
acc90/semi70,math500/339,1,661,156
acc90/semi70,math500/340,0,3974,367
acc90/semi70,math500/341,1,322,62
acc90/semi70,math500/342,1,217,41
acc90/semi70,math500/343,1,252,90
acc90/semi70,math500/344,0,292,56
acc90/semi70,math500/345,0,180,26
acc90/semi70,math500/346,1,396,55
acc90/semi70,math500/347,0,300,36
acc90/semi70,math500/348,1,273,48
acc90/semi70,math500/349,0,729,335
acc90/semi70,math500/350,1,314,82
acc90/semi70,math500/351,1,582,88
acc90/semi70,math500/352,0,3874,727
acc90/semi70,math500/353,1,367,131
acc90/semi70,math500/354,1,361,145
acc90/semi70,math500/355,0,1957,321
acc90/semi70,math500/356,0,526,136
acc90/semi70,math500/357,1,475,149
acc90/semi70,math500/358,0,275,114
acc90/semi70,math500/359,0,3976,288
acc90/semi70,math500/360,1,423,81
acc90/semi70,math500/361,0,798,189
acc90/semi70,math500/362,1,209,66
acc90/semi70,math500/363,1,156,35
acc90/semi70,math500/364,0,587,147
acc90/semi70,math500/365,0,936,302
acc90/semi70,math500/366,0,397,89
acc90/semi70,math500/367,1,177,25
acc90/semi70,math500/368,1,338,90
acc90/semi70,math500/369,0,247,73
acc90/semi70,math500/370,1,198,34
acc90/semi70,math500/371,0,1125,228
acc90/semi70,math500/372,0,684,308
acc90/semi70,math500/373,1,334,53
acc90/semi70,math500/374,1,137,17
acc90/semi70,math500/375,1,506,122
acc90/semi70,math500/376,1,618,132
acc90/semi70,math500/377,1,696,241
acc90/semi70,math500/378,1,487,121
acc90/semi70,math500/379,0,646,187
acc90/semi70,math500/380,0,807,189
acc90/semi70,math500/381,0,1364,422
acc90/semi70,math500/382,1,704,207
acc90/semi70,math500/383,0,479,87
acc90/semi70,math500/384,1,122,19
acc90/semi70,math500/385,1,273,64
acc90/semi70,math500/386,0,256,53
acc90/semi70,math500/387,1,167,36
acc90/semi70,math500/388,1,423,73
acc90/semi70,math500/389,1,407,137
acc90/semi70,math500/390,0,715,147
acc90/semi70,math500/391,1,1567,308
acc90/semi70,math500/392,0,3795,424
acc90/semi70,math500/393,1,243,74
acc90/semi70,math500/394,0,1550,337
acc90/semi70,math500/395,1,249,47
acc90/semi70,math500/396,1,563,181
acc90/semi70,math500/397,1,173,16
acc90/semi70,math500/398,1,478,99
acc90/semi70,math500/399,1,85,23
acc90/semi70,math500/400,0,4002,725
acc90/semi70,math500/401,0,4030,407
acc90/semi70,math500/402,0,439,121
acc90/semi70,math500/403,1,396,83
acc90/semi70,math500/404,1,241,63
acc90/semi70,math500/405,1,235,93
acc90/semi70,math500/406,1,124,28
acc90/semi70,math500/407,1,186,26
acc90/semi70,math500/408,0,1300,226
acc90/semi70,math500/409,1,949,273
acc90/semi70,math500/410,1,423,136
acc90/semi70,math500/411,1,134,52
acc90/semi70,math500/412,0,3999,653
acc90/semi70,math500/413,1,195,49
acc90/semi70,math500/414,1,390,60
acc90/semi70,math500/415,0,580,98
acc90/semi70,math500/416,1,559,74
acc90/semi70,math500/417,1,353,105
acc90/semi70,math500/418,1,295,46
acc90/semi70,math500/419,0,3987,473
acc90/semi70,math500/420,0,444,45
acc90/semi70,math500/421,0,3967,542
acc90/semi70,math500/422,0,3963,485
acc90/semi70,math500/423,0,1475,313
acc90/semi70,math500/424,1,449,73
acc90/semi70,math500/425,0,1333,301
acc90/semi70,math500/426,1,442,98
acc90/semi70,math500/427,0,199,44
acc90/semi70,math500/428,1,776,88
acc90/semi70,math500/429,0,1406,284
acc90/semi70,math500/430,1,54,16
acc90/semi70,math500/431,1,897,173
acc90/semi70,math500/432,0,922,193
acc90/semi70,math500/433,1,77,17
acc90/semi70,math500/434,1,690,217
acc90/semi70,math500/435,1,392,105
acc90/semi70,math500/436,1,879,198
acc90/semi70,math500/437,1,759,211
acc90/semi70,math500/438,1,182,71
acc90/semi70,math500/439,0,300,76
acc90/semi70,math500/440,1,288,38
acc90/semi70,math500/441,1,259,52
acc90/semi70,math500/442,1,255,25
acc90/semi70,math500/443,1,203,34
acc90/semi70,math500/444,0,942,344
acc90/semi70,math500/445,0,1843,382
acc90/semi70,math500/446,1,583,93
acc90/semi70,math500/447,1,323,91
acc90/semi70,math500/448,1,629,120
acc90/semi70,math500/449,1,177,30
acc90/semi70,math500/450,1,649,174
acc90/semi70,math500/451,1,332,73
acc90/semi70,math500/452,1,510,100
acc90/semi70,math500/453,1,258,68
acc90/semi70,math500/454,0,1235,287
acc90/semi70,math500/455,1,170,35
acc90/semi70,math500/456,0,846,155
acc90/semi70,math500/457,1,64,28
acc90/semi70,math500/458,1,401,164
acc90/semi70,math500/459,1,727,183
acc90/semi70,math500/460,0,405,132
acc90/semi70,math500/461,0,507,54
acc90/semi70,math500/462,1,334,103
acc90/semi70,math500/463,1,165,41
acc90/semi70,math500/464,0,1025,260
acc90/semi70,math500/465,1,424,149
acc90/semi70,math500/466,0,1752,470
acc90/semi70,math500/467,1,378,73
acc90/semi70,math500/468,1,170,46
acc90/semi70,math500/469,1,168,27
acc90/semi70,math500/470,0,893,141
acc90/semi70,math500/471,1,207,32
acc90/semi70,math500/472,1,180,31
acc90/semi70,math500/473,0,3841,465
acc90/semi70,math500/474,1,474,80
acc90/semi70,math500/475,0,3913,759
acc90/semi70,math500/476,1,282,67
acc90/semi70,math500/477,1,607,231
acc90/semi70,math500/478,0,553,161
acc90/semi70,math500/479,1,291,106
acc90/semi70,math500/480,1,466,105
acc90/semi70,math500/481,0,3970,534
acc90/semi70,math500/482,0,4019,341
acc90/semi70,math500/483,1,1827,435
acc90/semi70,math500/484,1,769,108
acc90/semi70,math500/485,1,1448,252
acc90/semi70,math500/486,1,318,148
acc90/semi70,math500/487,1,211,46
acc90/semi70,math500/488,1,134,28
acc90/semi70,math500/489,1,568,153
acc90/semi70,math500/490,0,3980,460
acc90/semi70,math500/491,0,326,123
acc90/semi70,math500/492,1,359,69
acc90/semi70,math500/493,1,549,69
acc90/semi70,math500/494,0,4000,721
acc90/semi70,math500/495,1,536,144
acc90/semi70,math500/496,1,398,48
acc90/semi70,math500/497,0,4022,262
acc90/semi70,math500/498,0,1899,317
acc90/semi70,math500/499,1,414,104
acc90/semi90,gsm8k/0,1,115,44
acc90/semi90,gsm8k/1,1,311,113
acc90/semi90,gsm8k/2,1,195,38
acc90/semi90,gsm8k/3,1,193,39
acc90/semi90,gsm8k/4,1,192,81
acc90/semi90,gsm8k/5,1,148,30
acc90/semi90,gsm8k/6,1,165,42
acc90/semi90,gsm8k/7,1,154,51
acc90/semi90,gsm8k/8,1,1298,406
acc90/semi90,gsm8k/9,1,241,79
acc90/semi90,gsm8k/10,1,329,154
acc90/semi90,gsm8k/11,1,310,85
acc90/semi90,gsm8k/12,1,114,32
acc90/semi90,gsm8k/13,1,221,59
acc90/semi90,gsm8k/14,1,278,119
acc90/semi90,gsm8k/15,1,197,56
acc90/semi90,gsm8k/16,1,171,29
acc90/semi90,gsm8k/17,1,188,65
acc90/semi90,gsm8k/18,1,196,62
acc90/semi90,gsm8k/19,1,151,36
acc90/semi90,gsm8k/20,1,163,45
acc90/semi90,gsm8k/21,1,203,82
acc90/semi90,gsm8k/22,1,268,57
acc90/semi90,gsm8k/23,1,303,105
acc90/semi90,gsm8k/24,1,197,60
acc90/semi90,gsm8k/25,1,263,78
acc90/semi90,gsm8k/26,1,211,72
acc90/semi90,gsm8k/27,1,100,31
acc90/semi90,gsm8k/28,1,150,46
acc90/semi90,gsm8k/29,1,165,49
acc90/semi90,gsm8k/30,1,184,57
acc90/semi90,gsm8k/31,1,329,96
acc90/semi90,gsm8k/32,1,98,43
acc90/semi90,gsm8k/33,1,370,129
acc90/semi90,gsm8k/34,1,314,84
acc90/semi90,gsm8k/35,1,164,35
acc90/semi90,gsm8k/36,1,193,45
acc90/semi90,gsm8k/37,1,198,81
acc90/semi90,gsm8k/38,1,303,124
acc90/semi90,gsm8k/39,1,284,78
acc90/semi90,gsm8k/40,1,205,52
acc90/semi90,gsm8k/41,1,305,58
acc90/semi90,gsm8k/42,1,235,45
acc90/semi90,gsm8k/43,1,141,56
acc90/semi90,gsm8k/44,1,336,105
acc90/semi90,gsm8k/45,1,276,71
acc90/semi90,gsm8k/46,1,279,81
acc90/semi90,gsm8k/47,1,128,31
acc90/semi90,gsm8k/48,1,250,84
acc90/semi90,gsm8k/49,0,295,84
acc90/semi90,gsm8k/50,0,517,197
acc90/semi90,gsm8k/51,0,125,49
acc90/semi90,gsm8k/52,1,125,23
acc90/semi90,gsm8k/53,1,88,32
acc90/semi90,gsm8k/54,1,302,71
acc90/semi90,gsm8k/55,1,148,40
acc90/semi90,gsm8k/56,0,317,52
acc90/semi90,gsm8k/57,1,131,24
acc90/semi90,gsm8k/58,1,161,35
acc90/semi90,gsm8k/59,1,153,56
acc90/semi90,gsm8k/60,1,156,37
acc90/semi90,gsm8k/61,1,188,27
acc90/semi90,gsm8k/62,0,219,73
acc90/semi90,gsm8k/63,1,140,48
acc90/semi90,gsm8k/64,1,396,128
acc90/semi90,gsm8k/65,1,146,51
acc90/semi90,gsm8k/66,1,217,62
acc90/semi90,gsm8k/67,1,262,60
acc90/semi90,gsm8k/68,1,322,138
acc90/semi90,gsm8k/69,1,104,35
acc90/semi90,gsm8k/70,1,315,73
acc90/semi90,gsm8k/71,1,215,42
acc90/semi90,gsm8k/72,1,220,61
acc90/semi90,gsm8k/73,1,199,51
acc90/semi90,gsm8k/74,1,130,45
acc90/semi90,gsm8k/75,1,232,60
acc90/semi90,gsm8k/76,1,224,67
acc90/semi90,gsm8k/77,0,307,144
acc90/semi90,gsm8k/78,1,213,62
acc90/semi90,gsm8k/79,1,296,60
acc90/semi90,gsm8k/80,1,205,50
acc90/semi90,gsm8k/81,1,288,93
acc90/semi90,gsm8k/82,1,163,47
acc90/semi90,gsm8k/83,1,311,87
acc90/semi90,gsm8k/84,1,150,60
acc90/semi90,gsm8k/85,1,142,39
acc90/semi90,gsm8k/86,0,286,90
acc90/semi90,gsm8k/87,0,220,62
acc90/semi90,gsm8k/88,1,172,37
acc90/semi90,gsm8k/89,1,182,37
acc90/semi90,gsm8k/90,1,222,30
acc90/semi90,gsm8k/91,0,406,90
acc90/semi90,gsm8k/92,1,192,58
acc90/semi90,gsm8k/93,1,116,26
acc90/semi90,gsm8k/94,1,186,55
acc90/semi90,gsm8k/95,1,180,39
acc90/semi90,gsm8k/96,0,256,131
acc90/semi90,gsm8k/97,1,229,88
acc90/semi90,gsm8k/98,1,162,41
acc90/semi90,gsm8k/99,1,241,45
acc90/semi90,gsm8k/100,1,283,94
acc90/semi90,gsm8k/101,1,288,91
acc90/semi90,gsm8k/102,1,234,71
acc90/semi90,gsm8k/103,1,187,43
acc90/semi90,gsm8k/104,1,144,63
acc90/semi90,gsm8k/105,1,218,54
acc90/semi90,gsm8k/106,0,331,131
acc90/semi90,gsm8k/107,1,202,58
acc90/semi90,gsm8k/108,1,198,42
acc90/semi90,gsm8k/109,1,345,73
acc90/semi90,gsm8k/110,1,160,36
acc90/semi90,gsm8k/111,1,152,39
acc90/semi90,gsm8k/112,1,156,51
acc90/semi90,gsm8k/113,1,206,69
acc90/semi90,gsm8k/114,1,173,57
acc90/semi90,gsm8k/115,1,138,25
acc90/semi90,gsm8k/116,1,262,81
acc90/semi90,gsm8k/117,1,300,100
acc90/semi90,gsm8k/118,1,227,74
acc90/semi90,gsm8k/119,1,234,62
acc90/semi90,gsm8k/120,1,97,35
acc90/semi90,gsm8k/121,1,297,107
acc90/semi90,gsm8k/122,1,109,30
acc90/semi90,gsm8k/123,1,429,130
acc90/semi90,gsm8k/124,1,162,40
acc90/semi90,gsm8k/125,0,152,38
acc90/semi90,gsm8k/126,1,362,151
acc90/semi90,gsm8k/127,1,171,51
acc90/semi90,gsm8k/128,0,4001,419
acc90/semi90,gsm8k/129,1,213,84
acc90/semi90,gsm8k/130,1,215,65
acc90/semi90,gsm8k/131,0,349,109
acc90/semi90,gsm8k/132,1,198,40
acc90/semi90,gsm8k/133,1,233,73
acc90/semi90,gsm8k/134,1,159,57
acc90/semi90,gsm8k/135,0,381,112
acc90/semi90,gsm8k/136,1,293,85
acc90/semi90,gsm8k/137,0,230,57
acc90/semi90,gsm8k/138,0,249,110
acc90/semi90,gsm8k/139,1,141,49
acc90/semi90,gsm8k/140,1,292,60
acc90/semi90,gsm8k/141,1,234,90
acc90/semi90,gsm8k/142,1,170,55
acc90/semi90,gsm8k/143,1,240,75
acc90/semi90,gsm8k/144,1,397,84
acc90/semi90,gsm8k/145,1,170,63
acc90/semi90,gsm8k/146,1,308,69
acc90/semi90,gsm8k/147,1,145,45
acc90/semi90,gsm8k/148,1,302,100
acc90/semi90,gsm8k/149,1,164,72
acc90/semi90,gsm8k/150,1,311,85
acc90/semi90,gsm8k/151,1,330,101
acc90/semi90,gsm8k/152,1,350,89
acc90/semi90,gsm8k/153,1,239,74
acc90/semi90,gsm8k/154,1,146,31
acc90/semi90,gsm8k/155,0,140,41
acc90/semi90,gsm8k/156,1,195,42
acc90/semi90,gsm8k/157,1,174,78
acc90/semi90,gsm8k/158,1,228,58
acc90/semi90,gsm8k/159,1,346,71
acc90/semi90,gsm8k/160,1,162,34
acc90/semi90,gsm8k/161,1,219,61
acc90/semi90,gsm8k/162,1,221,78
acc90/semi90,gsm8k/163,1,209,93
acc90/semi90,gsm8k/164,1,286,63
acc90/semi90,gsm8k/165,1,245,81
acc90/semi90,gsm8k/166,1,166,42
acc90/semi90,gsm8k/167,1,183,46
acc90/semi90,gsm8k/168,1,427,231
acc90/semi90,gsm8k/169,1,209,54
acc90/semi90,gsm8k/170,1,399,117
acc90/semi90,gsm8k/171,1,158,90
acc90/semi90,gsm8k/172,1,232,64
acc90/semi90,gsm8k/173,1,194,45
acc90/semi90,gsm8k/174,1,235,60
acc90/semi90,gsm8k/175,1,247,68
acc90/semi90,gsm8k/176,1,290,52
acc90/semi90,gsm8k/177,1,167,49
acc90/semi90,gsm8k/178,1,147,57
acc90/semi90,gsm8k/179,1,262,62
acc90/semi90,gsm8k/180,1,136,30
acc90/semi90,gsm8k/181,1,216,68
acc90/semi90,gsm8k/182,1,252,96
acc90/semi90,gsm8k/183,1,253,67
acc90/semi90,gsm8k/184,1,292,92
acc90/semi90,gsm8k/185,1,176,46
acc90/semi90,gsm8k/186,1,208,84
acc90/semi90,gsm8k/187,1,165,43
acc90/semi90,gsm8k/188,1,263,55
acc90/semi90,gsm8k/189,1,304,90
acc90/semi90,gsm8k/190,1,314,59
acc90/semi90,gsm8k/191,1,278,117
acc90/semi90,gsm8k/192,1,204,48
acc90/semi90,gsm8k/193,1,141,46
acc90/semi90,gsm8k/194,1,106,40
acc90/semi90,gsm8k/195,1,351,88
acc90/semi90,gsm8k/196,1,223,59
acc90/semi90,gsm8k/197,1,409,77
acc90/semi90,gsm8k/198,1,217,68
acc90/semi90,gsm8k/199,1,95,29
acc90/semi90,gsm8k/200,1,223,55
acc90/semi90,gsm8k/201,1,217,47
acc90/semi90,gsm8k/202,1,109,25
acc90/semi90,gsm8k/203,1,243,57
acc90/semi90,gsm8k/204,0,303,102
acc90/semi90,gsm8k/205,1,241,75
acc90/semi90,gsm8k/206,0,181,56
acc90/semi90,gsm8k/207,1,238,63
acc90/semi90,gsm8k/208,1,160,29
acc90/semi90,gsm8k/209,1,245,63
acc90/semi90,gsm8k/210,1,561,215
acc90/semi90,gsm8k/211,0,132,47
acc90/semi90,gsm8k/212,1,173,44
acc90/semi90,gsm8k/213,1,233,61
acc90/semi90,gsm8k/214,1,94,34
acc90/semi90,gsm8k/215,1,347,81
acc90/semi90,gsm8k/216,0,284,57
acc90/semi90,gsm8k/217,1,151,57
acc90/semi90,gsm8k/218,1,338,132
acc90/semi90,gsm8k/219,1,207,54
acc90/semi90,gsm8k/220,1,139,31
acc90/semi90,gsm8k/221,1,219,31
acc90/semi90,gsm8k/222,1,182,33
acc90/semi90,gsm8k/223,1,208,78
acc90/semi90,gsm8k/224,1,180,65
acc90/semi90,gsm8k/225,0,555,217
acc90/semi90,gsm8k/226,1,97,21
acc90/semi90,gsm8k/227,1,259,61
acc90/semi90,gsm8k/228,0,259,81
acc90/semi90,gsm8k/229,1,304,110
acc90/semi90,gsm8k/230,0,461,179
acc90/semi90,gsm8k/231,1,189,30
acc90/semi90,gsm8k/232,1,193,57
acc90/semi90,gsm8k/233,1,213,50
acc90/semi90,gsm8k/234,1,199,56
acc90/semi90,gsm8k/235,1,243,90
acc90/semi90,gsm8k/236,1,195,33
acc90/semi90,gsm8k/237,1,226,54
acc90/semi90,gsm8k/238,1,254,102
acc90/semi90,gsm8k/239,1,180,62
acc90/semi90,gsm8k/240,1,145,52
acc90/semi90,gsm8k/241,1,124,40
acc90/semi90,gsm8k/242,1,272,98
acc90/semi90,gsm8k/243,1,287,89
acc90/semi90,gsm8k/244,1,110,37
acc90/semi90,gsm8k/245,1,160,42
acc90/semi90,gsm8k/246,1,172,52
acc90/semi90,gsm8k/247,1,211,57
acc90/semi90,gsm8k/248,1,121,42
acc90/semi90,gsm8k/249,1,162,37
acc90/semi90,gsm8k/250,1,163,53
acc90/semi90,gsm8k/251,1,230,56
acc90/semi90,gsm8k/252,1,194,80
acc90/semi90,gsm8k/253,1,177,46
acc90/semi90,gsm8k/254,1,236,59
acc90/semi90,gsm8k/255,1,357,80
acc90/semi90,gsm8k/256,1,306,75
acc90/semi90,gsm8k/257,1,282,95
acc90/semi90,gsm8k/258,1,177,48
acc90/semi90,gsm8k/259,0,499,247
acc90/semi90,gsm8k/260,1,167,43
acc90/semi90,gsm8k/261,1,347,101
acc90/semi90,gsm8k/262,1,254,51
acc90/semi90,gsm8k/263,1,226,69
acc90/semi90,gsm8k/264,1,232,67
acc90/semi90,gsm8k/265,0,245,75
acc90/semi90,gsm8k/266,1,252,75
acc90/semi90,gsm8k/267,1,164,57
acc90/semi90,gsm8k/268,1,194,33
acc90/semi90,gsm8k/269,1,157,29
acc90/semi90,gsm8k/270,0,448,142
acc90/semi90,gsm8k/271,1,280,86
acc90/semi90,gsm8k/272,1,142,15
acc90/semi90,gsm8k/273,1,257,87
acc90/semi90,gsm8k/274,1,276,72
acc90/semi90,gsm8k/275,1,225,72
acc90/semi90,gsm8k/276,1,300,148
acc90/semi90,gsm8k/277,1,187,59
acc90/semi90,gsm8k/278,1,151,33
acc90/semi90,gsm8k/279,1,204,51
acc90/semi90,gsm8k/280,1,274,89
acc90/semi90,gsm8k/281,1,140,48
acc90/semi90,gsm8k/282,1,222,47
acc90/semi90,gsm8k/283,0,207,86
acc90/semi90,gsm8k/284,1,168,44
acc90/semi90,gsm8k/285,1,211,51
acc90/semi90,gsm8k/286,1,167,57
acc90/semi90,gsm8k/287,0,378,131
acc90/semi90,gsm8k/288,1,323,90
acc90/semi90,gsm8k/289,1,228,94
acc90/semi90,gsm8k/290,1,157,38
acc90/semi90,gsm8k/291,1,239,47
acc90/semi90,gsm8k/292,1,154,39
acc90/semi90,gsm8k/293,1,388,112
acc90/semi90,gsm8k/294,0,488,200
acc90/semi90,gsm8k/295,1,164,47
acc90/semi90,gsm8k/296,0,352,119
acc90/semi90,gsm8k/297,1,218,71
acc90/semi90,gsm8k/298,1,277,83
acc90/semi90,gsm8k/299,1,305,64
acc90/semi90,gsm8k/300,1,265,92
acc90/semi90,gsm8k/301,1,121,27
acc90/semi90,gsm8k/302,1,188,38
acc90/semi90,gsm8k/303,0,248,69
acc90/semi90,gsm8k/304,1,131,32
acc90/semi90,gsm8k/305,1,151,37
acc90/semi90,gsm8k/306,1,141,39
acc90/semi90,gsm8k/307,1,236,76
acc90/semi90,gsm8k/308,1,254,68
acc90/semi90,gsm8k/309,1,178,56
acc90/semi90,gsm8k/310,1,255,95
acc90/semi90,gsm8k/311,1,168,49
acc90/semi90,gsm8k/312,1,205,47
acc90/semi90,gsm8k/313,1,260,59
acc90/semi90,gsm8k/314,1,257,72
acc90/semi90,gsm8k/315,1,242,70
acc90/semi90,gsm8k/316,1,194,71
acc90/semi90,gsm8k/317,1,212,74
acc90/semi90,gsm8k/318,1,233,32
acc90/semi90,gsm8k/319,1,106,32
acc90/semi90,gsm8k/320,1,381,195
acc90/semi90,gsm8k/321,1,207,46
acc90/semi90,gsm8k/322,1,298,100
acc90/semi90,gsm8k/323,1,213,52
acc90/semi90,gsm8k/324,1,323,81
acc90/semi90,gsm8k/325,1,226,36
acc90/semi90,gsm8k/326,1,259,65
acc90/semi90,gsm8k/327,1,228,50
acc90/semi90,gsm8k/328,1,150,14
acc90/semi90,gsm8k/329,1,190,64
acc90/semi90,gsm8k/330,1,156,60
acc90/semi90,gsm8k/331,1,195,58
acc90/semi90,gsm8k/332,1,191,55
acc90/semi90,gsm8k/333,1,155,33
acc90/semi90,gsm8k/334,1,289,130
acc90/semi90,gsm8k/335,1,152,48
acc90/semi90,gsm8k/336,1,231,62
acc90/semi90,gsm8k/337,0,370,99
acc90/semi90,gsm8k/338,1,251,52
acc90/semi90,gsm8k/339,0,626,247
acc90/semi90,gsm8k/340,1,203,66
acc90/semi90,gsm8k/341,1,134,39
acc90/semi90,gsm8k/342,0,210,45
acc90/semi90,gsm8k/343,1,229,75
acc90/semi90,gsm8k/344,1,93,34
acc90/semi90,gsm8k/345,1,297,70
acc90/semi90,gsm8k/346,1,431,123
acc90/semi90,gsm8k/347,1,99,33
acc90/semi90,gsm8k/348,0,334,57
acc90/semi90,gsm8k/349,1,219,46
acc90/semi90,gsm8k/350,1,280,59
acc90/semi90,gsm8k/351,1,472,93
acc90/semi90,gsm8k/352,1,105,23
acc90/semi90,gsm8k/353,1,231,108
acc90/semi90,gsm8k/354,1,189,43
acc90/semi90,gsm8k/355,1,249,68
acc90/semi90,gsm8k/356,1,325,110
acc90/semi90,gsm8k/357,1,355,123
acc90/semi90,gsm8k/358,0,154,34
acc90/semi90,gsm8k/359,1,278,67
acc90/semi90,gsm8k/360,1,468,137
acc90/semi90,gsm8k/361,1,230,82
acc90/semi90,gsm8k/362,1,147,29
acc90/semi90,gsm8k/363,1,163,50
acc90/semi90,gsm8k/364,1,100,52
acc90/semi90,gsm8k/365,1,238,100
acc90/semi90,gsm8k/366,0,198,53
acc90/semi90,gsm8k/367,1,181,41
acc90/semi90,gsm8k/368,1,260,94
acc90/semi90,gsm8k/369,1,206,75
acc90/semi90,gsm8k/370,0,239,81
acc90/semi90,gsm8k/371,1,217,29
acc90/semi90,gsm8k/372,1,254,93
acc90/semi90,gsm8k/373,1,143,23
acc90/semi90,gsm8k/374,1,345,113
acc90/semi90,gsm8k/375,1,359,147
acc90/semi90,gsm8k/376,1,154,23
acc90/semi90,gsm8k/377,1,169,42
acc90/semi90,gsm8k/378,1,361,103
acc90/semi90,gsm8k/379,1,214,60
acc90/semi90,gsm8k/380,1,258,70
acc90/semi90,gsm8k/381,0,148,31
acc90/semi90,gsm8k/382,0,361,134
acc90/semi90,gsm8k/383,1,117,31
acc90/semi90,gsm8k/384,1,168,34
acc90/semi90,gsm8k/385,1,202,43
acc90/semi90,gsm8k/386,1,274,63
acc90/semi90,gsm8k/387,1,246,69
acc90/semi90,gsm8k/388,1,249,82
acc90/semi90,gsm8k/389,0,264,108
acc90/semi90,gsm8k/390,1,246,109
acc90/semi90,gsm8k/391,1,282,74
acc90/semi90,gsm8k/392,1,256,110
acc90/semi90,gsm8k/393,0,167,43
acc90/semi90,gsm8k/394,1,169,35
acc90/semi90,gsm8k/395,1,117,23
acc90/semi90,gsm8k/396,1,285,73
acc90/semi90,gsm8k/397,1,131,37
acc90/semi90,gsm8k/398,1,170,36
acc90/semi90,gsm8k/399,0,282,125
acc90/semi90,gsm8k/400,1,195,47
acc90/semi90,gsm8k/401,1,264,75
acc90/semi90,gsm8k/402,1,311,103
acc90/semi90,gsm8k/403,1,335,65
acc90/semi90,gsm8k/404,1,173,51
acc90/semi90,gsm8k/405,0,427,161
acc90/semi90,gsm8k/406,0,206,79
acc90/semi90,gsm8k/407,1,321,96
acc90/semi90,gsm8k/408,1,101,30
acc90/semi90,gsm8k/409,1,293,71
acc90/semi90,gsm8k/410,1,306,65
acc90/semi90,gsm8k/411,0,222,65
acc90/semi90,gsm8k/412,1,231,86
acc90/semi90,gsm8k/413,1,150,52
acc90/semi90,gsm8k/414,1,168,64
acc90/semi90,gsm8k/415,1,256,49
acc90/semi90,gsm8k/416,1,165,41
acc90/semi90,gsm8k/417,1,269,44
acc90/semi90,gsm8k/418,1,130,44
acc90/semi90,gsm8k/419,1,258,71
acc90/semi90,gsm8k/420,1,246,56
acc90/semi90,gsm8k/421,1,149,28
acc90/semi90,gsm8k/422,1,142,39
acc90/semi90,gsm8k/423,1,149,32
acc90/semi90,gsm8k/424,1,148,49
acc90/semi90,gsm8k/425,1,203,65
acc90/semi90,gsm8k/426,0,198,53
acc90/semi90,gsm8k/427,1,405,130
acc90/semi90,gsm8k/428,1,236,56
acc90/semi90,gsm8k/429,0,485,175
acc90/semi90,gsm8k/430,1,124,34
acc90/semi90,gsm8k/431,1,452,232
acc90/semi90,gsm8k/432,1,166,42
acc90/semi90,gsm8k/433,1,363,111
acc90/semi90,gsm8k/434,1,364,93
acc90/semi90,gsm8k/435,1,200,39
acc90/semi90,gsm8k/436,1,265,78
acc90/semi90,gsm8k/437,0,317,104
acc90/semi90,gsm8k/438,0,156,35
acc90/semi90,gsm8k/439,1,310,71
acc90/semi90,gsm8k/440,0,88,30
acc90/semi90,gsm8k/441,1,287,104
acc90/semi90,gsm8k/442,1,130,45
acc90/semi90,gsm8k/443,1,318,76
acc90/semi90,gsm8k/444,1,109,24
acc90/semi90,gsm8k/445,1,258,94
acc90/semi90,gsm8k/446,1,313,144
acc90/semi90,gsm8k/447,1,182,56
acc90/semi90,gsm8k/448,1,205,62
acc90/semi90,gsm8k/449,1,207,52
acc90/semi90,gsm8k/450,1,185,32
acc90/semi90,gsm8k/451,1,270,83
acc90/semi90,gsm8k/452,0,237,119
acc90/semi90,gsm8k/453,1,260,98
acc90/semi90,gsm8k/454,1,269,127
acc90/semi90,gsm8k/455,1,196,64
acc90/semi90,gsm8k/456,1,153,16
acc90/semi90,gsm8k/457,1,207,55
acc90/semi90,gsm8k/458,1,244,98
acc90/semi90,gsm8k/459,1,295,60
acc90/semi90,gsm8k/460,1,169,37
acc90/semi90,gsm8k/461,1,242,57
acc90/semi90,gsm8k/462,0,263,49
acc90/semi90,gsm8k/463,1,234,65
acc90/semi90,gsm8k/464,1,254,84
acc90/semi90,gsm8k/465,0,610,322
acc90/semi90,gsm8k/466,1,309,101
acc90/semi90,gsm8k/467,1,147,32
acc90/semi90,gsm8k/468,1,169,44
acc90/semi90,gsm8k/469,1,221,71
acc90/semi90,gsm8k/470,1,193,35
acc90/semi90,gsm8k/471,1,252,75
acc90/semi90,gsm8k/472,1,407,105
acc90/semi90,gsm8k/473,1,234,33
acc90/semi90,gsm8k/474,1,217,51
acc90/semi90,gsm8k/475,0,288,190
acc90/semi90,gsm8k/476,1,234,95
acc90/semi90,gsm8k/477,1,156,50
acc90/semi90,gsm8k/478,1,214,35
acc90/semi90,gsm8k/479,0,415,102
acc90/semi90,gsm8k/480,1,243,64
acc90/semi90,gsm8k/481,0,350,149
acc90/semi90,gsm8k/482,0,219,53
acc90/semi90,gsm8k/483,0,446,208
acc90/semi90,gsm8k/484,0,279,81
acc90/semi90,gsm8k/485,1,130,28
acc90/semi90,gsm8k/486,0,532,230
acc90/semi90,gsm8k/487,1,149,38
acc90/semi90,gsm8k/488,1,271,59
acc90/semi90,gsm8k/489,1,302,78
acc90/semi90,gsm8k/490,1,452,215
acc90/semi90,gsm8k/491,0,368,137
acc90/semi90,gsm8k/492,1,329,114
acc90/semi90,gsm8k/493,1,139,28
acc90/semi90,gsm8k/494,1,144,49
acc90/semi90,gsm8k/495,1,202,72
acc90/semi90,gsm8k/496,1,302,97
acc90/semi90,gsm8k/497,1,171,34
acc90/semi90,gsm8k/498,1,129,39
acc90/semi90,gsm8k/499,1,266,94
acc90/semi90,gsm8k/500,1,110,22
acc90/semi90,gsm8k/501,1,181,38
acc90/semi90,gsm8k/502,1,374,82
acc90/semi90,gsm8k/503,1,216,48
acc90/semi90,gsm8k/504,1,251,113
acc90/semi90,gsm8k/505,1,252,52
acc90/semi90,gsm8k/506,1,82,30
acc90/semi90,gsm8k/507,1,204,60
acc90/semi90,gsm8k/508,1,163,22
acc90/semi90,gsm8k/509,1,363,122
acc90/semi90,gsm8k/510,1,214,33
acc90/semi90,gsm8k/511,1,160,61
acc90/semi90,math500/0,1,251,56
acc90/semi90,math500/1,1,599,104
acc90/semi90,math500/2,0,369,32
acc90/semi90,math500/3,1,296,61
acc90/semi90,math500/4,1,424,128
acc90/semi90,math500/5,1,236,73
acc90/semi90,math500/6,1,418,160
acc90/semi90,math500/7,0,1241,228
acc90/semi90,math500/8,1,249,43
acc90/semi90,math500/9,0,3924,570
acc90/semi90,math500/10,1,431,195
acc90/semi90,math500/11,0,1156,280
acc90/semi90,math500/12,0,442,99
acc90/semi90,math500/13,1,180,34
acc90/semi90,math500/14,0,261,69
acc90/semi90,math500/15,0,1360,277
acc90/semi90,math500/16,1,195,47
acc90/semi90,math500/17,0,870,314
acc90/semi90,math500/18,0,420,176
acc90/semi90,math500/19,1,3066,823
acc90/semi90,math500/20,1,133,27
acc90/semi90,math500/21,1,1262,286
acc90/semi90,math500/22,1,699,162
acc90/semi90,math500/23,1,410,47
acc90/semi90,math500/24,0,712,221
acc90/semi90,math500/25,0,1354,278
acc90/semi90,math500/26,0,1396,646
acc90/semi90,math500/27,1,298,70
acc90/semi90,math500/28,1,134,41
acc90/semi90,math500/29,1,245,67
acc90/semi90,math500/30,1,245,63
acc90/semi90,math500/31,1,142,30
acc90/semi90,math500/32,1,282,130
acc90/semi90,math500/33,0,1313,306
acc90/semi90,math500/34,1,667,103
acc90/semi90,math500/35,0,268,49
acc90/semi90,math500/36,1,457,59
acc90/semi90,math500/37,1,204,121
acc90/semi90,math500/38,1,176,52
acc90/semi90,math500/39,1,346,76
acc90/semi90,math500/40,1,211,51
acc90/semi90,math500/41,0,961,316
acc90/semi90,math500/42,1,171,29
acc90/semi90,math500/43,0,3988,545
acc90/semi90,math500/44,1,412,118
acc90/semi90,math500/45,1,152,32
acc90/semi90,math500/46,1,1567,447
acc90/semi90,math500/47,1,352,93
acc90/semi90,math500/48,1,188,43
acc90/semi90,math500/49,1,132,17
acc90/semi90,math500/50,0,1358,370
acc90/semi90,math500/51,0,768,139
acc90/semi90,math500/52,1,315,42
acc90/semi90,math500/53,1,292,62
acc90/semi90,math500/54,1,63,12
acc90/semi90,math500/55,1,294,80
acc90/semi90,math500/56,1,204,51
acc90/semi90,math500/57,1,381,95
acc90/semi90,math500/58,1,165,31
acc90/semi90,math500/59,1,279,79
acc90/semi90,math500/60,0,3834,858
acc90/semi90,math500/61,1,390,88
acc90/semi90,math500/62,0,1397,333
acc90/semi90,math500/63,1,790,173
acc90/semi90,math500/64,0,1154,240
acc90/semi90,math500/65,1,134,65
acc90/semi90,math500/66,0,334,84
acc90/semi90,math500/67,1,266,89
acc90/semi90,math500/68,1,632,162
acc90/semi90,math500/69,1,506,143
acc90/semi90,math500/70,1,140,60
acc90/semi90,math500/71,0,241,82
acc90/semi90,math500/72,0,273,55
acc90/semi90,math500/73,1,253,29
acc90/semi90,math500/74,1,317,85
acc90/semi90,math500/75,1,383,128
acc90/semi90,math500/76,1,294,92
acc90/semi90,math500/77,1,175,24
acc90/semi90,math500/78,1,982,168
acc90/semi90,math500/79,1,179,25
acc90/semi90,math500/80,0,1865,698
acc90/semi90,math500/81,1,332,95
acc90/semi90,math500/82,1,647,196
acc90/semi90,math500/83,0,4049,306
acc90/semi90,math500/84,0,634,112
acc90/semi90,math500/85,1,347,97
acc90/semi90,math500/86,1,109,43
acc90/semi90,math500/87,1,471,85
acc90/semi90,math500/88,0,1144,362
acc90/semi90,math500/89,0,360,85
acc90/semi90,math500/90,1,117,30
acc90/semi90,math500/91,1,310,100
acc90/semi90,math500/92,0,443,88
acc90/semi90,math500/93,1,357,65
acc90/semi90,math500/94,0,710,288
acc90/semi90,math500/95,1,512,68
acc90/semi90,math500/96,0,3965,344
acc90/semi90,math500/97,0,297,146
acc90/semi90,math500/98,1,111,21
acc90/semi90,math500/99,0,685,120
acc90/semi90,math500/100,0,3872,890
acc90/semi90,math500/101,0,1616,495
acc90/semi90,math500/102,1,202,47
acc90/semi90,math500/103,0,3966,512
acc90/semi90,math500/104,0,1714,303
acc90/semi90,math500/105,1,315,77
acc90/semi90,math500/106,1,262,70
acc90/semi90,math500/107,1,371,114
acc90/semi90,math500/108,0,2939,803
acc90/semi90,math500/109,0,1261,221
acc90/semi90,math500/110,0,3955,504
acc90/semi90,math500/111,1,248,52
acc90/semi90,math500/112,1,655,117
acc90/semi90,math500/113,1,281,38
acc90/semi90,math500/114,1,503,87
acc90/semi90,math500/115,0,161,72
acc90/semi90,math500/116,1,208,26
acc90/semi90,math500/117,1,187,28
acc90/semi90,math500/118,0,806,217
acc90/semi90,math500/119,0,3920,459
acc90/semi90,math500/120,0,484,180
acc90/semi90,math500/121,1,187,34
acc90/semi90,math500/122,1,241,69
acc90/semi90,math500/123,0,1295,224
acc90/semi90,math500/124,1,579,130
acc90/semi90,math500/125,1,270,33
acc90/semi90,math500/126,0,2993,549
acc90/semi90,math500/127,0,183,45
acc90/semi90,math500/128,1,202,79
acc90/semi90,math500/129,0,1124,212
acc90/semi90,math500/130,0,372,103
acc90/semi90,math500/131,1,345,56
acc90/semi90,math500/132,1,327,78
acc90/semi90,math500/133,1,269,76
acc90/semi90,math500/134,1,607,171
acc90/semi90,math500/135,1,371,90
acc90/semi90,math500/136,1,1491,414
acc90/semi90,math500/137,1,345,57
acc90/semi90,math500/138,0,870,447
acc90/semi90,math500/139,1,709,216
acc90/semi90,math500/140,1,487,129
acc90/semi90,math500/141,1,262,151
acc90/semi90,math500/142,1,404,185
acc90/semi90,math500/143,1,657,86
acc90/semi90,math500/144,1,196,29
acc90/semi90,math500/145,0,1025,206
acc90/semi90,math500/146,1,269,43
acc90/semi90,math500/147,0,4025,209
acc90/semi90,math500/148,1,176,25
acc90/semi90,math500/149,1,656,187
acc90/semi90,math500/150,0,1468,276
acc90/semi90,math500/151,0,777,149
acc90/semi90,math500/152,1,1589,255
acc90/semi90,math500/153,1,457,181
acc90/semi90,math500/154,0,884,428
acc90/semi90,math500/155,1,389,125
acc90/semi90,math500/156,1,2384,707
acc90/semi90,math500/157,1,627,123
acc90/semi90,math500/158,0,438,82
acc90/semi90,math500/159,0,334,100
acc90/semi90,math500/160,1,379,74
acc90/semi90,math500/161,1,88,17
acc90/semi90,math500/162,1,344,85
acc90/semi90,math500/163,1,1087,273
acc90/semi90,math500/164,1,447,113
acc90/semi90,math500/165,1,212,55
acc90/semi90,math500/166,0,3869,553
acc90/semi90,math500/167,1,146,29
acc90/semi90,math500/168,0,691,302
acc90/semi90,math500/169,1,255,47
acc90/semi90,math500/170,0,4029,267
acc90/semi90,math500/171,1,224,50
acc90/semi90,math500/172,1,383,62
acc90/semi90,math500/173,0,4018,389
acc90/semi90,math500/174,1,262,72
acc90/semi90,math500/175,1,675,151
acc90/semi90,math500/176,1,197,33
acc90/semi90,math500/177,1,752,313
acc90/semi90,math500/178,1,127,17
acc90/semi90,math500/179,1,892,143
acc90/semi90,math500/180,1,331,112
acc90/semi90,math500/181,1,327,62
acc90/semi90,math500/182,1,145,36
acc90/semi90,math500/183,1,795,122
acc90/semi90,math500/184,0,958,245
acc90/semi90,math500/185,1,169,27
acc90/semi90,math500/186,1,465,173
acc90/semi90,math500/187,1,267,65
acc90/semi90,math500/188,1,1082,162
acc90/semi90,math500/189,0,3613,804
acc90/semi90,math500/190,1,399,144
acc90/semi90,math500/191,1,163,30
acc90/semi90,math500/192,1,673,176
acc90/semi90,math500/193,1,435,128
acc90/semi90,math500/194,0,1954,472
acc90/semi90,math500/195,1,369,70
acc90/semi90,math500/196,1,168,29
acc90/semi90,math500/197,0,811,195
acc90/semi90,math500/198,1,270,98
acc90/semi90,math500/199,1,198,36
acc90/semi90,math500/200,0,267,42
acc90/semi90,math500/201,1,577,140
acc90/semi90,math500/202,0,763,233
acc90/semi90,math500/203,1,503,101
acc90/semi90,math500/204,0,2241,701
acc90/semi90,math500/205,0,745,73
acc90/semi90,math500/206,1,366,76
acc90/semi90,math500/207,1,99,38
acc90/semi90,math500/208,1,283,96
acc90/semi90,math500/209,0,1902,554
acc90/semi90,math500/210,1,374,126
acc90/semi90,math500/211,1,187,29
acc90/semi90,math500/212,1,263,89
acc90/semi90,math500/213,0,1093,231
acc90/semi90,math500/214,0,521,148
acc90/semi90,math500/215,1,366,69
acc90/semi90,math500/216,1,263,50
acc90/semi90,math500/217,0,4054,368
acc90/semi90,math500/218,1,183,26
acc90/semi90,math500/219,0,2074,478
acc90/semi90,math500/220,1,224,78
acc90/semi90,math500/221,0,515,143
acc90/semi90,math500/222,0,3936,545
acc90/semi90,math500/223,0,315,77
acc90/semi90,math500/224,0,504,156
acc90/semi90,math500/225,0,218,68
acc90/semi90,math500/226,1,270,123
acc90/semi90,math500/227,0,216,108
acc90/semi90,math500/228,0,1883,479
acc90/semi90,math500/229,1,171,83
acc90/semi90,math500/230,1,1292,333
acc90/semi90,math500/231,1,667,128
acc90/semi90,math500/232,0,764,215
acc90/semi90,math500/233,1,434,76
acc90/semi90,math500/234,0,500,104
acc90/semi90,math500/235,0,415,50
acc90/semi90,math500/236,1,1025,216
acc90/semi90,math500/237,1,661,153
acc90/semi90,math500/238,1,599,163
acc90/semi90,math500/239,1,2253,672
acc90/semi90,math500/240,0,3847,412
acc90/semi90,math500/241,1,565,139
acc90/semi90,math500/242,1,405,113
acc90/semi90,math500/243,1,262,102
acc90/semi90,math500/244,1,442,129
acc90/semi90,math500/245,0,1390,273
acc90/semi90,math500/246,0,4011,659
acc90/semi90,math500/247,0,414,102
acc90/semi90,math500/248,0,2401,488
acc90/semi90,math500/249,0,4032,265
acc90/semi90,math500/250,1,437,77
acc90/semi90,math500/251,1,432,186
acc90/semi90,math500/252,1,492,92
acc90/semi90,math500/253,1,171,40
acc90/semi90,math500/254,1,370,134
acc90/semi90,math500/255,0,336,101
acc90/semi90,math500/256,1,241,31
acc90/semi90,math500/257,1,263,86
acc90/semi90,math500/258,1,311,72
acc90/semi90,math500/259,1,195,45
acc90/semi90,math500/260,0,556,68
acc90/semi90,math500/261,1,333,100
acc90/semi90,math500/262,1,137,22
acc90/semi90,math500/263,1,272,66
acc90/semi90,math500/264,0,3828,534
acc90/semi90,math500/265,1,214,36
acc90/semi90,math500/266,1,361,99
acc90/semi90,math500/267,0,881,461
acc90/semi90,math500/268,1,173,36
acc90/semi90,math500/269,1,164,59
acc90/semi90,math500/270,1,326,62
acc90/semi90,math500/271,1,562,128
acc90/semi90,math500/272,0,578,148
acc90/semi90,math500/273,1,262,77
acc90/semi90,math500/274,0,516,274
acc90/semi90,math500/275,1,178,13
acc90/semi90,math500/276,0,494,185
acc90/semi90,math500/277,1,212,108
acc90/semi90,math500/278,1,229,89
acc90/semi90,math500/279,0,439,139
acc90/semi90,math500/280,1,500,122
acc90/semi90,math500/281,0,471,224
acc90/semi90,math500/282,0,381,101
acc90/semi90,math500/283,1,284,47
acc90/semi90,math500/284,0,792,126
acc90/semi90,math500/285,0,3916,413
acc90/semi90,math500/286,0,1375,367
acc90/semi90,math500/287,1,520,170
acc90/semi90,math500/288,0,1105,177
acc90/semi90,math500/289,1,492,113
acc90/semi90,math500/290,1,692,114
acc90/semi90,math500/291,0,317,110
acc90/semi90,math500/292,0,3948,462
acc90/semi90,math500/293,1,386,48
acc90/semi90,math500/294,1,752,219
acc90/semi90,math500/295,0,3973,656
acc90/semi90,math500/296,0,768,310
acc90/semi90,math500/297,1,558,162
acc90/semi90,math500/298,0,1029,116
acc90/semi90,math500/299,0,375,152
acc90/semi90,math500/300,1,271,136
acc90/semi90,math500/301,1,371,110
acc90/semi90,math500/302,0,3983,418
acc90/semi90,math500/303,0,792,326
acc90/semi90,math500/304,0,742,207
acc90/semi90,math500/305,1,446,82
acc90/semi90,math500/306,0,4023,509
acc90/semi90,math500/307,1,423,141
acc90/semi90,math500/308,0,3123,1024
acc90/semi90,math500/309,0,4049,315
acc90/semi90,math500/310,1,268,49
acc90/semi90,math500/311,1,541,109
acc90/semi90,math500/312,1,202,87
acc90/semi90,math500/313,1,266,74
acc90/semi90,math500/314,1,289,60
acc90/semi90,math500/315,1,930,320
acc90/semi90,math500/316,0,589,107
acc90/semi90,math500/317,1,1011,307
acc90/semi90,math500/318,1,315,36
acc90/semi90,math500/319,1,222,43
acc90/semi90,math500/320,1,637,201
acc90/semi90,math500/321,1,261,66
acc90/semi90,math500/322,1,207,31
acc90/semi90,math500/323,1,1170,728
acc90/semi90,math500/324,1,588,170
acc90/semi90,math500/325,1,393,63
acc90/semi90,math500/326,0,522,92
acc90/semi90,math500/327,0,1705,366
acc90/semi90,math500/328,1,1449,298
acc90/semi90,math500/329,1,153,41
acc90/semi90,math500/330,0,231,88
acc90/semi90,math500/331,0,563,109
acc90/semi90,math500/332,1,1134,428
acc90/semi90,math500/333,1,561,185
acc90/semi90,math500/334,1,317,69
acc90/semi90,math500/335,1,671,125
acc90/semi90,math500/336,1,201,32
acc90/semi90,math500/337,1,362,135
acc90/semi90,math500/338,0,194,50
acc90/semi90,math500/339,1,731,211
acc90/semi90,math500/340,0,1579,317
acc90/semi90,math500/341,1,326,63
acc90/semi90,math500/342,1,217,41
acc90/semi90,math500/343,0,281,105
acc90/semi90,math500/344,0,300,60
acc90/semi90,math500/345,1,207,30
acc90/semi90,math500/346,0,415,62
acc90/semi90,math500/347,1,258,45
acc90/semi90,math500/348,1,240,51
acc90/semi90,math500/349,0,468,241
acc90/semi90,math500/350,1,328,100
acc90/semi90,math500/351,0,498,79
acc90/semi90,math500/352,0,1980,504
acc90/semi90,math500/353,1,345,137
acc90/semi90,math500/354,1,315,122
acc90/semi90,math500/355,0,4017,447
acc90/semi90,math500/356,1,572,145
acc90/semi90,math500/357,1,537,178
acc90/semi90,math500/358,1,491,219
acc90/semi90,math500/359,0,3976,277
acc90/semi90,math500/360,1,362,99
acc90/semi90,math500/361,1,1088,348
acc90/semi90,math500/362,1,208,68
acc90/semi90,math500/363,1,106,31
acc90/semi90,math500/364,0,631,170
acc90/semi90,math500/365,0,1190,397
acc90/semi90,math500/366,0,366,69
acc90/semi90,math500/367,1,175,28
acc90/semi90,math500/368,1,358,106
acc90/semi90,math500/369,1,277,89
acc90/semi90,math500/370,1,189,35
acc90/semi90,math500/371,0,1547,277
acc90/semi90,math500/372,0,3827,336
acc90/semi90,math500/373,1,334,53
acc90/semi90,math500/374,1,135,17
acc90/semi90,math500/375,1,421,123
acc90/semi90,math500/376,0,722,134
acc90/semi90,math500/377,0,1049,352
acc90/semi90,math500/378,1,417,106
acc90/semi90,math500/379,0,739,149
acc90/semi90,math500/380,1,1043,208
acc90/semi90,math500/381,0,4026,458
acc90/semi90,math500/382,1,733,208
acc90/semi90,math500/383,0,495,88
acc90/semi90,math500/384,1,120,19
acc90/semi90,math500/385,1,292,81
acc90/semi90,math500/386,1,282,63
acc90/semi90,math500/387,1,167,36
acc90/semi90,math500/388,1,448,84
acc90/semi90,math500/389,1,362,109
acc90/semi90,math500/390,0,806,184
acc90/semi90,math500/391,0,3987,405
acc90/semi90,math500/392,0,2097,794
acc90/semi90,math500/393,1,296,96
acc90/semi90,math500/394,0,1139,288
acc90/semi90,math500/395,1,271,41
acc90/semi90,math500/396,1,581,272
acc90/semi90,math500/397,1,171,19
acc90/semi90,math500/398,1,457,109
acc90/semi90,math500/399,1,85,23
acc90/semi90,math500/400,0,4002,792
acc90/semi90,math500/401,0,2231,486
acc90/semi90,math500/402,1,397,122
acc90/semi90,math500/403,1,406,86
acc90/semi90,math500/404,1,246,72
acc90/semi90,math500/405,1,269,112
acc90/semi90,math500/406,1,124,28
acc90/semi90,math500/407,1,187,27
acc90/semi90,math500/408,0,2020,418
acc90/semi90,math500/409,0,1357,523
acc90/semi90,math500/410,1,502,199
acc90/semi90,math500/411,1,163,63
acc90/semi90,math500/412,0,1204,336
acc90/semi90,math500/413,1,211,49
acc90/semi90,math500/414,1,403,71
acc90/semi90,math500/415,0,609,130
acc90/semi90,math500/416,0,673,86
acc90/semi90,math500/417,1,375,118
acc90/semi90,math500/418,1,336,66
acc90/semi90,math500/419,0,1289,286
acc90/semi90,math500/420,0,437,58
acc90/semi90,math500/421,0,3967,534
acc90/semi90,math500/422,0,3963,837
acc90/semi90,math500/423,1,908,188
acc90/semi90,math500/424,1,317,54
acc90/semi90,math500/425,0,633,151
acc90/semi90,math500/426,1,393,97
acc90/semi90,math500/427,0,197,43
acc90/semi90,math500/428,1,897,124
acc90/semi90,math500/429,1,535,129
acc90/semi90,math500/430,1,56,12
acc90/semi90,math500/431,0,953,175
acc90/semi90,math500/432,0,933,197
acc90/semi90,math500/433,1,78,18
acc90/semi90,math500/434,1,566,176
acc90/semi90,math500/435,1,374,105
acc90/semi90,math500/436,1,751,174
acc90/semi90,math500/437,1,1193,331
acc90/semi90,math500/438,1,175,61
acc90/semi90,math500/439,1,282,81
acc90/semi90,math500/440,1,293,35
acc90/semi90,math500/441,0,261,64
acc90/semi90,math500/442,1,255,27
acc90/semi90,math500/443,1,202,34
acc90/semi90,math500/444,0,900,376
acc90/semi90,math500/445,0,2054,532
acc90/semi90,math500/446,0,557,91
acc90/semi90,math500/447,1,345,107
acc90/semi90,math500/448,0,576,118
acc90/semi90,math500/449,1,219,37
acc90/semi90,math500/450,0,624,146
acc90/semi90,math500/451,1,450,89
acc90/semi90,math500/452,0,504,115
acc90/semi90,math500/453,1,244,74
acc90/semi90,math500/454,0,2319,368
acc90/semi90,math500/455,1,165,36
acc90/semi90,math500/456,0,782,183
acc90/semi90,math500/457,1,65,21
acc90/semi90,math500/458,0,3964,419
acc90/semi90,math500/459,1,646,179
acc90/semi90,math500/460,0,349,138
acc90/semi90,math500/461,1,478,53
acc90/semi90,math500/462,1,336,124
acc90/semi90,math500/463,1,145,43
acc90/semi90,math500/464,1,736,173
acc90/semi90,math500/465,1,351,146
acc90/semi90,math500/466,0,1338,324
acc90/semi90,math500/467,1,352,77
acc90/semi90,math500/468,0,177,63
acc90/semi90,math500/469,1,179,28
acc90/semi90,math500/470,0,1145,200
acc90/semi90,math500/471,1,207,33
acc90/semi90,math500/472,1,193,40
acc90/semi90,math500/473,0,3841,724
acc90/semi90,math500/474,1,488,68
acc90/semi90,math500/475,0,2240,584
acc90/semi90,math500/476,1,270,74
acc90/semi90,math500/477,1,639,234
acc90/semi90,math500/478,0,719,232
acc90/semi90,math500/479,1,426,185
acc90/semi90,math500/480,1,624,216
acc90/semi90,math500/481,0,3970,578
acc90/semi90,math500/482,0,746,289
acc90/semi90,math500/483,0,4022,328
acc90/semi90,math500/484,1,788,130
acc90/semi90,math500/485,0,2055,351
acc90/semi90,math500/486,1,286,138
acc90/semi90,math500/487,1,217,42
acc90/semi90,math500/488,1,134,35
acc90/semi90,math500/489,1,522,166
acc90/semi90,math500/490,0,3246,746
acc90/semi90,math500/491,0,365,162
acc90/semi90,math500/492,1,444,100
acc90/semi90,math500/493,1,1038,176
acc90/semi90,math500/494,0,1293,459
acc90/semi90,math500/495,1,438,131
acc90/semi90,math500/496,0,376,47
acc90/semi90,math500/497,0,2581,518
acc90/semi90,math500/498,0,1552,300
acc90/semi90,math500/499,0,397,119
acc95/semi70,gsm8k/0,1,124,52
acc95/semi70,gsm8k/1,1,302,94
acc95/semi70,gsm8k/2,0,205,78
acc95/semi70,gsm8k/3,1,194,41
acc95/semi70,gsm8k/4,1,215,93
acc95/semi70,gsm8k/5,1,165,56
acc95/semi70,gsm8k/6,1,159,46
acc95/semi70,gsm8k/7,1,199,74
acc95/semi70,gsm8k/8,1,331,117
acc95/semi70,gsm8k/9,1,237,90
acc95/semi70,gsm8k/10,1,308,138
acc95/semi70,gsm8k/11,1,429,126
acc95/semi70,gsm8k/12,1,115,34
acc95/semi70,gsm8k/13,1,226,73
acc95/semi70,gsm8k/14,1,280,110
acc95/semi70,gsm8k/15,1,187,61
acc95/semi70,gsm8k/16,1,199,38
acc95/semi70,gsm8k/17,1,190,66
acc95/semi70,gsm8k/18,0,232,90
acc95/semi70,gsm8k/19,1,156,44
acc95/semi70,gsm8k/20,1,198,55
acc95/semi70,gsm8k/21,1,206,89
acc95/semi70,gsm8k/22,1,249,61
acc95/semi70,gsm8k/23,1,303,106
acc95/semi70,gsm8k/24,1,167,54
acc95/semi70,gsm8k/25,1,257,75
acc95/semi70,gsm8k/26,1,200,64
acc95/semi70,gsm8k/27,1,111,40
acc95/semi70,gsm8k/28,1,132,69
acc95/semi70,gsm8k/29,1,183,71
acc95/semi70,gsm8k/30,1,174,50
acc95/semi70,gsm8k/31,1,249,100
acc95/semi70,gsm8k/32,1,99,44
acc95/semi70,gsm8k/33,1,445,144
acc95/semi70,gsm8k/34,0,309,112
acc95/semi70,gsm8k/35,1,161,45
acc95/semi70,gsm8k/36,1,175,63
acc95/semi70,gsm8k/37,1,200,95
acc95/semi70,gsm8k/38,1,314,112
acc95/semi70,gsm8k/39,1,270,68
acc95/semi70,gsm8k/40,1,192,90
acc95/semi70,gsm8k/41,1,307,65
acc95/semi70,gsm8k/42,1,232,50
acc95/semi70,gsm8k/43,1,146,63
acc95/semi70,gsm8k/44,1,290,86
acc95/semi70,gsm8k/45,1,269,73
acc95/semi70,gsm8k/46,1,273,80
acc95/semi70,gsm8k/47,1,138,40
acc95/semi70,gsm8k/48,1,248,72
acc95/semi70,gsm8k/49,0,290,94
acc95/semi70,gsm8k/50,0,413,190
acc95/semi70,gsm8k/51,1,133,46
acc95/semi70,gsm8k/52,1,161,38
acc95/semi70,gsm8k/53,1,91,28
acc95/semi70,gsm8k/54,0,202,81
acc95/semi70,gsm8k/55,1,148,43
acc95/semi70,gsm8k/56,1,303,59
acc95/semi70,gsm8k/57,1,131,33
acc95/semi70,gsm8k/58,1,161,46
acc95/semi70,gsm8k/59,1,155,62
acc95/semi70,gsm8k/60,1,154,35
acc95/semi70,gsm8k/61,0,158,36
acc95/semi70,gsm8k/62,0,217,82
acc95/semi70,gsm8k/63,1,159,65
acc95/semi70,gsm8k/64,1,426,148
acc95/semi70,gsm8k/65,1,145,50
acc95/semi70,gsm8k/66,1,186,71
acc95/semi70,gsm8k/67,0,251,66
acc95/semi70,gsm8k/68,1,288,122
acc95/semi70,gsm8k/69,1,158,31
acc95/semi70,gsm8k/70,1,341,93
acc95/semi70,gsm8k/71,1,209,48
acc95/semi70,gsm8k/72,1,205,73
acc95/semi70,gsm8k/73,1,298,88
acc95/semi70,gsm8k/74,1,128,46
acc95/semi70,gsm8k/75,1,178,59
acc95/semi70,gsm8k/76,1,221,72
acc95/semi70,gsm8k/77,0,4000,475
acc95/semi70,gsm8k/78,1,232,77
acc95/semi70,gsm8k/79,0,279,82
acc95/semi70,gsm8k/80,1,204,56
acc95/semi70,gsm8k/81,1,276,106
acc95/semi70,gsm8k/82,1,148,36
acc95/semi70,gsm8k/83,1,278,93
acc95/semi70,gsm8k/84,1,151,67
acc95/semi70,gsm8k/85,1,127,42
acc95/semi70,gsm8k/86,1,260,110
acc95/semi70,gsm8k/87,1,171,71
acc95/semi70,gsm8k/88,1,157,45
acc95/semi70,gsm8k/89,1,182,40
acc95/semi70,gsm8k/90,1,223,30
acc95/semi70,gsm8k/91,0,412,110
acc95/semi70,gsm8k/92,1,162,60
acc95/semi70,gsm8k/93,1,116,32
acc95/semi70,gsm8k/94,0,234,104
acc95/semi70,gsm8k/95,1,180,50
acc95/semi70,gsm8k/96,0,266,144
acc95/semi70,gsm8k/97,1,219,109
acc95/semi70,gsm8k/98,1,152,42
acc95/semi70,gsm8k/99,1,244,51
acc95/semi70,gsm8k/100,1,269,111
acc95/semi70,gsm8k/101,1,309,109
acc95/semi70,gsm8k/102,1,229,72
acc95/semi70,gsm8k/103,1,185,42
acc95/semi70,gsm8k/104,1,122,54
acc95/semi70,gsm8k/105,1,310,64
acc95/semi70,gsm8k/106,0,444,178
acc95/semi70,gsm8k/107,1,205,58
acc95/semi70,gsm8k/108,1,197,58
acc95/semi70,gsm8k/109,1,323,100
acc95/semi70,gsm8k/110,1,162,58
acc95/semi70,gsm8k/111,1,152,42
acc95/semi70,gsm8k/112,1,164,54
acc95/semi70,gsm8k/113,1,181,62
acc95/semi70,gsm8k/114,1,177,72
acc95/semi70,gsm8k/115,1,121,23
acc95/semi70,gsm8k/116,1,300,91
acc95/semi70,gsm8k/117,1,306,119
acc95/semi70,gsm8k/118,1,231,89
acc95/semi70,gsm8k/119,1,243,73
acc95/semi70,gsm8k/120,1,93,36
acc95/semi70,gsm8k/121,1,258,96
acc95/semi70,gsm8k/122,1,109,32
acc95/semi70,gsm8k/123,1,372,159
acc95/semi70,gsm8k/124,1,155,52
acc95/semi70,gsm8k/125,1,167,47
acc95/semi70,gsm8k/126,1,223,104
acc95/semi70,gsm8k/127,1,171,53
acc95/semi70,gsm8k/128,0,4001,399
acc95/semi70,gsm8k/129,1,224,94
acc95/semi70,gsm8k/130,1,193,52
acc95/semi70,gsm8k/131,1,486,180
acc95/semi70,gsm8k/132,1,207,49
acc95/semi70,gsm8k/133,1,242,93
acc95/semi70,gsm8k/134,1,167,66
acc95/semi70,gsm8k/135,1,389,112
acc95/semi70,gsm8k/136,1,294,103
acc95/semi70,gsm8k/137,0,233,65
acc95/semi70,gsm8k/138,1,232,123
acc95/semi70,gsm8k/139,1,164,56
acc95/semi70,gsm8k/140,1,284,68
acc95/semi70,gsm8k/141,1,232,86
acc95/semi70,gsm8k/142,1,165,56
acc95/semi70,gsm8k/143,1,218,76
acc95/semi70,gsm8k/144,1,389,84
acc95/semi70,gsm8k/145,1,167,65
acc95/semi70,gsm8k/146,1,288,71
acc95/semi70,gsm8k/147,1,147,36
acc95/semi70,gsm8k/148,1,305,134
acc95/semi70,gsm8k/149,1,228,79
acc95/semi70,gsm8k/150,1,297,91
acc95/semi70,gsm8k/151,1,300,116
acc95/semi70,gsm8k/152,1,348,101
acc95/semi70,gsm8k/153,1,238,85
acc95/semi70,gsm8k/154,1,145,36
acc95/semi70,gsm8k/155,0,127,42
acc95/semi70,gsm8k/156,1,200,49
acc95/semi70,gsm8k/157,1,215,85
acc95/semi70,gsm8k/158,1,236,72
acc95/semi70,gsm8k/159,1,243,57
acc95/semi70,gsm8k/160,1,160,41
acc95/semi70,gsm8k/161,1,195,75
acc95/semi70,gsm8k/162,1,239,85
acc95/semi70,gsm8k/163,1,249,73
acc95/semi70,gsm8k/164,1,267,75
acc95/semi70,gsm8k/165,1,267,85
acc95/semi70,gsm8k/166,1,144,47
acc95/semi70,gsm8k/167,1,161,43
acc95/semi70,gsm8k/168,1,516,252
acc95/semi70,gsm8k/169,1,184,51
acc95/semi70,gsm8k/170,1,424,123
acc95/semi70,gsm8k/171,1,161,76
acc95/semi70,gsm8k/172,1,225,87
acc95/semi70,gsm8k/173,1,175,42
acc95/semi70,gsm8k/174,1,214,60
acc95/semi70,gsm8k/175,1,247,79
acc95/semi70,gsm8k/176,1,290,69
acc95/semi70,gsm8k/177,0,173,55
acc95/semi70,gsm8k/178,1,203,89
acc95/semi70,gsm8k/179,1,242,75
acc95/semi70,gsm8k/180,1,135,30
acc95/semi70,gsm8k/181,1,217,67
acc95/semi70,gsm8k/182,1,254,102
acc95/semi70,gsm8k/183,1,254,77
acc95/semi70,gsm8k/184,1,289,110
acc95/semi70,gsm8k/185,1,180,58
acc95/semi70,gsm8k/186,1,211,94
acc95/semi70,gsm8k/187,1,148,53
acc95/semi70,gsm8k/188,1,264,63
acc95/semi70,gsm8k/189,1,270,76
acc95/semi70,gsm8k/190,1,347,86
acc95/semi70,gsm8k/191,1,258,128
acc95/semi70,gsm8k/192,1,223,58
acc95/semi70,gsm8k/193,1,145,46
acc95/semi70,gsm8k/194,1,64,41
acc95/semi70,gsm8k/195,1,323,96
acc95/semi70,gsm8k/196,1,213,59
acc95/semi70,gsm8k/197,0,404,113
acc95/semi70,gsm8k/198,1,220,68
acc95/semi70,gsm8k/199,1,95,30
acc95/semi70,gsm8k/200,1,221,55
acc95/semi70,gsm8k/201,1,200,55
acc95/semi70,gsm8k/202,1,109,30
acc95/semi70,gsm8k/203,1,240,66
acc95/semi70,gsm8k/204,1,204,59
acc95/semi70,gsm8k/205,1,252,72
acc95/semi70,gsm8k/206,1,183,65
acc95/semi70,gsm8k/207,1,233,68
acc95/semi70,gsm8k/208,1,161,31
acc95/semi70,gsm8k/209,1,245,73
acc95/semi70,gsm8k/210,1,385,159
acc95/semi70,gsm8k/211,1,132,37
acc95/semi70,gsm8k/212,1,164,50
acc95/semi70,gsm8k/213,1,233,61
acc95/semi70,gsm8k/214,1,95,37
acc95/semi70,gsm8k/215,0,391,133
acc95/semi70,gsm8k/216,1,220,58
acc95/semi70,gsm8k/217,1,165,64
acc95/semi70,gsm8k/218,1,355,129
acc95/semi70,gsm8k/219,1,241,66
acc95/semi70,gsm8k/220,1,137,37
acc95/semi70,gsm8k/221,1,219,37
acc95/semi70,gsm8k/222,1,205,49
acc95/semi70,gsm8k/223,0,211,111
acc95/semi70,gsm8k/224,1,184,68
acc95/semi70,gsm8k/225,0,366,224
acc95/semi70,gsm8k/226,1,100,26
acc95/semi70,gsm8k/227,1,258,60
acc95/semi70,gsm8k/228,1,240,68
acc95/semi70,gsm8k/229,1,274,114
acc95/semi70,gsm8k/230,0,431,169
acc95/semi70,gsm8k/231,1,207,41
acc95/semi70,gsm8k/232,1,219,75
acc95/semi70,gsm8k/233,1,215,55
acc95/semi70,gsm8k/234,1,220,68
acc95/semi70,gsm8k/235,0,242,97
acc95/semi70,gsm8k/236,1,196,44
acc95/semi70,gsm8k/237,1,203,41
acc95/semi70,gsm8k/238,1,227,88
acc95/semi70,gsm8k/239,1,184,67
acc95/semi70,gsm8k/240,1,153,54
acc95/semi70,gsm8k/241,1,124,45
acc95/semi70,gsm8k/242,1,260,102
acc95/semi70,gsm8k/243,1,297,86
acc95/semi70,gsm8k/244,1,108,44
acc95/semi70,gsm8k/245,1,173,42
acc95/semi70,gsm8k/246,1,155,65
acc95/semi70,gsm8k/247,1,240,76
acc95/semi70,gsm8k/248,1,104,36
acc95/semi70,gsm8k/249,1,176,50
acc95/semi70,gsm8k/250,1,295,75
acc95/semi70,gsm8k/251,1,234,60
acc95/semi70,gsm8k/252,1,294,163
acc95/semi70,gsm8k/253,1,153,39
acc95/semi70,gsm8k/254,1,129,53
acc95/semi70,gsm8k/255,1,325,86
acc95/semi70,gsm8k/256,1,317,76
acc95/semi70,gsm8k/257,1,275,104
acc95/semi70,gsm8k/258,1,170,44
acc95/semi70,gsm8k/259,0,518,171
acc95/semi70,gsm8k/260,1,155,47
acc95/semi70,gsm8k/261,1,325,123
acc95/semi70,gsm8k/262,1,237,59
acc95/semi70,gsm8k/263,1,231,56
acc95/semi70,gsm8k/264,1,268,70
acc95/semi70,gsm8k/265,1,284,89
acc95/semi70,gsm8k/266,1,283,72
acc95/semi70,gsm8k/267,1,148,52
acc95/semi70,gsm8k/268,1,170,42
acc95/semi70,gsm8k/269,1,171,34
acc95/semi70,gsm8k/270,0,386,137
acc95/semi70,gsm8k/271,1,263,100
acc95/semi70,gsm8k/272,1,152,34
acc95/semi70,gsm8k/273,1,255,95
acc95/semi70,gsm8k/274,1,276,73
acc95/semi70,gsm8k/275,1,160,48
acc95/semi70,gsm8k/276,1,348,156
acc95/semi70,gsm8k/277,1,185,59
acc95/semi70,gsm8k/278,1,152,34
acc95/semi70,gsm8k/279,1,204,60
acc95/semi70,gsm8k/280,1,244,117
acc95/semi70,gsm8k/281,1,144,60
acc95/semi70,gsm8k/282,1,214,59
acc95/semi70,gsm8k/283,1,160,63
acc95/semi70,gsm8k/284,1,171,51
acc95/semi70,gsm8k/285,1,240,58
acc95/semi70,gsm8k/286,1,162,60
acc95/semi70,gsm8k/287,1,682,326
acc95/semi70,gsm8k/288,1,303,67
acc95/semi70,gsm8k/289,1,163,81
acc95/semi70,gsm8k/290,1,135,53
acc95/semi70,gsm8k/291,1,237,52
acc95/semi70,gsm8k/292,1,137,40
acc95/semi70,gsm8k/293,1,346,119
acc95/semi70,gsm8k/294,0,436,153
acc95/semi70,gsm8k/295,1,165,57
acc95/semi70,gsm8k/296,0,349,104
acc95/semi70,gsm8k/297,1,241,84
acc95/semi70,gsm8k/298,1,191,64
acc95/semi70,gsm8k/299,1,308,72
acc95/semi70,gsm8k/300,1,252,93
acc95/semi70,gsm8k/301,1,124,29
acc95/semi70,gsm8k/302,1,210,44
acc95/semi70,gsm8k/303,0,247,69
acc95/semi70,gsm8k/304,1,131,38
acc95/semi70,gsm8k/305,1,150,33
acc95/semi70,gsm8k/306,1,142,36
acc95/semi70,gsm8k/307,1,196,74
acc95/semi70,gsm8k/308,1,242,76
acc95/semi70,gsm8k/309,1,162,66
acc95/semi70,gsm8k/310,0,320,99
acc95/semi70,gsm8k/311,1,182,60
acc95/semi70,gsm8k/312,1,205,64
acc95/semi70,gsm8k/313,1,275,86
acc95/semi70,gsm8k/314,1,258,77
acc95/semi70,gsm8k/315,1,289,93
acc95/semi70,gsm8k/316,1,182,69
acc95/semi70,gsm8k/317,1,175,90
acc95/semi70,gsm8k/318,1,231,36
acc95/semi70,gsm8k/319,1,106,37
acc95/semi70,gsm8k/320,0,317,171
acc95/semi70,gsm8k/321,1,202,64
acc95/semi70,gsm8k/322,1,331,107
acc95/semi70,gsm8k/323,1,210,59
acc95/semi70,gsm8k/324,0,311,81
acc95/semi70,gsm8k/325,1,147,35
acc95/semi70,gsm8k/326,1,242,84
acc95/semi70,gsm8k/327,1,211,53
acc95/semi70,gsm8k/328,1,148,20
acc95/semi70,gsm8k/329,1,159,60
acc95/semi70,gsm8k/330,1,174,62
acc95/semi70,gsm8k/331,1,175,65
acc95/semi70,gsm8k/332,1,246,86
acc95/semi70,gsm8k/333,1,204,53
acc95/semi70,gsm8k/334,0,313,151
acc95/semi70,gsm8k/335,1,152,65
acc95/semi70,gsm8k/336,1,252,93
acc95/semi70,gsm8k/337,1,251,75
acc95/semi70,gsm8k/338,1,230,51
acc95/semi70,gsm8k/339,1,569,231
acc95/semi70,gsm8k/340,1,191,69
acc95/semi70,gsm8k/341,1,140,51
acc95/semi70,gsm8k/342,1,200,61
acc95/semi70,gsm8k/343,1,192,65
acc95/semi70,gsm8k/344,1,102,47
acc95/semi70,gsm8k/345,1,287,78
acc95/semi70,gsm8k/346,1,430,142
acc95/semi70,gsm8k/347,1,112,36
acc95/semi70,gsm8k/348,1,352,75
acc95/semi70,gsm8k/349,1,198,52
acc95/semi70,gsm8k/350,1,255,55
acc95/semi70,gsm8k/351,1,577,122
acc95/semi70,gsm8k/352,1,103,24
acc95/semi70,gsm8k/353,1,178,88
acc95/semi70,gsm8k/354,0,186,87
acc95/semi70,gsm8k/355,1,244,73
acc95/semi70,gsm8k/356,1,267,117
acc95/semi70,gsm8k/357,0,227,113
acc95/semi70,gsm8k/358,1,179,34
acc95/semi70,gsm8k/359,1,273,67
acc95/semi70,gsm8k/360,1,457,167
acc95/semi70,gsm8k/361,1,222,76
acc95/semi70,gsm8k/362,1,151,45
acc95/semi70,gsm8k/363,1,158,56
acc95/semi70,gsm8k/364,1,104,49
acc95/semi70,gsm8k/365,0,253,109
acc95/semi70,gsm8k/366,0,226,62
acc95/semi70,gsm8k/367,1,199,61
acc95/semi70,gsm8k/368,1,336,156
acc95/semi70,gsm8k/369,1,206,69
acc95/semi70,gsm8k/370,1,220,79
acc95/semi70,gsm8k/371,1,218,39
acc95/semi70,gsm8k/372,1,288,97
acc95/semi70,gsm8k/373,1,143,25
acc95/semi70,gsm8k/374,0,334,109
acc95/semi70,gsm8k/375,1,513,238
acc95/semi70,gsm8k/376,1,154,28
acc95/semi70,gsm8k/377,1,173,50
acc95/semi70,gsm8k/378,1,360,112
acc95/semi70,gsm8k/379,1,212,66
acc95/semi70,gsm8k/380,1,252,84
acc95/semi70,gsm8k/381,1,146,36
acc95/semi70,gsm8k/382,0,374,133
acc95/semi70,gsm8k/383,1,156,45
acc95/semi70,gsm8k/384,1,164,40
acc95/semi70,gsm8k/385,1,200,43
acc95/semi70,gsm8k/386,1,309,83
acc95/semi70,gsm8k/387,1,240,64
acc95/semi70,gsm8k/388,1,247,84
acc95/semi70,gsm8k/389,0,4017,427
acc95/semi70,gsm8k/390,1,229,111
acc95/semi70,gsm8k/391,1,306,78
acc95/semi70,gsm8k/392,1,238,110
acc95/semi70,gsm8k/393,1,172,52
acc95/semi70,gsm8k/394,1,167,43
acc95/semi70,gsm8k/395,1,115,34
acc95/semi70,gsm8k/396,1,215,80
acc95/semi70,gsm8k/397,1,135,44
acc95/semi70,gsm8k/398,1,177,44
acc95/semi70,gsm8k/399,0,256,126
acc95/semi70,gsm8k/400,1,196,47
acc95/semi70,gsm8k/401,1,275,73
acc95/semi70,gsm8k/402,1,334,121
acc95/semi70,gsm8k/403,1,341,82
acc95/semi70,gsm8k/404,1,159,49
acc95/semi70,gsm8k/405,1,355,156
acc95/semi70,gsm8k/406,0,217,112
acc95/semi70,gsm8k/407,1,300,85
acc95/semi70,gsm8k/408,1,102,37
acc95/semi70,gsm8k/409,1,298,88
acc95/semi70,gsm8k/410,1,302,76
acc95/semi70,gsm8k/411,1,212,68
acc95/semi70,gsm8k/412,1,247,93
acc95/semi70,gsm8k/413,1,150,48
acc95/semi70,gsm8k/414,0,183,72
acc95/semi70,gsm8k/415,1,283,72
acc95/semi70,gsm8k/416,1,158,47
acc95/semi70,gsm8k/417,1,272,57
acc95/semi70,gsm8k/418,1,115,50
acc95/semi70,gsm8k/419,1,224,72
acc95/semi70,gsm8k/420,1,250,49
acc95/semi70,gsm8k/421,1,152,32
acc95/semi70,gsm8k/422,1,157,46
acc95/semi70,gsm8k/423,1,158,33
acc95/semi70,gsm8k/424,1,122,44
acc95/semi70,gsm8k/425,1,180,69
acc95/semi70,gsm8k/426,1,149,56
acc95/semi70,gsm8k/427,1,340,117
acc95/semi70,gsm8k/428,1,249,74
acc95/semi70,gsm8k/429,0,331,134
acc95/semi70,gsm8k/430,1,130,32
acc95/semi70,gsm8k/431,1,465,211
acc95/semi70,gsm8k/432,1,157,45
acc95/semi70,gsm8k/433,0,363,119
acc95/semi70,gsm8k/434,1,325,86
acc95/semi70,gsm8k/435,1,242,52
acc95/semi70,gsm8k/436,1,281,104
acc95/semi70,gsm8k/437,1,365,127
acc95/semi70,gsm8k/438,0,153,49
acc95/semi70,gsm8k/439,1,394,105
acc95/semi70,gsm8k/440,0,93,28
acc95/semi70,gsm8k/441,1,283,118
acc95/semi70,gsm8k/442,1,123,41
acc95/semi70,gsm8k/443,1,276,70
acc95/semi70,gsm8k/444,1,109,26
acc95/semi70,gsm8k/445,1,268,105
acc95/semi70,gsm8k/446,1,286,108
acc95/semi70,gsm8k/447,1,177,55
acc95/semi70,gsm8k/448,1,233,76
acc95/semi70,gsm8k/449,1,224,45
acc95/semi70,gsm8k/450,1,181,37
acc95/semi70,gsm8k/451,1,220,73
acc95/semi70,gsm8k/452,0,196,78
acc95/semi70,gsm8k/453,1,276,105
acc95/semi70,gsm8k/454,1,300,143
acc95/semi70,gsm8k/455,1,213,92
acc95/semi70,gsm8k/456,1,151,28
acc95/semi70,gsm8k/457,1,202,64
acc95/semi70,gsm8k/458,1,266,118
acc95/semi70,gsm8k/459,1,299,94
acc95/semi70,gsm8k/460,1,205,50
acc95/semi70,gsm8k/461,0,228,61
acc95/semi70,gsm8k/462,1,264,55
acc95/semi70,gsm8k/463,1,224,73
acc95/semi70,gsm8k/464,1,247,63
acc95/semi70,gsm8k/465,1,388,154
acc95/semi70,gsm8k/466,1,314,101
acc95/semi70,gsm8k/467,1,142,35
acc95/semi70,gsm8k/468,1,162,49
acc95/semi70,gsm8k/469,1,227,61
acc95/semi70,gsm8k/470,1,193,43
acc95/semi70,gsm8k/471,1,250,79
acc95/semi70,gsm8k/472,1,352,120
acc95/semi70,gsm8k/473,1,217,54
acc95/semi70,gsm8k/474,1,194,49
acc95/semi70,gsm8k/475,0,390,239
acc95/semi70,gsm8k/476,1,185,80
acc95/semi70,gsm8k/477,1,154,51
acc95/semi70,gsm8k/478,1,225,45
acc95/semi70,gsm8k/479,0,443,153
acc95/semi70,gsm8k/480,1,210,95
acc95/semi70,gsm8k/481,0,313,130
acc95/semi70,gsm8k/482,1,217,61
acc95/semi70,gsm8k/483,1,295,137
acc95/semi70,gsm8k/484,0,317,104
acc95/semi70,gsm8k/485,1,181,43
acc95/semi70,gsm8k/486,0,509,152
acc95/semi70,gsm8k/487,1,134,50
acc95/semi70,gsm8k/488,1,272,87
acc95/semi70,gsm8k/489,1,309,82
acc95/semi70,gsm8k/490,1,376,166
acc95/semi70,gsm8k/491,1,400,121
acc95/semi70,gsm8k/492,1,251,129
acc95/semi70,gsm8k/493,1,139,38
acc95/semi70,gsm8k/494,1,148,54
acc95/semi70,gsm8k/495,1,192,78
acc95/semi70,gsm8k/496,1,277,106
acc95/semi70,gsm8k/497,1,170,44
acc95/semi70,gsm8k/498,1,146,51
acc95/semi70,gsm8k/499,1,242,82
acc95/semi70,gsm8k/500,1,111,26
acc95/semi70,gsm8k/501,1,196,48
acc95/semi70,gsm8k/502,1,377,107
acc95/semi70,gsm8k/503,1,216,57
acc95/semi70,gsm8k/504,1,281,118
acc95/semi70,gsm8k/505,1,247,54
acc95/semi70,gsm8k/506,1,91,32
acc95/semi70,gsm8k/507,1,246,70
acc95/semi70,gsm8k/508,1,157,34
acc95/semi70,gsm8k/509,1,329,115
acc95/semi70,gsm8k/510,1,206,41
acc95/semi70,gsm8k/511,0,191,88
acc95/semi70,math500/0,1,251,63
acc95/semi70,math500/1,1,557,117
acc95/semi70,math500/2,1,367,32
acc95/semi70,math500/3,1,294,70
acc95/semi70,math500/4,0,381,95
acc95/semi70,math500/5,1,220,70
acc95/semi70,math500/6,1,362,135
acc95/semi70,math500/7,1,717,172
acc95/semi70,math500/8,1,260,41
acc95/semi70,math500/9,0,3924,701
acc95/semi70,math500/10,0,4048,298
acc95/semi70,math500/11,0,4014,708
acc95/semi70,math500/12,0,625,223
acc95/semi70,math500/13,1,182,39
acc95/semi70,math500/14,0,332,109
acc95/semi70,math500/15,0,1070,251
acc95/semi70,math500/16,1,195,53
acc95/semi70,math500/17,0,3862,482
acc95/semi70,math500/18,0,3923,789
acc95/semi70,math500/19,0,3223,814
acc95/semi70,math500/20,1,141,33
acc95/semi70,math500/21,0,1255,341
acc95/semi70,math500/22,1,648,170
acc95/semi70,math500/23,1,410,58
acc95/semi70,math500/24,1,577,201
acc95/semi70,math500/25,0,909,206
acc95/semi70,math500/26,0,1066,379
acc95/semi70,math500/27,0,316,89
acc95/semi70,math500/28,1,132,43
acc95/semi70,math500/29,1,264,89
acc95/semi70,math500/30,1,230,73
acc95/semi70,math500/31,1,143,39
acc95/semi70,math500/32,1,355,176
acc95/semi70,math500/33,0,760,149
acc95/semi70,math500/34,0,507,112
acc95/semi70,math500/35,1,294,58
acc95/semi70,math500/36,0,481,91
acc95/semi70,math500/37,1,248,143
acc95/semi70,math500/38,1,180,58
acc95/semi70,math500/39,1,252,56
acc95/semi70,math500/40,1,215,56
acc95/semi70,math500/41,1,933,255
acc95/semi70,math500/42,1,184,39
acc95/semi70,math500/43,0,3652,625
acc95/semi70,math500/44,1,351,109
acc95/semi70,math500/45,1,157,39
acc95/semi70,math500/46,0,900,318
acc95/semi70,math500/47,1,349,100
acc95/semi70,math500/48,1,186,44
acc95/semi70,math500/49,1,160,25
acc95/semi70,math500/50,0,902,314
acc95/semi70,math500/51,0,827,177
acc95/semi70,math500/52,1,304,49
acc95/semi70,math500/53,1,322,70
acc95/semi70,math500/54,1,59,17
acc95/semi70,math500/55,1,290,98
acc95/semi70,math500/56,1,190,52
acc95/semi70,math500/57,1,391,103
acc95/semi70,math500/58,0,165,37
acc95/semi70,math500/59,1,220,72
acc95/semi70,math500/60,0,4023,737
acc95/semi70,math500/61,1,510,99
acc95/semi70,math500/62,0,623,194
acc95/semi70,math500/63,0,3984,329
acc95/semi70,math500/64,0,1396,468
acc95/semi70,math500/65,1,158,76
acc95/semi70,math500/66,1,251,55
acc95/semi70,math500/67,1,261,92
acc95/semi70,math500/68,1,539,144
acc95/semi70,math500/69,1,652,164
acc95/semi70,math500/70,1,170,64
acc95/semi70,math500/71,0,253,94
acc95/semi70,math500/72,1,287,63
acc95/semi70,math500/73,1,253,33
acc95/semi70,math500/74,1,361,80
acc95/semi70,math500/75,1,361,146
acc95/semi70,math500/76,1,375,129
acc95/semi70,math500/77,1,174,28
acc95/semi70,math500/78,0,1205,269
acc95/semi70,math500/79,1,177,33
acc95/semi70,math500/80,0,1743,757
acc95/semi70,math500/81,1,322,111
acc95/semi70,math500/82,0,1059,333
acc95/semi70,math500/83,1,332,93
acc95/semi70,math500/84,0,757,167
acc95/semi70,math500/85,1,360,93
acc95/semi70,math500/86,1,124,51
acc95/semi70,math500/87,1,394,107
acc95/semi70,math500/88,1,1227,348
acc95/semi70,math500/89,0,409,94
acc95/semi70,math500/90,1,81,30
acc95/semi70,math500/91,1,349,102
acc95/semi70,math500/92,0,470,101
acc95/semi70,math500/93,1,378,80
acc95/semi70,math500/94,0,3725,402
acc95/semi70,math500/95,1,505,74
acc95/semi70,math500/96,0,3965,537
acc95/semi70,math500/97,1,254,120
acc95/semi70,math500/98,1,111,29
acc95/semi70,math500/99,0,685,113
acc95/semi70,math500/100,0,3008,1024
acc95/semi70,math500/101,0,2050,617
acc95/semi70,math500/102,0,202,51
acc95/semi70,math500/103,0,3966,659
acc95/semi70,math500/104,0,1965,503
acc95/semi70,math500/105,1,297,84
acc95/semi70,math500/106,1,258,74
acc95/semi70,math500/107,1,372,92
acc95/semi70,math500/108,0,1624,601
acc95/semi70,math500/109,0,1039,175
acc95/semi70,math500/110,0,3955,702
acc95/semi70,math500/111,1,248,56
acc95/semi70,math500/112,1,649,130
acc95/semi70,math500/113,1,277,44
acc95/semi70,math500/114,1,528,112
acc95/semi70,math500/115,0,206,74
acc95/semi70,math500/116,1,202,29
acc95/semi70,math500/117,1,198,41
acc95/semi70,math500/118,0,844,225
acc95/semi70,math500/119,0,3920,388
acc95/semi70,math500/120,1,791,367
acc95/semi70,math500/121,1,198,42
acc95/semi70,math500/122,0,277,108
acc95/semi70,math500/123,0,1191,229
acc95/semi70,math500/124,1,274,68
acc95/semi70,math500/125,1,234,33
acc95/semi70,math500/126,0,3999,434
acc95/semi70,math500/127,0,184,55
acc95/semi70,math500/128,1,235,102
acc95/semi70,math500/129,0,1210,267
acc95/semi70,math500/130,0,442,154
acc95/semi70,math500/131,1,340,64
acc95/semi70,math500/132,1,344,89
acc95/semi70,math500/133,1,259,92
acc95/semi70,math500/134,0,747,215
acc95/semi70,math500/135,1,367,106
acc95/semi70,math500/136,1,1561,441
acc95/semi70,math500/137,0,366,70
acc95/semi70,math500/138,0,1096,593
acc95/semi70,math500/139,1,835,278
acc95/semi70,math500/140,1,562,194
acc95/semi70,math500/141,1,242,125
acc95/semi70,math500/142,1,412,184
acc95/semi70,math500/143,1,655,100
acc95/semi70,math500/144,1,196,31
acc95/semi70,math500/145,0,4015,556
acc95/semi70,math500/146,1,274,62
acc95/semi70,math500/147,1,1143,385
acc95/semi70,math500/148,1,154,31
acc95/semi70,math500/149,1,637,198
acc95/semi70,math500/150,0,1281,256
acc95/semi70,math500/151,1,1644,450
acc95/semi70,math500/152,1,1595,295
acc95/semi70,math500/153,0,3986,381
acc95/semi70,math500/154,0,1175,565
acc95/semi70,math500/155,1,386,117
acc95/semi70,math500/156,0,3879,351
acc95/semi70,math500/157,1,338,78
acc95/semi70,math500/158,0,417,88
acc95/semi70,math500/159,1,418,130
acc95/semi70,math500/160,1,362,89
acc95/semi70,math500/161,1,105,23
acc95/semi70,math500/162,1,434,138
acc95/semi70,math500/163,0,2270,415
acc95/semi70,math500/164,1,448,93
acc95/semi70,math500/165,1,203,60
acc95/semi70,math500/166,0,960,402
acc95/semi70,math500/167,1,146,37
acc95/semi70,math500/168,0,1663,573
acc95/semi70,math500/169,1,255,49
acc95/semi70,math500/170,0,4029,399
acc95/semi70,math500/171,1,223,54
acc95/semi70,math500/172,1,386,77
acc95/semi70,math500/173,0,4018,341
acc95/semi70,math500/174,1,351,109
acc95/semi70,math500/175,1,650,138
acc95/semi70,math500/176,0,189,42
acc95/semi70,math500/177,0,896,366
acc95/semi70,math500/178,1,127,22
acc95/semi70,math500/179,1,847,157
acc95/semi70,math500/180,1,308,105
acc95/semi70,math500/181,1,296,60
acc95/semi70,math500/182,1,153,42
acc95/semi70,math500/183,0,1238,241
acc95/semi70,math500/184,0,4019,247
acc95/semi70,math500/185,1,170,31
acc95/semi70,math500/186,1,420,156
acc95/semi70,math500/187,1,280,66
acc95/semi70,math500/188,0,3849,311
acc95/semi70,math500/189,1,1753,489
acc95/semi70,math500/190,1,367,154
acc95/semi70,math500/191,1,163,37
acc95/semi70,math500/192,0,766,181
acc95/semi70,math500/193,1,445,110
acc95/semi70,math500/194,0,4036,473
acc95/semi70,math500/195,1,355,64
acc95/semi70,math500/196,1,211,41
acc95/semi70,math500/197,1,1010,306
acc95/semi70,math500/198,1,264,98
acc95/semi70,math500/199,1,239,61
acc95/semi70,math500/200,0,245,52
acc95/semi70,math500/201,1,608,181
acc95/semi70,math500/202,0,709,225
acc95/semi70,math500/203,1,486,87
acc95/semi70,math500/204,0,3986,749
acc95/semi70,math500/205,0,741,106
acc95/semi70,math500/206,1,338,73
acc95/semi70,math500/207,1,122,43
acc95/semi70,math500/208,1,261,98
acc95/semi70,math500/209,0,4035,280
acc95/semi70,math500/210,1,453,130
acc95/semi70,math500/211,1,187,32
acc95/semi70,math500/212,1,271,97
acc95/semi70,math500/213,1,919,219
acc95/semi70,math500/214,0,790,294
acc95/semi70,math500/215,0,427,105
acc95/semi70,math500/216,1,292,54
acc95/semi70,math500/217,0,4054,272
acc95/semi70,math500/218,1,183,28
acc95/semi70,math500/219,0,3373,461
acc95/semi70,math500/220,1,225,87
acc95/semi70,math500/221,1,442,163
acc95/semi70,math500/222,0,599,290
acc95/semi70,math500/223,0,323,94
acc95/semi70,math500/224,0,1365,333
acc95/semi70,math500/225,0,171,65
acc95/semi70,math500/226,1,397,143
acc95/semi70,math500/227,0,177,96
acc95/semi70,math500/228,0,1705,432
acc95/semi70,math500/229,1,153,71
acc95/semi70,math500/230,1,1233,320
acc95/semi70,math500/231,1,652,150
acc95/semi70,math500/232,0,535,144
acc95/semi70,math500/233,1,410,84
acc95/semi70,math500/234,1,415,110
acc95/semi70,math500/235,1,411,55
acc95/semi70,math500/236,1,440,87
acc95/semi70,math500/237,1,785,214
acc95/semi70,math500/238,1,414,116
acc95/semi70,math500/239,0,3966,633
acc95/semi70,math500/240,0,3847,590
acc95/semi70,math500/241,0,585,166
acc95/semi70,math500/242,0,382,133
acc95/semi70,math500/243,1,277,113
acc95/semi70,math500/244,1,438,173
acc95/semi70,math500/245,0,832,192
acc95/semi70,math500/246,0,285,151
acc95/semi70,math500/247,0,443,116
acc95/semi70,math500/248,0,2860,631
acc95/semi70,math500/249,0,4032,450
acc95/semi70,math500/250,1,428,81
acc95/semi70,math500/251,1,599,286
acc95/semi70,math500/252,1,560,107
acc95/semi70,math500/253,1,171,46
acc95/semi70,math500/254,1,351,124
acc95/semi70,math500/255,0,594,212
acc95/semi70,math500/256,1,258,40
acc95/semi70,math500/257,1,255,83
acc95/semi70,math500/258,1,328,85
acc95/semi70,math500/259,1,180,40
acc95/semi70,math500/260,1,504,69
acc95/semi70,math500/261,1,325,102
acc95/semi70,math500/262,0,126,42
acc95/semi70,math500/263,1,299,83
acc95/semi70,math500/264,0,3828,701
acc95/semi70,math500/265,1,221,46
acc95/semi70,math500/266,1,250,76
acc95/semi70,math500/267,0,622,292
acc95/semi70,math500/268,1,173,43
acc95/semi70,math500/269,1,182,65
acc95/semi70,math500/270,1,303,77
acc95/semi70,math500/271,1,563,143
acc95/semi70,math500/272,0,573,145
acc95/semi70,math500/273,0,261,82
acc95/semi70,math500/274,0,871,430
acc95/semi70,math500/275,1,178,20
acc95/semi70,math500/276,0,434,175
acc95/semi70,math500/277,1,146,83
acc95/semi70,math500/278,1,290,116
acc95/semi70,math500/279,0,446,144
acc95/semi70,math500/280,1,473,149
acc95/semi70,math500/281,1,280,132
acc95/semi70,math500/282,0,720,184
acc95/semi70,math500/283,1,287,45
acc95/semi70,math500/284,0,677,158
acc95/semi70,math500/285,0,3916,462
acc95/semi70,math500/286,0,1811,561
acc95/semi70,math500/287,0,532,169
acc95/semi70,math500/288,1,1074,151
acc95/semi70,math500/289,1,501,136
acc95/semi70,math500/290,1,680,101
acc95/semi70,math500/291,0,311,130
acc95/semi70,math500/292,0,3948,262
acc95/semi70,math500/293,1,314,60
acc95/semi70,math500/294,1,992,336
acc95/semi70,math500/295,0,1499,433
acc95/semi70,math500/296,1,726,231
acc95/semi70,math500/297,1,509,192
acc95/semi70,math500/298,0,790,98
acc95/semi70,math500/299,1,365,151
acc95/semi70,math500/300,1,225,94
acc95/semi70,math500/301,0,372,110
acc95/semi70,math500/302,0,3983,185
acc95/semi70,math500/303,0,1471,587
acc95/semi70,math500/304,1,719,145
acc95/semi70,math500/305,0,344,94
acc95/semi70,math500/306,0,4023,504
acc95/semi70,math500/307,0,406,142
acc95/semi70,math500/308,0,4019,807
acc95/semi70,math500/309,1,929,309
acc95/semi70,math500/310,1,234,53
acc95/semi70,math500/311,1,525,97
acc95/semi70,math500/312,1,185,76
acc95/semi70,math500/313,1,260,83
acc95/semi70,math500/314,1,283,83
acc95/semi70,math500/315,1,657,226
acc95/semi70,math500/316,1,464,111
acc95/semi70,math500/317,1,1084,286
acc95/semi70,math500/318,0,311,65
acc95/semi70,math500/319,1,201,35
acc95/semi70,math500/320,1,716,228
acc95/semi70,math500/321,1,261,75
acc95/semi70,math500/322,1,202,35
acc95/semi70,math500/323,1,677,376
acc95/semi70,math500/324,0,670,233
acc95/semi70,math500/325,1,378,72
acc95/semi70,math500/326,0,537,106
acc95/semi70,math500/327,0,1709,484
acc95/semi70,math500/328,1,1448,357
acc95/semi70,math500/329,1,168,30
acc95/semi70,math500/330,0,284,90
acc95/semi70,math500/331,0,1194,289
acc95/semi70,math500/332,0,4026,630
acc95/semi70,math500/333,1,1105,249
acc95/semi70,math500/334,1,477,181
acc95/semi70,math500/335,1,718,163
acc95/semi70,math500/336,1,201,27
acc95/semi70,math500/337,1,334,110
acc95/semi70,math500/338,0,168,44
acc95/semi70,math500/339,0,776,244
acc95/semi70,math500/340,0,3974,826
acc95/semi70,math500/341,1,323,79
acc95/semi70,math500/342,1,213,44
acc95/semi70,math500/343,1,298,98
acc95/semi70,math500/344,1,276,71
acc95/semi70,math500/345,1,178,29
acc95/semi70,math500/346,1,396,57
acc95/semi70,math500/347,0,273,54
acc95/semi70,math500/348,1,241,52
acc95/semi70,math500/349,0,637,298
acc95/semi70,math500/350,1,302,102
acc95/semi70,math500/351,0,1060,157
acc95/semi70,math500/352,0,1528,617
acc95/semi70,math500/353,1,358,166
acc95/semi70,math500/354,0,4053,241
acc95/semi70,math500/355,1,2226,455
acc95/semi70,math500/356,0,617,193
acc95/semi70,math500/357,1,530,187
acc95/semi70,math500/358,0,318,145
acc95/semi70,math500/359,0,3976,318
acc95/semi70,math500/360,1,461,109
acc95/semi70,math500/361,1,821,231
acc95/semi70,math500/362,1,226,71
acc95/semi70,math500/363,1,120,40
acc95/semi70,math500/364,0,680,200
acc95/semi70,math500/365,0,1027,326
acc95/semi70,math500/366,1,397,99
acc95/semi70,math500/367,1,184,37
acc95/semi70,math500/368,1,343,142
acc95/semi70,math500/369,0,247,84
acc95/semi70,math500/370,1,197,42
acc95/semi70,math500/371,0,1343,439
acc95/semi70,math500/372,0,701,341
acc95/semi70,math500/373,1,334,59
acc95/semi70,math500/374,1,137,20
acc95/semi70,math500/375,0,405,130
acc95/semi70,math500/376,1,991,287
acc95/semi70,math500/377,1,608,225
acc95/semi70,math500/378,1,434,130
acc95/semi70,math500/379,1,928,211
acc95/semi70,math500/380,0,825,261
acc95/semi70,math500/381,0,4026,477
acc95/semi70,math500/382,1,697,222
acc95/semi70,math500/383,0,425,83
acc95/semi70,math500/384,1,123,28
acc95/semi70,math500/385,1,280,82
acc95/semi70,math500/386,0,250,67
acc95/semi70,math500/387,1,167,40
acc95/semi70,math500/388,0,470,115
acc95/semi70,math500/389,1,374,101
acc95/semi70,math500/390,1,763,176
acc95/semi70,math500/391,0,3987,442
acc95/semi70,math500/392,0,3283,1024
acc95/semi70,math500/393,1,299,98
acc95/semi70,math500/394,0,1072,345
acc95/semi70,math500/395,1,275,49
acc95/semi70,math500/396,1,614,228
acc95/semi70,math500/397,1,209,39
acc95/semi70,math500/398,1,455,105
acc95/semi70,math500/399,1,85,25
acc95/semi70,math500/400,0,1048,471
acc95/semi70,math500/401,0,4030,501
acc95/semi70,math500/402,0,405,122
acc95/semi70,math500/403,1,402,100
acc95/semi70,math500/404,1,232,75
acc95/semi70,math500/405,1,224,93
acc95/semi70,math500/406,1,136,34
acc95/semi70,math500/407,1,186,30
acc95/semi70,math500/408,0,1253,295
acc95/semi70,math500/409,1,803,291
acc95/semi70,math500/410,1,450,167
acc95/semi70,math500/411,1,152,68
acc95/semi70,math500/412,1,1266,271
acc95/semi70,math500/413,1,213,61
acc95/semi70,math500/414,1,351,91
acc95/semi70,math500/415,0,701,175
acc95/semi70,math500/416,1,597,86
acc95/semi70,math500/417,1,323,113
acc95/semi70,math500/418,1,352,71
acc95/semi70,math500/419,0,3987,404
acc95/semi70,math500/420,0,414,55
acc95/semi70,math500/421,0,3967,564
acc95/semi70,math500/422,0,3181,750
acc95/semi70,math500/423,1,843,238
acc95/semi70,math500/424,1,308,53
acc95/semi70,math500/425,0,1251,276
acc95/semi70,math500/426,1,391,86
acc95/semi70,math500/427,1,200,52
acc95/semi70,math500/428,0,1290,199
acc95/semi70,math500/429,0,1594,426
acc95/semi70,math500/430,1,54,18
acc95/semi70,math500/431,0,797,203
acc95/semi70,math500/432,1,968,255
acc95/semi70,math500/433,1,78,21
acc95/semi70,math500/434,1,500,145
acc95/semi70,math500/435,1,390,110
acc95/semi70,math500/436,0,4031,331
acc95/semi70,math500/437,0,3976,577
acc95/semi70,math500/438,1,182,79
acc95/semi70,math500/439,1,273,73
acc95/semi70,math500/440,1,288,41
acc95/semi70,math500/441,1,242,75
acc95/semi70,math500/442,1,254,29
acc95/semi70,math500/443,1,203,37
acc95/semi70,math500/444,0,1047,387
acc95/semi70,math500/445,0,3615,1024
acc95/semi70,math500/446,1,606,110
acc95/semi70,math500/447,1,291,122
acc95/semi70,math500/448,0,501,114
acc95/semi70,math500/449,1,225,57
acc95/semi70,math500/450,1,674,192
acc95/semi70,math500/451,0,407,94
acc95/semi70,math500/452,1,694,197
acc95/semi70,math500/453,0,212,72
acc95/semi70,math500/454,1,1199,256
acc95/semi70,math500/455,1,167,43
acc95/semi70,math500/456,0,1167,260
acc95/semi70,math500/457,1,64,30
acc95/semi70,math500/458,1,415,146
acc95/semi70,math500/459,1,745,190
acc95/semi70,math500/460,0,353,125
acc95/semi70,math500/461,1,517,77
acc95/semi70,math500/462,1,339,105
acc95/semi70,math500/463,1,160,61
acc95/semi70,math500/464,0,4034,566
acc95/semi70,math500/465,1,423,180
acc95/semi70,math500/466,0,3989,338
acc95/semi70,math500/467,1,444,76
acc95/semi70,math500/468,1,170,52
acc95/semi70,math500/469,1,172,34
acc95/semi70,math500/470,0,666,238
acc95/semi70,math500/471,1,191,42
acc95/semi70,math500/472,1,180,39
acc95/semi70,math500/473,0,3841,753
acc95/semi70,math500/474,1,481,71
acc95/semi70,math500/475,1,2648,780
acc95/semi70,math500/476,1,282,82
acc95/semi70,math500/477,1,457,213
acc95/semi70,math500/478,0,1195,300
acc95/semi70,math500/479,1,296,121
acc95/semi70,math500/480,1,537,167
acc95/semi70,math500/481,0,2131,430
acc95/semi70,math500/482,1,722,279
acc95/semi70,math500/483,0,4022,816
acc95/semi70,math500/484,1,753,133
acc95/semi70,math500/485,0,1824,319
acc95/semi70,math500/486,1,241,92
acc95/semi70,math500/487,1,223,58
acc95/semi70,math500/488,1,134,40
acc95/semi70,math500/489,1,536,168
acc95/semi70,math500/490,0,3980,535
acc95/semi70,math500/491,0,284,143
acc95/semi70,math500/492,1,480,83
acc95/semi70,math500/493,1,627,112
acc95/semi70,math500/494,0,2752,1024
acc95/semi70,math500/495,0,4021,300
acc95/semi70,math500/496,1,393,53
acc95/semi70,math500/497,0,2225,673
acc95/semi70,math500/498,0,1345,448
acc95/semi70,math500/499,1,403,109
distilled/acc85/semi70,gsm8k/0,1,122,34
distilled/acc85/semi70,gsm8k/1,1,260,80
distilled/acc85/semi70,gsm8k/2,1,197,26
distilled/acc85/semi70,gsm8k/3,1,199,25
distilled/acc85/semi70,gsm8k/4,1,257,91
distilled/acc85/semi70,gsm8k/5,1,145,29
distilled/acc85/semi70,gsm8k/6,1,161,31
distilled/acc85/semi70,gsm8k/7,1,215,52
distilled/acc85/semi70,gsm8k/8,1,390,102
distilled/acc85/semi70,gsm8k/9,0,249,70
distilled/acc85/semi70,gsm8k/10,1,308,89
distilled/acc85/semi70,gsm8k/11,0,475,111
distilled/acc85/semi70,gsm8k/12,1,115,24
distilled/acc85/semi70,gsm8k/13,0,244,49
distilled/acc85/semi70,gsm8k/14,1,295,89
distilled/acc85/semi70,gsm8k/15,1,207,49
distilled/acc85/semi70,gsm8k/16,1,190,23
distilled/acc85/semi70,gsm8k/17,1,182,47
distilled/acc85/semi70,gsm8k/18,1,193,55
distilled/acc85/semi70,gsm8k/19,1,182,41
distilled/acc85/semi70,gsm8k/20,1,190,47
distilled/acc85/semi70,gsm8k/21,1,207,68
distilled/acc85/semi70,gsm8k/22,1,203,44
distilled/acc85/semi70,gsm8k/23,1,303,66
distilled/acc85/semi70,gsm8k/24,1,186,53
distilled/acc85/semi70,gsm8k/25,1,262,41
distilled/acc85/semi70,gsm8k/26,1,250,56
distilled/acc85/semi70,gsm8k/27,1,103,22
distilled/acc85/semi70,gsm8k/28,1,137,39
distilled/acc85/semi70,gsm8k/29,1,183,48
distilled/acc85/semi70,gsm8k/30,1,183,38
distilled/acc85/semi70,gsm8k/31,1,273,78
distilled/acc85/semi70,gsm8k/32,1,108,35
distilled/acc85/semi70,gsm8k/33,0,380,81
distilled/acc85/semi70,gsm8k/34,1,330,76
distilled/acc85/semi70,gsm8k/35,1,163,29
distilled/acc85/semi70,gsm8k/36,1,170,42
distilled/acc85/semi70,gsm8k/37,1,203,64
distilled/acc85/semi70,gsm8k/38,0,293,103
distilled/acc85/semi70,gsm8k/39,1,258,52
distilled/acc85/semi70,gsm8k/40,1,186,47
distilled/acc85/semi70,gsm8k/41,1,304,43
distilled/acc85/semi70,gsm8k/42,1,237,37
distilled/acc85/semi70,gsm8k/43,1,135,45
distilled/acc85/semi70,gsm8k/44,1,302,56
distilled/acc85/semi70,gsm8k/45,1,252,55
distilled/acc85/semi70,gsm8k/46,1,285,66
distilled/acc85/semi70,gsm8k/47,1,128,22
distilled/acc85/semi70,gsm8k/48,0,226,73
distilled/acc85/semi70,gsm8k/49,0,333,74
distilled/acc85/semi70,gsm8k/50,0,468,127
distilled/acc85/semi70,gsm8k/51,1,134,39
distilled/acc85/semi70,gsm8k/52,1,163,24
distilled/acc85/semi70,gsm8k/53,1,117,23
distilled/acc85/semi70,gsm8k/54,1,257,49
distilled/acc85/semi70,gsm8k/55,1,146,30
distilled/acc85/semi70,gsm8k/56,0,315,41
distilled/acc85/semi70,gsm8k/57,1,130,20
distilled/acc85/semi70,gsm8k/58,1,160,24
distilled/acc85/semi70,gsm8k/59,1,206,43
distilled/acc85/semi70,gsm8k/60,1,150,22
distilled/acc85/semi70,gsm8k/61,0,184,22
distilled/acc85/semi70,gsm8k/62,1,253,58
distilled/acc85/semi70,gsm8k/63,1,142,38
distilled/acc85/semi70,gsm8k/64,1,361,101
distilled/acc85/semi70,gsm8k/65,0,139,35
distilled/acc85/semi70,gsm8k/66,1,186,37
distilled/acc85/semi70,gsm8k/67,1,257,49
distilled/acc85/semi70,gsm8k/68,1,483,181
distilled/acc85/semi70,gsm8k/69,1,100,25
distilled/acc85/semi70,gsm8k/70,1,295,54
distilled/acc85/semi70,gsm8k/71,1,208,27
distilled/acc85/semi70,gsm8k/72,1,231,56
distilled/acc85/semi70,gsm8k/73,1,302,70
distilled/acc85/semi70,gsm8k/74,1,150,46
distilled/acc85/semi70,gsm8k/75,1,196,53
distilled/acc85/semi70,gsm8k/76,1,221,55
distilled/acc85/semi70,gsm8k/77,0,4000,407
distilled/acc85/semi70,gsm8k/78,1,242,57
distilled/acc85/semi70,gsm8k/79,1,278,46
distilled/acc85/semi70,gsm8k/80,1,195,50
distilled/acc85/semi70,gsm8k/81,1,307,79
distilled/acc85/semi70,gsm8k/82,1,168,34
distilled/acc85/semi70,gsm8k/83,1,293,73
distilled/acc85/semi70,gsm8k/84,1,149,39
distilled/acc85/semi70,gsm8k/85,1,124,28
distilled/acc85/semi70,gsm8k/86,1,339,104
distilled/acc85/semi70,gsm8k/87,1,197,44
distilled/acc85/semi70,gsm8k/88,1,173,32
distilled/acc85/semi70,gsm8k/89,1,183,28
distilled/acc85/semi70,gsm8k/90,1,217,21
distilled/acc85/semi70,gsm8k/91,0,448,94
distilled/acc85/semi70,gsm8k/92,1,196,44
distilled/acc85/semi70,gsm8k/93,1,116,21
distilled/acc85/semi70,gsm8k/94,1,196,57
distilled/acc85/semi70,gsm8k/95,1,183,37
distilled/acc85/semi70,gsm8k/96,0,240,89
distilled/acc85/semi70,gsm8k/97,1,284,83
distilled/acc85/semi70,gsm8k/98,1,162,31
distilled/acc85/semi70,gsm8k/99,0,242,30
distilled/acc85/semi70,gsm8k/100,1,192,56
distilled/acc85/semi70,gsm8k/101,1,237,58
distilled/acc85/semi70,gsm8k/102,0,230,52
distilled/acc85/semi70,gsm8k/103,1,195,24
distilled/acc85/semi70,gsm8k/104,1,119,43
distilled/acc85/semi70,gsm8k/105,1,274,53
distilled/acc85/semi70,gsm8k/106,0,447,124
distilled/acc85/semi70,gsm8k/107,0,244,40
distilled/acc85/semi70,gsm8k/108,1,197,41
distilled/acc85/semi70,gsm8k/109,0,309,59
distilled/acc85/semi70,gsm8k/110,1,159,35
distilled/acc85/semi70,gsm8k/111,1,153,26
distilled/acc85/semi70,gsm8k/112,1,156,44
distilled/acc85/semi70,gsm8k/113,1,181,36
distilled/acc85/semi70,gsm8k/114,0,188,50
distilled/acc85/semi70,gsm8k/115,1,133,22
distilled/acc85/semi70,gsm8k/116,1,281,73
distilled/acc85/semi70,gsm8k/117,1,294,86
distilled/acc85/semi70,gsm8k/118,1,230,58
distilled/acc85/semi70,gsm8k/119,1,280,62
distilled/acc85/semi70,gsm8k/120,1,108,27
distilled/acc85/semi70,gsm8k/121,1,303,85
distilled/acc85/semi70,gsm8k/122,1,110,22
distilled/acc85/semi70,gsm8k/123,1,414,91
distilled/acc85/semi70,gsm8k/124,1,164,34
distilled/acc85/semi70,gsm8k/125,0,189,53
distilled/acc85/semi70,gsm8k/126,1,338,83
distilled/acc85/semi70,gsm8k/127,1,163,25
distilled/acc85/semi70,gsm8k/128,0,384,78
distilled/acc85/semi70,gsm8k/129,0,154,78
distilled/acc85/semi70,gsm8k/130,1,195,44
distilled/acc85/semi70,gsm8k/131,0,481,131
distilled/acc85/semi70,gsm8k/132,1,195,33
distilled/acc85/semi70,gsm8k/133,1,269,68
distilled/acc85/semi70,gsm8k/134,0,142,43
distilled/acc85/semi70,gsm8k/135,1,390,73
distilled/acc85/semi70,gsm8k/136,0,4020,307
distilled/acc85/semi70,gsm8k/137,0,243,40
distilled/acc85/semi70,gsm8k/138,1,244,90
distilled/acc85/semi70,gsm8k/139,1,201,49
distilled/acc85/semi70,gsm8k/140,1,290,68
distilled/acc85/semi70,gsm8k/141,1,261,72
distilled/acc85/semi70,gsm8k/142,1,165,40
distilled/acc85/semi70,gsm8k/143,1,276,60
distilled/acc85/semi70,gsm8k/144,1,460,96
distilled/acc85/semi70,gsm8k/145,1,204,56
distilled/acc85/semi70,gsm8k/146,1,297,64
distilled/acc85/semi70,gsm8k/147,1,164,38
distilled/acc85/semi70,gsm8k/148,1,323,68
distilled/acc85/semi70,gsm8k/149,1,184,51
distilled/acc85/semi70,gsm8k/150,1,291,44
distilled/acc85/semi70,gsm8k/151,0,391,108
distilled/acc85/semi70,gsm8k/152,1,354,62
distilled/acc85/semi70,gsm8k/153,1,247,68
distilled/acc85/semi70,gsm8k/154,1,146,26
distilled/acc85/semi70,gsm8k/155,0,134,26
distilled/acc85/semi70,gsm8k/156,1,198,27
distilled/acc85/semi70,gsm8k/157,1,208,46
distilled/acc85/semi70,gsm8k/158,1,188,36
distilled/acc85/semi70,gsm8k/159,1,305,45
distilled/acc85/semi70,gsm8k/160,1,158,22
distilled/acc85/semi70,gsm8k/161,1,218,46
distilled/acc85/semi70,gsm8k/162,1,213,61
distilled/acc85/semi70,gsm8k/163,1,307,64
distilled/acc85/semi70,gsm8k/164,1,262,53
distilled/acc85/semi70,gsm8k/165,1,283,66
distilled/acc85/semi70,gsm8k/166,0,144,43
distilled/acc85/semi70,gsm8k/167,0,162,30
distilled/acc85/semi70,gsm8k/168,0,445,165
distilled/acc85/semi70,gsm8k/169,1,196,28
distilled/acc85/semi70,gsm8k/170,1,441,103
distilled/acc85/semi70,gsm8k/171,1,157,59
distilled/acc85/semi70,gsm8k/172,1,226,56
distilled/acc85/semi70,gsm8k/173,1,187,35
distilled/acc85/semi70,gsm8k/174,1,203,55
distilled/acc85/semi70,gsm8k/175,1,247,46
distilled/acc85/semi70,gsm8k/176,1,253,46
distilled/acc85/semi70,gsm8k/177,1,184,41
distilled/acc85/semi70,gsm8k/178,1,180,60
distilled/acc85/semi70,gsm8k/179,1,240,53
distilled/acc85/semi70,gsm8k/180,1,136,20
distilled/acc85/semi70,gsm8k/181,1,215,45
distilled/acc85/semi70,gsm8k/182,0,228,62
distilled/acc85/semi70,gsm8k/183,1,248,52
distilled/acc85/semi70,gsm8k/184,1,312,70
distilled/acc85/semi70,gsm8k/185,1,224,54
distilled/acc85/semi70,gsm8k/186,1,224,77
distilled/acc85/semi70,gsm8k/187,1,214,41
distilled/acc85/semi70,gsm8k/188,0,241,42
distilled/acc85/semi70,gsm8k/189,1,272,57
distilled/acc85/semi70,gsm8k/190,1,309,46
distilled/acc85/semi70,gsm8k/191,0,248,73
distilled/acc85/semi70,gsm8k/192,0,198,44
distilled/acc85/semi70,gsm8k/193,1,129,27
distilled/acc85/semi70,gsm8k/194,1,120,23
distilled/acc85/semi70,gsm8k/195,1,309,64
distilled/acc85/semi70,gsm8k/196,1,210,43
distilled/acc85/semi70,gsm8k/197,1,404,75
distilled/acc85/semi70,gsm8k/198,1,288,65
distilled/acc85/semi70,gsm8k/199,1,99,23
distilled/acc85/semi70,gsm8k/200,0,206,44
distilled/acc85/semi70,gsm8k/201,1,181,34
distilled/acc85/semi70,gsm8k/202,1,105,18
distilled/acc85/semi70,gsm8k/203,0,237,47
distilled/acc85/semi70,gsm8k/204,1,287,66
distilled/acc85/semi70,gsm8k/205,0,332,78
distilled/acc85/semi70,gsm8k/206,1,192,46
distilled/acc85/semi70,gsm8k/207,0,230,38
distilled/acc85/semi70,gsm8k/208,1,154,19
distilled/acc85/semi70,gsm8k/209,1,254,54
distilled/acc85/semi70,gsm8k/210,1,353,89
distilled/acc85/semi70,gsm8k/211,0,204,43
distilled/acc85/semi70,gsm8k/212,1,189,36
distilled/acc85/semi70,gsm8k/213,1,244,52
distilled/acc85/semi70,gsm8k/214,1,107,24
distilled/acc85/semi70,gsm8k/215,1,338,67
distilled/acc85/semi70,gsm8k/216,1,215,37
distilled/acc85/semi70,gsm8k/217,0,226,50
distilled/acc85/semi70,gsm8k/218,1,350,101
distilled/acc85/semi70,gsm8k/219,1,222,40
distilled/acc85/semi70,gsm8k/220,1,125,27
distilled/acc85/semi70,gsm8k/221,1,183,26
distilled/acc85/semi70,gsm8k/222,1,181,27
distilled/acc85/semi70,gsm8k/223,1,233,73
distilled/acc85/semi70,gsm8k/224,1,180,49
distilled/acc85/semi70,gsm8k/225,0,461,188
distilled/acc85/semi70,gsm8k/226,1,98,17
distilled/acc85/semi70,gsm8k/227,0,231,50
distilled/acc85/semi70,gsm8k/228,0,253,66
distilled/acc85/semi70,gsm8k/229,1,334,93
distilled/acc85/semi70,gsm8k/230,0,468,148
distilled/acc85/semi70,gsm8k/231,1,205,27
distilled/acc85/semi70,gsm8k/232,1,232,64
distilled/acc85/semi70,gsm8k/233,0,221,42
distilled/acc85/semi70,gsm8k/234,1,220,43
distilled/acc85/semi70,gsm8k/235,0,204,56
distilled/acc85/semi70,gsm8k/236,1,193,26
distilled/acc85/semi70,gsm8k/237,1,222,50
distilled/acc85/semi70,gsm8k/238,0,219,72
distilled/acc85/semi70,gsm8k/239,1,179,48
distilled/acc85/semi70,gsm8k/240,1,137,34
distilled/acc85/semi70,gsm8k/241,1,116,36
distilled/acc85/semi70,gsm8k/242,1,271,77
distilled/acc85/semi70,gsm8k/243,1,293,75
distilled/acc85/semi70,gsm8k/244,1,117,31
distilled/acc85/semi70,gsm8k/245,1,160,26
distilled/acc85/semi70,gsm8k/246,1,163,35
distilled/acc85/semi70,gsm8k/247,1,249,50
distilled/acc85/semi70,gsm8k/248,0,189,41
distilled/acc85/semi70,gsm8k/249,1,162,27
distilled/acc85/semi70,gsm8k/250,1,144,35
distilled/acc85/semi70,gsm8k/251,1,249,42
distilled/acc85/semi70,gsm8k/252,1,189,59
distilled/acc85/semi70,gsm8k/253,1,176,42
distilled/acc85/semi70,gsm8k/254,1,205,47
distilled/acc85/semi70,gsm8k/255,1,332,100
distilled/acc85/semi70,gsm8k/256,1,277,57
distilled/acc85/semi70,gsm8k/257,1,208,66
distilled/acc85/semi70,gsm8k/258,1,163,40
distilled/acc85/semi70,gsm8k/259,1,486,179
distilled/acc85/semi70,gsm8k/260,1,170,34
distilled/acc85/semi70,gsm8k/261,0,349,101
distilled/acc85/semi70,gsm8k/262,1,238,43
distilled/acc85/semi70,gsm8k/263,1,179,33
distilled/acc85/semi70,gsm8k/264,0,289,54
distilled/acc85/semi70,gsm8k/265,0,255,56
distilled/acc85/semi70,gsm8k/266,0,261,62
distilled/acc85/semi70,gsm8k/267,1,141,35
distilled/acc85/semi70,gsm8k/268,1,147,30
distilled/acc85/semi70,gsm8k/269,1,155,22
distilled/acc85/semi70,gsm8k/270,0,435,128
distilled/acc85/semi70,gsm8k/271,1,254,74
distilled/acc85/semi70,gsm8k/272,0,142,12
distilled/acc85/semi70,gsm8k/273,1,242,60
distilled/acc85/semi70,gsm8k/274,1,279,62
distilled/acc85/semi70,gsm8k/275,0,205,55
distilled/acc85/semi70,gsm8k/276,1,340,119
distilled/acc85/semi70,gsm8k/277,1,176,47
distilled/acc85/semi70,gsm8k/278,1,152,20
distilled/acc85/semi70,gsm8k/279,1,163,29
distilled/acc85/semi70,gsm8k/280,1,257,58
distilled/acc85/semi70,gsm8k/281,1,221,53
distilled/acc85/semi70,gsm8k/282,1,229,42
distilled/acc85/semi70,gsm8k/283,0,4030,386
distilled/acc85/semi70,gsm8k/284,1,177,33
distilled/acc85/semi70,gsm8k/285,1,219,32
distilled/acc85/semi70,gsm8k/286,1,162,38
distilled/acc85/semi70,gsm8k/287,0,471,151
distilled/acc85/semi70,gsm8k/288,1,318,89
distilled/acc85/semi70,gsm8k/289,1,230,77
distilled/acc85/semi70,gsm8k/290,1,130,31
distilled/acc85/semi70,gsm8k/291,1,242,38
distilled/acc85/semi70,gsm8k/292,1,137,23
distilled/acc85/semi70,gsm8k/293,1,318,77
distilled/acc85/semi70,gsm8k/294,0,377,76
distilled/acc85/semi70,gsm8k/295,1,162,25
distilled/acc85/semi70,gsm8k/296,0,350,89
distilled/acc85/semi70,gsm8k/297,0,238,45
distilled/acc85/semi70,gsm8k/298,1,216,39
distilled/acc85/semi70,gsm8k/299,1,337,57
distilled/acc85/semi70,gsm8k/300,1,324,80
distilled/acc85/semi70,gsm8k/301,1,122,28
distilled/acc85/semi70,gsm8k/302,1,211,28
distilled/acc85/semi70,gsm8k/303,0,213,38
distilled/acc85/semi70,gsm8k/304,1,130,28
distilled/acc85/semi70,gsm8k/305,1,165,30
distilled/acc85/semi70,gsm8k/306,1,143,28
distilled/acc85/semi70,gsm8k/307,1,264,76
distilled/acc85/semi70,gsm8k/308,1,214,58
distilled/acc85/semi70,gsm8k/309,1,193,33
distilled/acc85/semi70,gsm8k/310,1,288,62
distilled/acc85/semi70,gsm8k/311,1,168,42
distilled/acc85/semi70,gsm8k/312,1,209,41
distilled/acc85/semi70,gsm8k/313,1,250,40
distilled/acc85/semi70,gsm8k/314,1,263,50
distilled/acc85/semi70,gsm8k/315,1,251,56
distilled/acc85/semi70,gsm8k/316,1,196,68
distilled/acc85/semi70,gsm8k/317,1,192,54
distilled/acc85/semi70,gsm8k/318,1,223,28
distilled/acc85/semi70,gsm8k/319,1,119,34
distilled/acc85/semi70,gsm8k/320,0,333,124
distilled/acc85/semi70,gsm8k/321,1,170,36
distilled/acc85/semi70,gsm8k/322,1,352,68
distilled/acc85/semi70,gsm8k/323,1,226,55
distilled/acc85/semi70,gsm8k/324,1,351,58
distilled/acc85/semi70,gsm8k/325,1,217,31
distilled/acc85/semi70,gsm8k/326,1,243,54
distilled/acc85/semi70,gsm8k/327,1,244,39
distilled/acc85/semi70,gsm8k/328,1,150,12
distilled/acc85/semi70,gsm8k/329,1,166,46
distilled/acc85/semi70,gsm8k/330,1,166,38
distilled/acc85/semi70,gsm8k/331,1,146,41
distilled/acc85/semi70,gsm8k/332,1,198,47
distilled/acc85/semi70,gsm8k/333,1,173,22
distilled/acc85/semi70,gsm8k/334,0,352,132
distilled/acc85/semi70,gsm8k/335,1,150,37
distilled/acc85/semi70,gsm8k/336,0,272,84
distilled/acc85/semi70,gsm8k/337,1,245,64
distilled/acc85/semi70,gsm8k/338,1,216,35
distilled/acc85/semi70,gsm8k/339,0,575,184
distilled/acc85/semi70,gsm8k/340,1,179,47
distilled/acc85/semi70,gsm8k/341,1,120,31
distilled/acc85/semi70,gsm8k/342,1,202,52
distilled/acc85/semi70,gsm8k/343,0,254,74
distilled/acc85/semi70,gsm8k/344,1,93,24
distilled/acc85/semi70,gsm8k/345,1,278,59
distilled/acc85/semi70,gsm8k/346,1,402,116
distilled/acc85/semi70,gsm8k/347,1,123,34
distilled/acc85/semi70,gsm8k/348,1,345,52
distilled/acc85/semi70,gsm8k/349,1,194,38
distilled/acc85/semi70,gsm8k/350,1,254,59
distilled/acc85/semi70,gsm8k/351,1,537,86
distilled/acc85/semi70,gsm8k/352,1,103,19
distilled/acc85/semi70,gsm8k/353,1,167,43
distilled/acc85/semi70,gsm8k/354,0,199,57
distilled/acc85/semi70,gsm8k/355,1,188,49
distilled/acc85/semi70,gsm8k/356,1,285,82
distilled/acc85/semi70,gsm8k/357,1,400,86
distilled/acc85/semi70,gsm8k/358,1,174,24
distilled/acc85/semi70,gsm8k/359,1,263,52
distilled/acc85/semi70,gsm8k/360,1,432,105
distilled/acc85/semi70,gsm8k/361,0,187,48
distilled/acc85/semi70,gsm8k/362,1,147,21
distilled/acc85/semi70,gsm8k/363,1,153,32
distilled/acc85/semi70,gsm8k/364,1,105,36
distilled/acc85/semi70,gsm8k/365,0,247,68
distilled/acc85/semi70,gsm8k/366,0,225,45
distilled/acc85/semi70,gsm8k/367,1,212,36
distilled/acc85/semi70,gsm8k/368,0,298,133
distilled/acc85/semi70,gsm8k/369,0,196,64
distilled/acc85/semi70,gsm8k/370,0,250,66
distilled/acc85/semi70,gsm8k/371,1,217,26
distilled/acc85/semi70,gsm8k/372,1,320,77
distilled/acc85/semi70,gsm8k/373,1,143,16
distilled/acc85/semi70,gsm8k/374,0,411,96
distilled/acc85/semi70,gsm8k/375,1,403,132
distilled/acc85/semi70,gsm8k/376,1,155,21
distilled/acc85/semi70,gsm8k/377,1,171,33
distilled/acc85/semi70,gsm8k/378,1,368,79
distilled/acc85/semi70,gsm8k/379,1,197,52
distilled/acc85/semi70,gsm8k/380,1,288,63
distilled/acc85/semi70,gsm8k/381,1,148,19
distilled/acc85/semi70,gsm8k/382,0,387,118
distilled/acc85/semi70,gsm8k/383,1,155,29
distilled/acc85/semi70,gsm8k/384,1,162,24
distilled/acc85/semi70,gsm8k/385,1,199,24
distilled/acc85/semi70,gsm8k/386,1,253,43
distilled/acc85/semi70,gsm8k/387,1,237,49
distilled/acc85/semi70,gsm8k/388,0,246,67
distilled/acc85/semi70,gsm8k/389,1,303,110
distilled/acc85/semi70,gsm8k/390,1,248,75
distilled/acc85/semi70,gsm8k/391,1,294,48
distilled/acc85/semi70,gsm8k/392,1,280,105
distilled/acc85/semi70,gsm8k/393,1,157,32
distilled/acc85/semi70,gsm8k/394,1,163,28
distilled/acc85/semi70,gsm8k/395,1,114,24
distilled/acc85/semi70,gsm8k/396,1,234,42
distilled/acc85/semi70,gsm8k/397,0,126,29
distilled/acc85/semi70,gsm8k/398,1,179,34
distilled/acc85/semi70,gsm8k/399,0,288,105
distilled/acc85/semi70,gsm8k/400,1,144,24
distilled/acc85/semi70,gsm8k/401,1,278,65
distilled/acc85/semi70,gsm8k/402,1,334,98
distilled/acc85/semi70,gsm8k/403,0,350,60
distilled/acc85/semi70,gsm8k/404,1,152,32
distilled/acc85/semi70,gsm8k/405,0,390,129
distilled/acc85/semi70,gsm8k/406,0,222,69
distilled/acc85/semi70,gsm8k/407,1,316,62
distilled/acc85/semi70,gsm8k/408,1,100,26
distilled/acc85/semi70,gsm8k/409,1,311,55
distilled/acc85/semi70,gsm8k/410,1,301,53
distilled/acc85/semi70,gsm8k/411,1,232,44
distilled/acc85/semi70,gsm8k/412,1,256,75
distilled/acc85/semi70,gsm8k/413,1,196,39
distilled/acc85/semi70,gsm8k/414,0,173,46
distilled/acc85/semi70,gsm8k/415,1,337,57
distilled/acc85/semi70,gsm8k/416,1,155,25
distilled/acc85/semi70,gsm8k/417,1,252,39
distilled/acc85/semi70,gsm8k/418,1,114,34
distilled/acc85/semi70,gsm8k/419,1,259,48
distilled/acc85/semi70,gsm8k/420,1,258,37
distilled/acc85/semi70,gsm8k/421,1,153,21
distilled/acc85/semi70,gsm8k/422,1,146,33
distilled/acc85/semi70,gsm8k/423,1,150,21
distilled/acc85/semi70,gsm8k/424,1,146,38
distilled/acc85/semi70,gsm8k/425,0,199,54
distilled/acc85/semi70,gsm8k/426,0,198,39
distilled/acc85/semi70,gsm8k/427,1,376,95
distilled/acc85/semi70,gsm8k/428,0,234,40
distilled/acc85/semi70,gsm8k/429,0,310,121
distilled/acc85/semi70,gsm8k/430,1,128,28
distilled/acc85/semi70,gsm8k/431,1,415,136
distilled/acc85/semi70,gsm8k/432,1,143,24
distilled/acc85/semi70,gsm8k/433,1,393,104
distilled/acc85/semi70,gsm8k/434,1,329,57
distilled/acc85/semi70,gsm8k/435,1,251,30
distilled/acc85/semi70,gsm8k/436,1,313,79
distilled/acc85/semi70,gsm8k/437,1,392,100
distilled/acc85/semi70,gsm8k/438,0,165,41
distilled/acc85/semi70,gsm8k/439,1,369,82
distilled/acc85/semi70,gsm8k/440,0,96,18
distilled/acc85/semi70,gsm8k/441,1,278,76
distilled/acc85/semi70,gsm8k/442,1,157,24
distilled/acc85/semi70,gsm8k/443,1,254,44
distilled/acc85/semi70,gsm8k/444,1,110,18
distilled/acc85/semi70,gsm8k/445,1,270,76
distilled/acc85/semi70,gsm8k/446,1,369,104
distilled/acc85/semi70,gsm8k/447,1,175,44
distilled/acc85/semi70,gsm8k/448,1,160,27
distilled/acc85/semi70,gsm8k/449,1,226,34
distilled/acc85/semi70,gsm8k/450,1,202,26
distilled/acc85/semi70,gsm8k/451,1,232,53
distilled/acc85/semi70,gsm8k/452,0,176,59
distilled/acc85/semi70,gsm8k/453,1,260,88
distilled/acc85/semi70,gsm8k/454,0,318,107
distilled/acc85/semi70,gsm8k/455,1,170,35
distilled/acc85/semi70,gsm8k/456,1,145,14
distilled/acc85/semi70,gsm8k/457,1,243,79
distilled/acc85/semi70,gsm8k/458,1,242,86
distilled/acc85/semi70,gsm8k/459,1,289,51
distilled/acc85/semi70,gsm8k/460,1,181,27
distilled/acc85/semi70,gsm8k/461,0,299,68
distilled/acc85/semi70,gsm8k/462,1,255,36
distilled/acc85/semi70,gsm8k/463,1,293,72
distilled/acc85/semi70,gsm8k/464,1,247,49
distilled/acc85/semi70,gsm8k/465,0,311,90
distilled/acc85/semi70,gsm8k/466,1,301,68
distilled/acc85/semi70,gsm8k/467,1,172,21
distilled/acc85/semi70,gsm8k/468,1,167,39
distilled/acc85/semi70,gsm8k/469,1,181,40
distilled/acc85/semi70,gsm8k/470,1,216,39
distilled/acc85/semi70,gsm8k/471,1,253,66
distilled/acc85/semi70,gsm8k/472,1,344,86
distilled/acc85/semi70,gsm8k/473,1,229,27
distilled/acc85/semi70,gsm8k/474,1,193,37
distilled/acc85/semi70,gsm8k/475,0,321,164
distilled/acc85/semi70,gsm8k/476,1,164,50
distilled/acc85/semi70,gsm8k/477,1,158,42
distilled/acc85/semi70,gsm8k/478,1,214,19
distilled/acc85/semi70,gsm8k/479,0,402,85
distilled/acc85/semi70,gsm8k/480,1,245,43
distilled/acc85/semi70,gsm8k/481,1,346,135
distilled/acc85/semi70,gsm8k/482,1,219,39
distilled/acc85/semi70,gsm8k/483,0,4008,305
distilled/acc85/semi70,gsm8k/484,1,321,59
distilled/acc85/semi70,gsm8k/485,1,130,21
distilled/acc85/semi70,gsm8k/486,0,444,105
distilled/acc85/semi70,gsm8k/487,1,144,35
distilled/acc85/semi70,gsm8k/488,1,271,48
distilled/acc85/semi70,gsm8k/489,1,291,56
distilled/acc85/semi70,gsm8k/490,1,435,208
distilled/acc85/semi70,gsm8k/491,1,426,87
distilled/acc85/semi70,gsm8k/492,0,295,62
distilled/acc85/semi70,gsm8k/493,1,188,31
distilled/acc85/semi70,gsm8k/494,1,151,40
distilled/acc85/semi70,gsm8k/495,1,161,44
distilled/acc85/semi70,gsm8k/496,0,253,70
distilled/acc85/semi70,gsm8k/497,1,284,30
distilled/acc85/semi70,gsm8k/498,1,129,25
distilled/acc85/semi70,gsm8k/499,1,254,66
distilled/acc85/semi70,gsm8k/500,1,109,18
distilled/acc85/semi70,gsm8k/501,1,182,38
distilled/acc85/semi70,gsm8k/502,1,360,73
distilled/acc85/semi70,gsm8k/503,1,214,36
distilled/acc85/semi70,gsm8k/504,1,284,108
distilled/acc85/semi70,gsm8k/505,1,237,40
distilled/acc85/semi70,gsm8k/506,1,103,41
distilled/acc85/semi70,gsm8k/507,0,238,54
distilled/acc85/semi70,gsm8k/508,1,163,16
distilled/acc85/semi70,gsm8k/509,1,287,83
distilled/acc85/semi70,gsm8k/510,0,219,21
distilled/acc85/semi70,gsm8k/511,0,191,112
distilled/acc85/semi70,math500/0,1,247,47
distilled/acc85/semi70,math500/1,1,689,104
distilled/acc85/semi70,math500/2,0,370,24
distilled/acc85/semi70,math500/3,1,298,47
distilled/acc85/semi70,math500/4,1,461,71
distilled/acc85/semi70,math500/5,1,220,48
distilled/acc85/semi70,math500/6,1,359,77
distilled/acc85/semi70,math500/7,1,722,116
distilled/acc85/semi70,math500/8,0,255,36
distilled/acc85/semi70,math500/9,0,3924,261
distilled/acc85/semi70,math500/10,0,4048,251
distilled/acc85/semi70,math500/11,0,4014,300
distilled/acc85/semi70,math500/12,0,920,218
distilled/acc85/semi70,math500/13,1,190,39
distilled/acc85/semi70,math500/14,0,296,91
distilled/acc85/semi70,math500/15,0,1637,296
distilled/acc85/semi70,math500/16,1,189,53
distilled/acc85/semi70,math500/17,0,444,127
distilled/acc85/semi70,math500/18,1,308,95
distilled/acc85/semi70,math500/19,1,844,258
distilled/acc85/semi70,math500/20,1,126,20
distilled/acc85/semi70,math500/21,0,1552,279
distilled/acc85/semi70,math500/22,1,607,99
distilled/acc85/semi70,math500/23,1,411,42
distilled/acc85/semi70,math500/24,0,808,208
distilled/acc85/semi70,math500/25,0,1607,251
distilled/acc85/semi70,math500/26,0,1076,304
distilled/acc85/semi70,math500/27,0,383,80
distilled/acc85/semi70,math500/28,1,137,38
distilled/acc85/semi70,math500/29,1,233,46
distilled/acc85/semi70,math500/30,1,231,55
distilled/acc85/semi70,math500/31,1,143,27
distilled/acc85/semi70,math500/32,1,392,153
distilled/acc85/semi70,math500/33,0,915,140
distilled/acc85/semi70,math500/34,0,541,65
distilled/acc85/semi70,math500/35,1,272,46
distilled/acc85/semi70,math500/36,1,470,51
distilled/acc85/semi70,math500/37,1,215,71
distilled/acc85/semi70,math500/38,1,178,40
distilled/acc85/semi70,math500/39,1,309,51
distilled/acc85/semi70,math500/40,1,236,39
distilled/acc85/semi70,math500/41,0,4023,359
distilled/acc85/semi70,math500/42,1,183,30
distilled/acc85/semi70,math500/43,0,3081,401
distilled/acc85/semi70,math500/44,1,394,86
distilled/acc85/semi70,math500/45,1,156,24
distilled/acc85/semi70,math500/46,1,1424,376
distilled/acc85/semi70,math500/47,1,310,55
distilled/acc85/semi70,math500/48,1,194,35
distilled/acc85/semi70,math500/49,1,160,17
distilled/acc85/semi70,math500/50,0,3973,320
distilled/acc85/semi70,math500/51,0,367,93
distilled/acc85/semi70,math500/52,0,274,28
distilled/acc85/semi70,math500/53,0,316,49
distilled/acc85/semi70,math500/54,1,54,10
distilled/acc85/semi70,math500/55,1,323,92
distilled/acc85/semi70,math500/56,1,203,45
distilled/acc85/semi70,math500/57,1,376,80
distilled/acc85/semi70,math500/58,0,158,20
distilled/acc85/semi70,math500/59,1,276,48
distilled/acc85/semi70,math500/60,0,1767,438
distilled/acc85/semi70,math500/61,1,542,61
distilled/acc85/semi70,math500/62,0,1981,431
distilled/acc85/semi70,math500/63,1,883,168
distilled/acc85/semi70,math500/64,0,1482,353
distilled/acc85/semi70,math500/65,1,133,58
distilled/acc85/semi70,math500/66,0,343,43
distilled/acc85/semi70,math500/67,0,315,59
distilled/acc85/semi70,math500/68,0,608,123
distilled/acc85/semi70,math500/69,1,387,87
distilled/acc85/semi70,math500/70,1,328,36
distilled/acc85/semi70,math500/71,0,298,97
distilled/acc85/semi70,math500/72,1,243,55
distilled/acc85/semi70,math500/73,1,253,25
distilled/acc85/semi70,math500/74,0,369,86
distilled/acc85/semi70,math500/75,1,356,88
distilled/acc85/semi70,math500/76,1,399,104
distilled/acc85/semi70,math500/77,1,168,23
distilled/acc85/semi70,math500/78,1,962,121
distilled/acc85/semi70,math500/79,1,162,33
distilled/acc85/semi70,math500/80,0,4027,384
distilled/acc85/semi70,math500/81,0,318,75
distilled/acc85/semi70,math500/82,0,498,123
distilled/acc85/semi70,math500/83,0,4049,353
distilled/acc85/semi70,math500/84,1,985,155
distilled/acc85/semi70,math500/85,1,347,81
distilled/acc85/semi70,math500/86,0,108,33
distilled/acc85/semi70,math500/87,1,386,73
distilled/acc85/semi70,math500/88,0,948,274
distilled/acc85/semi70,math500/89,1,514,89
distilled/acc85/semi70,math500/90,1,81,23
distilled/acc85/semi70,math500/91,1,315,89
distilled/acc85/semi70,math500/92,0,451,70
distilled/acc85/semi70,math500/93,1,387,56
distilled/acc85/semi70,math500/94,0,3725,548
distilled/acc85/semi70,math500/95,1,505,59
distilled/acc85/semi70,math500/96,0,3965,460
distilled/acc85/semi70,math500/97,0,285,106
distilled/acc85/semi70,math500/98,1,109,21
distilled/acc85/semi70,math500/99,0,744,115
distilled/acc85/semi70,math500/100,0,1676,436
distilled/acc85/semi70,math500/101,0,3290,516
distilled/acc85/semi70,math500/102,1,205,41
distilled/acc85/semi70,math500/103,0,3966,663
distilled/acc85/semi70,math500/104,0,3993,371
distilled/acc85/semi70,math500/105,1,317,54
distilled/acc85/semi70,math500/106,1,376,88
distilled/acc85/semi70,math500/107,1,333,84
distilled/acc85/semi70,math500/108,0,3987,638
distilled/acc85/semi70,math500/109,0,1297,168
distilled/acc85/semi70,math500/110,0,3955,476
distilled/acc85/semi70,math500/111,1,244,40
distilled/acc85/semi70,math500/112,1,698,84
distilled/acc85/semi70,math500/113,1,281,35
distilled/acc85/semi70,math500/114,1,491,72
distilled/acc85/semi70,math500/115,1,284,65
distilled/acc85/semi70,math500/116,1,213,30
distilled/acc85/semi70,math500/117,1,186,31
distilled/acc85/semi70,math500/118,1,772,173
distilled/acc85/semi70,math500/119,1,899,301
distilled/acc85/semi70,math500/120,1,651,180
distilled/acc85/semi70,math500/121,1,201,32
distilled/acc85/semi70,math500/122,1,244,56
distilled/acc85/semi70,math500/123,1,1696,297
distilled/acc85/semi70,math500/124,1,297,58
distilled/acc85/semi70,math500/125,1,270,26
distilled/acc85/semi70,math500/126,0,1996,415
distilled/acc85/semi70,math500/127,0,185,36
distilled/acc85/semi70,math500/128,0,247,79
distilled/acc85/semi70,math500/129,0,1872,373
distilled/acc85/semi70,math500/130,0,500,146
distilled/acc85/semi70,math500/131,1,541,125
distilled/acc85/semi70,math500/132,1,322,62
distilled/acc85/semi70,math500/133,1,277,70
distilled/acc85/semi70,math500/134,1,649,149
distilled/acc85/semi70,math500/135,0,358,64
distilled/acc85/semi70,math500/136,0,2877,635
distilled/acc85/semi70,math500/137,0,339,46
distilled/acc85/semi70,math500/138,0,3992,484
distilled/acc85/semi70,math500/139,1,481,134
distilled/acc85/semi70,math500/140,1,403,85
distilled/acc85/semi70,math500/141,1,255,120
distilled/acc85/semi70,math500/142,1,399,127
distilled/acc85/semi70,math500/143,1,671,69
distilled/acc85/semi70,math500/144,1,217,25
distilled/acc85/semi70,math500/145,0,1950,413
distilled/acc85/semi70,math500/146,1,235,30
distilled/acc85/semi70,math500/147,0,1026,217
distilled/acc85/semi70,math500/148,1,175,18
distilled/acc85/semi70,math500/149,1,845,202
distilled/acc85/semi70,math500/150,0,1314,307
distilled/acc85/semi70,math500/151,1,2644,451
distilled/acc85/semi70,math500/152,1,1259,192
distilled/acc85/semi70,math500/153,1,459,116
distilled/acc85/semi70,math500/154,0,822,302
distilled/acc85/semi70,math500/155,1,464,102
distilled/acc85/semi70,math500/156,0,2143,575
distilled/acc85/semi70,math500/157,1,369,60
distilled/acc85/semi70,math500/158,1,379,62
distilled/acc85/semi70,math500/159,1,288,44
distilled/acc85/semi70,math500/160,1,367,57
distilled/acc85/semi70,math500/161,1,105,16
distilled/acc85/semi70,math500/162,1,344,66
distilled/acc85/semi70,math500/163,1,1890,361
distilled/acc85/semi70,math500/164,1,548,107
distilled/acc85/semi70,math500/165,1,226,38
distilled/acc85/semi70,math500/166,0,3869,762
distilled/acc85/semi70,math500/167,1,148,28
distilled/acc85/semi70,math500/168,0,3406,337
distilled/acc85/semi70,math500/169,1,257,38
distilled/acc85/semi70,math500/170,0,2020,309
distilled/acc85/semi70,math500/171,1,223,37
distilled/acc85/semi70,math500/172,0,363,62
distilled/acc85/semi70,math500/173,0,4018,302
distilled/acc85/semi70,math500/174,1,306,81
distilled/acc85/semi70,math500/175,1,681,96
distilled/acc85/semi70,math500/176,0,198,37
distilled/acc85/semi70,math500/177,1,1400,305
distilled/acc85/semi70,math500/178,1,127,15
distilled/acc85/semi70,math500/179,0,823,123
distilled/acc85/semi70,math500/180,1,292,89
distilled/acc85/semi70,math500/181,1,309,46
distilled/acc85/semi70,math500/182,1,152,30
distilled/acc85/semi70,math500/183,1,983,144
distilled/acc85/semi70,math500/184,0,929,195
distilled/acc85/semi70,math500/185,1,153,19
distilled/acc85/semi70,math500/186,1,384,116
distilled/acc85/semi70,math500/187,1,280,40
distilled/acc85/semi70,math500/188,0,2089,472
distilled/acc85/semi70,math500/189,0,3613,722
distilled/acc85/semi70,math500/190,1,430,109
distilled/acc85/semi70,math500/191,1,162,23
distilled/acc85/semi70,math500/192,1,629,102
distilled/acc85/semi70,math500/193,1,487,104
distilled/acc85/semi70,math500/194,1,1310,269
distilled/acc85/semi70,math500/195,1,356,47
distilled/acc85/semi70,math500/196,1,214,30
distilled/acc85/semi70,math500/197,1,792,132
distilled/acc85/semi70,math500/198,0,248,64
distilled/acc85/semi70,math500/199,1,197,25
distilled/acc85/semi70,math500/200,1,263,34
distilled/acc85/semi70,math500/201,1,494,106
distilled/acc85/semi70,math500/202,0,3995,458
distilled/acc85/semi70,math500/203,1,435,62
distilled/acc85/semi70,math500/204,0,3986,413
distilled/acc85/semi70,math500/205,0,763,58
distilled/acc85/semi70,math500/206,0,341,56
distilled/acc85/semi70,math500/207,1,162,41
distilled/acc85/semi70,math500/208,1,259,65
distilled/acc85/semi70,math500/209,0,343,107
distilled/acc85/semi70,math500/210,0,432,123
distilled/acc85/semi70,math500/211,1,187,24
distilled/acc85/semi70,math500/212,1,270,55
distilled/acc85/semi70,math500/213,0,1100,176
distilled/acc85/semi70,math500/214,0,560,125
distilled/acc85/semi70,math500/215,0,492,91
distilled/acc85/semi70,math500/216,0,356,70
distilled/acc85/semi70,math500/217,0,4054,315
distilled/acc85/semi70,math500/218,1,183,21
distilled/acc85/semi70,math500/219,0,3373,462
distilled/acc85/semi70,math500/220,1,190,54
distilled/acc85/semi70,math500/221,1,384,87
distilled/acc85/semi70,math500/222,0,448,183
distilled/acc85/semi70,math500/223,0,329,80
distilled/acc85/semi70,math500/224,0,857,135
distilled/acc85/semi70,math500/225,0,159,45
distilled/acc85/semi70,math500/226,1,321,119
distilled/acc85/semi70,math500/227,0,225,94
distilled/acc85/semi70,math500/228,0,2944,499
distilled/acc85/semi70,math500/229,1,172,56
distilled/acc85/semi70,math500/230,1,1007,207
distilled/acc85/semi70,math500/231,1,654,96
distilled/acc85/semi70,math500/232,1,430,115
distilled/acc85/semi70,math500/233,1,451,73
distilled/acc85/semi70,math500/234,1,516,115
distilled/acc85/semi70,math500/235,0,430,47
distilled/acc85/semi70,math500/236,1,648,105
distilled/acc85/semi70,math500/237,1,648,118
distilled/acc85/semi70,math500/238,1,486,91
distilled/acc85/semi70,math500/239,0,3966,405
distilled/acc85/semi70,math500/240,0,3847,409
distilled/acc85/semi70,math500/241,0,920,215
distilled/acc85/semi70,math500/242,1,336,94
distilled/acc85/semi70,math500/243,1,231,70
distilled/acc85/semi70,math500/244,0,4041,296
distilled/acc85/semi70,math500/245,0,943,178
distilled/acc85/semi70,math500/246,0,224,81
distilled/acc85/semi70,math500/247,1,484,72
distilled/acc85/semi70,math500/248,0,1901,314
distilled/acc85/semi70,math500/249,1,606,142
distilled/acc85/semi70,math500/250,1,409,55
distilled/acc85/semi70,math500/251,0,742,190
distilled/acc85/semi70,math500/252,0,583,82
distilled/acc85/semi70,math500/253,1,171,35
distilled/acc85/semi70,math500/254,1,308,101
distilled/acc85/semi70,math500/255,0,293,73
distilled/acc85/semi70,math500/256,0,241,37
distilled/acc85/semi70,math500/257,1,248,50
distilled/acc85/semi70,math500/258,1,335,71
distilled/acc85/semi70,math500/259,1,178,33
distilled/acc85/semi70,math500/260,0,611,95
distilled/acc85/semi70,math500/261,1,322,72
distilled/acc85/semi70,math500/262,1,132,17
distilled/acc85/semi70,math500/263,1,300,63
distilled/acc85/semi70,math500/264,0,3828,405
distilled/acc85/semi70,math500/265,1,221,30
distilled/acc85/semi70,math500/266,1,227,61
distilled/acc85/semi70,math500/267,0,3894,578
distilled/acc85/semi70,math500/268,1,173,29
distilled/acc85/semi70,math500/269,1,163,47
distilled/acc85/semi70,math500/270,1,302,45
distilled/acc85/semi70,math500/271,0,711,151
distilled/acc85/semi70,math500/272,0,516,126
distilled/acc85/semi70,math500/273,0,258,74
distilled/acc85/semi70,math500/274,0,657,297
distilled/acc85/semi70,math500/275,1,178,10
distilled/acc85/semi70,math500/276,0,489,159
distilled/acc85/semi70,math500/277,1,152,62
distilled/acc85/semi70,math500/278,0,258,62
distilled/acc85/semi70,math500/279,0,434,111
distilled/acc85/semi70,math500/280,1,647,200
distilled/acc85/semi70,math500/281,0,608,229
distilled/acc85/semi70,math500/282,0,482,72
distilled/acc85/semi70,math500/283,1,267,28
distilled/acc85/semi70,math500/284,0,1093,226
distilled/acc85/semi70,math500/285,0,3916,356
distilled/acc85/semi70,math500/286,0,1926,403
distilled/acc85/semi70,math500/287,0,511,153
distilled/acc85/semi70,math500/288,0,1162,164
distilled/acc85/semi70,math500/289,1,651,114
distilled/acc85/semi70,math500/290,0,702,98
distilled/acc85/semi70,math500/291,0,343,101
distilled/acc85/semi70,math500/292,0,3948,308
distilled/acc85/semi70,math500/293,1,365,57
distilled/acc85/semi70,math500/294,0,666,166
distilled/acc85/semi70,math500/295,0,3973,547
distilled/acc85/semi70,math500/296,0,1200,257
distilled/acc85/semi70,math500/297,1,526,129
distilled/acc85/semi70,math500/298,0,869,72
distilled/acc85/semi70,math500/299,1,428,123
distilled/acc85/semi70,math500/300,1,239,86
distilled/acc85/semi70,math500/301,0,351,86
distilled/acc85/semi70,math500/302,1,403,126
distilled/acc85/semi70,math500/303,0,3995,703
distilled/acc85/semi70,math500/304,1,645,113
distilled/acc85/semi70,math500/305,1,464,59
distilled/acc85/semi70,math500/306,0,4023,393
distilled/acc85/semi70,math500/307,1,515,116
distilled/acc85/semi70,math500/308,0,2452,645
distilled/acc85/semi70,math500/309,0,691,158
distilled/acc85/semi70,math500/310,1,277,38
distilled/acc85/semi70,math500/311,0,491,78
distilled/acc85/semi70,math500/312,1,165,57
distilled/acc85/semi70,math500/313,1,253,57
distilled/acc85/semi70,math500/314,1,294,46
distilled/acc85/semi70,math500/315,0,4033,384
distilled/acc85/semi70,math500/316,1,551,110
distilled/acc85/semi70,math500/317,0,682,174
distilled/acc85/semi70,math500/318,0,314,42
distilled/acc85/semi70,math500/319,1,226,38
distilled/acc85/semi70,math500/320,1,727,202
distilled/acc85/semi70,math500/321,1,294,60
distilled/acc85/semi70,math500/322,1,207,24
distilled/acc85/semi70,math500/323,1,524,219
distilled/acc85/semi70,math500/324,0,800,221
distilled/acc85/semi70,math500/325,1,390,51
distilled/acc85/semi70,math500/326,0,538,75
distilled/acc85/semi70,math500/327,0,1941,345
distilled/acc85/semi70,math500/328,1,1489,306
distilled/acc85/semi70,math500/329,1,162,23
distilled/acc85/semi70,math500/330,0,298,85
distilled/acc85/semi70,math500/331,1,657,83
distilled/acc85/semi70,math500/332,0,4026,349
distilled/acc85/semi70,math500/333,0,4007,211
distilled/acc85/semi70,math500/334,1,1495,229
distilled/acc85/semi70,math500/335,0,599,142
distilled/acc85/semi70,math500/336,1,201,22
distilled/acc85/semi70,math500/337,1,339,81
distilled/acc85/semi70,math500/338,0,183,34
distilled/acc85/semi70,math500/339,1,663,127
distilled/acc85/semi70,math500/340,0,1340,207
distilled/acc85/semi70,math500/341,1,301,49
distilled/acc85/semi70,math500/342,1,220,37
distilled/acc85/semi70,math500/343,1,281,97
distilled/acc85/semi70,math500/344,0,312,58
distilled/acc85/semi70,math500/345,1,179,19
distilled/acc85/semi70,math500/346,1,393,47
distilled/acc85/semi70,math500/347,1,258,36
distilled/acc85/semi70,math500/348,1,245,46
distilled/acc85/semi70,math500/349,0,2182,744
distilled/acc85/semi70,math500/350,1,320,70
distilled/acc85/semi70,math500/351,0,490,57
distilled/acc85/semi70,math500/352,0,3345,621
distilled/acc85/semi70,math500/353,1,364,133
distilled/acc85/semi70,math500/354,1,428,111
distilled/acc85/semi70,math500/355,0,1508,275
distilled/acc85/semi70,math500/356,0,588,128
distilled/acc85/semi70,math500/357,1,638,177
distilled/acc85/semi70,math500/358,0,258,85
distilled/acc85/semi70,math500/359,0,3976,268
distilled/acc85/semi70,math500/360,1,407,84
distilled/acc85/semi70,math500/361,0,4021,560
distilled/acc85/semi70,math500/362,1,238,58
distilled/acc85/semi70,math500/363,1,157,27
distilled/acc85/semi70,math500/364,1,695,148
distilled/acc85/semi70,math500/365,0,1530,367
distilled/acc85/semi70,math500/366,0,340,43
distilled/acc85/semi70,math500/367,1,193,28
distilled/acc85/semi70,math500/368,1,338,85
distilled/acc85/semi70,math500/369,1,270,72
distilled/acc85/semi70,math500/370,1,189,25
distilled/acc85/semi70,math500/371,0,1849,383
distilled/acc85/semi70,math500/372,0,620,215
distilled/acc85/semi70,math500/373,1,382,55
distilled/acc85/semi70,math500/374,1,135,12
distilled/acc85/semi70,math500/375,1,456,86
distilled/acc85/semi70,math500/376,0,772,121
distilled/acc85/semi70,math500/377,1,778,217
distilled/acc85/semi70,math500/378,1,461,93
distilled/acc85/semi70,math500/379,1,687,105
distilled/acc85/semi70,math500/380,0,1022,206
distilled/acc85/semi70,math500/381,0,4026,409
distilled/acc85/semi70,math500/382,0,853,213
distilled/acc85/semi70,math500/383,0,476,69
distilled/acc85/semi70,math500/384,1,122,16
distilled/acc85/semi70,math500/385,1,333,61
distilled/acc85/semi70,math500/386,1,298,73
distilled/acc85/semi70,math500/387,1,165,25
distilled/acc85/semi70,math500/388,1,425,66
distilled/acc85/semi70,math500/389,0,391,140
distilled/acc85/semi70,math500/390,1,740,119
distilled/acc85/semi70,math500/391,0,929,159
distilled/acc85/semi70,math500/392,0,3795,848
distilled/acc85/semi70,math500/393,1,245,58
distilled/acc85/semi70,math500/394,0,1644,443
distilled/acc85/semi70,math500/395,1,273,32
distilled/acc85/semi70,math500/396,1,421,146
distilled/acc85/semi70,math500/397,1,196,20
distilled/acc85/semi70,math500/398,0,392,74
distilled/acc85/semi70,math500/399,1,85,21
distilled/acc85/semi70,math500/400,0,3177,785
distilled/acc85/semi70,math500/401,0,2704,494
distilled/acc85/semi70,math500/402,0,352,97
distilled/acc85/semi70,math500/403,1,393,70
distilled/acc85/semi70,math500/404,1,248,53
distilled/acc85/semi70,math500/405,1,229,68
distilled/acc85/semi70,math500/406,1,105,31
distilled/acc85/semi70,math500/407,1,189,24
distilled/acc85/semi70,math500/408,0,963,148
distilled/acc85/semi70,math500/409,0,820,211
distilled/acc85/semi70,math500/410,1,471,128
distilled/acc85/semi70,math500/411,1,139,50
distilled/acc85/semi70,math500/412,0,3999,346
distilled/acc85/semi70,math500/413,1,190,36
distilled/acc85/semi70,math500/414,1,309,53
distilled/acc85/semi70,math500/415,0,687,98
distilled/acc85/semi70,math500/416,1,629,70
distilled/acc85/semi70,math500/417,1,262,56
distilled/acc85/semi70,math500/418,1,343,55
distilled/acc85/semi70,math500/419,0,3987,628
distilled/acc85/semi70,math500/420,0,471,57
distilled/acc85/semi70,math500/421,0,1383,243
distilled/acc85/semi70,math500/422,0,3963,439
distilled/acc85/semi70,math500/423,0,1107,186
distilled/acc85/semi70,math500/424,1,305,41
distilled/acc85/semi70,math500/425,0,1053,231
distilled/acc85/semi70,math500/426,1,436,76
distilled/acc85/semi70,math500/427,0,200,35
distilled/acc85/semi70,math500/428,1,660,68
distilled/acc85/semi70,math500/429,0,4035,318
distilled/acc85/semi70,math500/430,1,55,14
distilled/acc85/semi70,math500/431,0,1033,164
distilled/acc85/semi70,math500/432,0,3995,750
distilled/acc85/semi70,math500/433,0,68,15
distilled/acc85/semi70,math500/434,1,756,205
distilled/acc85/semi70,math500/435,0,383,83
distilled/acc85/semi70,math500/436,0,4031,450
distilled/acc85/semi70,math500/437,1,652,176
distilled/acc85/semi70,math500/438,1,206,70
distilled/acc85/semi70,math500/439,1,346,70
distilled/acc85/semi70,math500/440,0,298,33
distilled/acc85/semi70,math500/441,1,257,43
distilled/acc85/semi70,math500/442,1,256,24
distilled/acc85/semi70,math500/443,1,159,32
distilled/acc85/semi70,math500/444,0,724,255
distilled/acc85/semi70,math500/445,1,1868,339
distilled/acc85/semi70,math500/446,0,4010,234
distilled/acc85/semi70,math500/447,1,340,90
distilled/acc85/semi70,math500/448,0,612,102
distilled/acc85/semi70,math500/449,1,179,23
distilled/acc85/semi70,math500/450,1,686,141
distilled/acc85/semi70,math500/451,0,260,52
distilled/acc85/semi70,math500/452,0,481,79
distilled/acc85/semi70,math500/453,1,316,74
distilled/acc85/semi70,math500/454,0,1878,264
distilled/acc85/semi70,math500/455,1,171,27
distilled/acc85/semi70,math500/456,0,4029,276
distilled/acc85/semi70,math500/457,1,64,24
distilled/acc85/semi70,math500/458,0,3964,289
distilled/acc85/semi70,math500/459,1,752,121
distilled/acc85/semi70,math500/460,0,414,131
distilled/acc85/semi70,math500/461,1,492,44
distilled/acc85/semi70,math500/462,1,317,89
distilled/acc85/semi70,math500/463,1,146,34
distilled/acc85/semi70,math500/464,1,515,113
distilled/acc85/semi70,math500/465,0,537,133
distilled/acc85/semi70,math500/466,0,1171,251
distilled/acc85/semi70,math500/467,1,291,82
distilled/acc85/semi70,math500/468,1,186,48
distilled/acc85/semi70,math500/469,1,184,23
distilled/acc85/semi70,math500/470,0,1449,255
distilled/acc85/semi70,math500/471,1,191,28
distilled/acc85/semi70,math500/472,1,203,31
distilled/acc85/semi70,math500/473,0,3841,628
distilled/acc85/semi70,math500/474,1,512,57
distilled/acc85/semi70,math500/475,0,3913,691
distilled/acc85/semi70,math500/476,1,281,62
distilled/acc85/semi70,math500/477,1,1163,248
distilled/acc85/semi70,math500/478,0,3998,388
distilled/acc85/semi70,math500/479,1,350,98
distilled/acc85/semi70,math500/480,0,951,221
distilled/acc85/semi70,math500/481,0,2071,249
distilled/acc85/semi70,math500/482,0,812,238
distilled/acc85/semi70,math500/483,1,1676,317
distilled/acc85/semi70,math500/484,0,856,110
distilled/acc85/semi70,math500/485,1,1360,246
distilled/acc85/semi70,math500/486,0,398,124
distilled/acc85/semi70,math500/487,1,217,29
distilled/acc85/semi70,math500/488,1,136,31
distilled/acc85/semi70,math500/489,1,618,152
distilled/acc85/semi70,math500/490,0,3980,487
distilled/acc85/semi70,math500/491,0,323,110
distilled/acc85/semi70,math500/492,1,442,56
distilled/acc85/semi70,math500/493,0,615,71
distilled/acc85/semi70,math500/494,0,4000,424
distilled/acc85/semi70,math500/495,1,499,126
distilled/acc85/semi70,math500/496,1,392,43
distilled/acc85/semi70,math500/497,0,2505,507
distilled/acc85/semi70,math500/498,0,1543,226
distilled/acc85/semi70,math500/499,0,381,98
distilled/acc85/semi90,gsm8k/0,1,130,43
distilled/acc85/semi90,gsm8k/1,0,257,79
distilled/acc85/semi90,gsm8k/2,1,195,29
distilled/acc85/semi90,gsm8k/3,1,199,26
distilled/acc85/semi90,gsm8k/4,1,268,100
distilled/acc85/semi90,gsm8k/5,1,146,24
distilled/acc85/semi90,gsm8k/6,1,167,31
distilled/acc85/semi90,gsm8k/7,1,195,43
distilled/acc85/semi90,gsm8k/8,1,302,76
distilled/acc85/semi90,gsm8k/9,1,249,76
distilled/acc85/semi90,gsm8k/10,1,226,97
distilled/acc85/semi90,gsm8k/11,1,427,103
distilled/acc85/semi90,gsm8k/12,1,114,25
distilled/acc85/semi90,gsm8k/13,1,238,49
distilled/acc85/semi90,gsm8k/14,1,269,83
distilled/acc85/semi90,gsm8k/15,1,207,54
distilled/acc85/semi90,gsm8k/16,1,171,23
distilled/acc85/semi90,gsm8k/17,1,196,52
distilled/acc85/semi90,gsm8k/18,1,191,58
distilled/acc85/semi90,gsm8k/19,1,212,37
distilled/acc85/semi90,gsm8k/20,1,191,40
distilled/acc85/semi90,gsm8k/21,1,203,71
distilled/acc85/semi90,gsm8k/22,1,201,44
distilled/acc85/semi90,gsm8k/23,1,317,82
distilled/acc85/semi90,gsm8k/24,1,190,40
distilled/acc85/semi90,gsm8k/25,1,264,58
distilled/acc85/semi90,gsm8k/26,1,222,77
distilled/acc85/semi90,gsm8k/27,1,100,25
distilled/acc85/semi90,gsm8k/28,1,150,38
distilled/acc85/semi90,gsm8k/29,1,183,45
distilled/acc85/semi90,gsm8k/30,1,178,40
distilled/acc85/semi90,gsm8k/31,0,252,97
distilled/acc85/semi90,gsm8k/32,1,99,36
distilled/acc85/semi90,gsm8k/33,1,429,104
distilled/acc85/semi90,gsm8k/34,1,334,76
distilled/acc85/semi90,gsm8k/35,1,163,34
distilled/acc85/semi90,gsm8k/36,1,197,45
distilled/acc85/semi90,gsm8k/37,1,204,69
distilled/acc85/semi90,gsm8k/38,1,316,105
distilled/acc85/semi90,gsm8k/39,1,286,62
distilled/acc85/semi90,gsm8k/40,1,195,40
distilled/acc85/semi90,gsm8k/41,1,307,40
distilled/acc85/semi90,gsm8k/42,1,238,37
distilled/acc85/semi90,gsm8k/43,0,142,65
distilled/acc85/semi90,gsm8k/44,1,297,66
distilled/acc85/semi90,gsm8k/45,1,249,62
distilled/acc85/semi90,gsm8k/46,1,280,70
distilled/acc85/semi90,gsm8k/47,1,133,22
distilled/acc85/semi90,gsm8k/48,1,241,58
distilled/acc85/semi90,gsm8k/49,0,326,56
distilled/acc85/semi90,gsm8k/50,0,420,149
distilled/acc85/semi90,gsm8k/51,1,122,40
distilled/acc85/semi90,gsm8k/52,1,162,25
distilled/acc85/semi90,gsm8k/53,1,110,29
distilled/acc85/semi90,gsm8k/54,1,283,57
distilled/acc85/semi90,gsm8k/55,1,176,37
distilled/acc85/semi90,gsm8k/56,0,315,42
distilled/acc85/semi90,gsm8k/57,1,130,19
distilled/acc85/semi90,gsm8k/58,1,164,29
distilled/acc85/semi90,gsm8k/59,1,162,60
distilled/acc85/semi90,gsm8k/60,1,156,29
distilled/acc85/semi90,gsm8k/61,1,187,22
distilled/acc85/semi90,gsm8k/62,1,225,55
distilled/acc85/semi90,gsm8k/63,1,151,58
distilled/acc85/semi90,gsm8k/64,1,418,130
distilled/acc85/semi90,gsm8k/65,1,176,48
distilled/acc85/semi90,gsm8k/66,1,244,57
distilled/acc85/semi90,gsm8k/67,1,265,58
distilled/acc85/semi90,gsm8k/68,0,437,174
distilled/acc85/semi90,gsm8k/69,1,104,26
distilled/acc85/semi90,gsm8k/70,1,323,76
distilled/acc85/semi90,gsm8k/71,1,212,32
distilled/acc85/semi90,gsm8k/72,1,198,55
distilled/acc85/semi90,gsm8k/73,1,199,51
distilled/acc85/semi90,gsm8k/74,1,139,43
distilled/acc85/semi90,gsm8k/75,1,238,58
distilled/acc85/semi90,gsm8k/76,1,233,67
distilled/acc85/semi90,gsm8k/77,0,297,110
distilled/acc85/semi90,gsm8k/78,1,226,45
distilled/acc85/semi90,gsm8k/79,0,287,43
distilled/acc85/semi90,gsm8k/80,1,208,78
distilled/acc85/semi90,gsm8k/81,1,280,71
distilled/acc85/semi90,gsm8k/82,1,182,48
distilled/acc85/semi90,gsm8k/83,1,294,83
distilled/acc85/semi90,gsm8k/84,1,156,48
distilled/acc85/semi90,gsm8k/85,1,123,28
distilled/acc85/semi90,gsm8k/86,0,291,75
distilled/acc85/semi90,gsm8k/87,1,195,52
distilled/acc85/semi90,gsm8k/88,1,177,32
distilled/acc85/semi90,gsm8k/89,1,183,28
distilled/acc85/semi90,gsm8k/90,1,226,20
distilled/acc85/semi90,gsm8k/91,1,403,78
distilled/acc85/semi90,gsm8k/92,1,201,54
distilled/acc85/semi90,gsm8k/93,1,116,22
distilled/acc85/semi90,gsm8k/94,0,224,74
distilled/acc85/semi90,gsm8k/95,0,183,37
distilled/acc85/semi90,gsm8k/96,0,242,103
distilled/acc85/semi90,gsm8k/97,1,221,84
distilled/acc85/semi90,gsm8k/98,1,145,29
distilled/acc85/semi90,gsm8k/99,1,230,41
distilled/acc85/semi90,gsm8k/100,1,275,78
distilled/acc85/semi90,gsm8k/101,1,276,76
distilled/acc85/semi90,gsm8k/102,0,232,63
distilled/acc85/semi90,gsm8k/103,1,188,28
distilled/acc85/semi90,gsm8k/104,1,142,66
distilled/acc85/semi90,gsm8k/105,1,236,51
distilled/acc85/semi90,gsm8k/106,1,401,148
distilled/acc85/semi90,gsm8k/107,1,244,43
distilled/acc85/semi90,gsm8k/108,1,227,48
distilled/acc85/semi90,gsm8k/109,0,309,60
distilled/acc85/semi90,gsm8k/110,1,147,33
distilled/acc85/semi90,gsm8k/111,1,146,28
distilled/acc85/semi90,gsm8k/112,1,155,39
distilled/acc85/semi90,gsm8k/113,1,179,40
distilled/acc85/semi90,gsm8k/114,1,192,64
distilled/acc85/semi90,gsm8k/115,1,130,24
distilled/acc85/semi90,gsm8k/116,1,272,70
distilled/acc85/semi90,gsm8k/117,1,325,90
distilled/acc85/semi90,gsm8k/118,1,230,60
distilled/acc85/semi90,gsm8k/119,1,200,55
distilled/acc85/semi90,gsm8k/120,1,108,27
distilled/acc85/semi90,gsm8k/121,1,353,100
distilled/acc85/semi90,gsm8k/122,0,114,23
distilled/acc85/semi90,gsm8k/123,1,434,107
distilled/acc85/semi90,gsm8k/124,1,174,33
distilled/acc85/semi90,gsm8k/125,1,148,27
distilled/acc85/semi90,gsm8k/126,1,273,90
distilled/acc85/semi90,gsm8k/127,1,166,40
distilled/acc85/semi90,gsm8k/128,1,433,79
distilled/acc85/semi90,gsm8k/129,1,231,73
distilled/acc85/semi90,gsm8k/130,1,195,45
distilled/acc85/semi90,gsm8k/131,0,381,98
distilled/acc85/semi90,gsm8k/132,1,193,33
distilled/acc85/semi90,gsm8k/133,1,297,71
distilled/acc85/semi90,gsm8k/134,1,154,52
distilled/acc85/semi90,gsm8k/135,1,381,73
distilled/acc85/semi90,gsm8k/136,1,497,110
distilled/acc85/semi90,gsm8k/137,0,252,45
distilled/acc85/semi90,gsm8k/138,1,255,93
distilled/acc85/semi90,gsm8k/139,1,200,47
distilled/acc85/semi90,gsm8k/140,1,267,61
distilled/acc85/semi90,gsm8k/141,1,261,83
distilled/acc85/semi90,gsm8k/142,1,168,53
distilled/acc85/semi90,gsm8k/143,1,245,49
distilled/acc85/semi90,gsm8k/144,0,481,101
distilled/acc85/semi90,gsm8k/145,1,199,57
distilled/acc85/semi90,gsm8k/146,1,290,57
distilled/acc85/semi90,gsm8k/147,1,164,44
distilled/acc85/semi90,gsm8k/148,1,321,72
distilled/acc85/semi90,gsm8k/149,1,186,56
distilled/acc85/semi90,gsm8k/150,1,284,45
distilled/acc85/semi90,gsm8k/151,0,351,110
distilled/acc85/semi90,gsm8k/152,1,339,76
distilled/acc85/semi90,gsm8k/153,1,218,56
distilled/acc85/semi90,gsm8k/154,1,146,24
distilled/acc85/semi90,gsm8k/155,0,141,36
distilled/acc85/semi90,gsm8k/156,1,198,30
distilled/acc85/semi90,gsm8k/157,1,236,56
distilled/acc85/semi90,gsm8k/158,1,225,44
distilled/acc85/semi90,gsm8k/159,1,319,51
distilled/acc85/semi90,gsm8k/160,1,158,22
distilled/acc85/semi90,gsm8k/161,1,220,50
distilled/acc85/semi90,gsm8k/162,1,210,64
distilled/acc85/semi90,gsm8k/163,1,216,77
distilled/acc85/semi90,gsm8k/164,1,267,52
distilled/acc85/semi90,gsm8k/165,1,261,75
distilled/acc85/semi90,gsm8k/166,1,157,32
distilled/acc85/semi90,gsm8k/167,1,166,36
distilled/acc85/semi90,gsm8k/168,0,649,305
distilled/acc85/semi90,gsm8k/169,1,197,30
distilled/acc85/semi90,gsm8k/170,0,451,120
distilled/acc85/semi90,gsm8k/171,0,4004,311
distilled/acc85/semi90,gsm8k/172,1,222,60
distilled/acc85/semi90,gsm8k/173,1,195,39
distilled/acc85/semi90,gsm8k/174,1,186,61
distilled/acc85/semi90,gsm8k/175,1,250,57
distilled/acc85/semi90,gsm8k/176,1,289,41
distilled/acc85/semi90,gsm8k/177,1,169,42
distilled/acc85/semi90,gsm8k/178,1,181,59
distilled/acc85/semi90,gsm8k/179,1,264,56
distilled/acc85/semi90,gsm8k/180,1,135,22
distilled/acc85/semi90,gsm8k/181,1,218,66
distilled/acc85/semi90,gsm8k/182,0,224,69
distilled/acc85/semi90,gsm8k/183,1,253,61
distilled/acc85/semi90,gsm8k/184,1,328,75
distilled/acc85/semi90,gsm8k/185,1,153,41
distilled/acc85/semi90,gsm8k/186,1,227,78
distilled/acc85/semi90,gsm8k/187,1,210,42
distilled/acc85/semi90,gsm8k/188,1,242,52
distilled/acc85/semi90,gsm8k/189,1,306,70
distilled/acc85/semi90,gsm8k/190,1,302,52
distilled/acc85/semi90,gsm8k/191,1,257,81
distilled/acc85/semi90,gsm8k/192,1,206,36
distilled/acc85/semi90,gsm8k/193,1,142,33
distilled/acc85/semi90,gsm8k/194,1,123,26
distilled/acc85/semi90,gsm8k/195,1,310,80
distilled/acc85/semi90,gsm8k/196,1,217,47
distilled/acc85/semi90,gsm8k/197,1,420,63
distilled/acc85/semi90,gsm8k/198,1,285,74
distilled/acc85/semi90,gsm8k/199,1,99,23
distilled/acc85/semi90,gsm8k/200,1,228,36
distilled/acc85/semi90,gsm8k/201,1,181,34
distilled/acc85/semi90,gsm8k/202,1,118,23
distilled/acc85/semi90,gsm8k/203,1,243,50
distilled/acc85/semi90,gsm8k/204,1,255,72
distilled/acc85/semi90,gsm8k/205,1,349,98
distilled/acc85/semi90,gsm8k/206,0,214,50
distilled/acc85/semi90,gsm8k/207,1,217,45
distilled/acc85/semi90,gsm8k/208,1,154,19
distilled/acc85/semi90,gsm8k/209,1,253,48
distilled/acc85/semi90,gsm8k/210,1,317,110
distilled/acc85/semi90,gsm8k/211,1,197,46
distilled/acc85/semi90,gsm8k/212,1,187,38
distilled/acc85/semi90,gsm8k/213,1,245,54
distilled/acc85/semi90,gsm8k/214,1,106,25
distilled/acc85/semi90,gsm8k/215,1,346,78
distilled/acc85/semi90,gsm8k/216,1,220,34
distilled/acc85/semi90,gsm8k/217,1,196,53
distilled/acc85/semi90,gsm8k/218,1,337,109
distilled/acc85/semi90,gsm8k/219,1,253,50
distilled/acc85/semi90,gsm8k/220,1,139,27
distilled/acc85/semi90,gsm8k/221,1,184,29
distilled/acc85/semi90,gsm8k/222,1,185,26
distilled/acc85/semi90,gsm8k/223,1,226,74
distilled/acc85/semi90,gsm8k/224,1,178,50
distilled/acc85/semi90,gsm8k/225,1,497,205
distilled/acc85/semi90,gsm8k/226,1,97,18
distilled/acc85/semi90,gsm8k/227,1,284,53
distilled/acc85/semi90,gsm8k/228,0,255,69
distilled/acc85/semi90,gsm8k/229,1,310,91
distilled/acc85/semi90,gsm8k/230,0,536,189
distilled/acc85/semi90,gsm8k/231,1,213,33
distilled/acc85/semi90,gsm8k/232,1,198,60
distilled/acc85/semi90,gsm8k/233,0,225,48
distilled/acc85/semi90,gsm8k/234,1,222,45
distilled/acc85/semi90,gsm8k/235,0,206,59
distilled/acc85/semi90,gsm8k/236,0,199,37
distilled/acc85/semi90,gsm8k/237,1,230,55
distilled/acc85/semi90,gsm8k/238,1,272,80
distilled/acc85/semi90,gsm8k/239,1,162,41
distilled/acc85/semi90,gsm8k/240,1,145,40
distilled/acc85/semi90,gsm8k/241,1,121,31
distilled/acc85/semi90,gsm8k/242,1,274,92
distilled/acc85/semi90,gsm8k/243,1,295,80
distilled/acc85/semi90,gsm8k/244,1,119,46
distilled/acc85/semi90,gsm8k/245,1,160,28
distilled/acc85/semi90,gsm8k/246,1,166,37
distilled/acc85/semi90,gsm8k/247,1,211,44
distilled/acc85/semi90,gsm8k/248,0,189,45
distilled/acc85/semi90,gsm8k/249,1,162,34
distilled/acc85/semi90,gsm8k/250,1,149,46
distilled/acc85/semi90,gsm8k/251,1,262,55
distilled/acc85/semi90,gsm8k/252,1,180,62
distilled/acc85/semi90,gsm8k/253,1,176,37
distilled/acc85/semi90,gsm8k/254,1,172,34
distilled/acc85/semi90,gsm8k/255,1,355,84
distilled/acc85/semi90,gsm8k/256,1,310,52
distilled/acc85/semi90,gsm8k/257,0,310,72
distilled/acc85/semi90,gsm8k/258,1,167,50
distilled/acc85/semi90,gsm8k/259,0,616,215
distilled/acc85/semi90,gsm8k/260,1,167,34
distilled/acc85/semi90,gsm8k/261,1,355,108
distilled/acc85/semi90,gsm8k/262,1,254,45
distilled/acc85/semi90,gsm8k/263,1,235,53
distilled/acc85/semi90,gsm8k/264,0,253,49
distilled/acc85/semi90,gsm8k/265,0,253,75
distilled/acc85/semi90,gsm8k/266,0,261,65
distilled/acc85/semi90,gsm8k/267,1,162,49
distilled/acc85/semi90,gsm8k/268,1,192,23
distilled/acc85/semi90,gsm8k/269,1,155,22
distilled/acc85/semi90,gsm8k/270,0,437,131
distilled/acc85/semi90,gsm8k/271,0,328,90
distilled/acc85/semi90,gsm8k/272,0,142,12
distilled/acc85/semi90,gsm8k/273,1,234,65
distilled/acc85/semi90,gsm8k/274,1,332,50
distilled/acc85/semi90,gsm8k/275,1,259,56
distilled/acc85/semi90,gsm8k/276,0,374,156
distilled/acc85/semi90,gsm8k/277,1,179,47
distilled/acc85/semi90,gsm8k/278,1,153,24
distilled/acc85/semi90,gsm8k/279,1,162,27
distilled/acc85/semi90,gsm8k/280,1,275,79
distilled/acc85/semi90,gsm8k/281,1,228,56
distilled/acc85/semi90,gsm8k/282,1,229,44
distilled/acc85/semi90,gsm8k/283,1,234,88
distilled/acc85/semi90,gsm8k/284,1,177,36
distilled/acc85/semi90,gsm8k/285,1,232,39
distilled/acc85/semi90,gsm8k/286,1,159,42
distilled/acc85/semi90,gsm8k/287,1,404,119
distilled/acc85/semi90,gsm8k/288,1,378,116
distilled/acc85/semi90,gsm8k/289,1,227,82
distilled/acc85/semi90,gsm8k/290,1,132,31
distilled/acc85/semi90,gsm8k/291,1,243,39
distilled/acc85/semi90,gsm8k/292,1,137,26
distilled/acc85/semi90,gsm8k/293,0,349,98
distilled/acc85/semi90,gsm8k/294,1,357,69
distilled/acc85/semi90,gsm8k/295,1,161,28
distilled/acc85/semi90,gsm8k/296,0,371,98
distilled/acc85/semi90,gsm8k/297,0,254,56
distilled/acc85/semi90,gsm8k/298,1,250,53
distilled/acc85/semi90,gsm8k/299,0,331,68
distilled/acc85/semi90,gsm8k/300,0,281,72
distilled/acc85/semi90,gsm8k/301,1,108,24
distilled/acc85/semi90,gsm8k/302,1,179,24
distilled/acc85/semi90,gsm8k/303,0,209,48
distilled/acc85/semi90,gsm8k/304,1,130,28
distilled/acc85/semi90,gsm8k/305,1,151,31
distilled/acc85/semi90,gsm8k/306,1,143,27
distilled/acc85/semi90,gsm8k/307,1,236,59
distilled/acc85/semi90,gsm8k/308,1,215,57
distilled/acc85/semi90,gsm8k/309,1,191,38
distilled/acc85/semi90,gsm8k/310,1,280,70
distilled/acc85/semi90,gsm8k/311,1,169,45
distilled/acc85/semi90,gsm8k/312,1,208,42
distilled/acc85/semi90,gsm8k/313,1,257,47
distilled/acc85/semi90,gsm8k/314,1,268,52
distilled/acc85/semi90,gsm8k/315,1,277,68
distilled/acc85/semi90,gsm8k/316,1,197,65
distilled/acc85/semi90,gsm8k/317,1,174,59
distilled/acc85/semi90,gsm8k/318,0,236,24
distilled/acc85/semi90,gsm8k/319,1,119,35
distilled/acc85/semi90,gsm8k/320,0,333,133
distilled/acc85/semi90,gsm8k/321,1,212,36
distilled/acc85/semi90,gsm8k/322,1,327,72
distilled/acc85/semi90,gsm8k/323,1,216,44
distilled/acc85/semi90,gsm8k/324,1,325,63
distilled/acc85/semi90,gsm8k/325,1,217,31
distilled/acc85/semi90,gsm8k/326,1,245,59
distilled/acc85/semi90,gsm8k/327,1,268,46
distilled/acc85/semi90,gsm8k/328,1,150,12
distilled/acc85/semi90,gsm8k/329,1,166,46
distilled/acc85/semi90,gsm8k/330,1,166,39
distilled/acc85/semi90,gsm8k/331,1,148,42
distilled/acc85/semi90,gsm8k/332,1,215,55
distilled/acc85/semi90,gsm8k/333,1,161,30
distilled/acc85/semi90,gsm8k/334,1,360,134
distilled/acc85/semi90,gsm8k/335,1,151,37
distilled/acc85/semi90,gsm8k/336,1,280,69
distilled/acc85/semi90,gsm8k/337,0,315,84
distilled/acc85/semi90,gsm8k/338,1,241,49
distilled/acc85/semi90,gsm8k/339,1,565,184
distilled/acc85/semi90,gsm8k/340,1,172,49
distilled/acc85/semi90,gsm8k/341,1,127,33
distilled/acc85/semi90,gsm8k/342,1,210,49
distilled/acc85/semi90,gsm8k/343,1,193,61
distilled/acc85/semi90,gsm8k/344,1,94,22
distilled/acc85/semi90,gsm8k/345,1,278,60
distilled/acc85/semi90,gsm8k/346,1,420,121
distilled/acc85/semi90,gsm8k/347,1,123,42
distilled/acc85/semi90,gsm8k/348,0,356,58
distilled/acc85/semi90,gsm8k/349,1,189,36
distilled/acc85/semi90,gsm8k/350,1,296,60
distilled/acc85/semi90,gsm8k/351,1,484,87
distilled/acc85/semi90,gsm8k/352,1,104,21
distilled/acc85/semi90,gsm8k/353,1,177,55
distilled/acc85/semi90,gsm8k/354,1,187,37
distilled/acc85/semi90,gsm8k/355,1,236,61
distilled/acc85/semi90,gsm8k/356,1,273,81
distilled/acc85/semi90,gsm8k/357,1,381,102
distilled/acc85/semi90,gsm8k/358,1,214,34
distilled/acc85/semi90,gsm8k/359,0,267,56
distilled/acc85/semi90,gsm8k/360,1,424,117
distilled/acc85/semi90,gsm8k/361,1,228,75
distilled/acc85/semi90,gsm8k/362,1,147,21
distilled/acc85/semi90,gsm8k/363,1,158,42
distilled/acc85/semi90,gsm8k/364,1,102,42
distilled/acc85/semi90,gsm8k/365,1,212,62
distilled/acc85/semi90,gsm8k/366,0,219,41
distilled/acc85/semi90,gsm8k/367,1,198,36
distilled/acc85/semi90,gsm8k/368,1,251,92
distilled/acc85/semi90,gsm8k/369,1,214,70
distilled/acc85/semi90,gsm8k/370,0,235,67
distilled/acc85/semi90,gsm8k/371,1,218,29
distilled/acc85/semi90,gsm8k/372,1,274,80
distilled/acc85/semi90,gsm8k/373,1,142,19
distilled/acc85/semi90,gsm8k/374,1,336,79
distilled/acc85/semi90,gsm8k/375,1,382,133
distilled/acc85/semi90,gsm8k/376,1,155,21
distilled/acc85/semi90,gsm8k/377,0,170,34
distilled/acc85/semi90,gsm8k/378,1,357,73
distilled/acc85/semi90,gsm8k/379,1,204,47
distilled/acc85/semi90,gsm8k/380,1,283,79
distilled/acc85/semi90,gsm8k/381,1,153,26
distilled/acc85/semi90,gsm8k/382,0,391,115
distilled/acc85/semi90,gsm8k/383,1,119,29
distilled/acc85/semi90,gsm8k/384,1,143,23
distilled/acc85/semi90,gsm8k/385,1,200,27
distilled/acc85/semi90,gsm8k/386,1,275,56
distilled/acc85/semi90,gsm8k/387,1,240,59
distilled/acc85/semi90,gsm8k/388,1,257,61
distilled/acc85/semi90,gsm8k/389,1,384,164
distilled/acc85/semi90,gsm8k/390,1,235,94
distilled/acc85/semi90,gsm8k/391,1,284,59
distilled/acc85/semi90,gsm8k/392,1,282,91
distilled/acc85/semi90,gsm8k/393,0,148,34
distilled/acc85/semi90,gsm8k/394,1,170,26
distilled/acc85/semi90,gsm8k/395,1,114,17
distilled/acc85/semi90,gsm8k/396,1,224,53
distilled/acc85/semi90,gsm8k/397,0,126,29
distilled/acc85/semi90,gsm8k/398,1,162,28
distilled/acc85/semi90,gsm8k/399,0,308,107
distilled/acc85/semi90,gsm8k/400,1,144,23
distilled/acc85/semi90,gsm8k/401,1,270,47
distilled/acc85/semi90,gsm8k/402,1,347,116
distilled/acc85/semi90,gsm8k/403,0,308,58
distilled/acc85/semi90,gsm8k/404,1,179,36
distilled/acc85/semi90,gsm8k/405,0,431,153
distilled/acc85/semi90,gsm8k/406,0,221,85
distilled/acc85/semi90,gsm8k/407,1,319,82
distilled/acc85/semi90,gsm8k/408,1,98,31
distilled/acc85/semi90,gsm8k/409,1,288,54
distilled/acc85/semi90,gsm8k/410,1,307,56
distilled/acc85/semi90,gsm8k/411,1,223,48
distilled/acc85/semi90,gsm8k/412,1,342,110
distilled/acc85/semi90,gsm8k/413,1,196,44
distilled/acc85/semi90,gsm8k/414,0,156,41
distilled/acc85/semi90,gsm8k/415,1,306,44
distilled/acc85/semi90,gsm8k/416,1,155,25
distilled/acc85/semi90,gsm8k/417,1,269,43
distilled/acc85/semi90,gsm8k/418,1,135,36
distilled/acc85/semi90,gsm8k/419,0,259,59
distilled/acc85/semi90,gsm8k/420,1,251,46
distilled/acc85/semi90,gsm8k/421,1,153,22
distilled/acc85/semi90,gsm8k/422,1,150,36
distilled/acc85/semi90,gsm8k/423,1,150,25
distilled/acc85/semi90,gsm8k/424,1,143,44
distilled/acc85/semi90,gsm8k/425,1,203,57
distilled/acc85/semi90,gsm8k/426,0,196,39
distilled/acc85/semi90,gsm8k/427,1,344,81
distilled/acc85/semi90,gsm8k/428,1,213,56
distilled/acc85/semi90,gsm8k/429,0,454,152
distilled/acc85/semi90,gsm8k/430,1,128,24
distilled/acc85/semi90,gsm8k/431,1,489,182
distilled/acc85/semi90,gsm8k/432,1,148,25
distilled/acc85/semi90,gsm8k/433,0,401,104
distilled/acc85/semi90,gsm8k/434,1,347,72
distilled/acc85/semi90,gsm8k/435,1,211,33
distilled/acc85/semi90,gsm8k/436,1,279,67
distilled/acc85/semi90,gsm8k/437,1,457,109
distilled/acc85/semi90,gsm8k/438,0,156,31
distilled/acc85/semi90,gsm8k/439,1,310,56
distilled/acc85/semi90,gsm8k/440,0,107,34
distilled/acc85/semi90,gsm8k/441,0,321,92
distilled/acc85/semi90,gsm8k/442,0,147,32
distilled/acc85/semi90,gsm8k/443,1,317,70
distilled/acc85/semi90,gsm8k/444,1,109,21
distilled/acc85/semi90,gsm8k/445,1,258,81
distilled/acc85/semi90,gsm8k/446,1,337,115
distilled/acc85/semi90,gsm8k/447,1,176,50
distilled/acc85/semi90,gsm8k/448,1,188,26
distilled/acc85/semi90,gsm8k/449,1,263,55
distilled/acc85/semi90,gsm8k/450,1,202,26
distilled/acc85/semi90,gsm8k/451,1,241,57
distilled/acc85/semi90,gsm8k/452,0,218,70
distilled/acc85/semi90,gsm8k/453,1,256,82
distilled/acc85/semi90,gsm8k/454,1,294,115
distilled/acc85/semi90,gsm8k/455,1,173,36
distilled/acc85/semi90,gsm8k/456,1,145,14
distilled/acc85/semi90,gsm8k/457,1,204,41
distilled/acc85/semi90,gsm8k/458,1,289,111
distilled/acc85/semi90,gsm8k/459,1,304,76
distilled/acc85/semi90,gsm8k/460,1,187,25
distilled/acc85/semi90,gsm8k/461,1,298,86
distilled/acc85/semi90,gsm8k/462,1,255,37
distilled/acc85/semi90,gsm8k/463,1,308,85
distilled/acc85/semi90,gsm8k/464,1,314,79
distilled/acc85/semi90,gsm8k/465,1,300,105
distilled/acc85/semi90,gsm8k/466,1,332,72
distilled/acc85/semi90,gsm8k/467,1,170,28
distilled/acc85/semi90,gsm8k/468,1,167,42
distilled/acc85/semi90,gsm8k/469,1,217,44
distilled/acc85/semi90,gsm8k/470,1,195,37
distilled/acc85/semi90,gsm8k/471,0,271,71
distilled/acc85/semi90,gsm8k/472,1,377,91
distilled/acc85/semi90,gsm8k/473,0,233,31
distilled/acc85/semi90,gsm8k/474,1,193,40
distilled/acc85/semi90,gsm8k/475,1,336,182
distilled/acc85/semi90,gsm8k/476,0,217,70
distilled/acc85/semi90,gsm8k/477,1,172,55
distilled/acc85/semi90,gsm8k/478,0,214,20
distilled/acc85/semi90,gsm8k/479,0,419,78
distilled/acc85/semi90,gsm8k/480,1,245,55
distilled/acc85/semi90,gsm8k/481,1,369,149
distilled/acc85/semi90,gsm8k/482,1,219,40
distilled/acc85/semi90,gsm8k/483,1,493,192
distilled/acc85/semi90,gsm8k/484,1,401,97
distilled/acc85/semi90,gsm8k/485,1,130,21
distilled/acc85/semi90,gsm8k/486,0,518,148
distilled/acc85/semi90,gsm8k/487,1,143,38
distilled/acc85/semi90,gsm8k/488,1,258,46
distilled/acc85/semi90,gsm8k/489,1,307,61
distilled/acc85/semi90,gsm8k/490,1,517,203
distilled/acc85/semi90,gsm8k/491,1,375,107
distilled/acc85/semi90,gsm8k/492,1,300,88
distilled/acc85/semi90,gsm8k/493,1,172,39
distilled/acc85/semi90,gsm8k/494,1,150,40
distilled/acc85/semi90,gsm8k/495,1,221,62
distilled/acc85/semi90,gsm8k/496,0,289,88
distilled/acc85/semi90,gsm8k/497,1,171,30
distilled/acc85/semi90,gsm8k/498,1,129,33
distilled/acc85/semi90,gsm8k/499,1,274,72
distilled/acc85/semi90,gsm8k/500,1,109,19
distilled/acc85/semi90,gsm8k/501,1,172,37
distilled/acc85/semi90,gsm8k/502,1,341,79
distilled/acc85/semi90,gsm8k/503,1,189,32
distilled/acc85/semi90,gsm8k/504,1,249,110
distilled/acc85/semi90,gsm8k/505,1,251,43
distilled/acc85/semi90,gsm8k/506,1,91,41
distilled/acc85/semi90,gsm8k/507,1,245,59
distilled/acc85/semi90,gsm8k/508,1,163,16
distilled/acc85/semi90,gsm8k/509,1,354,72
distilled/acc85/semi90,gsm8k/510,1,205,27
distilled/acc85/semi90,gsm8k/511,1,160,69
distilled/acc85/semi90,math500/0,1,250,50
distilled/acc85/semi90,math500/1,1,704,113
distilled/acc85/semi90,math500/2,0,369,26
distilled/acc85/semi90,math500/3,1,299,52
distilled/acc85/semi90,math500/4,1,400,85
distilled/acc85/semi90,math500/5,1,208,58
distilled/acc85/semi90,math500/6,1,353,97
distilled/acc85/semi90,math500/7,1,664,119
distilled/acc85/semi90,math500/8,0,227,42
distilled/acc85/semi90,math500/9,0,2024,574
distilled/acc85/semi90,math500/10,0,4048,328
distilled/acc85/semi90,math500/11,0,4014,370
distilled/acc85/semi90,math500/12,0,441,85
distilled/acc85/semi90,math500/13,1,194,43
distilled/acc85/semi90,math500/14,1,424,147
distilled/acc85/semi90,math500/15,0,1522,286
distilled/acc85/semi90,math500/16,1,198,51
distilled/acc85/semi90,math500/17,1,458,167
distilled/acc85/semi90,math500/18,1,448,199
distilled/acc85/semi90,math500/19,1,1660,538
distilled/acc85/semi90,math500/20,0,138,22
distilled/acc85/semi90,math500/21,0,1223,214
distilled/acc85/semi90,math500/22,1,1200,285
distilled/acc85/semi90,math500/23,1,397,30
distilled/acc85/semi90,math500/24,1,736,188
distilled/acc85/semi90,math500/25,0,1343,224
distilled/acc85/semi90,math500/26,0,1146,419
distilled/acc85/semi90,math500/27,1,308,72
distilled/acc85/semi90,math500/28,1,134,37
distilled/acc85/semi90,math500/29,1,239,52
distilled/acc85/semi90,math500/30,1,241,57
distilled/acc85/semi90,math500/31,1,143,26
distilled/acc85/semi90,math500/32,1,302,129
distilled/acc85/semi90,math500/33,0,891,154
distilled/acc85/semi90,math500/34,1,595,69
distilled/acc85/semi90,math500/35,1,247,45
distilled/acc85/semi90,math500/36,1,472,54
distilled/acc85/semi90,math500/37,1,181,77
distilled/acc85/semi90,math500/38,1,166,37
distilled/acc85/semi90,math500/39,1,250,48
distilled/acc85/semi90,math500/40,1,206,42
distilled/acc85/semi90,math500/41,1,714,180
distilled/acc85/semi90,math500/42,1,183,30
distilled/acc85/semi90,math500/43,0,3988,384
distilled/acc85/semi90,math500/44,1,389,102
distilled/acc85/semi90,math500/45,1,352,83
distilled/acc85/semi90,math500/46,0,1573,313
distilled/acc85/semi90,math500/47,1,308,57
distilled/acc85/semi90,math500/48,1,188,36
distilled/acc85/semi90,math500/49,1,132,15
distilled/acc85/semi90,math500/50,0,620,200
distilled/acc85/semi90,math500/51,0,389,106
distilled/acc85/semi90,math500/52,1,297,40
distilled/acc85/semi90,math500/53,1,293,46
distilled/acc85/semi90,math500/54,1,63,12
distilled/acc85/semi90,math500/55,1,326,105
distilled/acc85/semi90,math500/56,1,224,58
distilled/acc85/semi90,math500/57,1,387,78
distilled/acc85/semi90,math500/58,0,158,20
distilled/acc85/semi90,math500/59,1,311,88
distilled/acc85/semi90,math500/60,0,1067,273
distilled/acc85/semi90,math500/61,1,538,63
distilled/acc85/semi90,math500/62,0,2047,422
distilled/acc85/semi90,math500/63,1,777,152
distilled/acc85/semi90,math500/64,0,4007,344
distilled/acc85/semi90,math500/65,1,139,54
distilled/acc85/semi90,math500/66,0,328,61
distilled/acc85/semi90,math500/67,1,306,62
distilled/acc85/semi90,math500/68,0,614,136
distilled/acc85/semi90,math500/69,1,1311,265
distilled/acc85/semi90,math500/70,1,323,55
distilled/acc85/semi90,math500/71,0,274,104
distilled/acc85/semi90,math500/72,1,243,56
distilled/acc85/semi90,math500/73,1,253,25
distilled/acc85/semi90,math500/74,1,393,84
distilled/acc85/semi90,math500/75,1,352,110
distilled/acc85/semi90,math500/76,1,363,102
distilled/acc85/semi90,math500/77,1,168,24
distilled/acc85/semi90,math500/78,1,916,127
distilled/acc85/semi90,math500/79,1,156,46
distilled/acc85/semi90,math500/80,0,1253,352
distilled/acc85/semi90,math500/81,1,355,100
distilled/acc85/semi90,math500/82,0,558,147
distilled/acc85/semi90,math500/83,1,337,70
distilled/acc85/semi90,math500/84,1,704,86
distilled/acc85/semi90,math500/85,1,343,81
distilled/acc85/semi90,math500/86,0,108,35
distilled/acc85/semi90,math500/87,1,471,64
distilled/acc85/semi90,math500/88,0,1193,375
distilled/acc85/semi90,math500/89,0,327,70
distilled/acc85/semi90,math500/90,1,108,27
distilled/acc85/semi90,math500/91,1,336,78
distilled/acc85/semi90,math500/92,0,468,83
distilled/acc85/semi90,math500/93,1,377,65
distilled/acc85/semi90,math500/94,0,595,190
distilled/acc85/semi90,math500/95,1,500,61
distilled/acc85/semi90,math500/96,0,3965,361
distilled/acc85/semi90,math500/97,0,397,196
distilled/acc85/semi90,math500/98,0,109,20
distilled/acc85/semi90,math500/99,0,788,114
distilled/acc85/semi90,math500/100,0,1957,468
distilled/acc85/semi90,math500/101,0,2102,404
distilled/acc85/semi90,math500/102,1,196,37
distilled/acc85/semi90,math500/103,0,2365,579
distilled/acc85/semi90,math500/104,0,3993,550
distilled/acc85/semi90,math500/105,1,315,77
distilled/acc85/semi90,math500/106,1,240,59
distilled/acc85/semi90,math500/107,1,401,95
distilled/acc85/semi90,math500/108,0,3987,713
distilled/acc85/semi90,math500/109,0,1719,225
distilled/acc85/semi90,math500/110,0,3955,466
distilled/acc85/semi90,math500/111,1,244,42
distilled/acc85/semi90,math500/112,1,713,90
distilled/acc85/semi90,math500/113,1,308,42
distilled/acc85/semi90,math500/114,1,516,73
distilled/acc85/semi90,math500/115,1,246,87
distilled/acc85/semi90,math500/116,1,213,25
distilled/acc85/semi90,math500/117,1,196,32
distilled/acc85/semi90,math500/118,1,775,171
distilled/acc85/semi90,math500/119,0,3920,284
distilled/acc85/semi90,math500/120,1,681,245
distilled/acc85/semi90,math500/121,1,188,23
distilled/acc85/semi90,math500/122,1,244,58
distilled/acc85/semi90,math500/123,0,1280,280
distilled/acc85/semi90,math500/124,1,310,66
distilled/acc85/semi90,math500/125,0,277,31
distilled/acc85/semi90,math500/126,0,482,141
distilled/acc85/semi90,math500/127,0,183,34
distilled/acc85/semi90,math500/128,1,200,75
distilled/acc85/semi90,math500/129,0,1335,219
distilled/acc85/semi90,math500/130,0,452,143
distilled/acc85/semi90,math500/131,0,4037,479
distilled/acc85/semi90,math500/132,1,335,63
distilled/acc85/semi90,math500/133,1,282,76
distilled/acc85/semi90,math500/134,1,587,120
distilled/acc85/semi90,math500/135,1,410,61
distilled/acc85/semi90,math500/136,1,3380,538
distilled/acc85/semi90,math500/137,0,339,51
distilled/acc85/semi90,math500/138,0,859,418
distilled/acc85/semi90,math500/139,1,744,154
distilled/acc85/semi90,math500/140,1,495,125
distilled/acc85/semi90,math500/141,1,256,127
distilled/acc85/semi90,math500/142,1,416,143
distilled/acc85/semi90,math500/143,1,672,95
distilled/acc85/semi90,math500/144,1,217,27
distilled/acc85/semi90,math500/145,0,4015,305
distilled/acc85/semi90,math500/146,1,239,45
distilled/acc85/semi90,math500/147,0,2939,693
distilled/acc85/semi90,math500/148,1,139,21
distilled/acc85/semi90,math500/149,1,904,195
distilled/acc85/semi90,math500/150,0,1186,293
distilled/acc85/semi90,math500/151,1,672,130
distilled/acc85/semi90,math500/152,0,3991,537
distilled/acc85/semi90,math500/153,1,666,239
distilled/acc85/semi90,math500/154,0,772,304
distilled/acc85/semi90,math500/155,1,438,105
distilled/acc85/semi90,math500/156,0,3879,429
distilled/acc85/semi90,math500/157,0,577,90
distilled/acc85/semi90,math500/158,1,481,77
distilled/acc85/semi90,math500/159,1,292,49
distilled/acc85/semi90,math500/160,1,376,62
distilled/acc85/semi90,math500/161,1,88,15
distilled/acc85/semi90,math500/162,0,469,113
distilled/acc85/semi90,math500/163,0,873,128
distilled/acc85/semi90,math500/164,1,466,91
distilled/acc85/semi90,math500/165,1,225,51
distilled/acc85/semi90,math500/166,0,1150,449
distilled/acc85/semi90,math500/167,1,146,28
distilled/acc85/semi90,math500/168,0,787,308
distilled/acc85/semi90,math500/169,1,262,40
distilled/acc85/semi90,math500/170,0,1957,377
distilled/acc85/semi90,math500/171,1,224,40
distilled/acc85/semi90,math500/172,1,373,66
distilled/acc85/semi90,math500/173,1,831,161
distilled/acc85/semi90,math500/174,1,301,66
distilled/acc85/semi90,math500/175,1,680,114
distilled/acc85/semi90,math500/176,1,198,29
distilled/acc85/semi90,math500/177,0,2106,439
distilled/acc85/semi90,math500/178,1,127,17
distilled/acc85/semi90,math500/179,0,918,137
distilled/acc85/semi90,math500/180,0,320,100
distilled/acc85/semi90,math500/181,1,301,56
distilled/acc85/semi90,math500/182,1,146,33
distilled/acc85/semi90,math500/183,0,3980,290
distilled/acc85/semi90,math500/184,0,898,284
distilled/acc85/semi90,math500/185,1,153,19
distilled/acc85/semi90,math500/186,1,381,122
distilled/acc85/semi90,math500/187,1,282,47
distilled/acc85/semi90,math500/188,0,1056,161
distilled/acc85/semi90,math500/189,0,3613,773
distilled/acc85/semi90,math500/190,1,397,118
distilled/acc85/semi90,math500/191,1,163,26
distilled/acc85/semi90,math500/192,1,530,127
distilled/acc85/semi90,math500/193,1,424,101
distilled/acc85/semi90,math500/194,1,1785,384
distilled/acc85/semi90,math500/195,1,363,56
distilled/acc85/semi90,math500/196,1,168,30
distilled/acc85/semi90,math500/197,1,818,141
distilled/acc85/semi90,math500/198,1,268,76
distilled/acc85/semi90,math500/199,1,216,36
distilled/acc85/semi90,math500/200,1,277,41
distilled/acc85/semi90,math500/201,1,424,93
distilled/acc85/semi90,math500/202,1,745,172
distilled/acc85/semi90,math500/203,0,437,64
distilled/acc85/semi90,math500/204,0,2322,641
distilled/acc85/semi90,math500/205,0,706,54
distilled/acc85/semi90,math500/206,1,348,63
distilled/acc85/semi90,math500/207,1,151,37
distilled/acc85/semi90,math500/208,1,292,79
distilled/acc85/semi90,math500/209,1,618,124
distilled/acc85/semi90,math500/210,0,405,125
distilled/acc85/semi90,math500/211,1,187,24
distilled/acc85/semi90,math500/212,1,270,67
distilled/acc85/semi90,math500/213,1,1017,193
distilled/acc85/semi90,math500/214,0,686,178
distilled/acc85/semi90,math500/215,1,429,75
distilled/acc85/semi90,math500/216,1,276,30
distilled/acc85/semi90,math500/217,0,4054,368
distilled/acc85/semi90,math500/218,1,183,21
distilled/acc85/semi90,math500/219,0,2311,466
distilled/acc85/semi90,math500/220,1,237,62
distilled/acc85/semi90,math500/221,1,362,114
distilled/acc85/semi90,math500/222,0,632,265
distilled/acc85/semi90,math500/223,0,297,68
distilled/acc85/semi90,math500/224,0,671,94
distilled/acc85/semi90,math500/225,0,211,61
distilled/acc85/semi90,math500/226,1,273,116
distilled/acc85/semi90,math500/227,0,253,104
distilled/acc85/semi90,math500/228,0,1481,280
distilled/acc85/semi90,math500/229,1,170,77
distilled/acc85/semi90,math500/230,0,1302,236
distilled/acc85/semi90,math500/231,1,632,95
distilled/acc85/semi90,math500/232,0,474,118
distilled/acc85/semi90,math500/233,1,399,64
distilled/acc85/semi90,math500/234,0,436,99
distilled/acc85/semi90,math500/235,0,430,47
distilled/acc85/semi90,math500/236,0,857,180
distilled/acc85/semi90,math500/237,1,497,98
distilled/acc85/semi90,math500/238,0,452,116
distilled/acc85/semi90,math500/239,0,3966,524
distilled/acc85/semi90,math500/240,0,331,117
distilled/acc85/semi90,math500/241,1,559,120
distilled/acc85/semi90,math500/242,0,440,126
distilled/acc85/semi90,math500/243,1,274,95
distilled/acc85/semi90,math500/244,1,555,147
distilled/acc85/semi90,math500/245,0,975,178
distilled/acc85/semi90,math500/246,1,253,106
distilled/acc85/semi90,math500/247,0,484,89
distilled/acc85/semi90,math500/248,0,4003,526
distilled/acc85/semi90,math500/249,0,774,169
distilled/acc85/semi90,math500/250,1,445,61
distilled/acc85/semi90,math500/251,1,490,206
distilled/acc85/semi90,math500/252,0,599,107
distilled/acc85/semi90,math500/253,1,171,37
distilled/acc85/semi90,math500/254,1,391,126
distilled/acc85/semi90,math500/255,0,502,154
distilled/acc85/semi90,math500/256,0,243,34
distilled/acc85/semi90,math500/257,1,266,62
distilled/acc85/semi90,math500/258,1,352,71
distilled/acc85/semi90,math500/259,1,201,39
distilled/acc85/semi90,math500/260,0,565,75
distilled/acc85/semi90,math500/261,1,301,83
distilled/acc85/semi90,math500/262,1,135,20
distilled/acc85/semi90,math500/263,1,275,80
distilled/acc85/semi90,math500/264,0,3828,689
distilled/acc85/semi90,math500/265,1,221,30
distilled/acc85/semi90,math500/266,1,212,54
distilled/acc85/semi90,math500/267,0,398,140
distilled/acc85/semi90,math500/268,1,173,31
distilled/acc85/semi90,math500/269,1,251,69
distilled/acc85/semi90,math500/270,1,302,46
distilled/acc85/semi90,math500/271,1,703,159
distilled/acc85/semi90,math500/272,0,709,124
distilled/acc85/semi90,math500/273,0,251,71
distilled/acc85/semi90,math500/274,0,769,412
distilled/acc85/semi90,math500/275,1,178,10
distilled/acc85/semi90,math500/276,0,477,177
distilled/acc85/semi90,math500/277,1,209,90
distilled/acc85/semi90,math500/278,1,256,71
distilled/acc85/semi90,math500/279,1,535,125
distilled/acc85/semi90,math500/280,1,412,107
distilled/acc85/semi90,math500/281,0,3731,553
distilled/acc85/semi90,math500/282,0,483,87
distilled/acc85/semi90,math500/283,1,261,34
distilled/acc85/semi90,math500/284,0,1235,304
distilled/acc85/semi90,math500/285,0,3916,406
distilled/acc85/semi90,math500/286,0,749,214
distilled/acc85/semi90,math500/287,0,494,150
distilled/acc85/semi90,math500/288,0,1084,125
distilled/acc85/semi90,math500/289,1,506,115
distilled/acc85/semi90,math500/290,0,796,121
distilled/acc85/semi90,math500/291,1,319,103
distilled/acc85/semi90,math500/292,0,2253,234
distilled/acc85/semi90,math500/293,1,346,52
distilled/acc85/semi90,math500/294,1,734,214
distilled/acc85/semi90,math500/295,0,3973,336
distilled/acc85/semi90,math500/296,0,1248,320
distilled/acc85/semi90,math500/297,1,561,146
distilled/acc85/semi90,math500/298,1,992,84
distilled/acc85/semi90,math500/299,1,354,100
distilled/acc85/semi90,math500/300,1,249,108
distilled/acc85/semi90,math500/301,0,366,105
distilled/acc85/semi90,math500/302,0,3983,415
distilled/acc85/semi90,math500/303,0,3995,955
distilled/acc85/semi90,math500/304,1,599,107
distilled/acc85/semi90,math500/305,1,446,72
distilled/acc85/semi90,math500/306,0,4023,674
distilled/acc85/semi90,math500/307,1,361,83
distilled/acc85/semi90,math500/308,0,4019,735
distilled/acc85/semi90,math500/309,0,4049,246
distilled/acc85/semi90,math500/310,1,286,37
distilled/acc85/semi90,math500/311,1,543,104
distilled/acc85/semi90,math500/312,1,256,74
distilled/acc85/semi90,math500/313,1,235,51
distilled/acc85/semi90,math500/314,0,324,65
distilled/acc85/semi90,math500/315,1,752,222
distilled/acc85/semi90,math500/316,0,722,143
distilled/acc85/semi90,math500/317,0,1050,219
distilled/acc85/semi90,math500/318,0,314,42
distilled/acc85/semi90,math500/319,1,221,39
distilled/acc85/semi90,math500/320,0,811,228
distilled/acc85/semi90,math500/321,0,274,56
distilled/acc85/semi90,math500/322,1,207,25
distilled/acc85/semi90,math500/323,0,718,317
distilled/acc85/semi90,math500/324,1,650,181
distilled/acc85/semi90,math500/325,1,381,56
distilled/acc85/semi90,math500/326,0,474,67
distilled/acc85/semi90,math500/327,0,3986,502
distilled/acc85/semi90,math500/328,1,1397,338
distilled/acc85/semi90,math500/329,1,158,25
distilled/acc85/semi90,math500/330,1,287,71
distilled/acc85/semi90,math500/331,1,657,88
distilled/acc85/semi90,math500/332,0,1739,407
distilled/acc85/semi90,math500/333,1,879,248
distilled/acc85/semi90,math500/334,0,4041,494
distilled/acc85/semi90,math500/335,1,985,126
distilled/acc85/semi90,math500/336,1,201,22
distilled/acc85/semi90,math500/337,1,359,88
distilled/acc85/semi90,math500/338,1,238,35
distilled/acc85/semi90,math500/339,0,755,158
distilled/acc85/semi90,math500/340,0,1439,234
distilled/acc85/semi90,math500/341,1,232,56
distilled/acc85/semi90,math500/342,1,220,39
distilled/acc85/semi90,math500/343,1,286,81
distilled/acc85/semi90,math500/344,0,312,62
distilled/acc85/semi90,math500/345,1,179,19
distilled/acc85/semi90,math500/346,1,394,46
distilled/acc85/semi90,math500/347,1,258,35
distilled/acc85/semi90,math500/348,1,240,45
distilled/acc85/semi90,math500/349,0,1029,556
distilled/acc85/semi90,math500/350,0,326,90
distilled/acc85/semi90,math500/351,0,470,46
distilled/acc85/semi90,math500/352,0,3874,717
distilled/acc85/semi90,math500/353,1,366,125
distilled/acc85/semi90,math500/354,0,409,121
distilled/acc85/semi90,math500/355,0,2999,441
distilled/acc85/semi90,math500/356,0,554,154
distilled/acc85/semi90,math500/357,0,603,148
distilled/acc85/semi90,math500/358,0,349,140
distilled/acc85/semi90,math500/359,0,3976,345
distilled/acc85/semi90,math500/360,0,379,79
distilled/acc85/semi90,math500/361,1,963,236
distilled/acc85/semi90,math500/362,1,211,59
distilled/acc85/semi90,math500/363,1,106,27
distilled/acc85/semi90,math500/364,1,643,153
distilled/acc85/semi90,math500/365,0,1710,497
distilled/acc85/semi90,math500/366,0,336,63
distilled/acc85/semi90,math500/367,1,207,28
distilled/acc85/semi90,math500/368,1,345,88
distilled/acc85/semi90,math500/369,1,277,81
distilled/acc85/semi90,math500/370,1,189,28
distilled/acc85/semi90,math500/371,0,1778,413
distilled/acc85/semi90,math500/372,0,541,230
distilled/acc85/semi90,math500/373,1,379,57
distilled/acc85/semi90,math500/374,1,125,18
distilled/acc85/semi90,math500/375,0,442,95
distilled/acc85/semi90,math500/376,1,672,114
distilled/acc85/semi90,math500/377,0,4010,513
distilled/acc85/semi90,math500/378,1,412,92
distilled/acc85/semi90,math500/379,0,745,139
distilled/acc85/semi90,math500/380,0,1111,207
distilled/acc85/semi90,math500/381,0,872,294
distilled/acc85/semi90,math500/382,1,678,167
distilled/acc85/semi90,math500/383,0,557,85
distilled/acc85/semi90,math500/384,1,120,16
distilled/acc85/semi90,math500/385,1,294,66
distilled/acc85/semi90,math500/386,1,317,68
distilled/acc85/semi90,math500/387,1,165,26
distilled/acc85/semi90,math500/388,1,484,77
distilled/acc85/semi90,math500/389,1,444,143
distilled/acc85/semi90,math500/390,0,901,175
distilled/acc85/semi90,math500/391,0,2555,628
distilled/acc85/semi90,math500/392,0,3795,633
distilled/acc85/semi90,math500/393,1,237,66
distilled/acc85/semi90,math500/394,0,1322,293
distilled/acc85/semi90,math500/395,1,270,36
distilled/acc85/semi90,math500/396,1,920,407
distilled/acc85/semi90,math500/397,1,176,25
distilled/acc85/semi90,math500/398,1,489,109
distilled/acc85/semi90,math500/399,1,86,22
distilled/acc85/semi90,math500/400,0,4002,482
distilled/acc85/semi90,math500/401,0,2515,363
distilled/acc85/semi90,math500/402,0,402,101
distilled/acc85/semi90,math500/403,1,402,76
distilled/acc85/semi90,math500/404,1,246,56
distilled/acc85/semi90,math500/405,1,265,96
distilled/acc85/semi90,math500/406,1,105,31
distilled/acc85/semi90,math500/407,1,189,25
distilled/acc85/semi90,math500/408,0,955,147
distilled/acc85/semi90,math500/409,0,1359,365
distilled/acc85/semi90,math500/410,1,507,180
distilled/acc85/semi90,math500/411,1,148,45
distilled/acc85/semi90,math500/412,0,3999,555
distilled/acc85/semi90,math500/413,1,203,37
distilled/acc85/semi90,math500/414,1,317,42
distilled/acc85/semi90,math500/415,1,626,111
distilled/acc85/semi90,math500/416,1,625,76
distilled/acc85/semi90,math500/417,0,901,175
distilled/acc85/semi90,math500/418,1,409,67
distilled/acc85/semi90,math500/419,1,1304,177
distilled/acc85/semi90,math500/420,0,377,36
distilled/acc85/semi90,math500/421,0,3967,369
distilled/acc85/semi90,math500/422,0,3963,360
distilled/acc85/semi90,math500/423,1,900,157
distilled/acc85/semi90,math500/424,1,305,42
distilled/acc85/semi90,math500/425,0,880,219
distilled/acc85/semi90,math500/426,1,402,104
distilled/acc85/semi90,math500/427,0,197,38
distilled/acc85/semi90,math500/428,1,686,80
distilled/acc85/semi90,math500/429,0,1416,257
distilled/acc85/semi90,math500/430,1,63,12
distilled/acc85/semi90,math500/431,0,1216,193
distilled/acc85/semi90,math500/432,0,3510,621
distilled/acc85/semi90,math500/433,0,68,15
distilled/acc85/semi90,math500/434,0,584,127
distilled/acc85/semi90,math500/435,1,491,102
distilled/acc85/semi90,math500/436,1,1419,260
distilled/acc85/semi90,math500/437,1,528,127
distilled/acc85/semi90,math500/438,1,184,57
distilled/acc85/semi90,math500/439,1,411,107
distilled/acc85/semi90,math500/440,0,294,34
distilled/acc85/semi90,math500/441,0,260,51
distilled/acc85/semi90,math500/442,1,253,28
distilled/acc85/semi90,math500/443,0,159,34
distilled/acc85/semi90,math500/444,0,1004,329
distilled/acc85/semi90,math500/445,0,1640,390
distilled/acc85/semi90,math500/446,0,591,77
distilled/acc85/semi90,math500/447,1,302,83
distilled/acc85/semi90,math500/448,0,498,102
distilled/acc85/semi90,math500/449,0,227,39
distilled/acc85/semi90,math500/450,0,654,128
distilled/acc85/semi90,math500/451,0,379,64
distilled/acc85/semi90,math500/452,0,493,79
distilled/acc85/semi90,math500/453,0,234,67
distilled/acc85/semi90,math500/454,0,2104,313
distilled/acc85/semi90,math500/455,1,176,37
distilled/acc85/semi90,math500/456,0,814,155
distilled/acc85/semi90,math500/457,1,65,18
distilled/acc85/semi90,math500/458,1,500,188
distilled/acc85/semi90,math500/459,1,641,133
distilled/acc85/semi90,math500/460,0,513,193
distilled/acc85/semi90,math500/461,1,485,43
distilled/acc85/semi90,math500/462,0,450,147
distilled/acc85/semi90,math500/463,1,152,36
distilled/acc85/semi90,math500/464,1,744,167
distilled/acc85/semi90,math500/465,1,546,156
distilled/acc85/semi90,math500/466,1,1376,356
distilled/acc85/semi90,math500/467,1,378,78
distilled/acc85/semi90,math500/468,0,172,50
distilled/acc85/semi90,math500/469,1,170,26
distilled/acc85/semi90,math500/470,0,801,133
distilled/acc85/semi90,math500/471,1,192,31
distilled/acc85/semi90,math500/472,1,183,31
distilled/acc85/semi90,math500/473,0,3841,696
distilled/acc85/semi90,math500/474,1,478,63
distilled/acc85/semi90,math500/475,0,3913,437
distilled/acc85/semi90,math500/476,0,4010,300
distilled/acc85/semi90,math500/477,0,1985,330
distilled/acc85/semi90,math500/478,0,631,186
distilled/acc85/semi90,math500/479,1,284,99
distilled/acc85/semi90,math500/480,1,584,127
distilled/acc85/semi90,math500/481,0,1490,260
distilled/acc85/semi90,math500/482,1,668,216
distilled/acc85/semi90,math500/483,0,4022,484
distilled/acc85/semi90,math500/484,1,750,98
distilled/acc85/semi90,math500/485,0,1736,268
distilled/acc85/semi90,math500/486,1,275,104
distilled/acc85/semi90,math500/487,1,217,30
distilled/acc85/semi90,math500/488,1,135,27
distilled/acc85/semi90,math500/489,0,670,172
distilled/acc85/semi90,math500/490,0,3980,469
distilled/acc85/semi90,math500/491,0,401,180
distilled/acc85/semi90,math500/492,1,461,75
distilled/acc85/semi90,math500/493,1,552,76
distilled/acc85/semi90,math500/494,0,4000,807
distilled/acc85/semi90,math500/495,0,508,146
distilled/acc85/semi90,math500/496,1,361,44
distilled/acc85/semi90,math500/497,0,3234,697
distilled/acc85/semi90,math500/498,1,1722,225
distilled/acc85/semi90,math500/499,0,400,106
distilled/acc90/semi70,gsm8k/0,1,122,38
distilled/acc90/semi70,gsm8k/1,1,260,84
distilled/acc90/semi70,gsm8k/2,1,197,34
distilled/acc90/semi70,gsm8k/3,1,212,32
distilled/acc90/semi70,gsm8k/4,1,257,104
distilled/acc90/semi70,gsm8k/5,1,145,31
distilled/acc90/semi70,gsm8k/6,1,169,35
distilled/acc90/semi70,gsm8k/7,1,207,55
distilled/acc90/semi70,gsm8k/8,1,352,115
distilled/acc90/semi70,gsm8k/9,1,242,76
distilled/acc90/semi70,gsm8k/10,0,242,105
distilled/acc90/semi70,gsm8k/11,1,388,86
distilled/acc90/semi70,gsm8k/12,1,115,26
distilled/acc90/semi70,gsm8k/13,1,211,51
distilled/acc90/semi70,gsm8k/14,0,280,93
distilled/acc90/semi70,gsm8k/15,1,193,55
distilled/acc90/semi70,gsm8k/16,1,184,31
distilled/acc90/semi70,gsm8k/17,1,190,52
distilled/acc90/semi70,gsm8k/18,1,184,54
distilled/acc90/semi70,gsm8k/19,0,213,37
distilled/acc90/semi70,gsm8k/20,1,204,45
distilled/acc90/semi70,gsm8k/21,1,206,72
distilled/acc90/semi70,gsm8k/22,1,243,64
distilled/acc90/semi70,gsm8k/23,1,306,88
distilled/acc90/semi70,gsm8k/24,1,184,44
distilled/acc90/semi70,gsm8k/25,1,262,50
distilled/acc90/semi70,gsm8k/26,1,228,72
distilled/acc90/semi70,gsm8k/27,1,103,24
distilled/acc90/semi70,gsm8k/28,1,155,42
distilled/acc90/semi70,gsm8k/29,1,171,53
distilled/acc90/semi70,gsm8k/30,1,185,43
distilled/acc90/semi70,gsm8k/31,1,300,117
distilled/acc90/semi70,gsm8k/32,1,108,38
distilled/acc90/semi70,gsm8k/33,1,429,125
distilled/acc90/semi70,gsm8k/34,1,347,74
distilled/acc90/semi70,gsm8k/35,1,152,38
distilled/acc90/semi70,gsm8k/36,1,190,42
distilled/acc90/semi70,gsm8k/37,1,206,73
distilled/acc90/semi70,gsm8k/38,1,332,115
distilled/acc90/semi70,gsm8k/39,1,281,59
distilled/acc90/semi70,gsm8k/40,1,180,52
distilled/acc90/semi70,gsm8k/41,1,280,47
distilled/acc90/semi70,gsm8k/42,1,235,41
distilled/acc90/semi70,gsm8k/43,1,147,55
distilled/acc90/semi70,gsm8k/44,1,320,79
distilled/acc90/semi70,gsm8k/45,1,253,67
distilled/acc90/semi70,gsm8k/46,1,294,76
distilled/acc90/semi70,gsm8k/47,1,128,25
distilled/acc90/semi70,gsm8k/48,1,271,78
distilled/acc90/semi70,gsm8k/49,0,349,88
distilled/acc90/semi70,gsm8k/50,0,472,173
distilled/acc90/semi70,gsm8k/51,1,131,35
distilled/acc90/semi70,gsm8k/52,1,163,29
distilled/acc90/semi70,gsm8k/53,1,107,27
distilled/acc90/semi70,gsm8k/54,0,271,72
distilled/acc90/semi70,gsm8k/55,1,146,37
distilled/acc90/semi70,gsm8k/56,0,315,49
distilled/acc90/semi70,gsm8k/57,0,150,45
distilled/acc90/semi70,gsm8k/58,1,161,34
distilled/acc90/semi70,gsm8k/59,1,121,34
distilled/acc90/semi70,gsm8k/60,1,161,32
distilled/acc90/semi70,gsm8k/61,1,157,24
distilled/acc90/semi70,gsm8k/62,1,241,50
distilled/acc90/semi70,gsm8k/63,1,153,45
distilled/acc90/semi70,gsm8k/64,1,370,107
distilled/acc90/semi70,gsm8k/65,1,142,35
distilled/acc90/semi70,gsm8k/66,1,198,43
distilled/acc90/semi70,gsm8k/67,1,256,49
distilled/acc90/semi70,gsm8k/68,1,353,118
distilled/acc90/semi70,gsm8k/69,1,158,24
distilled/acc90/semi70,gsm8k/70,1,294,68
distilled/acc90/semi70,gsm8k/71,1,220,37
distilled/acc90/semi70,gsm8k/72,1,188,57
distilled/acc90/semi70,gsm8k/73,1,302,82
distilled/acc90/semi70,gsm8k/74,1,146,49
distilled/acc90/semi70,gsm8k/75,1,197,59
distilled/acc90/semi70,gsm8k/76,1,189,70
distilled/acc90/semi70,gsm8k/77,0,268,101
distilled/acc90/semi70,gsm8k/78,1,222,55
distilled/acc90/semi70,gsm8k/79,1,276,60
distilled/acc90/semi70,gsm8k/80,1,185,48
distilled/acc90/semi70,gsm8k/81,1,269,78
distilled/acc90/semi70,gsm8k/82,1,169,38
distilled/acc90/semi70,gsm8k/83,1,283,85
distilled/acc90/semi70,gsm8k/84,1,151,48
distilled/acc90/semi70,gsm8k/85,1,121,29
distilled/acc90/semi70,gsm8k/86,0,260,61
distilled/acc90/semi70,gsm8k/87,1,159,37
distilled/acc90/semi70,gsm8k/88,0,132,45
distilled/acc90/semi70,gsm8k/89,1,182,30
distilled/acc90/semi70,gsm8k/90,0,182,51
distilled/acc90/semi70,gsm8k/91,1,391,96
distilled/acc90/semi70,gsm8k/92,1,196,49
distilled/acc90/semi70,gsm8k/93,1,116,27
distilled/acc90/semi70,gsm8k/94,1,198,60
distilled/acc90/semi70,gsm8k/95,1,175,42
distilled/acc90/semi70,gsm8k/96,0,3995,251
distilled/acc90/semi70,gsm8k/97,1,199,79
distilled/acc90/semi70,gsm8k/98,1,162,37
distilled/acc90/semi70,gsm8k/99,1,242,38
distilled/acc90/semi70,gsm8k/100,1,204,62
distilled/acc90/semi70,gsm8k/101,1,273,81
distilled/acc90/semi70,gsm8k/102,0,237,62
distilled/acc90/semi70,gsm8k/103,1,188,29
distilled/acc90/semi70,gsm8k/104,1,119,46
distilled/acc90/semi70,gsm8k/105,1,270,58
distilled/acc90/semi70,gsm8k/106,1,348,119
distilled/acc90/semi70,gsm8k/107,1,243,40
distilled/acc90/semi70,gsm8k/108,1,202,43
distilled/acc90/semi70,gsm8k/109,1,312,64
distilled/acc90/semi70,gsm8k/110,1,153,32
distilled/acc90/semi70,gsm8k/111,1,153,30
distilled/acc90/semi70,gsm8k/112,1,163,47
distilled/acc90/semi70,gsm8k/113,1,183,40
distilled/acc90/semi70,gsm8k/114,1,185,60
distilled/acc90/semi70,gsm8k/115,1,135,23
distilled/acc90/semi70,gsm8k/116,1,351,79
distilled/acc90/semi70,gsm8k/117,1,319,92
distilled/acc90/semi70,gsm8k/118,1,249,70
distilled/acc90/semi70,gsm8k/119,1,276,76
distilled/acc90/semi70,gsm8k/120,1,108,31
distilled/acc90/semi70,gsm8k/121,1,315,91
distilled/acc90/semi70,gsm8k/122,1,116,23
distilled/acc90/semi70,gsm8k/123,1,514,142
distilled/acc90/semi70,gsm8k/124,1,169,36
distilled/acc90/semi70,gsm8k/125,0,177,60
distilled/acc90/semi70,gsm8k/126,1,276,88
distilled/acc90/semi70,gsm8k/127,1,167,44
distilled/acc90/semi70,gsm8k/128,1,459,101
distilled/acc90/semi70,gsm8k/129,1,159,86
distilled/acc90/semi70,gsm8k/130,1,194,42
distilled/acc90/semi70,gsm8k/131,0,371,105
distilled/acc90/semi70,gsm8k/132,1,192,37
distilled/acc90/semi70,gsm8k/133,1,267,62
distilled/acc90/semi70,gsm8k/134,1,157,46
distilled/acc90/semi70,gsm8k/135,1,366,84
distilled/acc90/semi70,gsm8k/136,1,530,118
distilled/acc90/semi70,gsm8k/137,0,225,50
distilled/acc90/semi70,gsm8k/138,1,234,108
distilled/acc90/semi70,gsm8k/139,1,201,52
distilled/acc90/semi70,gsm8k/140,1,294,57
distilled/acc90/semi70,gsm8k/141,0,268,82
distilled/acc90/semi70,gsm8k/142,1,165,43
distilled/acc90/semi70,gsm8k/143,1,276,66
distilled/acc90/semi70,gsm8k/144,1,423,85
distilled/acc90/semi70,gsm8k/145,1,208,67
distilled/acc90/semi70,gsm8k/146,1,300,69
distilled/acc90/semi70,gsm8k/147,1,164,41
distilled/acc90/semi70,gsm8k/148,1,331,76
distilled/acc90/semi70,gsm8k/149,1,184,63
distilled/acc90/semi70,gsm8k/150,1,276,62
distilled/acc90/semi70,gsm8k/151,0,335,92
distilled/acc90/semi70,gsm8k/152,1,353,74
distilled/acc90/semi70,gsm8k/153,0,340,85
distilled/acc90/semi70,gsm8k/154,1,146,29
distilled/acc90/semi70,gsm8k/155,0,127,36
distilled/acc90/semi70,gsm8k/156,1,196,39
distilled/acc90/semi70,gsm8k/157,1,208,50
distilled/acc90/semi70,gsm8k/158,1,189,38
distilled/acc90/semi70,gsm8k/159,1,293,52
distilled/acc90/semi70,gsm8k/160,1,158,25
distilled/acc90/semi70,gsm8k/161,1,202,54
distilled/acc90/semi70,gsm8k/162,1,240,95
distilled/acc90/semi70,gsm8k/163,0,187,55
distilled/acc90/semi70,gsm8k/164,1,253,55
distilled/acc90/semi70,gsm8k/165,1,265,75
distilled/acc90/semi70,gsm8k/166,1,162,49
distilled/acc90/semi70,gsm8k/167,0,164,33
distilled/acc90/semi70,gsm8k/168,1,396,159
distilled/acc90/semi70,gsm8k/169,1,195,38
distilled/acc90/semi70,gsm8k/170,1,426,119
distilled/acc90/semi70,gsm8k/171,1,197,76
distilled/acc90/semi70,gsm8k/172,1,227,57
distilled/acc90/semi70,gsm8k/173,1,183,56
distilled/acc90/semi70,gsm8k/174,1,203,64
distilled/acc90/semi70,gsm8k/175,1,248,61
distilled/acc90/semi70,gsm8k/176,1,290,45
distilled/acc90/semi70,gsm8k/177,0,178,47
distilled/acc90/semi70,gsm8k/178,1,149,78
distilled/acc90/semi70,gsm8k/179,1,201,55
distilled/acc90/semi70,gsm8k/180,1,136,21
distilled/acc90/semi70,gsm8k/181,1,211,56
distilled/acc90/semi70,gsm8k/182,1,243,76
distilled/acc90/semi70,gsm8k/183,1,249,54
distilled/acc90/semi70,gsm8k/184,1,333,100
distilled/acc90/semi70,gsm8k/185,1,232,60
distilled/acc90/semi70,gsm8k/186,1,224,83
distilled/acc90/semi70,gsm8k/187,1,169,39
distilled/acc90/semi70,gsm8k/188,1,240,57
distilled/acc90/semi70,gsm8k/189,0,273,65
distilled/acc90/semi70,gsm8k/190,1,306,54
distilled/acc90/semi70,gsm8k/191,1,224,84
distilled/acc90/semi70,gsm8k/192,1,195,46
distilled/acc90/semi70,gsm8k/193,1,148,35
distilled/acc90/semi70,gsm8k/194,1,121,28
distilled/acc90/semi70,gsm8k/195,1,293,61
distilled/acc90/semi70,gsm8k/196,1,209,48
distilled/acc90/semi70,gsm8k/197,1,401,70
distilled/acc90/semi70,gsm8k/198,1,288,73
distilled/acc90/semi70,gsm8k/199,1,99,30
distilled/acc90/semi70,gsm8k/200,1,245,66
distilled/acc90/semi70,gsm8k/201,1,201,45
distilled/acc90/semi70,gsm8k/202,1,105,21
distilled/acc90/semi70,gsm8k/203,1,243,49
distilled/acc90/semi70,gsm8k/204,1,269,76
distilled/acc90/semi70,gsm8k/205,1,324,82
distilled/acc90/semi70,gsm8k/206,1,221,64
distilled/acc90/semi70,gsm8k/207,1,219,45
distilled/acc90/semi70,gsm8k/208,1,154,19
distilled/acc90/semi70,gsm8k/209,1,246,63
distilled/acc90/semi70,gsm8k/210,0,3958,328
distilled/acc90/semi70,gsm8k/211,1,176,54
distilled/acc90/semi70,gsm8k/212,1,175,50
distilled/acc90/semi70,gsm8k/213,1,244,66
distilled/acc90/semi70,gsm8k/214,1,105,25
distilled/acc90/semi70,gsm8k/215,1,309,69
distilled/acc90/semi70,gsm8k/216,1,215,48
distilled/acc90/semi70,gsm8k/217,0,219,63
distilled/acc90/semi70,gsm8k/218,1,306,88
distilled/acc90/semi70,gsm8k/219,1,225,44
distilled/acc90/semi70,gsm8k/220,1,125,30
distilled/acc90/semi70,gsm8k/221,1,219,27
distilled/acc90/semi70,gsm8k/222,1,181,28
distilled/acc90/semi70,gsm8k/223,1,233,76
distilled/acc90/semi70,gsm8k/224,1,182,55
distilled/acc90/semi70,gsm8k/225,0,454,201
distilled/acc90/semi70,gsm8k/226,1,98,21
distilled/acc90/semi70,gsm8k/227,1,281,60
distilled/acc90/semi70,gsm8k/228,0,257,85
distilled/acc90/semi70,gsm8k/229,1,307,97
distilled/acc90/semi70,gsm8k/230,0,477,201
distilled/acc90/semi70,gsm8k/231,0,172,42
distilled/acc90/semi70,gsm8k/232,1,218,64
distilled/acc90/semi70,gsm8k/233,1,222,45
distilled/acc90/semi70,gsm8k/234,1,238,52
distilled/acc90/semi70,gsm8k/235,0,219,66
distilled/acc90/semi70,gsm8k/236,0,198,37
distilled/acc90/semi70,gsm8k/237,1,220,53
distilled/acc90/semi70,gsm8k/238,1,243,72
distilled/acc90/semi70,gsm8k/239,1,161,43
distilled/acc90/semi70,gsm8k/240,1,165,49
distilled/acc90/semi70,gsm8k/241,1,116,43
distilled/acc90/semi70,gsm8k/242,1,285,105
distilled/acc90/semi70,gsm8k/243,1,299,75
distilled/acc90/semi70,gsm8k/244,1,115,34
distilled/acc90/semi70,gsm8k/245,1,160,29
distilled/acc90/semi70,gsm8k/246,1,162,51
distilled/acc90/semi70,gsm8k/247,1,246,62
distilled/acc90/semi70,gsm8k/248,1,210,53
distilled/acc90/semi70,gsm8k/249,1,162,30
distilled/acc90/semi70,gsm8k/250,1,294,67
distilled/acc90/semi70,gsm8k/251,1,238,55
distilled/acc90/semi70,gsm8k/252,1,176,52
distilled/acc90/semi70,gsm8k/253,0,189,56
distilled/acc90/semi70,gsm8k/254,1,261,50
distilled/acc90/semi70,gsm8k/255,1,373,99
distilled/acc90/semi70,gsm8k/256,0,233,57
distilled/acc90/semi70,gsm8k/257,1,303,95
distilled/acc90/semi70,gsm8k/258,1,163,47
distilled/acc90/semi70,gsm8k/259,1,456,183
distilled/acc90/semi70,gsm8k/260,1,189,51
distilled/acc90/semi70,gsm8k/261,0,340,110
distilled/acc90/semi70,gsm8k/262,1,254,49
distilled/acc90/semi70,gsm8k/263,1,182,43
distilled/acc90/semi70,gsm8k/264,0,275,60
distilled/acc90/semi70,gsm8k/265,0,278,64
distilled/acc90/semi70,gsm8k/266,0,254,70
distilled/acc90/semi70,gsm8k/267,1,136,45
distilled/acc90/semi70,gsm8k/268,1,146,35
distilled/acc90/semi70,gsm8k/269,1,168,29
distilled/acc90/semi70,gsm8k/270,0,403,136
distilled/acc90/semi70,gsm8k/271,0,3995,170
distilled/acc90/semi70,gsm8k/272,1,142,14
distilled/acc90/semi70,gsm8k/273,1,238,65
distilled/acc90/semi70,gsm8k/274,1,329,61
distilled/acc90/semi70,gsm8k/275,1,205,64
distilled/acc90/semi70,gsm8k/276,0,315,129
distilled/acc90/semi70,gsm8k/277,1,164,48
distilled/acc90/semi70,gsm8k/278,1,152,27
distilled/acc90/semi70,gsm8k/279,1,185,34
distilled/acc90/semi70,gsm8k/280,1,237,69
distilled/acc90/semi70,gsm8k/281,1,179,48
distilled/acc90/semi70,gsm8k/282,1,223,50
distilled/acc90/semi70,gsm8k/283,0,4030,294
distilled/acc90/semi70,gsm8k/284,1,187,36
distilled/acc90/semi70,gsm8k/285,1,227,47
distilled/acc90/semi70,gsm8k/286,1,158,43
distilled/acc90/semi70,gsm8k/287,1,378,143
distilled/acc90/semi70,gsm8k/288,1,315,92
distilled/acc90/semi70,gsm8k/289,1,231,83
distilled/acc90/semi70,gsm8k/290,1,135,35
distilled/acc90/semi70,gsm8k/291,1,240,46
distilled/acc90/semi70,gsm8k/292,1,137,27
distilled/acc90/semi70,gsm8k/293,1,299,79
distilled/acc90/semi70,gsm8k/294,1,291,77
distilled/acc90/semi70,gsm8k/295,1,154,28
distilled/acc90/semi70,gsm8k/296,0,348,94
distilled/acc90/semi70,gsm8k/297,1,233,54
distilled/acc90/semi70,gsm8k/298,1,260,63
distilled/acc90/semi70,gsm8k/299,1,338,61
distilled/acc90/semi70,gsm8k/300,1,284,82
distilled/acc90/semi70,gsm8k/301,1,123,26
distilled/acc90/semi70,gsm8k/302,1,226,36
distilled/acc90/semi70,gsm8k/303,0,259,58
distilled/acc90/semi70,gsm8k/304,0,131,30
distilled/acc90/semi70,gsm8k/305,1,146,30
distilled/acc90/semi70,gsm8k/306,1,143,30
distilled/acc90/semi70,gsm8k/307,1,252,84
distilled/acc90/semi70,gsm8k/308,1,268,77
distilled/acc90/semi70,gsm8k/309,1,193,40
distilled/acc90/semi70,gsm8k/310,1,290,73
distilled/acc90/semi70,gsm8k/311,1,168,48
distilled/acc90/semi70,gsm8k/312,0,212,53
distilled/acc90/semi70,gsm8k/313,1,310,52
distilled/acc90/semi70,gsm8k/314,1,263,66
distilled/acc90/semi70,gsm8k/315,1,265,76
distilled/acc90/semi70,gsm8k/316,1,196,74
distilled/acc90/semi70,gsm8k/317,1,178,59
distilled/acc90/semi70,gsm8k/318,1,197,25
distilled/acc90/semi70,gsm8k/319,1,119,38
distilled/acc90/semi70,gsm8k/320,0,363,152
distilled/acc90/semi70,gsm8k/321,1,169,47
distilled/acc90/semi70,gsm8k/322,1,330,76
distilled/acc90/semi70,gsm8k/323,1,211,50
distilled/acc90/semi70,gsm8k/324,1,382,75
distilled/acc90/semi70,gsm8k/325,1,147,29
distilled/acc90/semi70,gsm8k/326,1,251,59
distilled/acc90/semi70,gsm8k/327,1,243,44
distilled/acc90/semi70,gsm8k/328,1,148,15
distilled/acc90/semi70,gsm8k/329,1,174,53
distilled/acc90/semi70,gsm8k/330,1,166,41
distilled/acc90/semi70,gsm8k/331,1,181,69
distilled/acc90/semi70,gsm8k/332,1,236,51
distilled/acc90/semi70,gsm8k/333,1,171,30
distilled/acc90/semi70,gsm8k/334,0,375,144
distilled/acc90/semi70,gsm8k/335,1,152,43
distilled/acc90/semi70,gsm8k/336,1,259,71
distilled/acc90/semi70,gsm8k/337,1,283,63
distilled/acc90/semi70,gsm8k/338,1,216,39
distilled/acc90/semi70,gsm8k/339,0,3975,389
distilled/acc90/semi70,gsm8k/340,1,179,52
distilled/acc90/semi70,gsm8k/341,1,137,45
distilled/acc90/semi70,gsm8k/342,1,226,61
distilled/acc90/semi70,gsm8k/343,1,210,64
distilled/acc90/semi70,gsm8k/344,1,93,24
distilled/acc90/semi70,gsm8k/345,1,294,66
distilled/acc90/semi70,gsm8k/346,1,412,120
distilled/acc90/semi70,gsm8k/347,1,123,37
distilled/acc90/semi70,gsm8k/348,0,281,52
distilled/acc90/semi70,gsm8k/349,1,197,45
distilled/acc90/semi70,gsm8k/350,1,260,60
distilled/acc90/semi70,gsm8k/351,1,478,98
distilled/acc90/semi70,gsm8k/352,1,103,19
distilled/acc90/semi70,gsm8k/353,1,171,53
distilled/acc90/semi70,gsm8k/354,1,220,55
distilled/acc90/semi70,gsm8k/355,1,246,58
distilled/acc90/semi70,gsm8k/356,1,230,74
distilled/acc90/semi70,gsm8k/357,0,454,135
distilled/acc90/semi70,gsm8k/358,1,174,29
distilled/acc90/semi70,gsm8k/359,1,258,64
distilled/acc90/semi70,gsm8k/360,1,456,126
distilled/acc90/semi70,gsm8k/361,1,238,67
distilled/acc90/semi70,gsm8k/362,1,146,27
distilled/acc90/semi70,gsm8k/363,1,161,41
distilled/acc90/semi70,gsm8k/364,1,105,40
distilled/acc90/semi70,gsm8k/365,1,263,92
distilled/acc90/semi70,gsm8k/366,0,226,59
distilled/acc90/semi70,gsm8k/367,1,195,41
distilled/acc90/semi70,gsm8k/368,1,248,79
distilled/acc90/semi70,gsm8k/369,1,197,57
distilled/acc90/semi70,gsm8k/370,1,234,65
distilled/acc90/semi70,gsm8k/371,1,219,28
distilled/acc90/semi70,gsm8k/372,1,265,78
distilled/acc90/semi70,gsm8k/373,1,143,17
distilled/acc90/semi70,gsm8k/374,1,377,96
distilled/acc90/semi70,gsm8k/375,1,365,132
distilled/acc90/semi70,gsm8k/376,1,154,17
distilled/acc90/semi70,gsm8k/377,1,171,39
distilled/acc90/semi70,gsm8k/378,1,364,85
distilled/acc90/semi70,gsm8k/379,1,194,65
distilled/acc90/semi70,gsm8k/380,1,337,85
distilled/acc90/semi70,gsm8k/381,1,146,23
distilled/acc90/semi70,gsm8k/382,0,407,104
distilled/acc90/semi70,gsm8k/383,1,156,36
distilled/acc90/semi70,gsm8k/384,1,144,20
distilled/acc90/semi70,gsm8k/385,1,195,35
distilled/acc90/semi70,gsm8k/386,1,237,60
distilled/acc90/semi70,gsm8k/387,1,229,55
distilled/acc90/semi70,gsm8k/388,0,248,75
distilled/acc90/semi70,gsm8k/389,0,4017,311
distilled/acc90/semi70,gsm8k/390,1,237,84
distilled/acc90/semi70,gsm8k/391,1,277,61
distilled/acc90/semi70,gsm8k/392,1,292,109
distilled/acc90/semi70,gsm8k/393,1,178,47
distilled/acc90/semi70,gsm8k/394,1,165,30
distilled/acc90/semi70,gsm8k/395,0,114,29
distilled/acc90/semi70,gsm8k/396,1,220,78
distilled/acc90/semi70,gsm8k/397,1,127,32
distilled/acc90/semi70,gsm8k/398,1,177,34
distilled/acc90/semi70,gsm8k/399,0,296,107
distilled/acc90/semi70,gsm8k/400,1,177,43
distilled/acc90/semi70,gsm8k/401,1,263,63
distilled/acc90/semi70,gsm8k/402,1,324,105
distilled/acc90/semi70,gsm8k/403,1,341,60
distilled/acc90/semi70,gsm8k/404,1,164,41
distilled/acc90/semi70,gsm8k/405,0,515,164
distilled/acc90/semi70,gsm8k/406,0,240,85
distilled/acc90/semi70,gsm8k/407,1,317,66
distilled/acc90/semi70,gsm8k/408,1,100,27
distilled/acc90/semi70,gsm8k/409,1,318,75
distilled/acc90/semi70,gsm8k/410,0,337,84
distilled/acc90/semi70,gsm8k/411,0,230,62
distilled/acc90/semi70,gsm8k/412,0,234,86
distilled/acc90/semi70,gsm8k/413,1,196,43
distilled/acc90/semi70,gsm8k/414,0,190,57
distilled/acc90/semi70,gsm8k/415,1,337,62
distilled/acc90/semi70,gsm8k/416,1,166,29
distilled/acc90/semi70,gsm8k/417,1,272,42
distilled/acc90/semi70,gsm8k/418,1,110,41
distilled/acc90/semi70,gsm8k/419,1,256,52
distilled/acc90/semi70,gsm8k/420,0,244,39
distilled/acc90/semi70,gsm8k/421,1,143,24
distilled/acc90/semi70,gsm8k/422,1,147,34
distilled/acc90/semi70,gsm8k/423,1,159,30
distilled/acc90/semi70,gsm8k/424,1,148,37
distilled/acc90/semi70,gsm8k/425,1,234,66
distilled/acc90/semi70,gsm8k/426,0,199,42
distilled/acc90/semi70,gsm8k/427,1,340,92
distilled/acc90/semi70,gsm8k/428,1,215,53
distilled/acc90/semi70,gsm8k/429,0,297,134
distilled/acc90/semi70,gsm8k/430,1,128,33
distilled/acc90/semi70,gsm8k/431,0,438,213
distilled/acc90/semi70,gsm8k/432,1,156,31
distilled/acc90/semi70,gsm8k/433,0,393,131
distilled/acc90/semi70,gsm8k/434,1,337,67
distilled/acc90/semi70,gsm8k/435,1,223,40
distilled/acc90/semi70,gsm8k/436,1,273,79
distilled/acc90/semi70,gsm8k/437,1,457,125
distilled/acc90/semi70,gsm8k/438,0,155,36
distilled/acc90/semi70,gsm8k/439,1,309,65
distilled/acc90/semi70,gsm8k/440,1,154,35
distilled/acc90/semi70,gsm8k/441,1,276,91
distilled/acc90/semi70,gsm8k/442,1,147,35
distilled/acc90/semi70,gsm8k/443,1,282,73
distilled/acc90/semi70,gsm8k/444,1,112,22
distilled/acc90/semi70,gsm8k/445,1,274,99
distilled/acc90/semi70,gsm8k/446,1,367,110
distilled/acc90/semi70,gsm8k/447,1,175,49
distilled/acc90/semi70,gsm8k/448,1,191,37
distilled/acc90/semi70,gsm8k/449,1,221,37
distilled/acc90/semi70,gsm8k/450,1,181,26
distilled/acc90/semi70,gsm8k/451,1,637,199
distilled/acc90/semi70,gsm8k/452,0,172,60
distilled/acc90/semi70,gsm8k/453,1,257,88
distilled/acc90/semi70,gsm8k/454,0,269,115
distilled/acc90/semi70,gsm8k/455,1,200,64
distilled/acc90/semi70,gsm8k/456,1,149,14
distilled/acc90/semi70,gsm8k/457,1,249,82
distilled/acc90/semi70,gsm8k/458,1,242,92
distilled/acc90/semi70,gsm8k/459,0,308,88
distilled/acc90/semi70,gsm8k/460,1,179,32
distilled/acc90/semi70,gsm8k/461,1,290,78
distilled/acc90/semi70,gsm8k/462,1,264,38
distilled/acc90/semi70,gsm8k/463,0,298,122
distilled/acc90/semi70,gsm8k/464,1,215,56
distilled/acc90/semi70,gsm8k/465,0,465,193
distilled/acc90/semi70,gsm8k/466,1,327,75
distilled/acc90/semi70,gsm8k/467,1,146,22
distilled/acc90/semi70,gsm8k/468,1,167,44
distilled/acc90/semi70,gsm8k/469,1,200,54
distilled/acc90/semi70,gsm8k/470,0,260,66
distilled/acc90/semi70,gsm8k/471,1,263,65
distilled/acc90/semi70,gsm8k/472,1,296,88
distilled/acc90/semi70,gsm8k/473,1,243,38
distilled/acc90/semi70,gsm8k/474,1,193,38
distilled/acc90/semi70,gsm8k/475,0,266,130
distilled/acc90/semi70,gsm8k/476,1,219,92
distilled/acc90/semi70,gsm8k/477,1,170,50
distilled/acc90/semi70,gsm8k/478,1,214,23
distilled/acc90/semi70,gsm8k/479,0,393,107
distilled/acc90/semi70,gsm8k/480,1,237,53
distilled/acc90/semi70,gsm8k/481,1,348,100
distilled/acc90/semi70,gsm8k/482,1,219,45
distilled/acc90/semi70,gsm8k/483,1,407,142
distilled/acc90/semi70,gsm8k/484,1,325,72
distilled/acc90/semi70,gsm8k/485,1,135,22
distilled/acc90/semi70,gsm8k/486,0,559,177
distilled/acc90/semi70,gsm8k/487,1,145,39
distilled/acc90/semi70,gsm8k/488,1,258,54
distilled/acc90/semi70,gsm8k/489,1,309,70
distilled/acc90/semi70,gsm8k/490,0,462,208
distilled/acc90/semi70,gsm8k/491,1,396,87
distilled/acc90/semi70,gsm8k/492,1,277,90
distilled/acc90/semi70,gsm8k/493,0,192,38
distilled/acc90/semi70,gsm8k/494,1,151,39
distilled/acc90/semi70,gsm8k/495,1,161,43
distilled/acc90/semi70,gsm8k/496,0,261,79
distilled/acc90/semi70,gsm8k/497,1,283,31
distilled/acc90/semi70,gsm8k/498,1,132,30
distilled/acc90/semi70,gsm8k/499,0,269,88
distilled/acc90/semi70,gsm8k/500,1,108,17
distilled/acc90/semi70,gsm8k/501,1,185,38
distilled/acc90/semi70,gsm8k/502,0,323,68
distilled/acc90/semi70,gsm8k/503,1,200,41
distilled/acc90/semi70,gsm8k/504,1,277,119
distilled/acc90/semi70,gsm8k/505,1,230,48
distilled/acc90/semi70,gsm8k/506,1,101,45
distilled/acc90/semi70,gsm8k/507,1,251,56
distilled/acc90/semi70,gsm8k/508,1,162,20
distilled/acc90/semi70,gsm8k/509,1,345,87
distilled/acc90/semi70,gsm8k/510,1,209,32
distilled/acc90/semi70,gsm8k/511,0,252,114
distilled/acc90/semi70,math500/0,1,242,56
distilled/acc90/semi70,math500/1,1,848,150
distilled/acc90/semi70,math500/2,0,363,29
distilled/acc90/semi70,math500/3,1,292,47
distilled/acc90/semi70,math500/4,1,363,86
distilled/acc90/semi70,math500/5,1,220,55
distilled/acc90/semi70,math500/6,1,357,101
distilled/acc90/semi70,math500/7,1,721,140
distilled/acc90/semi70,math500/8,1,277,47
distilled/acc90/semi70,math500/9,0,985,328
distilled/acc90/semi70,math500/10,0,4048,341
distilled/acc90/semi70,math500/11,0,1027,189
distilled/acc90/semi70,math500/12,0,516,152
distilled/acc90/semi70,math500/13,1,189,37
distilled/acc90/semi70,math500/14,0,281,89
distilled/acc90/semi70,math500/15,1,672,128
distilled/acc90/semi70,math500/16,1,188,51
distilled/acc90/semi70,math500/17,1,478,163
distilled/acc90/semi70,math500/18,1,308,110
distilled/acc90/semi70,math500/19,0,1116,267
distilled/acc90/semi70,math500/20,1,137,24
distilled/acc90/semi70,math500/21,0,1062,196
distilled/acc90/semi70,math500/22,1,675,129
distilled/acc90/semi70,math500/23,1,412,50
distilled/acc90/semi70,math500/24,1,655,197
distilled/acc90/semi70,math500/25,0,3994,213
distilled/acc90/semi70,math500/26,0,1120,459
distilled/acc90/semi70,math500/27,0,351,79
distilled/acc90/semi70,math500/28,1,137,44
distilled/acc90/semi70,math500/29,1,309,80
distilled/acc90/semi70,math500/30,1,226,58
distilled/acc90/semi70,math500/31,1,143,29
distilled/acc90/semi70,math500/32,1,444,208
distilled/acc90/semi70,math500/33,0,656,98
distilled/acc90/semi70,math500/34,1,686,90
distilled/acc90/semi70,math500/35,1,272,53
distilled/acc90/semi70,math500/36,1,498,61
distilled/acc90/semi70,math500/37,1,136,64
distilled/acc90/semi70,math500/38,1,173,44
distilled/acc90/semi70,math500/39,1,343,60
distilled/acc90/semi70,math500/40,1,240,47
distilled/acc90/semi70,math500/41,0,629,179
distilled/acc90/semi70,math500/42,1,183,30
distilled/acc90/semi70,math500/43,0,1312,278
distilled/acc90/semi70,math500/44,1,371,114
distilled/acc90/semi70,math500/45,1,167,28
distilled/acc90/semi70,math500/46,0,1029,308
distilled/acc90/semi70,math500/47,1,312,74
distilled/acc90/semi70,math500/48,1,186,37
distilled/acc90/semi70,math500/49,1,160,21
distilled/acc90/semi70,math500/50,0,730,222
distilled/acc90/semi70,math500/51,1,369,106
distilled/acc90/semi70,math500/52,1,303,38
distilled/acc90/semi70,math500/53,1,321,49
distilled/acc90/semi70,math500/54,1,57,10
distilled/acc90/semi70,math500/55,1,245,72
distilled/acc90/semi70,math500/56,1,234,50
distilled/acc90/semi70,math500/57,1,438,75
distilled/acc90/semi70,math500/58,0,167,25
distilled/acc90/semi70,math500/59,1,305,73
distilled/acc90/semi70,math500/60,0,1363,320
distilled/acc90/semi70,math500/61,1,534,75
distilled/acc90/semi70,math500/62,0,766,179
distilled/acc90/semi70,math500/63,1,996,172
distilled/acc90/semi70,math500/64,0,1432,373
distilled/acc90/semi70,math500/65,1,133,64
distilled/acc90/semi70,math500/66,0,266,43
distilled/acc90/semi70,math500/67,1,283,61
distilled/acc90/semi70,math500/68,1,1003,215
distilled/acc90/semi70,math500/69,0,806,173
distilled/acc90/semi70,math500/70,1,173,56
distilled/acc90/semi70,math500/71,0,278,110
distilled/acc90/semi70,math500/72,1,268,52
distilled/acc90/semi70,math500/73,1,253,28
distilled/acc90/semi70,math500/74,1,371,74
distilled/acc90/semi70,math500/75,1,383,106
distilled/acc90/semi70,math500/76,1,373,120
distilled/acc90/semi70,math500/77,1,175,24
distilled/acc90/semi70,math500/78,0,895,130
distilled/acc90/semi70,math500/79,1,178,22
distilled/acc90/semi70,math500/80,0,1115,373
distilled/acc90/semi70,math500/81,0,345,94
distilled/acc90/semi70,math500/82,0,649,224
distilled/acc90/semi70,math500/83,0,4049,349
distilled/acc90/semi70,math500/84,1,704,88
distilled/acc90/semi70,math500/85,1,359,77
distilled/acc90/semi70,math500/86,1,109,34
distilled/acc90/semi70,math500/87,1,388,86
distilled/acc90/semi70,math500/88,0,1058,327
distilled/acc90/semi70,math500/89,0,376,75
distilled/acc90/semi70,math500/90,1,81,23
distilled/acc90/semi70,math500/91,1,452,113
distilled/acc90/semi70,math500/92,0,468,88
distilled/acc90/semi70,math500/93,1,395,65
distilled/acc90/semi70,math500/94,0,3725,326
distilled/acc90/semi70,math500/95,1,564,73
distilled/acc90/semi70,math500/96,0,3965,454
distilled/acc90/semi70,math500/97,0,264,112
distilled/acc90/semi70,math500/98,1,111,20
distilled/acc90/semi70,math500/99,0,3976,368
distilled/acc90/semi70,math500/100,0,3872,959
distilled/acc90/semi70,math500/101,0,3882,769
distilled/acc90/semi70,math500/102,1,200,41
distilled/acc90/semi70,math500/103,0,3966,498
distilled/acc90/semi70,math500/104,0,3993,312
distilled/acc90/semi70,math500/105,1,315,59
distilled/acc90/semi70,math500/106,1,267,65
distilled/acc90/semi70,math500/107,1,349,83
distilled/acc90/semi70,math500/108,1,1048,369
distilled/acc90/semi70,math500/109,1,1188,135
distilled/acc90/semi70,math500/110,0,3955,405
distilled/acc90/semi70,math500/111,1,247,45
distilled/acc90/semi70,math500/112,1,670,102
distilled/acc90/semi70,math500/113,1,278,33
distilled/acc90/semi70,math500/114,1,498,69
distilled/acc90/semi70,math500/115,1,225,63
distilled/acc90/semi70,math500/116,1,213,28
distilled/acc90/semi70,math500/117,1,198,30
distilled/acc90/semi70,math500/118,0,865,188
distilled/acc90/semi70,math500/119,1,722,239
distilled/acc90/semi70,math500/120,1,460,179
distilled/acc90/semi70,math500/121,1,185,31
distilled/acc90/semi70,math500/122,1,250,65
distilled/acc90/semi70,math500/123,0,3824,363
distilled/acc90/semi70,math500/124,1,296,65
distilled/acc90/semi70,math500/125,1,216,28
distilled/acc90/semi70,math500/126,0,2107,461
distilled/acc90/semi70,math500/127,0,184,41
distilled/acc90/semi70,math500/128,0,248,82
distilled/acc90/semi70,math500/129,0,1275,233
distilled/acc90/semi70,math500/130,0,433,114
distilled/acc90/semi70,math500/131,1,353,46
distilled/acc90/semi70,math500/132,1,322,60
distilled/acc90/semi70,math500/133,1,269,75
distilled/acc90/semi70,math500/134,1,514,111
distilled/acc90/semi70,math500/135,1,304,70
distilled/acc90/semi70,math500/136,0,3971,527
distilled/acc90/semi70,math500/137,0,336,53
distilled/acc90/semi70,math500/138,0,1185,570
distilled/acc90/semi70,math500/139,1,898,196
distilled/acc90/semi70,math500/140,1,457,103
distilled/acc90/semi70,math500/141,1,234,102
distilled/acc90/semi70,math500/142,1,429,154
distilled/acc90/semi70,math500/143,0,621,81
distilled/acc90/semi70,math500/144,1,217,29
distilled/acc90/semi70,math500/145,0,4015,728
distilled/acc90/semi70,math500/146,1,265,45
distilled/acc90/semi70,math500/147,0,2194,483
distilled/acc90/semi70,math500/148,1,161,21
distilled/acc90/semi70,math500/149,1,689,177
distilled/acc90/semi70,math500/150,1,1190,250
distilled/acc90/semi70,math500/151,0,1205,215
distilled/acc90/semi70,math500/152,1,1118,245
distilled/acc90/semi70,math500/153,1,573,120
distilled/acc90/semi70,math500/154,0,968,444
distilled/acc90/semi70,math500/155,1,454,99
distilled/acc90/semi70,math500/156,0,1212,344
distilled/acc90/semi70,math500/157,1,571,88
distilled/acc90/semi70,math500/158,0,405,85
distilled/acc90/semi70,math500/159,1,296,44
distilled/acc90/semi70,math500/160,1,375,62
distilled/acc90/semi70,math500/161,1,105,20
distilled/acc90/semi70,math500/162,1,343,73
distilled/acc90/semi70,math500/163,0,648,144
distilled/acc90/semi70,math500/164,0,410,84
distilled/acc90/semi70,math500/165,1,220,49
distilled/acc90/semi70,math500/166,0,1086,459
distilled/acc90/semi70,math500/167,1,146,30
distilled/acc90/semi70,math500/168,0,3406,630
distilled/acc90/semi70,math500/169,1,260,43
distilled/acc90/semi70,math500/170,0,1520,258
distilled/acc90/semi70,math500/171,1,223,38
distilled/acc90/semi70,math500/172,0,381,64
distilled/acc90/semi70,math500/173,1,830,149
distilled/acc90/semi70,math500/174,1,303,89
distilled/acc90/semi70,math500/175,0,851,173
distilled/acc90/semi70,math500/176,0,200,33
distilled/acc90/semi70,math500/177,1,1205,352
distilled/acc90/semi70,math500/178,1,127,19
distilled/acc90/semi70,math500/179,1,909,126
distilled/acc90/semi70,math500/180,1,308,92
distilled/acc90/semi70,math500/181,1,334,59
distilled/acc90/semi70,math500/182,1,156,35
distilled/acc90/semi70,math500/183,1,1044,148
distilled/acc90/semi70,math500/184,0,992,216
distilled/acc90/semi70,math500/185,1,153,19
distilled/acc90/semi70,math500/186,1,434,138
distilled/acc90/semi70,math500/187,1,261,41
distilled/acc90/semi70,math500/188,1,1114,151
distilled/acc90/semi70,math500/189,0,2380,516
distilled/acc90/semi70,math500/190,1,426,121
distilled/acc90/semi70,math500/191,1,169,41
distilled/acc90/semi70,math500/192,1,651,132
distilled/acc90/semi70,math500/193,1,388,121
distilled/acc90/semi70,math500/194,1,1570,386
distilled/acc90/semi70,math500/195,1,355,61
distilled/acc90/semi70,math500/196,0,178,39
distilled/acc90/semi70,math500/197,1,793,140
distilled/acc90/semi70,math500/198,1,261,75
distilled/acc90/semi70,math500/199,1,197,28
distilled/acc90/semi70,math500/200,1,251,42
distilled/acc90/semi70,math500/201,1,607,133
distilled/acc90/semi70,math500/202,1,665,179
distilled/acc90/semi70,math500/203,1,514,93
distilled/acc90/semi70,math500/204,0,3986,524
distilled/acc90/semi70,math500/205,0,695,64
distilled/acc90/semi70,math500/206,0,348,56
distilled/acc90/semi70,math500/207,1,162,43
distilled/acc90/semi70,math500/208,0,287,92
distilled/acc90/semi70,math500/209,1,339,116
distilled/acc90/semi70,math500/210,0,473,126
distilled/acc90/semi70,math500/211,1,187,28
distilled/acc90/semi70,math500/212,1,243,59
distilled/acc90/semi70,math500/213,0,4004,182
distilled/acc90/semi70,math500/214,0,588,142
distilled/acc90/semi70,math500/215,0,376,77
distilled/acc90/semi70,math500/216,1,298,47
distilled/acc90/semi70,math500/217,0,4054,270
distilled/acc90/semi70,math500/218,1,183,22
distilled/acc90/semi70,math500/219,0,1935,432
distilled/acc90/semi70,math500/220,1,198,60
distilled/acc90/semi70,math500/221,1,437,120
distilled/acc90/semi70,math500/222,0,529,231
distilled/acc90/semi70,math500/223,1,334,74
distilled/acc90/semi70,math500/224,0,595,153
distilled/acc90/semi70,math500/225,0,159,51
distilled/acc90/semi70,math500/226,1,285,129
distilled/acc90/semi70,math500/227,0,244,152
distilled/acc90/semi70,math500/228,0,1407,286
distilled/acc90/semi70,math500/229,1,148,60
distilled/acc90/semi70,math500/230,1,1238,320
distilled/acc90/semi70,math500/231,1,665,109
distilled/acc90/semi70,math500/232,1,398,121
distilled/acc90/semi70,math500/233,1,456,70
distilled/acc90/semi70,math500/234,1,489,90
distilled/acc90/semi70,math500/235,1,415,45
distilled/acc90/semi70,math500/236,1,635,107
distilled/acc90/semi70,math500/237,0,4027,285
distilled/acc90/semi70,math500/238,1,449,104
distilled/acc90/semi70,math500/239,0,3966,413
distilled/acc90/semi70,math500/240,0,1539,424
distilled/acc90/semi70,math500/241,1,869,193
distilled/acc90/semi70,math500/242,1,401,133
distilled/acc90/semi70,math500/243,1,237,83
distilled/acc90/semi70,math500/244,1,467,158
distilled/acc90/semi70,math500/245,0,931,205
distilled/acc90/semi70,math500/246,0,191,92
distilled/acc90/semi70,math500/247,1,486,86
distilled/acc90/semi70,math500/248,0,4003,346
distilled/acc90/semi70,math500/249,0,1017,206
distilled/acc90/semi70,math500/250,1,475,77
distilled/acc90/semi70,math500/251,1,697,239
distilled/acc90/semi70,math500/252,1,490,88
distilled/acc90/semi70,math500/253,1,170,36
distilled/acc90/semi70,math500/254,1,375,118
distilled/acc90/semi70,math500/255,0,505,150
distilled/acc90/semi70,math500/256,1,241,27
distilled/acc90/semi70,math500/257,1,249,55
distilled/acc90/semi70,math500/258,1,349,71
distilled/acc90/semi70,math500/259,1,179,34
distilled/acc90/semi70,math500/260,1,502,53
distilled/acc90/semi70,math500/261,1,317,76
distilled/acc90/semi70,math500/262,1,138,18
distilled/acc90/semi70,math500/263,1,285,63
distilled/acc90/semi70,math500/264,0,507,177
distilled/acc90/semi70,math500/265,1,218,29
distilled/acc90/semi70,math500/266,1,369,90
distilled/acc90/semi70,math500/267,0,1061,431
distilled/acc90/semi70,math500/268,1,185,32
distilled/acc90/semi70,math500/269,1,163,54
distilled/acc90/semi70,math500/270,1,303,53
distilled/acc90/semi70,math500/271,1,520,117
distilled/acc90/semi70,math500/272,1,743,185
distilled/acc90/semi70,math500/273,0,252,76
distilled/acc90/semi70,math500/274,0,880,377
distilled/acc90/semi70,math500/275,1,178,15
distilled/acc90/semi70,math500/276,0,464,173
distilled/acc90/semi70,math500/277,1,152,68
distilled/acc90/semi70,math500/278,1,264,80
distilled/acc90/semi70,math500/279,0,474,126
distilled/acc90/semi70,math500/280,1,487,124
distilled/acc90/semi70,math500/281,0,656,298
distilled/acc90/semi70,math500/282,0,459,79
distilled/acc90/semi70,math500/283,1,285,33
distilled/acc90/semi70,math500/284,0,1576,337
distilled/acc90/semi70,math500/285,0,3916,367
distilled/acc90/semi70,math500/286,0,3866,818
distilled/acc90/semi70,math500/287,0,505,162
distilled/acc90/semi70,math500/288,1,1127,157
distilled/acc90/semi70,math500/289,1,538,96
distilled/acc90/semi70,math500/290,0,650,94
distilled/acc90/semi70,math500/291,1,340,111
distilled/acc90/semi70,math500/292,0,3118,380
distilled/acc90/semi70,math500/293,1,372,49
distilled/acc90/semi70,math500/294,1,592,196
distilled/acc90/semi70,math500/295,0,3973,728
distilled/acc90/semi70,math500/296,0,580,195
distilled/acc90/semi70,math500/297,0,3979,255
distilled/acc90/semi70,math500/298,0,996,94
distilled/acc90/semi70,math500/299,1,338,105
distilled/acc90/semi70,math500/300,1,238,100
distilled/acc90/semi70,math500/301,0,372,94
distilled/acc90/semi70,math500/302,1,1172,363
distilled/acc90/semi70,math500/303,0,3088,872
distilled/acc90/semi70,math500/304,1,613,97
distilled/acc90/semi70,math500/305,1,422,56
distilled/acc90/semi70,math500/306,0,4023,408
distilled/acc90/semi70,math500/307,1,456,118
distilled/acc90/semi70,math500/308,0,3667,942
distilled/acc90/semi70,math500/309,0,4049,256
distilled/acc90/semi70,math500/310,0,279,47
distilled/acc90/semi70,math500/311,1,498,81
distilled/acc90/semi70,math500/312,1,165,63
distilled/acc90/semi70,math500/313,0,221,59
distilled/acc90/semi70,math500/314,1,294,47
distilled/acc90/semi70,math500/315,1,668,198
distilled/acc90/semi70,math500/316,1,504,103
distilled/acc90/semi70,math500/317,0,2330,515
distilled/acc90/semi70,math500/318,0,314,57
distilled/acc90/semi70,math500/319,1,225,41
distilled/acc90/semi70,math500/320,1,674,201
distilled/acc90/semi70,math500/321,1,267,72
distilled/acc90/semi70,math500/322,1,207,28
distilled/acc90/semi70,math500/323,1,617,288
distilled/acc90/semi70,math500/324,0,3799,750
distilled/acc90/semi70,math500/325,1,395,52
distilled/acc90/semi70,math500/326,0,470,73
distilled/acc90/semi70,math500/327,0,1982,410
distilled/acc90/semi70,math500/328,0,1173,273
distilled/acc90/semi70,math500/329,1,167,24
distilled/acc90/semi70,math500/330,0,300,98
distilled/acc90/semi70,math500/331,1,616,88
distilled/acc90/semi70,math500/332,0,1069,333
distilled/acc90/semi70,math500/333,1,587,164
distilled/acc90/semi70,math500/334,1,398,71
distilled/acc90/semi70,math500/335,1,774,113
distilled/acc90/semi70,math500/336,1,201,21
distilled/acc90/semi70,math500/337,1,997,257
distilled/acc90/semi70,math500/338,0,174,43
distilled/acc90/semi70,math500/339,0,586,157
distilled/acc90/semi70,math500/340,0,1820,324
distilled/acc90/semi70,math500/341,1,233,58
distilled/acc90/semi70,math500/342,1,212,37
distilled/acc90/semi70,math500/343,1,287,95
distilled/acc90/semi70,math500/344,0,365,84
distilled/acc90/semi70,math500/345,0,172,22
distilled/acc90/semi70,math500/346,1,394,52
distilled/acc90/semi70,math500/347,1,258,42
distilled/acc90/semi70,math500/348,1,271,43
distilled/acc90/semi70,math500/349,0,519,186
distilled/acc90/semi70,math500/350,1,318,75
distilled/acc90/semi70,math500/351,0,700,91
distilled/acc90/semi70,math500/352,0,3874,781
distilled/acc90/semi70,math500/353,1,358,137
distilled/acc90/semi70,math500/354,1,419,136
distilled/acc90/semi70,math500/355,0,2266,449
distilled/acc90/semi70,math500/356,1,538,133
distilled/acc90/semi70,math500/357,0,508,159
distilled/acc90/semi70,math500/358,0,345,142
distilled/acc90/semi70,math500/359,0,3976,265
distilled/acc90/semi70,math500/360,1,441,100
distilled/acc90/semi70,math500/361,0,1452,358
distilled/acc90/semi70,math500/362,1,227,55
distilled/acc90/semi70,math500/363,1,113,31
distilled/acc90/semi70,math500/364,1,734,190
distilled/acc90/semi70,math500/365,0,4017,1024
distilled/acc90/semi70,math500/366,0,382,90
distilled/acc90/semi70,math500/367,1,193,29
distilled/acc90/semi70,math500/368,1,340,107
distilled/acc90/semi70,math500/369,1,270,73
distilled/acc90/semi70,math500/370,1,189,27
distilled/acc90/semi70,math500/371,0,4008,298
distilled/acc90/semi70,math500/372,0,615,254
distilled/acc90/semi70,math500/373,1,383,66
distilled/acc90/semi70,math500/374,1,137,11
distilled/acc90/semi70,math500/375,1,466,124
distilled/acc90/semi70,math500/376,1,688,121
distilled/acc90/semi70,math500/377,1,857,300
distilled/acc90/semi70,math500/378,1,481,120
distilled/acc90/semi70,math500/379,1,711,134
distilled/acc90/semi70,math500/380,1,1046,227
distilled/acc90/semi70,math500/381,0,811,321
distilled/acc90/semi70,math500/382,1,571,147
distilled/acc90/semi70,math500/383,0,523,95
distilled/acc90/semi70,math500/384,1,122,17
distilled/acc90/semi70,math500/385,1,278,51
distilled/acc90/semi70,math500/386,0,267,73
distilled/acc90/semi70,math500/387,1,175,34
distilled/acc90/semi70,math500/388,1,424,73
distilled/acc90/semi70,math500/389,1,460,122
distilled/acc90/semi70,math500/390,0,762,147
distilled/acc90/semi70,math500/391,0,1538,337
distilled/acc90/semi70,math500/392,0,3795,858
distilled/acc90/semi70,math500/393,1,242,64
distilled/acc90/semi70,math500/394,0,1421,398
distilled/acc90/semi70,math500/395,1,262,58
distilled/acc90/semi70,math500/396,1,379,126
distilled/acc90/semi70,math500/397,1,173,16
distilled/acc90/semi70,math500/398,0,429,80
distilled/acc90/semi70,math500/399,1,85,24
distilled/acc90/semi70,math500/400,0,1686,490
distilled/acc90/semi70,math500/401,0,2165,386
distilled/acc90/semi70,math500/402,0,413,141
distilled/acc90/semi70,math500/403,0,418,84
distilled/acc90/semi70,math500/404,1,242,53
distilled/acc90/semi70,math500/405,1,230,74
distilled/acc90/semi70,math500/406,1,111,31
distilled/acc90/semi70,math500/407,1,186,26
distilled/acc90/semi70,math500/408,0,1085,188
distilled/acc90/semi70,math500/409,1,810,220
distilled/acc90/semi70,math500/410,1,440,135
distilled/acc90/semi70,math500/411,1,139,55
distilled/acc90/semi70,math500/412,0,3999,502
distilled/acc90/semi70,math500/413,1,194,37
distilled/acc90/semi70,math500/414,1,292,48
distilled/acc90/semi70,math500/415,0,563,141
distilled/acc90/semi70,math500/416,1,706,78
distilled/acc90/semi70,math500/417,1,262,61
distilled/acc90/semi70,math500/418,1,351,58
distilled/acc90/semi70,math500/419,0,1193,201
distilled/acc90/semi70,math500/420,0,432,52
distilled/acc90/semi70,math500/421,0,3967,350
distilled/acc90/semi70,math500/422,0,3963,650
distilled/acc90/semi70,math500/423,0,1054,182
distilled/acc90/semi70,math500/424,1,305,39
distilled/acc90/semi70,math500/425,0,1003,213
distilled/acc90/semi70,math500/426,1,403,96
distilled/acc90/semi70,math500/427,0,189,39
distilled/acc90/semi70,math500/428,1,756,82
distilled/acc90/semi70,math500/429,0,843,168
distilled/acc90/semi70,math500/430,1,54,16
distilled/acc90/semi70,math500/431,0,782,177
distilled/acc90/semi70,math500/432,0,3995,702
distilled/acc90/semi70,math500/433,0,68,14
distilled/acc90/semi70,math500/434,0,519,148
distilled/acc90/semi70,math500/435,1,545,118
distilled/acc90/semi70,math500/436,0,4031,279
distilled/acc90/semi70,math500/437,0,3976,299
distilled/acc90/semi70,math500/438,1,206,75
distilled/acc90/semi70,math500/439,0,249,64
distilled/acc90/semi70,math500/440,0,289,34
distilled/acc90/semi70,math500/441,1,258,53
distilled/acc90/semi70,math500/442,1,260,27
distilled/acc90/semi70,math500/443,1,201,28
distilled/acc90/semi70,math500/444,0,1030,302
distilled/acc90/semi70,math500/445,0,2325,531
distilled/acc90/semi70,math500/446,1,1691,289
distilled/acc90/semi70,math500/447,1,345,101
distilled/acc90/semi70,math500/448,0,595,121
distilled/acc90/semi70,math500/449,1,179,26
distilled/acc90/semi70,math500/450,1,646,156
distilled/acc90/semi70,math500/451,1,271,70
distilled/acc90/semi70,math500/452,0,504,101
distilled/acc90/semi70,math500/453,0,251,80
distilled/acc90/semi70,math500/454,0,1282,255
distilled/acc90/semi70,math500/455,1,176,35
distilled/acc90/semi70,math500/456,0,4029,488
distilled/acc90/semi70,math500/457,1,68,28
distilled/acc90/semi70,math500/458,0,3964,293
distilled/acc90/semi70,math500/459,0,785,187
distilled/acc90/semi70,math500/460,0,457,157
distilled/acc90/semi70,math500/461,1,496,52
distilled/acc90/semi70,math500/462,1,334,102
distilled/acc90/semi70,math500/463,1,146,37
distilled/acc90/semi70,math500/464,1,557,124
distilled/acc90/semi70,math500/465,1,414,122
distilled/acc90/semi70,math500/466,1,1553,390
distilled/acc90/semi70,math500/467,1,291,86
distilled/acc90/semi70,math500/468,1,177,43
distilled/acc90/semi70,math500/469,1,197,23
distilled/acc90/semi70,math500/470,0,1035,291
distilled/acc90/semi70,math500/471,1,193,32
distilled/acc90/semi70,math500/472,0,206,31
distilled/acc90/semi70,math500/473,0,3841,316
distilled/acc90/semi70,math500/474,1,479,60
distilled/acc90/semi70,math500/475,0,3913,660
distilled/acc90/semi70,math500/476,1,296,74
distilled/acc90/semi70,math500/477,0,592,219
distilled/acc90/semi70,math500/478,0,679,158
distilled/acc90/semi70,math500/479,1,294,98
distilled/acc90/semi70,math500/480,1,440,100
distilled/acc90/semi70,math500/481,0,1607,288
distilled/acc90/semi70,math500/482,1,893,275
distilled/acc90/semi70,math500/483,0,4022,438
distilled/acc90/semi70,math500/484,0,4037,370
distilled/acc90/semi70,math500/485,1,1579,241
distilled/acc90/semi70,math500/486,0,375,112
distilled/acc90/semi70,math500/487,0,215,40
distilled/acc90/semi70,math500/488,1,141,38
distilled/acc90/semi70,math500/489,1,557,148
distilled/acc90/semi70,math500/490,0,3314,580
distilled/acc90/semi70,math500/491,0,303,126
distilled/acc90/semi70,math500/492,1,423,70
distilled/acc90/semi70,math500/493,1,630,75
distilled/acc90/semi70,math500/494,0,2435,560
distilled/acc90/semi70,math500/495,0,445,129
distilled/acc90/semi70,math500/496,1,380,36
distilled/acc90/semi70,math500/497,0,3376,734
distilled/acc90/semi70,math500/498,0,1895,275
distilled/acc90/semi70,math500/499,1,410,99
distilled/acc90/semi90,gsm8k/0,1,130,47
distilled/acc90/semi90,gsm8k/1,0,257,88
distilled/acc90/semi90,gsm8k/2,1,195,41
distilled/acc90/semi90,gsm8k/3,1,200,43
distilled/acc90/semi90,gsm8k/4,1,258,121
distilled/acc90/semi90,gsm8k/5,1,148,31
distilled/acc90/semi90,gsm8k/6,1,162,39
distilled/acc90/semi90,gsm8k/7,1,194,51
distilled/acc90/semi90,gsm8k/8,1,298,95
distilled/acc90/semi90,gsm8k/9,1,281,104
distilled/acc90/semi90,gsm8k/10,1,269,113
distilled/acc90/semi90,gsm8k/11,1,423,111
distilled/acc90/semi90,gsm8k/12,1,114,26
distilled/acc90/semi90,gsm8k/13,1,216,47
distilled/acc90/semi90,gsm8k/14,1,298,112
distilled/acc90/semi90,gsm8k/15,1,206,55
distilled/acc90/semi90,gsm8k/16,1,172,31
distilled/acc90/semi90,gsm8k/17,1,191,59
distilled/acc90/semi90,gsm8k/18,0,188,58
distilled/acc90/semi90,gsm8k/19,1,212,40
distilled/acc90/semi90,gsm8k/20,1,179,47
distilled/acc90/semi90,gsm8k/21,1,203,77
distilled/acc90/semi90,gsm8k/22,1,232,51
distilled/acc90/semi90,gsm8k/23,1,307,92
distilled/acc90/semi90,gsm8k/24,1,197,52
distilled/acc90/semi90,gsm8k/25,1,262,64
distilled/acc90/semi90,gsm8k/26,1,226,76
distilled/acc90/semi90,gsm8k/27,1,101,28
distilled/acc90/semi90,gsm8k/28,1,177,54
distilled/acc90/semi90,gsm8k/29,1,176,49
distilled/acc90/semi90,gsm8k/30,1,185,51
distilled/acc90/semi90,gsm8k/31,1,294,92
distilled/acc90/semi90,gsm8k/32,1,100,38
distilled/acc90/semi90,gsm8k/33,1,438,122
distilled/acc90/semi90,gsm8k/34,1,323,89
distilled/acc90/semi90,gsm8k/35,1,165,33
distilled/acc90/semi90,gsm8k/36,1,196,44
distilled/acc90/semi90,gsm8k/37,0,203,81
distilled/acc90/semi90,gsm8k/38,1,340,108
distilled/acc90/semi90,gsm8k/39,1,299,69
distilled/acc90/semi90,gsm8k/40,1,204,45
distilled/acc90/semi90,gsm8k/41,1,311,53
distilled/acc90/semi90,gsm8k/42,1,235,44
distilled/acc90/semi90,gsm8k/43,1,140,60
distilled/acc90/semi90,gsm8k/44,1,296,77
distilled/acc90/semi90,gsm8k/45,1,266,68
distilled/acc90/semi90,gsm8k/46,1,284,74
distilled/acc90/semi90,gsm8k/47,1,128,28
distilled/acc90/semi90,gsm8k/48,1,259,87
distilled/acc90/semi90,gsm8k/49,0,333,73
distilled/acc90/semi90,gsm8k/50,0,383,176
distilled/acc90/semi90,gsm8k/51,0,124,45
distilled/acc90/semi90,gsm8k/52,1,162,32
distilled/acc90/semi90,gsm8k/53,1,110,35
distilled/acc90/semi90,gsm8k/54,1,276,80
distilled/acc90/semi90,gsm8k/55,1,174,48
distilled/acc90/semi90,gsm8k/56,0,316,49
distilled/acc90/semi90,gsm8k/57,1,142,35
distilled/acc90/semi90,gsm8k/58,1,161,34
distilled/acc90/semi90,gsm8k/59,1,200,63
distilled/acc90/semi90,gsm8k/60,1,156,35
distilled/acc90/semi90,gsm8k/61,1,186,26
distilled/acc90/semi90,gsm8k/62,1,260,64
distilled/acc90/semi90,gsm8k/63,1,151,64
distilled/acc90/semi90,gsm8k/64,1,445,147
distilled/acc90/semi90,gsm8k/65,1,176,60
distilled/acc90/semi90,gsm8k/66,1,245,60
distilled/acc90/semi90,gsm8k/67,1,262,59
distilled/acc90/semi90,gsm8k/68,0,4008,432
distilled/acc90/semi90,gsm8k/69,1,102,31
distilled/acc90/semi90,gsm8k/70,1,295,77
distilled/acc90/semi90,gsm8k/71,1,217,36
distilled/acc90/semi90,gsm8k/72,1,205,62
distilled/acc90/semi90,gsm8k/73,1,181,51
distilled/acc90/semi90,gsm8k/74,0,144,47
distilled/acc90/semi90,gsm8k/75,1,226,65
distilled/acc90/semi90,gsm8k/76,1,234,74
distilled/acc90/semi90,gsm8k/77,0,329,155
distilled/acc90/semi90,gsm8k/78,0,216,56
distilled/acc90/semi90,gsm8k/79,1,271,49
distilled/acc90/semi90,gsm8k/80,1,203,86
distilled/acc90/semi90,gsm8k/81,1,287,83
distilled/acc90/semi90,gsm8k/82,1,171,46
distilled/acc90/semi90,gsm8k/83,1,310,93
distilled/acc90/semi90,gsm8k/84,1,159,52
distilled/acc90/semi90,gsm8k/85,1,119,31
distilled/acc90/semi90,gsm8k/86,0,290,96
distilled/acc90/semi90,gsm8k/87,1,195,65
distilled/acc90/semi90,gsm8k/88,1,169,39
distilled/acc90/semi90,gsm8k/89,1,185,31
distilled/acc90/semi90,gsm8k/90,1,239,26
distilled/acc90/semi90,gsm8k/91,1,406,88
distilled/acc90/semi90,gsm8k/92,1,193,57
distilled/acc90/semi90,gsm8k/93,1,116,27
distilled/acc90/semi90,gsm8k/94,0,242,101
distilled/acc90/semi90,gsm8k/95,1,182,41
distilled/acc90/semi90,gsm8k/96,0,241,112
distilled/acc90/semi90,gsm8k/97,1,247,95
distilled/acc90/semi90,gsm8k/98,1,158,34
distilled/acc90/semi90,gsm8k/99,1,243,43
distilled/acc90/semi90,gsm8k/100,1,296,116
distilled/acc90/semi90,gsm8k/101,1,254,80
distilled/acc90/semi90,gsm8k/102,1,239,80
distilled/acc90/semi90,gsm8k/103,1,188,31
distilled/acc90/semi90,gsm8k/104,1,142,75
distilled/acc90/semi90,gsm8k/105,1,227,55
distilled/acc90/semi90,gsm8k/106,1,356,139
distilled/acc90/semi90,gsm8k/107,1,244,46
distilled/acc90/semi90,gsm8k/108,1,198,45
distilled/acc90/semi90,gsm8k/109,0,312,77
distilled/acc90/semi90,gsm8k/110,1,160,38
distilled/acc90/semi90,gsm8k/111,1,146,34
distilled/acc90/semi90,gsm8k/112,1,156,47
distilled/acc90/semi90,gsm8k/113,1,179,47
distilled/acc90/semi90,gsm8k/114,1,194,72
distilled/acc90/semi90,gsm8k/115,1,131,27
distilled/acc90/semi90,gsm8k/116,1,262,76
distilled/acc90/semi90,gsm8k/117,1,324,101
distilled/acc90/semi90,gsm8k/118,1,244,74
distilled/acc90/semi90,gsm8k/119,1,281,62
distilled/acc90/semi90,gsm8k/120,1,108,32
distilled/acc90/semi90,gsm8k/121,1,362,103
distilled/acc90/semi90,gsm8k/122,1,116,25
distilled/acc90/semi90,gsm8k/123,1,434,124
distilled/acc90/semi90,gsm8k/124,1,169,37
distilled/acc90/semi90,gsm8k/125,1,150,29
distilled/acc90/semi90,gsm8k/126,1,270,97
distilled/acc90/semi90,gsm8k/127,1,168,43
distilled/acc90/semi90,gsm8k/128,1,818,218
distilled/acc90/semi90,gsm8k/129,1,231,81
distilled/acc90/semi90,gsm8k/130,1,213,59
distilled/acc90/semi90,gsm8k/131,0,385,112
distilled/acc90/semi90,gsm8k/132,1,190,38
distilled/acc90/semi90,gsm8k/133,1,260,90
distilled/acc90/semi90,gsm8k/134,1,155,47
distilled/acc90/semi90,gsm8k/135,0,366,86
distilled/acc90/semi90,gsm8k/136,1,496,121
distilled/acc90/semi90,gsm8k/137,0,228,53
distilled/acc90/semi90,gsm8k/138,1,256,98
distilled/acc90/semi90,gsm8k/139,1,213,51
distilled/acc90/semi90,gsm8k/140,1,292,55
distilled/acc90/semi90,gsm8k/141,0,267,90
distilled/acc90/semi90,gsm8k/142,1,169,49
distilled/acc90/semi90,gsm8k/143,1,244,51
distilled/acc90/semi90,gsm8k/144,1,452,83
distilled/acc90/semi90,gsm8k/145,1,199,64
distilled/acc90/semi90,gsm8k/146,1,296,63
distilled/acc90/semi90,gsm8k/147,1,164,48
distilled/acc90/semi90,gsm8k/148,1,304,81
distilled/acc90/semi90,gsm8k/149,1,183,63
distilled/acc90/semi90,gsm8k/150,1,288,53
distilled/acc90/semi90,gsm8k/151,1,318,96
distilled/acc90/semi90,gsm8k/152,1,340,80
distilled/acc90/semi90,gsm8k/153,1,214,68
distilled/acc90/semi90,gsm8k/154,1,141,24
distilled/acc90/semi90,gsm8k/155,0,141,40
distilled/acc90/semi90,gsm8k/156,1,197,38
distilled/acc90/semi90,gsm8k/157,1,222,68
distilled/acc90/semi90,gsm8k/158,1,233,52
distilled/acc90/semi90,gsm8k/159,1,319,56
distilled/acc90/semi90,gsm8k/160,1,158,27
distilled/acc90/semi90,gsm8k/161,1,219,58
distilled/acc90/semi90,gsm8k/162,1,198,66
distilled/acc90/semi90,gsm8k/163,1,216,90
distilled/acc90/semi90,gsm8k/164,1,259,60
distilled/acc90/semi90,gsm8k/165,1,260,64
distilled/acc90/semi90,gsm8k/166,1,158,45
distilled/acc90/semi90,gsm8k/167,1,166,41
distilled/acc90/semi90,gsm8k/168,0,475,214
distilled/acc90/semi90,gsm8k/169,1,195,43
distilled/acc90/semi90,gsm8k/170,1,450,128
distilled/acc90/semi90,gsm8k/171,0,4004,398
distilled/acc90/semi90,gsm8k/172,0,214,63
distilled/acc90/semi90,gsm8k/173,1,194,45
distilled/acc90/semi90,gsm8k/174,1,187,62
distilled/acc90/semi90,gsm8k/175,1,245,55
distilled/acc90/semi90,gsm8k/176,1,289,49
distilled/acc90/semi90,gsm8k/177,1,166,42
distilled/acc90/semi90,gsm8k/178,1,213,90
distilled/acc90/semi90,gsm8k/179,1,265,67
distilled/acc90/semi90,gsm8k/180,1,136,22
distilled/acc90/semi90,gsm8k/181,1,218,68
distilled/acc90/semi90,gsm8k/182,1,220,75
distilled/acc90/semi90,gsm8k/183,1,254,67
distilled/acc90/semi90,gsm8k/184,1,323,103
distilled/acc90/semi90,gsm8k/185,1,153,49
distilled/acc90/semi90,gsm8k/186,1,232,94
distilled/acc90/semi90,gsm8k/187,1,164,43
distilled/acc90/semi90,gsm8k/188,1,242,57
distilled/acc90/semi90,gsm8k/189,1,306,82
distilled/acc90/semi90,gsm8k/190,1,306,59
distilled/acc90/semi90,gsm8k/191,1,292,97
distilled/acc90/semi90,gsm8k/192,1,225,47
distilled/acc90/semi90,gsm8k/193,1,147,44
distilled/acc90/semi90,gsm8k/194,1,123,27
distilled/acc90/semi90,gsm8k/195,1,343,94
distilled/acc90/semi90,gsm8k/196,1,223,58
distilled/acc90/semi90,gsm8k/197,0,419,67
distilled/acc90/semi90,gsm8k/198,1,285,86
distilled/acc90/semi90,gsm8k/199,1,99,30
distilled/acc90/semi90,gsm8k/200,1,269,75
distilled/acc90/semi90,gsm8k/201,1,203,47
distilled/acc90/semi90,gsm8k/202,1,113,24
distilled/acc90/semi90,gsm8k/203,1,243,55
distilled/acc90/semi90,gsm8k/204,1,255,78
distilled/acc90/semi90,gsm8k/205,1,349,106
distilled/acc90/semi90,gsm8k/206,0,215,55
distilled/acc90/semi90,gsm8k/207,1,215,48
distilled/acc90/semi90,gsm8k/208,1,154,20
distilled/acc90/semi90,gsm8k/209,1,253,62
distilled/acc90/semi90,gsm8k/210,1,317,119
distilled/acc90/semi90,gsm8k/211,1,188,57
distilled/acc90/semi90,gsm8k/212,1,186,48
distilled/acc90/semi90,gsm8k/213,1,236,57
distilled/acc90/semi90,gsm8k/214,1,106,26
distilled/acc90/semi90,gsm8k/215,1,343,83
distilled/acc90/semi90,gsm8k/216,0,288,63
distilled/acc90/semi90,gsm8k/217,1,196,55
distilled/acc90/semi90,gsm8k/218,1,361,127
distilled/acc90/semi90,gsm8k/219,1,273,58
distilled/acc90/semi90,gsm8k/220,1,139,30
distilled/acc90/semi90,gsm8k/221,1,219,28
distilled/acc90/semi90,gsm8k/222,1,184,31
distilled/acc90/semi90,gsm8k/223,1,226,80
distilled/acc90/semi90,gsm8k/224,1,179,55
distilled/acc90/semi90,gsm8k/225,0,430,246
distilled/acc90/semi90,gsm8k/226,1,99,22
distilled/acc90/semi90,gsm8k/227,1,293,66
distilled/acc90/semi90,gsm8k/228,0,254,73
distilled/acc90/semi90,gsm8k/229,0,246,108
distilled/acc90/semi90,gsm8k/230,0,536,210
distilled/acc90/semi90,gsm8k/231,0,172,42
distilled/acc90/semi90,gsm8k/232,1,204,64
distilled/acc90/semi90,gsm8k/233,1,218,52
distilled/acc90/semi90,gsm8k/234,1,223,49
distilled/acc90/semi90,gsm8k/235,0,264,77
distilled/acc90/semi90,gsm8k/236,1,204,36
distilled/acc90/semi90,gsm8k/237,1,199,57
distilled/acc90/semi90,gsm8k/238,1,262,98
distilled/acc90/semi90,gsm8k/239,1,161,51
distilled/acc90/semi90,gsm8k/240,1,147,44
distilled/acc90/semi90,gsm8k/241,1,126,37
distilled/acc90/semi90,gsm8k/242,1,278,111
distilled/acc90/semi90,gsm8k/243,1,268,81
distilled/acc90/semi90,gsm8k/244,1,124,53
distilled/acc90/semi90,gsm8k/245,1,160,32
distilled/acc90/semi90,gsm8k/246,1,163,52
distilled/acc90/semi90,gsm8k/247,1,211,52
distilled/acc90/semi90,gsm8k/248,0,187,55
distilled/acc90/semi90,gsm8k/249,1,162,34
distilled/acc90/semi90,gsm8k/250,1,280,61
distilled/acc90/semi90,gsm8k/251,1,235,53
distilled/acc90/semi90,gsm8k/252,1,219,95
distilled/acc90/semi90,gsm8k/253,1,176,40
distilled/acc90/semi90,gsm8k/254,1,172,42
distilled/acc90/semi90,gsm8k/255,1,358,81
distilled/acc90/semi90,gsm8k/256,1,296,67
distilled/acc90/semi90,gsm8k/257,1,285,86
distilled/acc90/semi90,gsm8k/258,1,167,54
distilled/acc90/semi90,gsm8k/259,0,573,232
distilled/acc90/semi90,gsm8k/260,1,194,54
distilled/acc90/semi90,gsm8k/261,1,350,126
distilled/acc90/semi90,gsm8k/262,1,257,47
distilled/acc90/semi90,gsm8k/263,1,235,58
distilled/acc90/semi90,gsm8k/264,0,253,51
distilled/acc90/semi90,gsm8k/265,0,294,77
distilled/acc90/semi90,gsm8k/266,0,248,68
distilled/acc90/semi90,gsm8k/267,1,145,49
distilled/acc90/semi90,gsm8k/268,1,193,27
distilled/acc90/semi90,gsm8k/269,1,169,31
distilled/acc90/semi90,gsm8k/270,0,449,140
distilled/acc90/semi90,gsm8k/271,1,328,98
distilled/acc90/semi90,gsm8k/272,1,142,14
distilled/acc90/semi90,gsm8k/273,1,258,82
distilled/acc90/semi90,gsm8k/274,1,330,62
distilled/acc90/semi90,gsm8k/275,1,228,56
distilled/acc90/semi90,gsm8k/276,1,375,173
distilled/acc90/semi90,gsm8k/277,1,179,54
distilled/acc90/semi90,gsm8k/278,1,153,29
distilled/acc90/semi90,gsm8k/279,1,160,34
distilled/acc90/semi90,gsm8k/280,1,247,82
distilled/acc90/semi90,gsm8k/281,1,143,53
distilled/acc90/semi90,gsm8k/282,1,197,51
distilled/acc90/semi90,gsm8k/283,1,236,94
distilled/acc90/semi90,gsm8k/284,0,172,36
distilled/acc90/semi90,gsm8k/285,1,227,48
distilled/acc90/semi90,gsm8k/286,1,160,54
distilled/acc90/semi90,gsm8k/287,0,349,136
distilled/acc90/semi90,gsm8k/288,1,338,123
distilled/acc90/semi90,gsm8k/289,1,226,93
distilled/acc90/semi90,gsm8k/290,1,134,36
distilled/acc90/semi90,gsm8k/291,1,240,49
distilled/acc90/semi90,gsm8k/292,1,137,29
distilled/acc90/semi90,gsm8k/293,1,296,85
distilled/acc90/semi90,gsm8k/294,0,352,80
distilled/acc90/semi90,gsm8k/295,1,164,42
distilled/acc90/semi90,gsm8k/296,0,347,101
distilled/acc90/semi90,gsm8k/297,1,251,69
distilled/acc90/semi90,gsm8k/298,1,274,71
distilled/acc90/semi90,gsm8k/299,0,271,77
distilled/acc90/semi90,gsm8k/300,1,295,74
distilled/acc90/semi90,gsm8k/301,1,123,29
distilled/acc90/semi90,gsm8k/302,1,220,36
distilled/acc90/semi90,gsm8k/303,0,273,65
distilled/acc90/semi90,gsm8k/304,1,130,30
distilled/acc90/semi90,gsm8k/305,1,151,36
distilled/acc90/semi90,gsm8k/306,1,141,35
distilled/acc90/semi90,gsm8k/307,1,236,74
distilled/acc90/semi90,gsm8k/308,0,281,80
distilled/acc90/semi90,gsm8k/309,1,203,46
distilled/acc90/semi90,gsm8k/310,1,281,74
distilled/acc90/semi90,gsm8k/311,1,168,48
distilled/acc90/semi90,gsm8k/312,1,205,44
distilled/acc90/semi90,gsm8k/313,1,250,48
distilled/acc90/semi90,gsm8k/314,1,268,67
distilled/acc90/semi90,gsm8k/315,1,276,69
distilled/acc90/semi90,gsm8k/316,1,196,77
distilled/acc90/semi90,gsm8k/317,1,214,75
distilled/acc90/semi90,gsm8k/318,1,197,29
distilled/acc90/semi90,gsm8k/319,1,119,38
distilled/acc90/semi90,gsm8k/320,1,411,169
distilled/acc90/semi90,gsm8k/321,1,207,37
distilled/acc90/semi90,gsm8k/322,1,341,77
distilled/acc90/semi90,gsm8k/323,1,211,46
distilled/acc90/semi90,gsm8k/324,1,354,78
distilled/acc90/semi90,gsm8k/325,0,199,32
distilled/acc90/semi90,gsm8k/326,1,256,63
distilled/acc90/semi90,gsm8k/327,1,266,50
distilled/acc90/semi90,gsm8k/328,1,148,15
distilled/acc90/semi90,gsm8k/329,1,193,58
distilled/acc90/semi90,gsm8k/330,1,166,43
distilled/acc90/semi90,gsm8k/331,1,181,52
distilled/acc90/semi90,gsm8k/332,1,196,49
distilled/acc90/semi90,gsm8k/333,1,178,29
distilled/acc90/semi90,gsm8k/334,1,360,152
distilled/acc90/semi90,gsm8k/335,1,151,44
distilled/acc90/semi90,gsm8k/336,0,253,82
distilled/acc90/semi90,gsm8k/337,0,407,106
distilled/acc90/semi90,gsm8k/338,1,241,62
distilled/acc90/semi90,gsm8k/339,1,790,308
distilled/acc90/semi90,gsm8k/340,1,172,57
distilled/acc90/semi90,gsm8k/341,1,133,37
distilled/acc90/semi90,gsm8k/342,1,184,53
distilled/acc90/semi90,gsm8k/343,1,228,69
distilled/acc90/semi90,gsm8k/344,1,90,27
distilled/acc90/semi90,gsm8k/345,1,282,69
distilled/acc90/semi90,gsm8k/346,1,422,133
distilled/acc90/semi90,gsm8k/347,1,123,46
distilled/acc90/semi90,gsm8k/348,0,329,46
distilled/acc90/semi90,gsm8k/349,1,222,61
distilled/acc90/semi90,gsm8k/350,1,296,68
distilled/acc90/semi90,gsm8k/351,0,467,89
distilled/acc90/semi90,gsm8k/352,0,104,24
distilled/acc90/semi90,gsm8k/353,1,177,63
distilled/acc90/semi90,gsm8k/354,1,187,40
distilled/acc90/semi90,gsm8k/355,1,230,62
distilled/acc90/semi90,gsm8k/356,1,288,107
distilled/acc90/semi90,gsm8k/357,0,387,130
distilled/acc90/semi90,gsm8k/358,1,214,36
distilled/acc90/semi90,gsm8k/359,1,268,57
distilled/acc90/semi90,gsm8k/360,1,442,119
distilled/acc90/semi90,gsm8k/361,1,230,77
distilled/acc90/semi90,gsm8k/362,1,147,27
distilled/acc90/semi90,gsm8k/363,1,158,48
distilled/acc90/semi90,gsm8k/364,1,100,47
distilled/acc90/semi90,gsm8k/365,0,246,89
distilled/acc90/semi90,gsm8k/366,0,223,47
distilled/acc90/semi90,gsm8k/367,1,205,43
distilled/acc90/semi90,gsm8k/368,1,281,103
distilled/acc90/semi90,gsm8k/369,1,208,75
distilled/acc90/semi90,gsm8k/370,1,233,73
distilled/acc90/semi90,gsm8k/371,1,219,29
distilled/acc90/semi90,gsm8k/372,1,274,90
distilled/acc90/semi90,gsm8k/373,1,143,20
distilled/acc90/semi90,gsm8k/374,1,334,85
distilled/acc90/semi90,gsm8k/375,1,382,144
distilled/acc90/semi90,gsm8k/376,1,154,17
distilled/acc90/semi90,gsm8k/377,1,170,38
distilled/acc90/semi90,gsm8k/378,1,376,94
distilled/acc90/semi90,gsm8k/379,1,204,52
distilled/acc90/semi90,gsm8k/380,1,284,90
distilled/acc90/semi90,gsm8k/381,1,153,25
distilled/acc90/semi90,gsm8k/382,0,406,139
distilled/acc90/semi90,gsm8k/383,1,117,29
distilled/acc90/semi90,gsm8k/384,1,162,29
distilled/acc90/semi90,gsm8k/385,1,198,36
distilled/acc90/semi90,gsm8k/386,0,267,65
distilled/acc90/semi90,gsm8k/387,1,229,63
distilled/acc90/semi90,gsm8k/388,1,280,71
distilled/acc90/semi90,gsm8k/389,1,351,152
distilled/acc90/semi90,gsm8k/390,1,234,102
distilled/acc90/semi90,gsm8k/391,1,245,70
distilled/acc90/semi90,gsm8k/392,1,307,113
distilled/acc90/semi90,gsm8k/393,1,163,40
distilled/acc90/semi90,gsm8k/394,1,169,30
distilled/acc90/semi90,gsm8k/395,1,115,27
distilled/acc90/semi90,gsm8k/396,1,236,60
distilled/acc90/semi90,gsm8k/397,1,127,32
distilled/acc90/semi90,gsm8k/398,1,171,33
distilled/acc90/semi90,gsm8k/399,0,317,122
distilled/acc90/semi90,gsm8k/400,1,175,39
distilled/acc90/semi90,gsm8k/401,1,275,61
distilled/acc90/semi90,gsm8k/402,1,355,129
distilled/acc90/semi90,gsm8k/403,1,328,58
distilled/acc90/semi90,gsm8k/404,1,173,46
distilled/acc90/semi90,gsm8k/405,0,449,187
distilled/acc90/semi90,gsm8k/406,1,223,72
distilled/acc90/semi90,gsm8k/407,1,321,87
distilled/acc90/semi90,gsm8k/408,1,99,31
distilled/acc90/semi90,gsm8k/409,1,306,69
distilled/acc90/semi90,gsm8k/410,1,364,98
distilled/acc90/semi90,gsm8k/411,1,223,56
distilled/acc90/semi90,gsm8k/412,1,231,97
distilled/acc90/semi90,gsm8k/413,1,196,47
distilled/acc90/semi90,gsm8k/414,0,173,66
distilled/acc90/semi90,gsm8k/415,1,307,42
distilled/acc90/semi90,gsm8k/416,1,155,33
distilled/acc90/semi90,gsm8k/417,1,270,47
distilled/acc90/semi90,gsm8k/418,1,142,37
distilled/acc90/semi90,gsm8k/419,1,267,64
distilled/acc90/semi90,gsm8k/420,1,249,52
distilled/acc90/semi90,gsm8k/421,1,143,26
distilled/acc90/semi90,gsm8k/422,1,143,40
distilled/acc90/semi90,gsm8k/423,1,156,30
distilled/acc90/semi90,gsm8k/424,1,157,46
distilled/acc90/semi90,gsm8k/425,1,200,64
distilled/acc90/semi90,gsm8k/426,1,197,44
distilled/acc90/semi90,gsm8k/427,1,312,113
distilled/acc90/semi90,gsm8k/428,1,227,49
distilled/acc90/semi90,gsm8k/429,0,397,141
distilled/acc90/semi90,gsm8k/430,1,129,25
distilled/acc90/semi90,gsm8k/431,0,500,228
distilled/acc90/semi90,gsm8k/432,1,148,26
distilled/acc90/semi90,gsm8k/433,1,437,141
distilled/acc90/semi90,gsm8k/434,0,361,88
distilled/acc90/semi90,gsm8k/435,1,219,40
distilled/acc90/semi90,gsm8k/436,1,278,74
distilled/acc90/semi90,gsm8k/437,0,316,99
distilled/acc90/semi90,gsm8k/438,0,162,35
distilled/acc90/semi90,gsm8k/439,1,310,63
distilled/acc90/semi90,gsm8k/440,1,152,36
distilled/acc90/semi90,gsm8k/441,0,333,118
distilled/acc90/semi90,gsm8k/442,1,144,34
distilled/acc90/semi90,gsm8k/443,1,322,68
distilled/acc90/semi90,gsm8k/444,1,109,23
distilled/acc90/semi90,gsm8k/445,1,257,92
distilled/acc90/semi90,gsm8k/446,0,210,66
distilled/acc90/semi90,gsm8k/447,1,176,53
distilled/acc90/semi90,gsm8k/448,1,164,30
distilled/acc90/semi90,gsm8k/449,1,223,53
distilled/acc90/semi90,gsm8k/450,1,184,27
distilled/acc90/semi90,gsm8k/451,1,234,62
distilled/acc90/semi90,gsm8k/452,0,237,87
distilled/acc90/semi90,gsm8k/453,1,255,91
distilled/acc90/semi90,gsm8k/454,1,269,123
distilled/acc90/semi90,gsm8k/455,1,173,42
distilled/acc90/semi90,gsm8k/456,1,149,14
distilled/acc90/semi90,gsm8k/457,1,204,46
distilled/acc90/semi90,gsm8k/458,1,304,121
distilled/acc90/semi90,gsm8k/459,1,314,91
distilled/acc90/semi90,gsm8k/460,1,192,33
distilled/acc90/semi90,gsm8k/461,1,320,86
distilled/acc90/semi90,gsm8k/462,1,264,39
distilled/acc90/semi90,gsm8k/463,1,282,84
distilled/acc90/semi90,gsm8k/464,1,315,87
distilled/acc90/semi90,gsm8k/465,1,324,130
distilled/acc90/semi90,gsm8k/466,0,331,99
distilled/acc90/semi90,gsm8k/467,1,171,30
distilled/acc90/semi90,gsm8k/468,1,167,45
distilled/acc90/semi90,gsm8k/469,1,244,52
distilled/acc90/semi90,gsm8k/470,1,196,40
distilled/acc90/semi90,gsm8k/471,0,279,85
distilled/acc90/semi90,gsm8k/472,1,385,104
distilled/acc90/semi90,gsm8k/473,1,234,31
distilled/acc90/semi90,gsm8k/474,1,217,49
distilled/acc90/semi90,gsm8k/475,0,314,165
distilled/acc90/semi90,gsm8k/476,1,252,87
distilled/acc90/semi90,gsm8k/477,1,173,62
distilled/acc90/semi90,gsm8k/478,1,214,24
distilled/acc90/semi90,gsm8k/479,0,406,101
distilled/acc90/semi90,gsm8k/480,1,244,56
distilled/acc90/semi90,gsm8k/481,1,372,161
distilled/acc90/semi90,gsm8k/482,1,219,47
distilled/acc90/semi90,gsm8k/483,0,404,150
distilled/acc90/semi90,gsm8k/484,1,402,109
distilled/acc90/semi90,gsm8k/485,1,135,22
distilled/acc90/semi90,gsm8k/486,0,533,169
distilled/acc90/semi90,gsm8k/487,1,143,42
distilled/acc90/semi90,gsm8k/488,1,271,57
distilled/acc90/semi90,gsm8k/489,1,302,74
distilled/acc90/semi90,gsm8k/490,0,486,237
distilled/acc90/semi90,gsm8k/491,1,375,112
distilled/acc90/semi90,gsm8k/492,1,300,92
distilled/acc90/semi90,gsm8k/493,1,168,40
distilled/acc90/semi90,gsm8k/494,1,151,42
distilled/acc90/semi90,gsm8k/495,1,178,54
distilled/acc90/semi90,gsm8k/496,0,285,102
distilled/acc90/semi90,gsm8k/497,1,171,35
distilled/acc90/semi90,gsm8k/498,1,129,38
distilled/acc90/semi90,gsm8k/499,1,287,93
distilled/acc90/semi90,gsm8k/500,1,108,18
distilled/acc90/semi90,gsm8k/501,1,172,39
distilled/acc90/semi90,gsm8k/502,1,324,71
distilled/acc90/semi90,gsm8k/503,1,216,45
distilled/acc90/semi90,gsm8k/504,1,249,124
distilled/acc90/semi90,gsm8k/505,1,267,50
distilled/acc90/semi90,gsm8k/506,1,91,45
distilled/acc90/semi90,gsm8k/507,1,246,65
distilled/acc90/semi90,gsm8k/508,1,162,21
distilled/acc90/semi90,gsm8k/509,1,352,80
distilled/acc90/semi90,gsm8k/510,1,208,35
distilled/acc90/semi90,gsm8k/511,1,160,79
distilled/acc90/semi90,math500/0,1,251,55
distilled/acc90/semi90,math500/1,1,662,122
distilled/acc90/semi90,math500/2,0,369,31
distilled/acc90/semi90,math500/3,1,299,55
distilled/acc90/semi90,math500/4,1,489,142
distilled/acc90/semi90,math500/5,1,235,75
distilled/acc90/semi90,math500/6,1,353,105
distilled/acc90/semi90,math500/7,0,1322,211
distilled/acc90/semi90,math500/8,0,251,48
distilled/acc90/semi90,math500/9,0,1100,388
distilled/acc90/semi90,math500/10,0,4048,328
distilled/acc90/semi90,math500/11,0,4014,908
distilled/acc90/semi90,math500/12,0,440,105
distilled/acc90/semi90,math500/13,1,194,46
distilled/acc90/semi90,math500/14,0,257,66
distilled/acc90/semi90,math500/15,0,931,195
distilled/acc90/semi90,math500/16,1,218,70
distilled/acc90/semi90,math500/17,0,641,252
distilled/acc90/semi90,math500/18,1,483,230
distilled/acc90/semi90,math500/19,1,1330,455
distilled/acc90/semi90,math500/20,1,126,22
distilled/acc90/semi90,math500/21,0,1655,304
distilled/acc90/semi90,math500/22,1,697,155
distilled/acc90/semi90,math500/23,1,412,50
distilled/acc90/semi90,math500/24,1,1271,404
distilled/acc90/semi90,math500/25,0,1794,310
distilled/acc90/semi90,math500/26,0,1532,770
distilled/acc90/semi90,math500/27,1,293,73
distilled/acc90/semi90,math500/28,1,134,41
distilled/acc90/semi90,math500/29,1,219,52
distilled/acc90/semi90,math500/30,1,241,68
distilled/acc90/semi90,math500/31,1,142,29
distilled/acc90/semi90,math500/32,1,320,141
distilled/acc90/semi90,math500/33,0,722,170
distilled/acc90/semi90,math500/34,1,705,95
distilled/acc90/semi90,math500/35,1,247,50
distilled/acc90/semi90,math500/36,1,457,58
distilled/acc90/semi90,math500/37,1,183,91
distilled/acc90/semi90,math500/38,1,166,40
distilled/acc90/semi90,math500/39,1,264,73
distilled/acc90/semi90,math500/40,1,239,46
distilled/acc90/semi90,math500/41,1,939,290
distilled/acc90/semi90,math500/42,1,183,34
distilled/acc90/semi90,math500/43,0,3988,386
distilled/acc90/semi90,math500/44,1,361,103
distilled/acc90/semi90,math500/45,1,152,29
distilled/acc90/semi90,math500/46,0,1216,351
distilled/acc90/semi90,math500/47,1,308,66
distilled/acc90/semi90,math500/48,1,189,42
distilled/acc90/semi90,math500/49,1,132,17
distilled/acc90/semi90,math500/50,1,763,224
distilled/acc90/semi90,math500/51,0,391,123
distilled/acc90/semi90,math500/52,1,298,45
distilled/acc90/semi90,math500/53,1,292,57
distilled/acc90/semi90,math500/54,1,63,12
distilled/acc90/semi90,math500/55,1,259,97
distilled/acc90/semi90,math500/56,1,223,64
distilled/acc90/semi90,math500/57,1,387,89
distilled/acc90/semi90,math500/58,0,167,25
distilled/acc90/semi90,math500/59,1,311,101
distilled/acc90/semi90,math500/60,0,1650,374
distilled/acc90/semi90,math500/61,0,543,77
distilled/acc90/semi90,math500/62,0,1373,345
distilled/acc90/semi90,math500/63,1,825,186
distilled/acc90/semi90,math500/64,0,1143,334
distilled/acc90/semi90,math500/65,1,168,95
distilled/acc90/semi90,math500/66,0,328,69
distilled/acc90/semi90,math500/67,1,270,64
distilled/acc90/semi90,math500/68,1,472,136
distilled/acc90/semi90,math500/69,1,572,146
distilled/acc90/semi90,math500/70,1,141,58
distilled/acc90/semi90,math500/71,0,241,81
distilled/acc90/semi90,math500/72,1,269,53
distilled/acc90/semi90,math500/73,1,253,29
distilled/acc90/semi90,math500/74,1,427,76
distilled/acc90/semi90,math500/75,1,348,117
distilled/acc90/semi90,math500/76,1,295,86
distilled/acc90/semi90,math500/77,1,175,24
distilled/acc90/semi90,math500/78,1,965,146
distilled/acc90/semi90,math500/79,1,179,21
distilled/acc90/semi90,math500/80,0,4027,444
distilled/acc90/semi90,math500/81,1,351,95
distilled/acc90/semi90,math500/82,0,556,157
distilled/acc90/semi90,math500/83,1,556,195
distilled/acc90/semi90,math500/84,1,699,101
distilled/acc90/semi90,math500/85,1,346,95
distilled/acc90/semi90,math500/86,1,109,38
distilled/acc90/semi90,math500/87,1,469,76
distilled/acc90/semi90,math500/88,0,855,314
distilled/acc90/semi90,math500/89,0,526,123
distilled/acc90/semi90,math500/90,1,132,33
distilled/acc90/semi90,math500/91,1,297,94
distilled/acc90/semi90,math500/92,0,461,88
distilled/acc90/semi90,math500/93,1,555,111
distilled/acc90/semi90,math500/94,0,665,202
distilled/acc90/semi90,math500/95,1,530,78
distilled/acc90/semi90,math500/96,0,3965,367
distilled/acc90/semi90,math500/97,0,253,133
distilled/acc90/semi90,math500/98,1,111,20
distilled/acc90/semi90,math500/99,0,741,111
distilled/acc90/semi90,math500/100,0,3264,1024
distilled/acc90/semi90,math500/101,0,2116,480
distilled/acc90/semi90,math500/102,1,202,41
distilled/acc90/semi90,math500/103,0,1437,557
distilled/acc90/semi90,math500/104,0,3993,400
distilled/acc90/semi90,math500/105,1,321,82
distilled/acc90/semi90,math500/106,1,262,65
distilled/acc90/semi90,math500/107,1,401,108
distilled/acc90/semi90,math500/108,0,3987,656
distilled/acc90/semi90,math500/109,0,1214,156
distilled/acc90/semi90,math500/110,0,3955,501
distilled/acc90/semi90,math500/111,1,244,48
distilled/acc90/semi90,math500/112,1,657,106
distilled/acc90/semi90,math500/113,1,282,39
distilled/acc90/semi90,math500/114,1,487,89
distilled/acc90/semi90,math500/115,0,161,68
distilled/acc90/semi90,math500/116,1,213,30
distilled/acc90/semi90,math500/117,1,198,30
distilled/acc90/semi90,math500/118,0,4047,279
distilled/acc90/semi90,math500/119,1,570,255
distilled/acc90/semi90,math500/120,1,621,250
distilled/acc90/semi90,math500/121,1,214,37
distilled/acc90/semi90,math500/122,1,242,66
distilled/acc90/semi90,math500/123,0,972,222
distilled/acc90/semi90,math500/124,1,667,124
distilled/acc90/semi90,math500/125,1,216,28
distilled/acc90/semi90,math500/126,0,498,173
distilled/acc90/semi90,math500/127,0,181,39
distilled/acc90/semi90,math500/128,1,198,83
distilled/acc90/semi90,math500/129,0,1929,458
distilled/acc90/semi90,math500/130,0,385,102
distilled/acc90/semi90,math500/131,0,4037,411
distilled/acc90/semi90,math500/132,1,328,75
distilled/acc90/semi90,math500/133,1,312,88
distilled/acc90/semi90,math500/134,1,503,140
distilled/acc90/semi90,math500/135,1,348,95
distilled/acc90/semi90,math500/136,1,1110,336
distilled/acc90/semi90,math500/137,0,342,54
distilled/acc90/semi90,math500/138,0,873,405
distilled/acc90/semi90,math500/139,1,744,221
distilled/acc90/semi90,math500/140,1,2149,346
distilled/acc90/semi90,math500/141,1,254,142
distilled/acc90/semi90,math500/142,1,413,162
distilled/acc90/semi90,math500/143,1,651,98
distilled/acc90/semi90,math500/144,1,217,31
distilled/acc90/semi90,math500/145,0,2512,473
distilled/acc90/semi90,math500/146,1,265,46
distilled/acc90/semi90,math500/147,0,841,283
distilled/acc90/semi90,math500/148,1,139,22
distilled/acc90/semi90,math500/149,1,935,244
distilled/acc90/semi90,math500/150,0,1130,274
distilled/acc90/semi90,math500/151,1,1388,282
distilled/acc90/semi90,math500/152,0,1301,288
distilled/acc90/semi90,math500/153,0,686,267
distilled/acc90/semi90,math500/154,0,772,335
distilled/acc90/semi90,math500/155,1,430,120
distilled/acc90/semi90,math500/156,0,2525,864
distilled/acc90/semi90,math500/157,1,599,108
distilled/acc90/semi90,math500/158,0,470,93
distilled/acc90/semi90,math500/159,1,296,46
distilled/acc90/semi90,math500/160,1,367,71
distilled/acc90/semi90,math500/161,1,88,16
distilled/acc90/semi90,math500/162,1,452,129
distilled/acc90/semi90,math500/163,1,568,123
distilled/acc90/semi90,math500/164,0,408,79
distilled/acc90/semi90,math500/165,1,225,55
distilled/acc90/semi90,math500/166,0,970,418
distilled/acc90/semi90,math500/167,1,146,30
distilled/acc90/semi90,math500/168,0,565,236
distilled/acc90/semi90,math500/169,1,266,45
distilled/acc90/semi90,math500/170,0,4029,239
distilled/acc90/semi90,math500/171,1,224,42
distilled/acc90/semi90,math500/172,1,365,61
distilled/acc90/semi90,math500/173,0,1014,228
distilled/acc90/semi90,math500/174,1,301,73
distilled/acc90/semi90,math500/175,0,643,133
distilled/acc90/semi90,math500/176,1,197,33
distilled/acc90/semi90,math500/177,0,1566,458
distilled/acc90/semi90,math500/178,1,127,20
distilled/acc90/semi90,math500/179,0,915,148
distilled/acc90/semi90,math500/180,1,349,111
distilled/acc90/semi90,math500/181,1,327,60
distilled/acc90/semi90,math500/182,1,145,35
distilled/acc90/semi90,math500/183,0,1071,136
distilled/acc90/semi90,math500/184,0,792,247
distilled/acc90/semi90,math500/185,1,153,19
distilled/acc90/semi90,math500/186,1,381,138
distilled/acc90/semi90,math500/187,1,298,56
distilled/acc90/semi90,math500/188,0,1960,301
distilled/acc90/semi90,math500/189,0,2621,647
distilled/acc90/semi90,math500/190,1,397,142
distilled/acc90/semi90,math500/191,1,163,29
distilled/acc90/semi90,math500/192,1,531,130
distilled/acc90/semi90,math500/193,1,323,98
distilled/acc90/semi90,math500/194,0,2265,516
distilled/acc90/semi90,math500/195,1,361,61
distilled/acc90/semi90,math500/196,1,168,30
distilled/acc90/semi90,math500/197,1,952,180
distilled/acc90/semi90,math500/198,1,271,90
distilled/acc90/semi90,math500/199,1,216,40
distilled/acc90/semi90,math500/200,0,294,46
distilled/acc90/semi90,math500/201,1,577,151
distilled/acc90/semi90,math500/202,1,658,180
distilled/acc90/semi90,math500/203,1,442,94
distilled/acc90/semi90,math500/204,0,3986,571
distilled/acc90/semi90,math500/205,0,693,66
distilled/acc90/semi90,math500/206,1,349,60
distilled/acc90/semi90,math500/207,1,151,41
distilled/acc90/semi90,math500/208,1,295,96
distilled/acc90/semi90,math500/209,1,664,168
distilled/acc90/semi90,math500/210,0,404,125
distilled/acc90/semi90,math500/211,1,187,28
distilled/acc90/semi90,math500/212,1,269,74
distilled/acc90/semi90,math500/213,0,1073,235
distilled/acc90/semi90,math500/214,0,3982,614
distilled/acc90/semi90,math500/215,1,971,158
distilled/acc90/semi90,math500/216,1,271,38
distilled/acc90/semi90,math500/217,0,4054,336
distilled/acc90/semi90,math500/218,1,183,23
distilled/acc90/semi90,math500/219,0,1809,481
distilled/acc90/semi90,math500/220,1,237,74
distilled/acc90/semi90,math500/221,1,445,115
distilled/acc90/semi90,math500/222,0,1791,670
distilled/acc90/semi90,math500/223,0,298,68
distilled/acc90/semi90,math500/224,0,974,177
distilled/acc90/semi90,math500/225,0,216,69
distilled/acc90/semi90,math500/226,1,273,124
distilled/acc90/semi90,math500/227,0,255,115
distilled/acc90/semi90,math500/228,0,2021,448
distilled/acc90/semi90,math500/229,1,158,77
distilled/acc90/semi90,math500/230,0,1206,307
distilled/acc90/semi90,math500/231,1,628,99
distilled/acc90/semi90,math500/232,1,791,211
distilled/acc90/semi90,math500/233,1,435,80
distilled/acc90/semi90,math500/234,0,406,102
distilled/acc90/semi90,math500/235,1,415,45
distilled/acc90/semi90,math500/236,0,971,204
distilled/acc90/semi90,math500/237,1,591,121
distilled/acc90/semi90,math500/238,1,481,124
distilled/acc90/semi90,math500/239,0,1656,420
distilled/acc90/semi90,math500/240,0,3847,404
distilled/acc90/semi90,math500/241,1,581,139
distilled/acc90/semi90,math500/242,0,458,171
distilled/acc90/semi90,math500/243,1,261,95
distilled/acc90/semi90,math500/244,1,487,153
distilled/acc90/semi90,math500/245,0,1336,265
distilled/acc90/semi90,math500/246,1,253,125
distilled/acc90/semi90,math500/247,0,570,143
distilled/acc90/semi90,math500/248,0,3042,447
distilled/acc90/semi90,math500/249,0,747,178
distilled/acc90/semi90,math500/250,1,416,68
distilled/acc90/semi90,math500/251,1,488,221
distilled/acc90/semi90,math500/252,1,587,108
distilled/acc90/semi90,math500/253,1,170,40
distilled/acc90/semi90,math500/254,1,395,147
distilled/acc90/semi90,math500/255,0,502,166
distilled/acc90/semi90,math500/256,1,240,29
distilled/acc90/semi90,math500/257,1,268,72
distilled/acc90/semi90,math500/258,1,311,72
distilled/acc90/semi90,math500/259,1,165,40
distilled/acc90/semi90,math500/260,0,676,105
distilled/acc90/semi90,math500/261,1,281,77
distilled/acc90/semi90,math500/262,1,138,22
distilled/acc90/semi90,math500/263,1,281,95
distilled/acc90/semi90,math500/264,0,3828,554
distilled/acc90/semi90,math500/265,1,245,40
distilled/acc90/semi90,math500/266,1,268,71
distilled/acc90/semi90,math500/267,0,398,151
distilled/acc90/semi90,math500/268,1,185,32
distilled/acc90/semi90,math500/269,1,257,79
distilled/acc90/semi90,math500/270,1,303,54
distilled/acc90/semi90,math500/271,1,460,106
distilled/acc90/semi90,math500/272,1,634,156
distilled/acc90/semi90,math500/273,1,263,82
distilled/acc90/semi90,math500/274,1,833,380
distilled/acc90/semi90,math500/275,1,178,15
distilled/acc90/semi90,math500/276,0,437,167
distilled/acc90/semi90,math500/277,1,242,129
distilled/acc90/semi90,math500/278,1,265,95
distilled/acc90/semi90,math500/279,0,487,138
distilled/acc90/semi90,math500/280,1,508,117
distilled/acc90/semi90,math500/281,0,780,404
distilled/acc90/semi90,math500/282,1,366,73
distilled/acc90/semi90,math500/283,1,286,41
distilled/acc90/semi90,math500/284,0,792,132
distilled/acc90/semi90,math500/285,0,3916,488
distilled/acc90/semi90,math500/286,0,1327,426
distilled/acc90/semi90,math500/287,1,696,269
distilled/acc90/semi90,math500/288,0,1117,159
distilled/acc90/semi90,math500/289,1,488,122
distilled/acc90/semi90,math500/290,1,637,93
distilled/acc90/semi90,math500/291,1,374,125
distilled/acc90/semi90,math500/292,0,3948,248
distilled/acc90/semi90,math500/293,1,377,57
distilled/acc90/semi90,math500/294,1,478,154
distilled/acc90/semi90,math500/295,0,3973,635
distilled/acc90/semi90,math500/296,0,910,226
distilled/acc90/semi90,math500/297,1,573,181
distilled/acc90/semi90,math500/298,1,991,93
distilled/acc90/semi90,math500/299,0,346,110
distilled/acc90/semi90,math500/300,1,249,117
distilled/acc90/semi90,math500/301,0,379,98
distilled/acc90/semi90,math500/302,1,372,164
distilled/acc90/semi90,math500/303,0,3995,629
distilled/acc90/semi90,math500/304,1,699,132
distilled/acc90/semi90,math500/305,1,431,62
distilled/acc90/semi90,math500/306,0,4023,770
distilled/acc90/semi90,math500/307,1,361,94
distilled/acc90/semi90,math500/308,0,2675,1024
distilled/acc90/semi90,math500/309,0,985,239
distilled/acc90/semi90,math500/310,1,270,47
distilled/acc90/semi90,math500/311,1,542,111
distilled/acc90/semi90,math500/312,1,256,81
distilled/acc90/semi90,math500/313,1,235,53
distilled/acc90/semi90,math500/314,1,276,61
distilled/acc90/semi90,math500/315,1,923,270
distilled/acc90/semi90,math500/316,0,4027,230
distilled/acc90/semi90,math500/317,1,660,252
distilled/acc90/semi90,math500/318,1,294,33
distilled/acc90/semi90,math500/319,1,221,43
distilled/acc90/semi90,math500/320,0,1246,330
distilled/acc90/semi90,math500/321,1,261,55
distilled/acc90/semi90,math500/322,1,207,30
distilled/acc90/semi90,math500/323,1,923,486
distilled/acc90/semi90,math500/324,0,702,212
distilled/acc90/semi90,math500/325,1,376,55
distilled/acc90/semi90,math500/326,0,465,82
distilled/acc90/semi90,math500/327,0,1521,303
distilled/acc90/semi90,math500/328,1,1582,386
distilled/acc90/semi90,math500/329,1,162,28
distilled/acc90/semi90,math500/330,1,287,82
distilled/acc90/semi90,math500/331,1,615,94
distilled/acc90/semi90,math500/332,0,589,203
distilled/acc90/semi90,math500/333,1,1525,294
distilled/acc90/semi90,math500/334,1,331,70
distilled/acc90/semi90,math500/335,1,969,134
distilled/acc90/semi90,math500/336,1,201,21
distilled/acc90/semi90,math500/337,1,324,97
distilled/acc90/semi90,math500/338,0,176,43
distilled/acc90/semi90,math500/339,1,754,205
distilled/acc90/semi90,math500/340,0,897,220
distilled/acc90/semi90,math500/341,1,233,60
distilled/acc90/semi90,math500/342,1,215,42
distilled/acc90/semi90,math500/343,0,272,91
distilled/acc90/semi90,math500/344,1,363,70
distilled/acc90/semi90,math500/345,0,179,23
distilled/acc90/semi90,math500/346,1,394,54
distilled/acc90/semi90,math500/347,1,258,40
distilled/acc90/semi90,math500/348,1,240,37
distilled/acc90/semi90,math500/349,0,391,175
distilled/acc90/semi90,math500/350,1,323,92
distilled/acc90/semi90,math500/351,0,659,95
distilled/acc90/semi90,math500/352,0,3874,693
distilled/acc90/semi90,math500/353,1,350,137
distilled/acc90/semi90,math500/354,1,411,138
distilled/acc90/semi90,math500/355,0,1758,325
distilled/acc90/semi90,math500/356,0,4039,479
distilled/acc90/semi90,math500/357,0,530,155
distilled/acc90/semi90,math500/358,1,377,143
distilled/acc90/semi90,math500/359,0,3976,343
distilled/acc90/semi90,math500/360,1,577,166
distilled/acc90/semi90,math500/361,1,974,261
distilled/acc90/semi90,math500/362,1,213,66
distilled/acc90/semi90,math500/363,1,106,31
distilled/acc90/semi90,math500/364,1,655,188
distilled/acc90/semi90,math500/365,0,1458,472
distilled/acc90/semi90,math500/366,0,345,65
distilled/acc90/semi90,math500/367,1,179,27
distilled/acc90/semi90,math500/368,1,334,99
distilled/acc90/semi90,math500/369,1,277,89
distilled/acc90/semi90,math500/370,1,190,30
distilled/acc90/semi90,math500/371,0,4008,313
distilled/acc90/semi90,math500/372,0,731,302
distilled/acc90/semi90,math500/373,1,378,63
distilled/acc90/semi90,math500/374,1,125,16
distilled/acc90/semi90,math500/375,0,449,111
distilled/acc90/semi90,math500/376,1,660,119
distilled/acc90/semi90,math500/377,1,698,231
distilled/acc90/semi90,math500/378,1,391,96
distilled/acc90/semi90,math500/379,0,743,156
distilled/acc90/semi90,math500/380,0,1024,224
distilled/acc90/semi90,math500/381,0,1455,442
distilled/acc90/semi90,math500/382,1,655,169
distilled/acc90/semi90,math500/383,0,544,102
distilled/acc90/semi90,math500/384,1,120,19
distilled/acc90/semi90,math500/385,1,293,70
distilled/acc90/semi90,math500/386,1,287,60
distilled/acc90/semi90,math500/387,1,175,37
distilled/acc90/semi90,math500/388,1,459,78
distilled/acc90/semi90,math500/389,1,424,116
distilled/acc90/semi90,math500/390,1,893,209
distilled/acc90/semi90,math500/391,0,3987,366
distilled/acc90/semi90,math500/392,0,3795,673
distilled/acc90/semi90,math500/393,1,295,91
distilled/acc90/semi90,math500/394,0,1327,333
distilled/acc90/semi90,math500/395,1,270,37
distilled/acc90/semi90,math500/396,0,644,288
distilled/acc90/semi90,math500/397,1,171,21
distilled/acc90/semi90,math500/398,0,418,107
distilled/acc90/semi90,math500/399,1,85,25
distilled/acc90/semi90,math500/400,0,1374,476
distilled/acc90/semi90,math500/401,0,1778,313
distilled/acc90/semi90,math500/402,0,383,129
distilled/acc90/semi90,math500/403,1,421,86
distilled/acc90/semi90,math500/404,1,247,61
distilled/acc90/semi90,math500/405,1,265,111
distilled/acc90/semi90,math500/406,1,124,29
distilled/acc90/semi90,math500/407,1,187,26
distilled/acc90/semi90,math500/408,0,1045,174
distilled/acc90/semi90,math500/409,0,947,274
distilled/acc90/semi90,math500/410,1,507,194
distilled/acc90/semi90,math500/411,1,149,63
distilled/acc90/semi90,math500/412,0,2016,385
distilled/acc90/semi90,math500/413,1,210,48
distilled/acc90/semi90,math500/414,1,296,53
distilled/acc90/semi90,math500/415,0,766,142
distilled/acc90/semi90,math500/416,1,627,78
distilled/acc90/semi90,math500/417,1,303,97
distilled/acc90/semi90,math500/418,1,397,78
distilled/acc90/semi90,math500/419,0,934,167
distilled/acc90/semi90,math500/420,0,462,59
distilled/acc90/semi90,math500/421,0,3967,331
distilled/acc90/semi90,math500/422,0,3963,503
distilled/acc90/semi90,math500/423,1,865,177
distilled/acc90/semi90,math500/424,1,317,48
distilled/acc90/semi90,math500/425,0,558,168
distilled/acc90/semi90,math500/426,1,440,117
distilled/acc90/semi90,math500/427,1,196,51
distilled/acc90/semi90,math500/428,1,785,95
distilled/acc90/semi90,math500/429,1,434,101
distilled/acc90/semi90,math500/430,1,56,12
distilled/acc90/semi90,math500/431,1,1328,219
distilled/acc90/semi90,math500/432,0,3995,732
distilled/acc90/semi90,math500/433,0,68,14
distilled/acc90/semi90,math500/434,1,590,133
distilled/acc90/semi90,math500/435,0,400,122
distilled/acc90/semi90,math500/436,0,4031,435
distilled/acc90/semi90,math500/437,1,653,184
distilled/acc90/semi90,math500/438,1,184,70
distilled/acc90/semi90,math500/439,1,427,136
distilled/acc90/semi90,math500/440,0,286,35
distilled/acc90/semi90,math500/441,1,258,56
distilled/acc90/semi90,math500/442,1,254,23
distilled/acc90/semi90,math500/443,1,202,31
distilled/acc90/semi90,math500/444,0,2557,905
distilled/acc90/semi90,math500/445,0,1858,433
distilled/acc90/semi90,math500/446,0,789,142
distilled/acc90/semi90,math500/447,1,302,92
distilled/acc90/semi90,math500/448,0,652,165
distilled/acc90/semi90,math500/449,1,219,35
distilled/acc90/semi90,math500/450,0,682,157
distilled/acc90/semi90,math500/451,0,415,87
distilled/acc90/semi90,math500/452,0,477,100
distilled/acc90/semi90,math500/453,0,238,71
distilled/acc90/semi90,math500/454,0,1960,302
distilled/acc90/semi90,math500/455,1,176,38
distilled/acc90/semi90,math500/456,0,824,167
distilled/acc90/semi90,math500/457,1,65,21
distilled/acc90/semi90,math500/458,1,452,202
distilled/acc90/semi90,math500/459,0,3994,527
distilled/acc90/semi90,math500/460,0,377,132
distilled/acc90/semi90,math500/461,1,491,60
distilled/acc90/semi90,math500/462,1,378,143
distilled/acc90/semi90,math500/463,1,145,43
distilled/acc90/semi90,math500/464,1,752,177
distilled/acc90/semi90,math500/465,1,617,181
distilled/acc90/semi90,math500/466,0,3989,333
distilled/acc90/semi90,math500/467,1,386,84
distilled/acc90/semi90,math500/468,1,186,64
distilled/acc90/semi90,math500/469,1,197,25
distilled/acc90/semi90,math500/470,0,675,178
distilled/acc90/semi90,math500/471,1,190,32
distilled/acc90/semi90,math500/472,1,185,39
distilled/acc90/semi90,math500/473,0,1837,378
distilled/acc90/semi90,math500/474,1,488,64
distilled/acc90/semi90,math500/475,0,3913,893
distilled/acc90/semi90,math500/476,1,301,79
distilled/acc90/semi90,math500/477,0,4034,476
distilled/acc90/semi90,math500/478,0,3998,777
distilled/acc90/semi90,math500/479,1,287,107
distilled/acc90/semi90,math500/480,1,538,129
distilled/acc90/semi90,math500/481,0,3970,634
distilled/acc90/semi90,math500/482,1,717,235
distilled/acc90/semi90,math500/483,0,1522,364
distilled/acc90/semi90,math500/484,1,748,119
distilled/acc90/semi90,math500/485,0,3872,224
distilled/acc90/semi90,math500/486,1,336,168
distilled/acc90/semi90,math500/487,1,217,39
distilled/acc90/semi90,math500/488,1,135,37
distilled/acc90/semi90,math500/489,1,719,264
distilled/acc90/semi90,math500/490,0,3980,409
distilled/acc90/semi90,math500/491,0,312,128
distilled/acc90/semi90,math500/492,1,463,81
distilled/acc90/semi90,math500/493,1,552,77
distilled/acc90/semi90,math500/494,0,4000,455
distilled/acc90/semi90,math500/495,1,466,127
distilled/acc90/semi90,math500/496,1,362,41
distilled/acc90/semi90,math500/497,0,2277,505
distilled/acc90/semi90,math500/498,0,2513,579
distilled/acc90/semi90,math500/499,1,366,101
distilled/acc95/semi70,gsm8k/0,1,126,48
distilled/acc95/semi70,gsm8k/1,1,260,99
distilled/acc95/semi70,gsm8k/2,1,194,48
distilled/acc95/semi70,gsm8k/3,1,191,37
distilled/acc95/semi70,gsm8k/4,1,221,113
distilled/acc95/semi70,gsm8k/5,1,148,35
distilled/acc95/semi70,gsm8k/6,1,159,45
distilled/acc95/semi70,gsm8k/7,0,134,55
distilled/acc95/semi70,gsm8k/8,1,310,116
distilled/acc95/semi70,gsm8k/9,1,241,84
distilled/acc95/semi70,gsm8k/10,1,236,103
distilled/acc95/semi70,gsm8k/11,1,428,133
distilled/acc95/semi70,gsm8k/12,1,115,30
distilled/acc95/semi70,gsm8k/13,1,211,60
distilled/acc95/semi70,gsm8k/14,1,301,113
distilled/acc95/semi70,gsm8k/15,1,206,59
distilled/acc95/semi70,gsm8k/16,1,184,38
distilled/acc95/semi70,gsm8k/17,1,182,66
distilled/acc95/semi70,gsm8k/18,1,193,69
distilled/acc95/semi70,gsm8k/19,1,242,46
distilled/acc95/semi70,gsm8k/20,1,190,50
distilled/acc95/semi70,gsm8k/21,1,207,85
distilled/acc95/semi70,gsm8k/22,1,242,65
distilled/acc95/semi70,gsm8k/23,0,325,102
distilled/acc95/semi70,gsm8k/24,1,185,51
distilled/acc95/semi70,gsm8k/25,1,261,57
distilled/acc95/semi70,gsm8k/26,1,239,93
distilled/acc95/semi70,gsm8k/27,1,103,27
distilled/acc95/semi70,gsm8k/28,1,152,52
distilled/acc95/semi70,gsm8k/29,0,174,72
distilled/acc95/semi70,gsm8k/30,1,179,53
distilled/acc95/semi70,gsm8k/31,1,329,95
distilled/acc95/semi70,gsm8k/32,1,109,43
distilled/acc95/semi70,gsm8k/33,0,420,117
distilled/acc95/semi70,gsm8k/34,0,323,103
distilled/acc95/semi70,gsm8k/35,1,160,43
distilled/acc95/semi70,gsm8k/36,1,191,52
distilled/acc95/semi70,gsm8k/37,1,198,82
distilled/acc95/semi70,gsm8k/38,1,342,115
distilled/acc95/semi70,gsm8k/39,1,302,84
distilled/acc95/semi70,gsm8k/40,1,231,69
distilled/acc95/semi70,gsm8k/41,1,320,63
distilled/acc95/semi70,gsm8k/42,1,259,70
distilled/acc95/semi70,gsm8k/43,1,147,64
distilled/acc95/semi70,gsm8k/44,0,289,94
distilled/acc95/semi70,gsm8k/45,0,266,79
distilled/acc95/semi70,gsm8k/46,1,294,83
distilled/acc95/semi70,gsm8k/47,1,128,30
distilled/acc95/semi70,gsm8k/48,1,244,74
distilled/acc95/semi70,gsm8k/49,0,365,149
distilled/acc95/semi70,gsm8k/50,0,657,237
distilled/acc95/semi70,gsm8k/51,1,130,41
distilled/acc95/semi70,gsm8k/52,1,127,35
distilled/acc95/semi70,gsm8k/53,1,125,40
distilled/acc95/semi70,gsm8k/54,1,270,88
distilled/acc95/semi70,gsm8k/55,1,146,43
distilled/acc95/semi70,gsm8k/56,1,313,63
distilled/acc95/semi70,gsm8k/57,1,142,37
distilled/acc95/semi70,gsm8k/58,1,161,41
distilled/acc95/semi70,gsm8k/59,1,119,47
distilled/acc95/semi70,gsm8k/60,1,161,34
distilled/acc95/semi70,gsm8k/61,1,155,25
distilled/acc95/semi70,gsm8k/62,1,247,62
distilled/acc95/semi70,gsm8k/63,1,153,55
distilled/acc95/semi70,gsm8k/64,1,360,126
distilled/acc95/semi70,gsm8k/65,1,142,46
distilled/acc95/semi70,gsm8k/66,1,230,66
distilled/acc95/semi70,gsm8k/67,0,265,79
distilled/acc95/semi70,gsm8k/68,0,386,177
distilled/acc95/semi70,gsm8k/69,1,158,29
distilled/acc95/semi70,gsm8k/70,1,285,82
distilled/acc95/semi70,gsm8k/71,1,209,46
distilled/acc95/semi70,gsm8k/72,1,218,82
distilled/acc95/semi70,gsm8k/73,1,302,97
distilled/acc95/semi70,gsm8k/74,1,147,59
distilled/acc95/semi70,gsm8k/75,1,203,78
distilled/acc95/semi70,gsm8k/76,1,199,77
distilled/acc95/semi70,gsm8k/77,1,264,112
distilled/acc95/semi70,gsm8k/78,1,229,71
distilled/acc95/semi70,gsm8k/79,1,279,55
distilled/acc95/semi70,gsm8k/80,1,229,73
distilled/acc95/semi70,gsm8k/81,1,266,89
distilled/acc95/semi70,gsm8k/82,1,178,43
distilled/acc95/semi70,gsm8k/83,1,283,96
distilled/acc95/semi70,gsm8k/84,1,152,54
distilled/acc95/semi70,gsm8k/85,1,142,54
distilled/acc95/semi70,gsm8k/86,0,267,84
distilled/acc95/semi70,gsm8k/87,1,205,51
distilled/acc95/semi70,gsm8k/88,1,176,47
distilled/acc95/semi70,gsm8k/89,1,182,34
distilled/acc95/semi70,gsm8k/90,1,178,38
distilled/acc95/semi70,gsm8k/91,1,417,110
distilled/acc95/semi70,gsm8k/92,1,158,51
distilled/acc95/semi70,gsm8k/93,1,116,31
distilled/acc95/semi70,gsm8k/94,0,238,85
distilled/acc95/semi70,gsm8k/95,1,159,47
distilled/acc95/semi70,gsm8k/96,0,3995,315
distilled/acc95/semi70,gsm8k/97,1,245,102
distilled/acc95/semi70,gsm8k/98,1,162,41
distilled/acc95/semi70,gsm8k/99,1,242,45
distilled/acc95/semi70,gsm8k/100,1,204,75
distilled/acc95/semi70,gsm8k/101,1,277,107
distilled/acc95/semi70,gsm8k/102,1,238,64
distilled/acc95/semi70,gsm8k/103,1,188,39
distilled/acc95/semi70,gsm8k/104,1,119,56
distilled/acc95/semi70,gsm8k/105,1,277,69
distilled/acc95/semi70,gsm8k/106,1,312,118
distilled/acc95/semi70,gsm8k/107,1,243,47
distilled/acc95/semi70,gsm8k/108,1,196,55
distilled/acc95/semi70,gsm8k/109,1,280,75
distilled/acc95/semi70,gsm8k/110,1,164,37
distilled/acc95/semi70,gsm8k/111,1,153,39
distilled/acc95/semi70,gsm8k/112,1,164,50
distilled/acc95/semi70,gsm8k/113,1,211,65
distilled/acc95/semi70,gsm8k/114,1,181,72
distilled/acc95/semi70,gsm8k/115,1,135,29
distilled/acc95/semi70,gsm8k/116,1,303,95
distilled/acc95/semi70,gsm8k/117,1,292,96
distilled/acc95/semi70,gsm8k/118,1,232,76
distilled/acc95/semi70,gsm8k/119,0,279,89
distilled/acc95/semi70,gsm8k/120,1,108,39
distilled/acc95/semi70,gsm8k/121,1,315,101
distilled/acc95/semi70,gsm8k/122,1,116,28
distilled/acc95/semi70,gsm8k/123,1,492,120
distilled/acc95/semi70,gsm8k/124,1,163,51
distilled/acc95/semi70,gsm8k/125,1,158,54
distilled/acc95/semi70,gsm8k/126,1,287,104
distilled/acc95/semi70,gsm8k/127,1,167,54
distilled/acc95/semi70,gsm8k/128,0,507,170
distilled/acc95/semi70,gsm8k/129,1,206,77
distilled/acc95/semi70,gsm8k/130,1,193,47
distilled/acc95/semi70,gsm8k/131,1,443,125
distilled/acc95/semi70,gsm8k/132,1,207,51
distilled/acc95/semi70,gsm8k/133,1,277,88
distilled/acc95/semi70,gsm8k/134,1,146,57
distilled/acc95/semi70,gsm8k/135,1,385,111
distilled/acc95/semi70,gsm8k/136,1,478,137
distilled/acc95/semi70,gsm8k/137,0,225,71
distilled/acc95/semi70,gsm8k/138,1,257,113
distilled/acc95/semi70,gsm8k/139,0,200,77
distilled/acc95/semi70,gsm8k/140,0,197,86
distilled/acc95/semi70,gsm8k/141,0,232,88
distilled/acc95/semi70,gsm8k/142,1,165,52
distilled/acc95/semi70,gsm8k/143,1,246,94
distilled/acc95/semi70,gsm8k/144,1,426,123
distilled/acc95/semi70,gsm8k/145,1,199,71
distilled/acc95/semi70,gsm8k/146,1,299,69
distilled/acc95/semi70,gsm8k/147,1,164,46
distilled/acc95/semi70,gsm8k/148,1,297,91
distilled/acc95/semi70,gsm8k/149,1,184,67
distilled/acc95/semi70,gsm8k/150,1,273,81
distilled/acc95/semi70,gsm8k/151,1,335,107
distilled/acc95/semi70,gsm8k/152,1,349,96
distilled/acc95/semi70,gsm8k/153,1,276,85
distilled/acc95/semi70,gsm8k/154,1,145,34
distilled/acc95/semi70,gsm8k/155,0,127,41
distilled/acc95/semi70,gsm8k/156,1,198,40
distilled/acc95/semi70,gsm8k/157,0,218,70
distilled/acc95/semi70,gsm8k/158,1,223,57
distilled/acc95/semi70,gsm8k/159,1,322,72
distilled/acc95/semi70,gsm8k/160,1,161,40
distilled/acc95/semi70,gsm8k/161,1,198,66
distilled/acc95/semi70,gsm8k/162,1,203,79
distilled/acc95/semi70,gsm8k/163,1,220,80
distilled/acc95/semi70,gsm8k/164,1,226,75
distilled/acc95/semi70,gsm8k/165,1,265,92
distilled/acc95/semi70,gsm8k/166,1,162,53
distilled/acc95/semi70,gsm8k/167,1,164,42
distilled/acc95/semi70,gsm8k/168,1,421,187
distilled/acc95/semi70,gsm8k/169,1,211,53
distilled/acc95/semi70,gsm8k/170,1,433,140
distilled/acc95/semi70,gsm8k/171,1,156,79
distilled/acc95/semi70,gsm8k/172,1,228,66
distilled/acc95/semi70,gsm8k/173,1,188,43
distilled/acc95/semi70,gsm8k/174,1,187,64
distilled/acc95/semi70,gsm8k/175,1,246,72
distilled/acc95/semi70,gsm8k/176,1,290,51
distilled/acc95/semi70,gsm8k/177,1,149,48
distilled/acc95/semi70,gsm8k/178,1,175,74
distilled/acc95/semi70,gsm8k/179,1,202,55
distilled/acc95/semi70,gsm8k/180,1,135,28
distilled/acc95/semi70,gsm8k/181,0,201,73
distilled/acc95/semi70,gsm8k/182,1,226,85
distilled/acc95/semi70,gsm8k/183,1,260,81
distilled/acc95/semi70,gsm8k/184,1,348,116
distilled/acc95/semi70,gsm8k/185,1,232,61
distilled/acc95/semi70,gsm8k/186,1,222,85
distilled/acc95/semi70,gsm8k/187,1,212,62
distilled/acc95/semi70,gsm8k/188,1,238,54
distilled/acc95/semi70,gsm8k/189,1,268,76
distilled/acc95/semi70,gsm8k/190,1,309,72
distilled/acc95/semi70,gsm8k/191,1,237,99
distilled/acc95/semi70,gsm8k/192,1,196,61
distilled/acc95/semi70,gsm8k/193,1,142,40
distilled/acc95/semi70,gsm8k/194,1,124,29
distilled/acc95/semi70,gsm8k/195,1,290,78
distilled/acc95/semi70,gsm8k/196,1,229,86
distilled/acc95/semi70,gsm8k/197,1,418,89
distilled/acc95/semi70,gsm8k/198,0,269,85
distilled/acc95/semi70,gsm8k/199,1,99,34
distilled/acc95/semi70,gsm8k/200,1,253,83
distilled/acc95/semi70,gsm8k/201,1,224,44
distilled/acc95/semi70,gsm8k/202,1,108,25
distilled/acc95/semi70,gsm8k/203,1,240,56
distilled/acc95/semi70,gsm8k/204,1,255,96
distilled/acc95/semi70,gsm8k/205,1,326,95
distilled/acc95/semi70,gsm8k/206,1,206,75
distilled/acc95/semi70,gsm8k/207,1,230,58
distilled/acc95/semi70,gsm8k/208,1,154,27
distilled/acc95/semi70,gsm8k/209,1,251,85
distilled/acc95/semi70,gsm8k/210,1,377,144
distilled/acc95/semi70,gsm8k/211,1,199,61
distilled/acc95/semi70,gsm8k/212,1,176,58
distilled/acc95/semi70,gsm8k/213,1,243,68
distilled/acc95/semi70,gsm8k/214,1,106,33
distilled/acc95/semi70,gsm8k/215,1,314,83
distilled/acc95/semi70,gsm8k/216,1,218,52
distilled/acc95/semi70,gsm8k/217,1,226,64
distilled/acc95/semi70,gsm8k/218,1,278,111
distilled/acc95/semi70,gsm8k/219,1,210,52
distilled/acc95/semi70,gsm8k/220,1,87,29
distilled/acc95/semi70,gsm8k/221,1,219,34
distilled/acc95/semi70,gsm8k/222,1,176,40
distilled/acc95/semi70,gsm8k/223,1,249,86
distilled/acc95/semi70,gsm8k/224,1,185,63
distilled/acc95/semi70,gsm8k/225,0,333,211
distilled/acc95/semi70,gsm8k/226,1,98,26
distilled/acc95/semi70,gsm8k/227,0,292,79
distilled/acc95/semi70,gsm8k/228,0,248,81
distilled/acc95/semi70,gsm8k/229,1,307,116
distilled/acc95/semi70,gsm8k/230,0,497,187
distilled/acc95/semi70,gsm8k/231,1,186,35
distilled/acc95/semi70,gsm8k/232,1,216,68
distilled/acc95/semi70,gsm8k/233,1,221,52
distilled/acc95/semi70,gsm8k/234,1,260,95
distilled/acc95/semi70,gsm8k/235,0,244,81
distilled/acc95/semi70,gsm8k/236,1,205,43
distilled/acc95/semi70,gsm8k/237,1,220,62
distilled/acc95/semi70,gsm8k/238,1,252,83
distilled/acc95/semi70,gsm8k/239,1,161,52
distilled/acc95/semi70,gsm8k/240,1,165,57
distilled/acc95/semi70,gsm8k/241,1,128,54
distilled/acc95/semi70,gsm8k/242,1,257,98
distilled/acc95/semi70,gsm8k/243,1,285,79
distilled/acc95/semi70,gsm8k/244,1,112,41
distilled/acc95/semi70,gsm8k/245,1,160,41
distilled/acc95/semi70,gsm8k/246,1,162,55
distilled/acc95/semi70,gsm8k/247,1,212,69
distilled/acc95/semi70,gsm8k/248,1,188,49
distilled/acc95/semi70,gsm8k/249,1,162,40
distilled/acc95/semi70,gsm8k/250,1,279,72
distilled/acc95/semi70,gsm8k/251,1,248,59
distilled/acc95/semi70,gsm8k/252,1,208,91
distilled/acc95/semi70,gsm8k/253,1,174,56
distilled/acc95/semi70,gsm8k/254,1,264,66
distilled/acc95/semi70,gsm8k/255,1,404,111
distilled/acc95/semi70,gsm8k/256,1,263,54
distilled/acc95/semi70,gsm8k/257,0,294,99
distilled/acc95/semi70,gsm8k/258,1,163,49
distilled/acc95/semi70,gsm8k/259,0,3924,341
distilled/acc95/semi70,gsm8k/260,1,144,31
distilled/acc95/semi70,gsm8k/261,1,353,137
distilled/acc95/semi70,gsm8k/262,1,255,56
distilled/acc95/semi70,gsm8k/263,1,162,56
distilled/acc95/semi70,gsm8k/264,1,258,64
distilled/acc95/semi70,gsm8k/265,0,267,75
distilled/acc95/semi70,gsm8k/266,0,254,79
distilled/acc95/semi70,gsm8k/267,1,129,49
distilled/acc95/semi70,gsm8k/268,1,194,44
distilled/acc95/semi70,gsm8k/269,1,170,31
distilled/acc95/semi70,gsm8k/270,0,387,145
distilled/acc95/semi70,gsm8k/271,0,322,108
distilled/acc95/semi70,gsm8k/272,1,146,24
distilled/acc95/semi70,gsm8k/273,1,234,98
distilled/acc95/semi70,gsm8k/274,1,315,67
distilled/acc95/semi70,gsm8k/275,1,165,48
distilled/acc95/semi70,gsm8k/276,0,335,146
distilled/acc95/semi70,gsm8k/277,1,179,57
distilled/acc95/semi70,gsm8k/278,1,152,28
distilled/acc95/semi70,gsm8k/279,1,161,38
distilled/acc95/semi70,gsm8k/280,1,276,92
distilled/acc95/semi70,gsm8k/281,1,152,55
distilled/acc95/semi70,gsm8k/282,1,202,52
distilled/acc95/semi70,gsm8k/283,0,4030,362
distilled/acc95/semi70,gsm8k/284,1,185,44
distilled/acc95/semi70,gsm8k/285,1,217,45
distilled/acc95/semi70,gsm8k/286,1,158,49
distilled/acc95/semi70,gsm8k/287,1,374,142
distilled/acc95/semi70,gsm8k/288,1,329,103
distilled/acc95/semi70,gsm8k/289,0,220,90
distilled/acc95/semi70,gsm8k/290,1,135,40
distilled/acc95/semi70,gsm8k/291,1,242,49
distilled/acc95/semi70,gsm8k/292,1,137,34
distilled/acc95/semi70,gsm8k/293,1,303,97
distilled/acc95/semi70,gsm8k/294,0,347,106
distilled/acc95/semi70,gsm8k/295,1,138,39
distilled/acc95/semi70,gsm8k/296,0,327,103
distilled/acc95/semi70,gsm8k/297,1,233,76
distilled/acc95/semi70,gsm8k/298,1,215,56
distilled/acc95/semi70,gsm8k/299,1,340,79
distilled/acc95/semi70,gsm8k/300,1,331,102
distilled/acc95/semi70,gsm8k/301,1,123,25
distilled/acc95/semi70,gsm8k/302,1,218,41
distilled/acc95/semi70,gsm8k/303,0,260,75
distilled/acc95/semi70,gsm8k/304,1,130,38
distilled/acc95/semi70,gsm8k/305,1,147,33
distilled/acc95/semi70,gsm8k/306,1,142,34
distilled/acc95/semi70,gsm8k/307,1,260,85
distilled/acc95/semi70,gsm8k/308,1,268,82
distilled/acc95/semi70,gsm8k/309,1,191,51
distilled/acc95/semi70,gsm8k/310,0,310,81
distilled/acc95/semi70,gsm8k/311,1,171,55
distilled/acc95/semi70,gsm8k/312,1,208,59
distilled/acc95/semi70,gsm8k/313,1,316,79
distilled/acc95/semi70,gsm8k/314,1,266,73
distilled/acc95/semi70,gsm8k/315,1,255,93
distilled/acc95/semi70,gsm8k/316,1,196,82
distilled/acc95/semi70,gsm8k/317,1,178,65
distilled/acc95/semi70,gsm8k/318,1,237,33
distilled/acc95/semi70,gsm8k/319,1,119,41
distilled/acc95/semi70,gsm8k/320,1,342,153
distilled/acc95/semi70,gsm8k/321,1,217,51
distilled/acc95/semi70,gsm8k/322,1,334,103
distilled/acc95/semi70,gsm8k/323,1,206,60
distilled/acc95/semi70,gsm8k/324,1,379,85
distilled/acc95/semi70,gsm8k/325,1,147,35
distilled/acc95/semi70,gsm8k/326,1,251,66
distilled/acc95/semi70,gsm8k/327,1,220,54
distilled/acc95/semi70,gsm8k/328,1,147,20
distilled/acc95/semi70,gsm8k/329,1,184,59
distilled/acc95/semi70,gsm8k/330,1,159,50
distilled/acc95/semi70,gsm8k/331,1,173,62
distilled/acc95/semi70,gsm8k/332,1,251,72
distilled/acc95/semi70,gsm8k/333,1,178,35
distilled/acc95/semi70,gsm8k/334,1,397,196
distilled/acc95/semi70,gsm8k/335,1,152,61
distilled/acc95/semi70,gsm8k/336,1,265,96
distilled/acc95/semi70,gsm8k/337,0,264,80
distilled/acc95/semi70,gsm8k/338,1,216,47
distilled/acc95/semi70,gsm8k/339,0,874,352
distilled/acc95/semi70,gsm8k/340,0,183,65
distilled/acc95/semi70,gsm8k/341,1,137,54
distilled/acc95/semi70,gsm8k/342,1,226,73
distilled/acc95/semi70,gsm8k/343,1,251,82
distilled/acc95/semi70,gsm8k/344,1,92,35
distilled/acc95/semi70,gsm8k/345,1,287,73
distilled/acc95/semi70,gsm8k/346,1,401,117
distilled/acc95/semi70,gsm8k/347,1,123,46
distilled/acc95/semi70,gsm8k/348,1,309,73
distilled/acc95/semi70,gsm8k/349,1,192,48
distilled/acc95/semi70,gsm8k/350,1,265,69
distilled/acc95/semi70,gsm8k/351,1,444,115
distilled/acc95/semi70,gsm8k/352,1,103,22
distilled/acc95/semi70,gsm8k/353,1,171,59
distilled/acc95/semi70,gsm8k/354,1,175,48
distilled/acc95/semi70,gsm8k/355,1,224,74
distilled/acc95/semi70,gsm8k/356,1,294,95
distilled/acc95/semi70,gsm8k/357,1,411,126
distilled/acc95/semi70,gsm8k/358,1,152,43
distilled/acc95/semi70,gsm8k/359,1,237,61
distilled/acc95/semi70,gsm8k/360,1,425,127
distilled/acc95/semi70,gsm8k/361,1,244,93
distilled/acc95/semi70,gsm8k/362,1,149,36
distilled/acc95/semi70,gsm8k/363,1,153,50
distilled/acc95/semi70,gsm8k/364,1,105,46
distilled/acc95/semi70,gsm8k/365,1,263,112
distilled/acc95/semi70,gsm8k/366,0,226,73
distilled/acc95/semi70,gsm8k/367,1,195,46
distilled/acc95/semi70,gsm8k/368,1,248,93
distilled/acc95/semi70,gsm8k/369,1,207,75
distilled/acc95/semi70,gsm8k/370,1,230,63
distilled/acc95/semi70,gsm8k/371,1,219,40
distilled/acc95/semi70,gsm8k/372,1,297,90
distilled/acc95/semi70,gsm8k/373,1,143,25
distilled/acc95/semi70,gsm8k/374,1,345,110
distilled/acc95/semi70,gsm8k/375,1,394,132
distilled/acc95/semi70,gsm8k/376,1,155,26
distilled/acc95/semi70,gsm8k/377,1,171,43
distilled/acc95/semi70,gsm8k/378,1,384,104
distilled/acc95/semi70,gsm8k/379,1,198,71
distilled/acc95/semi70,gsm8k/380,1,305,83
distilled/acc95/semi70,gsm8k/381,1,146,32
distilled/acc95/semi70,gsm8k/382,0,396,131
distilled/acc95/semi70,gsm8k/383,1,155,51
distilled/acc95/semi70,gsm8k/384,1,141,30
distilled/acc95/semi70,gsm8k/385,1,192,47
distilled/acc95/semi70,gsm8k/386,1,226,57
distilled/acc95/semi70,gsm8k/387,1,271,67
distilled/acc95/semi70,gsm8k/388,0,248,90
distilled/acc95/semi70,gsm8k/389,1,348,144
distilled/acc95/semi70,gsm8k/390,1,252,95
distilled/acc95/semi70,gsm8k/391,1,268,88
distilled/acc95/semi70,gsm8k/392,1,293,118
distilled/acc95/semi70,gsm8k/393,1,136,47
distilled/acc95/semi70,gsm8k/394,1,164,39
distilled/acc95/semi70,gsm8k/395,1,145,41
distilled/acc95/semi70,gsm8k/396,1,226,78
distilled/acc95/semi70,gsm8k/397,1,128,43
distilled/acc95/semi70,gsm8k/398,1,177,41
distilled/acc95/semi70,gsm8k/399,0,319,142
distilled/acc95/semi70,gsm8k/400,1,162,50
distilled/acc95/semi70,gsm8k/401,1,264,65
distilled/acc95/semi70,gsm8k/402,1,348,116
distilled/acc95/semi70,gsm8k/403,1,351,73
distilled/acc95/semi70,gsm8k/404,1,158,49
distilled/acc95/semi70,gsm8k/405,0,405,164
distilled/acc95/semi70,gsm8k/406,0,243,110
distilled/acc95/semi70,gsm8k/407,1,300,72
distilled/acc95/semi70,gsm8k/408,1,100,29
distilled/acc95/semi70,gsm8k/409,1,305,74
distilled/acc95/semi70,gsm8k/410,1,319,80
distilled/acc95/semi70,gsm8k/411,1,223,61
distilled/acc95/semi70,gsm8k/412,0,234,94
distilled/acc95/semi70,gsm8k/413,1,202,46
distilled/acc95/semi70,gsm8k/414,1,170,51
distilled/acc95/semi70,gsm8k/415,1,329,75
distilled/acc95/semi70,gsm8k/416,1,155,33
distilled/acc95/semi70,gsm8k/417,1,255,54
distilled/acc95/semi70,gsm8k/418,1,115,52
distilled/acc95/semi70,gsm8k/419,1,258,57
distilled/acc95/semi70,gsm8k/420,1,281,64
distilled/acc95/semi70,gsm8k/421,1,152,29
distilled/acc95/semi70,gsm8k/422,1,143,46
distilled/acc95/semi70,gsm8k/423,1,164,32
distilled/acc95/semi70,gsm8k/424,1,148,42
distilled/acc95/semi70,gsm8k/425,1,175,78
distilled/acc95/semi70,gsm8k/426,1,173,53
distilled/acc95/semi70,gsm8k/427,0,276,108
distilled/acc95/semi70,gsm8k/428,1,229,66
distilled/acc95/semi70,gsm8k/429,1,305,111
distilled/acc95/semi70,gsm8k/430,1,128,29
distilled/acc95/semi70,gsm8k/431,1,402,187
distilled/acc95/semi70,gsm8k/432,1,151,38
distilled/acc95/semi70,gsm8k/433,1,407,128
distilled/acc95/semi70,gsm8k/434,1,340,79
distilled/acc95/semi70,gsm8k/435,1,245,42
distilled/acc95/semi70,gsm8k/436,1,329,89
distilled/acc95/semi70,gsm8k/437,1,317,111
distilled/acc95/semi70,gsm8k/438,0,155,47
distilled/acc95/semi70,gsm8k/439,1,369,114
distilled/acc95/semi70,gsm8k/440,1,153,37
distilled/acc95/semi70,gsm8k/441,1,267,115
distilled/acc95/semi70,gsm8k/442,1,163,44
distilled/acc95/semi70,gsm8k/443,1,276,77
distilled/acc95/semi70,gsm8k/444,1,111,27
distilled/acc95/semi70,gsm8k/445,1,263,104
distilled/acc95/semi70,gsm8k/446,1,288,103
distilled/acc95/semi70,gsm8k/447,1,175,52
distilled/acc95/semi70,gsm8k/448,1,157,41
distilled/acc95/semi70,gsm8k/449,1,225,50
distilled/acc95/semi70,gsm8k/450,1,181,30
distilled/acc95/semi70,gsm8k/451,1,257,86
distilled/acc95/semi70,gsm8k/452,0,188,86
distilled/acc95/semi70,gsm8k/453,1,253,99
distilled/acc95/semi70,gsm8k/454,1,275,134
distilled/acc95/semi70,gsm8k/455,1,212,78
distilled/acc95/semi70,gsm8k/456,1,147,20
distilled/acc95/semi70,gsm8k/457,1,206,60
distilled/acc95/semi70,gsm8k/458,1,247,89
distilled/acc95/semi70,gsm8k/459,1,262,76
distilled/acc95/semi70,gsm8k/460,1,177,38
distilled/acc95/semi70,gsm8k/461,1,305,99
distilled/acc95/semi70,gsm8k/462,1,264,50
distilled/acc95/semi70,gsm8k/463,1,290,130
distilled/acc95/semi70,gsm8k/464,1,215,67
distilled/acc95/semi70,gsm8k/465,0,396,173
distilled/acc95/semi70,gsm8k/466,1,327,86
distilled/acc95/semi70,gsm8k/467,1,144,32
distilled/acc95/semi70,gsm8k/468,1,136,41
distilled/acc95/semi70,gsm8k/469,1,202,54
distilled/acc95/semi70,gsm8k/470,1,197,48
distilled/acc95/semi70,gsm8k/471,1,250,56
distilled/acc95/semi70,gsm8k/472,1,307,113
distilled/acc95/semi70,gsm8k/473,1,208,55
distilled/acc95/semi70,gsm8k/474,1,189,45
distilled/acc95/semi70,gsm8k/475,0,266,141
distilled/acc95/semi70,gsm8k/476,1,250,105
distilled/acc95/semi70,gsm8k/477,1,163,44
distilled/acc95/semi70,gsm8k/478,0,215,28
distilled/acc95/semi70,gsm8k/479,0,447,133
distilled/acc95/semi70,gsm8k/480,1,232,57
distilled/acc95/semi70,gsm8k/481,0,349,171
distilled/acc95/semi70,gsm8k/482,1,221,52
distilled/acc95/semi70,gsm8k/483,1,428,216
distilled/acc95/semi70,gsm8k/484,1,331,95
distilled/acc95/semi70,gsm8k/485,1,130,34
distilled/acc95/semi70,gsm8k/486,0,572,219
distilled/acc95/semi70,gsm8k/487,1,161,55
distilled/acc95/semi70,gsm8k/488,1,262,59
distilled/acc95/semi70,gsm8k/489,1,298,70
distilled/acc95/semi70,gsm8k/490,1,414,224
distilled/acc95/semi70,gsm8k/491,1,346,110
distilled/acc95/semi70,gsm8k/492,1,301,88
distilled/acc95/semi70,gsm8k/493,1,174,55
distilled/acc95/semi70,gsm8k/494,1,154,43
distilled/acc95/semi70,gsm8k/495,1,172,62
distilled/acc95/semi70,gsm8k/496,0,275,99
distilled/acc95/semi70,gsm8k/497,1,199,49
distilled/acc95/semi70,gsm8k/498,1,129,32
distilled/acc95/semi70,gsm8k/499,1,259,93
distilled/acc95/semi70,gsm8k/500,1,108,20
distilled/acc95/semi70,gsm8k/501,1,185,44
distilled/acc95/semi70,gsm8k/502,1,339,96
distilled/acc95/semi70,gsm8k/503,1,218,55
distilled/acc95/semi70,gsm8k/504,1,292,133
distilled/acc95/semi70,gsm8k/505,1,243,63
distilled/acc95/semi70,gsm8k/506,1,103,50
distilled/acc95/semi70,gsm8k/507,1,251,63
distilled/acc95/semi70,gsm8k/508,1,159,27
distilled/acc95/semi70,gsm8k/509,1,292,100
distilled/acc95/semi70,gsm8k/510,1,208,41
distilled/acc95/semi70,gsm8k/511,0,252,123
distilled/acc95/semi70,math500/0,1,250,65
distilled/acc95/semi70,math500/1,0,463,105
distilled/acc95/semi70,math500/2,1,367,30
distilled/acc95/semi70,math500/3,1,289,65
distilled/acc95/semi70,math500/4,1,462,86
distilled/acc95/semi70,math500/5,1,220,65
distilled/acc95/semi70,math500/6,1,466,161
distilled/acc95/semi70,math500/7,0,1077,237
distilled/acc95/semi70,math500/8,1,264,47
distilled/acc95/semi70,math500/9,0,3924,570
distilled/acc95/semi70,math500/10,1,431,186
distilled/acc95/semi70,math500/11,0,4014,501
distilled/acc95/semi70,math500/12,0,943,230
distilled/acc95/semi70,math500/13,1,189,44
distilled/acc95/semi70,math500/14,0,226,81
distilled/acc95/semi70,math500/15,1,1027,214
distilled/acc95/semi70,math500/16,1,193,62
distilled/acc95/semi70,math500/17,1,705,225
distilled/acc95/semi70,math500/18,1,513,281
distilled/acc95/semi70,math500/19,0,3285,630
distilled/acc95/semi70,math500/20,1,123,27
distilled/acc95/semi70,math500/21,0,935,195
distilled/acc95/semi70,math500/22,1,624,162
distilled/acc95/semi70,math500/23,1,411,59
distilled/acc95/semi70,math500/24,0,778,224
distilled/acc95/semi70,math500/25,0,3994,246
distilled/acc95/semi70,math500/26,0,1535,686
distilled/acc95/semi70,math500/27,1,269,87
distilled/acc95/semi70,math500/28,0,129,46
distilled/acc95/semi70,math500/29,1,247,68
distilled/acc95/semi70,math500/30,1,252,72
distilled/acc95/semi70,math500/31,1,143,37
distilled/acc95/semi70,math500/32,1,300,124
distilled/acc95/semi70,math500/33,0,663,115
distilled/acc95/semi70,math500/34,1,603,119
distilled/acc95/semi70,math500/35,1,272,64
distilled/acc95/semi70,math500/36,1,462,77
distilled/acc95/semi70,math500/37,1,136,68
distilled/acc95/semi70,math500/38,1,173,50
distilled/acc95/semi70,math500/39,1,308,67
distilled/acc95/semi70,math500/40,1,221,55
distilled/acc95/semi70,math500/41,0,4023,394
distilled/acc95/semi70,math500/42,1,183,36
distilled/acc95/semi70,math500/43,0,3988,396
distilled/acc95/semi70,math500/44,1,389,111
distilled/acc95/semi70,math500/45,1,152,35
distilled/acc95/semi70,math500/46,0,1037,383
distilled/acc95/semi70,math500/47,1,326,82
distilled/acc95/semi70,math500/48,1,186,43
distilled/acc95/semi70,math500/49,1,160,23
distilled/acc95/semi70,math500/50,1,800,280
distilled/acc95/semi70,math500/51,0,863,154
distilled/acc95/semi70,math500/52,1,350,45
distilled/acc95/semi70,math500/53,1,291,64
distilled/acc95/semi70,math500/54,1,54,16
distilled/acc95/semi70,math500/55,1,298,95
distilled/acc95/semi70,math500/56,1,215,65
distilled/acc95/semi70,math500/57,1,433,88
distilled/acc95/semi70,math500/58,0,166,30
distilled/acc95/semi70,math500/59,1,271,72
distilled/acc95/semi70,math500/60,0,1606,485
distilled/acc95/semi70,math500/61,0,568,118
distilled/acc95/semi70,math500/62,0,2458,628
distilled/acc95/semi70,math500/63,1,884,194
distilled/acc95/semi70,math500/64,0,1253,295
distilled/acc95/semi70,math500/65,1,133,71
distilled/acc95/semi70,math500/66,1,252,55
distilled/acc95/semi70,math500/67,1,329,83
distilled/acc95/semi70,math500/68,1,450,137
distilled/acc95/semi70,math500/69,1,433,128
distilled/acc95/semi70,math500/70,1,170,62
distilled/acc95/semi70,math500/71,0,285,107
distilled/acc95/semi70,math500/72,1,248,50
distilled/acc95/semi70,math500/73,1,253,33
distilled/acc95/semi70,math500/74,1,371,82
distilled/acc95/semi70,math500/75,1,362,131
distilled/acc95/semi70,math500/76,1,256,83
distilled/acc95/semi70,math500/77,1,167,26
distilled/acc95/semi70,math500/78,1,918,177
distilled/acc95/semi70,math500/79,1,175,28
distilled/acc95/semi70,math500/80,0,4027,569
distilled/acc95/semi70,math500/81,1,381,120
distilled/acc95/semi70,math500/82,0,583,232
distilled/acc95/semi70,math500/83,0,4049,369
distilled/acc95/semi70,math500/84,1,732,128
distilled/acc95/semi70,math500/85,1,344,85
distilled/acc95/semi70,math500/86,1,109,40
distilled/acc95/semi70,math500/87,1,393,101
distilled/acc95/semi70,math500/88,0,1002,335
distilled/acc95/semi70,math500/89,0,423,82
distilled/acc95/semi70,math500/90,1,81,27
distilled/acc95/semi70,math500/91,1,336,113
distilled/acc95/semi70,math500/92,0,447,93
distilled/acc95/semi70,math500/93,1,394,76
distilled/acc95/semi70,math500/94,0,634,191
distilled/acc95/semi70,math500/95,1,509,74
distilled/acc95/semi70,math500/96,0,3965,538
distilled/acc95/semi70,math500/97,0,278,141
distilled/acc95/semi70,math500/98,1,111,26
distilled/acc95/semi70,math500/99,0,649,120
distilled/acc95/semi70,math500/100,0,754,262
distilled/acc95/semi70,math500/101,0,2302,472
distilled/acc95/semi70,math500/102,1,200,51
distilled/acc95/semi70,math500/103,0,3966,562
distilled/acc95/semi70,math500/104,0,1863,590
distilled/acc95/semi70,math500/105,1,316,72
distilled/acc95/semi70,math500/106,1,290,95
distilled/acc95/semi70,math500/107,1,349,97
distilled/acc95/semi70,math500/108,0,3987,508
distilled/acc95/semi70,math500/109,0,1465,234
distilled/acc95/semi70,math500/110,0,2885,431
distilled/acc95/semi70,math500/111,1,247,49
distilled/acc95/semi70,math500/112,1,752,131
distilled/acc95/semi70,math500/113,1,278,42
distilled/acc95/semi70,math500/114,1,512,113
distilled/acc95/semi70,math500/115,1,281,96
distilled/acc95/semi70,math500/116,1,215,41
distilled/acc95/semi70,math500/117,1,199,40
distilled/acc95/semi70,math500/118,0,765,181
distilled/acc95/semi70,math500/119,0,3920,427
distilled/acc95/semi70,math500/120,1,448,198
distilled/acc95/semi70,math500/121,1,185,40
distilled/acc95/semi70,math500/122,1,255,88
distilled/acc95/semi70,math500/123,0,2083,583
distilled/acc95/semi70,math500/124,1,361,82
distilled/acc95/semi70,math500/125,1,232,31
distilled/acc95/semi70,math500/126,0,2960,768
distilled/acc95/semi70,math500/127,0,184,50
distilled/acc95/semi70,math500/128,1,212,88
distilled/acc95/semi70,math500/129,1,1192,226
distilled/acc95/semi70,math500/130,0,430,133
distilled/acc95/semi70,math500/131,1,530,147
distilled/acc95/semi70,math500/132,1,320,77
distilled/acc95/semi70,math500/133,1,277,92
distilled/acc95/semi70,math500/134,1,661,168
distilled/acc95/semi70,math500/135,1,341,92
distilled/acc95/semi70,math500/136,0,3971,620
distilled/acc95/semi70,math500/137,0,335,61
distilled/acc95/semi70,math500/138,0,929,492
distilled/acc95/semi70,math500/139,1,763,244
distilled/acc95/semi70,math500/140,1,564,164
distilled/acc95/semi70,math500/141,1,255,119
distilled/acc95/semi70,math500/142,1,403,172
distilled/acc95/semi70,math500/143,0,655,89
distilled/acc95/semi70,math500/144,1,196,29
distilled/acc95/semi70,math500/145,0,4015,529
distilled/acc95/semi70,math500/146,1,269,62
distilled/acc95/semi70,math500/147,0,2154,573
distilled/acc95/semi70,math500/148,1,176,23
distilled/acc95/semi70,math500/149,1,744,219
distilled/acc95/semi70,math500/150,0,1665,259
distilled/acc95/semi70,math500/151,1,1379,326
distilled/acc95/semi70,math500/152,0,1974,484
distilled/acc95/semi70,math500/153,1,833,244
distilled/acc95/semi70,math500/154,0,1114,502
distilled/acc95/semi70,math500/155,1,369,116
distilled/acc95/semi70,math500/156,1,2145,521
distilled/acc95/semi70,math500/157,1,606,121
distilled/acc95/semi70,math500/158,1,415,103
distilled/acc95/semi70,math500/159,1,349,93
distilled/acc95/semi70,math500/160,1,365,71
distilled/acc95/semi70,math500/161,1,105,21
distilled/acc95/semi70,math500/162,0,480,144
distilled/acc95/semi70,math500/163,0,4002,390
distilled/acc95/semi70,math500/164,0,994,280
distilled/acc95/semi70,math500/165,1,211,61
distilled/acc95/semi70,math500/166,0,604,274
distilled/acc95/semi70,math500/167,1,146,35
distilled/acc95/semi70,math500/168,0,3406,439
distilled/acc95/semi70,math500/169,1,255,50
distilled/acc95/semi70,math500/170,0,4029,329
distilled/acc95/semi70,math500/171,1,223,46
distilled/acc95/semi70,math500/172,1,374,80
distilled/acc95/semi70,math500/173,0,4018,343
distilled/acc95/semi70,math500/174,1,279,92
distilled/acc95/semi70,math500/175,1,739,157
distilled/acc95/semi70,math500/176,0,189,40
distilled/acc95/semi70,math500/177,0,1334,361
distilled/acc95/semi70,math500/178,1,127,22
distilled/acc95/semi70,math500/179,0,781,155
distilled/acc95/semi70,math500/180,1,315,105
distilled/acc95/semi70,math500/181,0,380,114
distilled/acc95/semi70,math500/182,1,153,42
distilled/acc95/semi70,math500/183,0,1336,311
distilled/acc95/semi70,math500/184,0,1692,531
distilled/acc95/semi70,math500/185,1,153,25
distilled/acc95/semi70,math500/186,1,567,217
distilled/acc95/semi70,math500/187,1,280,62
distilled/acc95/semi70,math500/188,0,1099,212
distilled/acc95/semi70,math500/189,0,1485,476
distilled/acc95/semi70,math500/190,1,420,157
distilled/acc95/semi70,math500/191,1,163,37
distilled/acc95/semi70,math500/192,0,636,156
distilled/acc95/semi70,math500/193,1,355,113
distilled/acc95/semi70,math500/194,1,1931,447
distilled/acc95/semi70,math500/195,1,368,70
distilled/acc95/semi70,math500/196,1,178,39
distilled/acc95/semi70,math500/197,1,894,187
distilled/acc95/semi70,math500/198,1,244,80
distilled/acc95/semi70,math500/199,1,195,56
distilled/acc95/semi70,math500/200,0,248,54
distilled/acc95/semi70,math500/201,1,528,142
distilled/acc95/semi70,math500/202,1,781,230
distilled/acc95/semi70,math500/203,1,477,78
distilled/acc95/semi70,math500/204,0,3986,496
distilled/acc95/semi70,math500/205,1,738,99
distilled/acc95/semi70,math500/206,1,348,70
distilled/acc95/semi70,math500/207,1,162,50
distilled/acc95/semi70,math500/208,1,265,96
distilled/acc95/semi70,math500/209,0,1529,426
distilled/acc95/semi70,math500/210,0,475,160
distilled/acc95/semi70,math500/211,1,190,27
distilled/acc95/semi70,math500/212,1,238,80
distilled/acc95/semi70,math500/213,0,1103,296
distilled/acc95/semi70,math500/214,0,539,159
distilled/acc95/semi70,math500/215,1,1070,266
distilled/acc95/semi70,math500/216,1,291,55
distilled/acc95/semi70,math500/217,0,4054,285
distilled/acc95/semi70,math500/218,1,183,26
distilled/acc95/semi70,math500/219,0,3373,581
distilled/acc95/semi70,math500/220,1,234,78
distilled/acc95/semi70,math500/221,1,442,141
distilled/acc95/semi70,math500/222,0,3936,355
distilled/acc95/semi70,math500/223,0,307,87
distilled/acc95/semi70,math500/224,0,1237,269
distilled/acc95/semi70,math500/225,0,159,56
distilled/acc95/semi70,math500/226,1,344,151
distilled/acc95/semi70,math500/227,0,253,134
distilled/acc95/semi70,math500/228,1,1252,319
distilled/acc95/semi70,math500/229,1,171,71
distilled/acc95/semi70,math500/230,1,956,254
distilled/acc95/semi70,math500/231,1,694,147
distilled/acc95/semi70,math500/232,1,557,139
distilled/acc95/semi70,math500/233,1,473,105
distilled/acc95/semi70,math500/234,1,413,153
distilled/acc95/semi70,math500/235,0,415,49
distilled/acc95/semi70,math500/236,0,832,189
distilled/acc95/semi70,math500/237,1,531,129
distilled/acc95/semi70,math500/238,1,410,96
distilled/acc95/semi70,math500/239,0,3966,640
distilled/acc95/semi70,math500/240,0,810,258
distilled/acc95/semi70,math500/241,1,636,132
distilled/acc95/semi70,math500/242,0,368,114
distilled/acc95/semi70,math500/243,1,228,90
distilled/acc95/semi70,math500/244,1,477,138
distilled/acc95/semi70,math500/245,0,1197,241
distilled/acc95/semi70,math500/246,0,245,130
distilled/acc95/semi70,math500/247,0,543,116
distilled/acc95/semi70,math500/248,0,1913,355
distilled/acc95/semi70,math500/249,1,708,157
distilled/acc95/semi70,math500/250,1,411,84
distilled/acc95/semi70,math500/251,0,754,267
distilled/acc95/semi70,math500/252,0,578,133
distilled/acc95/semi70,math500/253,1,170,38
distilled/acc95/semi70,math500/254,1,394,141
distilled/acc95/semi70,math500/255,0,4017,225
distilled/acc95/semi70,math500/256,1,242,33
distilled/acc95/semi70,math500/257,1,262,67
distilled/acc95/semi70,math500/258,1,328,76
distilled/acc95/semi70,math500/259,1,179,37
distilled/acc95/semi70,math500/260,1,503,68
distilled/acc95/semi70,math500/261,1,383,115
distilled/acc95/semi70,math500/262,1,138,20
distilled/acc95/semi70,math500/263,1,290,83
distilled/acc95/semi70,math500/264,0,3828,478
distilled/acc95/semi70,math500/265,1,229,46
distilled/acc95/semi70,math500/266,1,267,77
distilled/acc95/semi70,math500/267,1,692,313
distilled/acc95/semi70,math500/268,1,173,42
distilled/acc95/semi70,math500/269,1,270,92
distilled/acc95/semi70,math500/270,1,303,74
distilled/acc95/semi70,math500/271,1,501,145
distilled/acc95/semi70,math500/272,0,555,154
distilled/acc95/semi70,math500/273,0,266,74
distilled/acc95/semi70,math500/274,0,904,415
distilled/acc95/semi70,math500/275,1,178,18
distilled/acc95/semi70,math500/276,0,467,176
distilled/acc95/semi70,math500/277,1,162,69
distilled/acc95/semi70,math500/278,1,291,83
distilled/acc95/semi70,math500/279,1,537,182
distilled/acc95/semi70,math500/280,1,488,148
distilled/acc95/semi70,math500/281,1,354,171
distilled/acc95/semi70,math500/282,0,465,84
distilled/acc95/semi70,math500/283,1,288,42
distilled/acc95/semi70,math500/284,0,1058,246
distilled/acc95/semi70,math500/285,0,3916,494
distilled/acc95/semi70,math500/286,0,4005,354
distilled/acc95/semi70,math500/287,0,497,164
distilled/acc95/semi70,math500/288,1,1095,158
distilled/acc95/semi70,math500/289,1,495,112
distilled/acc95/semi70,math500/290,1,535,89
distilled/acc95/semi70,math500/291,1,376,141
distilled/acc95/semi70,math500/292,0,3948,280
distilled/acc95/semi70,math500/293,1,354,65
distilled/acc95/semi70,math500/294,1,685,267
distilled/acc95/semi70,math500/295,1,3145,839
distilled/acc95/semi70,math500/296,0,3931,360
distilled/acc95/semi70,math500/297,1,556,166
distilled/acc95/semi70,math500/298,0,838,81
distilled/acc95/semi70,math500/299,1,355,149
distilled/acc95/semi70,math500/300,1,264,127
distilled/acc95/semi70,math500/301,1,374,100
distilled/acc95/semi70,math500/302,0,3983,226
distilled/acc95/semi70,math500/303,0,3185,1005
distilled/acc95/semi70,math500/304,1,662,142
distilled/acc95/semi70,math500/305,1,448,91
distilled/acc95/semi70,math500/306,0,3735,1024
distilled/acc95/semi70,math500/307,0,476,151
distilled/acc95/semi70,math500/308,0,2995,1024
distilled/acc95/semi70,math500/309,1,602,194
distilled/acc95/semi70,math500/310,0,279,52
distilled/acc95/semi70,math500/311,1,593,105
distilled/acc95/semi70,math500/312,1,165,71
distilled/acc95/semi70,math500/313,1,232,61
distilled/acc95/semi70,math500/314,1,293,58
distilled/acc95/semi70,math500/315,1,690,239
distilled/acc95/semi70,math500/316,1,515,113
distilled/acc95/semi70,math500/317,0,507,192
distilled/acc95/semi70,math500/318,1,311,45
distilled/acc95/semi70,math500/319,1,207,35
distilled/acc95/semi70,math500/320,1,661,229
distilled/acc95/semi70,math500/321,0,265,69
distilled/acc95/semi70,math500/322,1,202,35
distilled/acc95/semi70,math500/323,1,690,342
distilled/acc95/semi70,math500/324,0,692,265
distilled/acc95/semi70,math500/325,1,391,70
distilled/acc95/semi70,math500/326,0,522,93
distilled/acc95/semi70,math500/327,0,1444,352
distilled/acc95/semi70,math500/328,1,1070,274
distilled/acc95/semi70,math500/329,1,172,29
distilled/acc95/semi70,math500/330,0,275,80
distilled/acc95/semi70,math500/331,1,627,91
distilled/acc95/semi70,math500/332,0,1043,332
distilled/acc95/semi70,math500/333,1,624,195
distilled/acc95/semi70,math500/334,1,397,91
distilled/acc95/semi70,math500/335,1,698,140
distilled/acc95/semi70,math500/336,1,200,25
distilled/acc95/semi70,math500/337,1,360,115
distilled/acc95/semi70,math500/338,1,170,49
distilled/acc95/semi70,math500/339,0,865,238
distilled/acc95/semi70,math500/340,0,1356,306
distilled/acc95/semi70,math500/341,1,233,65
distilled/acc95/semi70,math500/342,1,212,47
distilled/acc95/semi70,math500/343,1,276,98
distilled/acc95/semi70,math500/344,1,278,68
distilled/acc95/semi70,math500/345,1,178,28
distilled/acc95/semi70,math500/346,1,394,52
distilled/acc95/semi70,math500/347,1,258,50
distilled/acc95/semi70,math500/348,0,274,61
distilled/acc95/semi70,math500/349,0,474,197
distilled/acc95/semi70,math500/350,1,328,94
distilled/acc95/semi70,math500/351,0,697,79
distilled/acc95/semi70,math500/352,0,3874,805
distilled/acc95/semi70,math500/353,1,342,162
distilled/acc95/semi70,math500/354,1,399,158
distilled/acc95/semi70,math500/355,0,1507,261
distilled/acc95/semi70,math500/356,0,573,177
distilled/acc95/semi70,math500/357,1,636,187
distilled/acc95/semi70,math500/358,0,263,104
distilled/acc95/semi70,math500/359,0,3976,301
distilled/acc95/semi70,math500/360,1,404,101
distilled/acc95/semi70,math500/361,1,807,262
distilled/acc95/semi70,math500/362,1,232,67
distilled/acc95/semi70,math500/363,1,120,39
distilled/acc95/semi70,math500/364,1,675,196
distilled/acc95/semi70,math500/365,0,2986,1014
distilled/acc95/semi70,math500/366,0,382,97
distilled/acc95/semi70,math500/367,1,193,34
distilled/acc95/semi70,math500/368,1,374,124
distilled/acc95/semi70,math500/369,1,270,83
distilled/acc95/semi70,math500/370,1,199,40
distilled/acc95/semi70,math500/371,0,4008,343
distilled/acc95/semi70,math500/372,1,699,271
distilled/acc95/semi70,math500/373,1,334,62
distilled/acc95/semi70,math500/374,1,134,12
distilled/acc95/semi70,math500/375,1,441,130
distilled/acc95/semi70,math500/376,0,662,141
distilled/acc95/semi70,math500/377,1,1037,410
distilled/acc95/semi70,math500/378,1,448,126
distilled/acc95/semi70,math500/379,1,672,170
distilled/acc95/semi70,math500/380,1,1012,218
distilled/acc95/semi70,math500/381,0,922,398
distilled/acc95/semi70,math500/382,1,614,177
distilled/acc95/semi70,math500/383,0,493,91
distilled/acc95/semi70,math500/384,1,122,21
distilled/acc95/semi70,math500/385,1,264,62
distilled/acc95/semi70,math500/386,0,287,97
distilled/acc95/semi70,math500/387,1,167,40
distilled/acc95/semi70,math500/388,1,427,91
distilled/acc95/semi70,math500/389,0,457,173
distilled/acc95/semi70,math500/390,1,805,189
distilled/acc95/semi70,math500/391,0,1301,369
distilled/acc95/semi70,math500/392,0,3795,823
distilled/acc95/semi70,math500/393,1,248,80
distilled/acc95/semi70,math500/394,1,1433,371
distilled/acc95/semi70,math500/395,1,281,59
distilled/acc95/semi70,math500/396,1,565,240
distilled/acc95/semi70,math500/397,1,193,28
distilled/acc95/semi70,math500/398,1,505,109
distilled/acc95/semi70,math500/399,1,85,25
distilled/acc95/semi70,math500/400,0,1654,499
distilled/acc95/semi70,math500/401,0,4030,364
distilled/acc95/semi70,math500/402,0,393,112
distilled/acc95/semi70,math500/403,0,439,110
distilled/acc95/semi70,math500/404,1,249,80
distilled/acc95/semi70,math500/405,1,230,90
distilled/acc95/semi70,math500/406,1,136,31
distilled/acc95/semi70,math500/407,1,187,28
distilled/acc95/semi70,math500/408,0,1439,336
distilled/acc95/semi70,math500/409,1,957,317
distilled/acc95/semi70,math500/410,1,470,183
distilled/acc95/semi70,math500/411,1,140,63
distilled/acc95/semi70,math500/412,0,1417,335
distilled/acc95/semi70,math500/413,1,194,47
distilled/acc95/semi70,math500/414,1,291,64
distilled/acc95/semi70,math500/415,1,603,121
distilled/acc95/semi70,math500/416,0,568,79
distilled/acc95/semi70,math500/417,1,322,101
distilled/acc95/semi70,math500/418,1,350,72
distilled/acc95/semi70,math500/419,0,3987,462
distilled/acc95/semi70,math500/420,0,433,54
distilled/acc95/semi70,math500/421,0,3967,406
distilled/acc95/semi70,math500/422,0,792,163
distilled/acc95/semi70,math500/423,1,917,230
distilled/acc95/semi70,math500/424,1,339,68
distilled/acc95/semi70,math500/425,0,883,283
distilled/acc95/semi70,math500/426,1,374,76
distilled/acc95/semi70,math500/427,1,199,47
distilled/acc95/semi70,math500/428,1,822,100
distilled/acc95/semi70,math500/429,0,2572,725
distilled/acc95/semi70,math500/430,1,54,17
distilled/acc95/semi70,math500/431,0,716,197
distilled/acc95/semi70,math500/432,0,2141,535
distilled/acc95/semi70,math500/433,1,76,19
distilled/acc95/semi70,math500/434,0,590,157
distilled/acc95/semi70,math500/435,1,307,93
distilled/acc95/semi70,math500/436,0,4031,288
distilled/acc95/semi70,math500/437,0,3976,421
distilled/acc95/semi70,math500/438,1,204,87
distilled/acc95/semi70,math500/439,0,248,73
distilled/acc95/semi70,math500/440,1,303,35
distilled/acc95/semi70,math500/441,1,272,77
distilled/acc95/semi70,math500/442,1,258,30
distilled/acc95/semi70,math500/443,1,200,34
distilled/acc95/semi70,math500/444,0,1093,456
distilled/acc95/semi70,math500/445,1,2452,556
distilled/acc95/semi70,math500/446,1,579,106
distilled/acc95/semi70,math500/447,1,294,113
distilled/acc95/semi70,math500/448,1,623,151
distilled/acc95/semi70,math500/449,1,179,32
distilled/acc95/semi70,math500/450,1,639,167
distilled/acc95/semi70,math500/451,1,371,98
distilled/acc95/semi70,math500/452,1,437,109
distilled/acc95/semi70,math500/453,0,277,105
distilled/acc95/semi70,math500/454,1,1154,238
distilled/acc95/semi70,math500/455,1,170,43
distilled/acc95/semi70,math500/456,0,1133,251
distilled/acc95/semi70,math500/457,1,66,31
distilled/acc95/semi70,math500/458,1,429,196
distilled/acc95/semi70,math500/459,1,656,170
distilled/acc95/semi70,math500/460,0,393,128
distilled/acc95/semi70,math500/461,1,500,76
distilled/acc95/semi70,math500/462,1,339,108
distilled/acc95/semi70,math500/463,1,161,60
distilled/acc95/semi70,math500/464,1,714,200
distilled/acc95/semi70,math500/465,0,469,175
distilled/acc95/semi70,math500/466,0,3989,599
distilled/acc95/semi70,math500/467,1,284,103
distilled/acc95/semi70,math500/468,0,181,58
distilled/acc95/semi70,math500/469,1,183,40
distilled/acc95/semi70,math500/470,0,1015,293
distilled/acc95/semi70,math500/471,1,190,33
distilled/acc95/semi70,math500/472,0,204,55
distilled/acc95/semi70,math500/473,0,3841,572
distilled/acc95/semi70,math500/474,1,499,78
distilled/acc95/semi70,math500/475,0,3913,826
distilled/acc95/semi70,math500/476,1,306,98
distilled/acc95/semi70,math500/477,0,894,238
distilled/acc95/semi70,math500/478,0,653,129
distilled/acc95/semi70,math500/479,1,403,168
distilled/acc95/semi70,math500/480,1,494,121
distilled/acc95/semi70,math500/481,0,3970,396
distilled/acc95/semi70,math500/482,0,776,291
distilled/acc95/semi70,math500/483,0,1078,265
distilled/acc95/semi70,math500/484,1,780,121
distilled/acc95/semi70,math500/485,0,1635,334
distilled/acc95/semi70,math500/486,1,256,98
distilled/acc95/semi70,math500/487,0,215,51
distilled/acc95/semi70,math500/488,1,140,43
distilled/acc95/semi70,math500/489,1,604,178
distilled/acc95/semi70,math500/490,0,3980,434
distilled/acc95/semi70,math500/491,0,411,187
distilled/acc95/semi70,math500/492,1,535,102
distilled/acc95/semi70,math500/493,1,592,107
distilled/acc95/semi70,math500/494,0,1969,591
distilled/acc95/semi70,math500/495,1,439,133
distilled/acc95/semi70,math500/496,1,381,38
distilled/acc95/semi70,math500/497,0,1690,501
distilled/acc95/semi70,math500/498,0,1774,312
distilled/acc95/semi70,math500/499,1,422,121
distilled/acc95/semi90,gsm8k/0,1,130,56
distilled/acc95/semi90,gsm8k/1,0,333,126
distilled/acc95/semi90,gsm8k/2,0,195,49
distilled/acc95/semi90,gsm8k/3,1,183,42
distilled/acc95/semi90,gsm8k/4,1,258,136
distilled/acc95/semi90,gsm8k/5,1,148,36
distilled/acc95/semi90,gsm8k/6,1,165,51
distilled/acc95/semi90,gsm8k/7,1,193,62
distilled/acc95/semi90,gsm8k/8,1,323,112
distilled/acc95/semi90,gsm8k/9,1,281,123
distilled/acc95/semi90,gsm8k/10,1,283,147
distilled/acc95/semi90,gsm8k/11,0,510,155
distilled/acc95/semi90,gsm8k/12,1,114,31
distilled/acc95/semi90,gsm8k/13,1,216,60
distilled/acc95/semi90,gsm8k/14,1,297,136
distilled/acc95/semi90,gsm8k/15,1,209,70
distilled/acc95/semi90,gsm8k/16,1,186,43
distilled/acc95/semi90,gsm8k/17,1,191,70
distilled/acc95/semi90,gsm8k/18,1,198,80
distilled/acc95/semi90,gsm8k/19,1,254,47
distilled/acc95/semi90,gsm8k/20,1,190,49
distilled/acc95/semi90,gsm8k/21,1,191,86
distilled/acc95/semi90,gsm8k/22,1,232,61
distilled/acc95/semi90,gsm8k/23,1,328,124
distilled/acc95/semi90,gsm8k/24,1,197,68
distilled/acc95/semi90,gsm8k/25,1,265,79
distilled/acc95/semi90,gsm8k/26,1,216,79
distilled/acc95/semi90,gsm8k/27,1,100,31
distilled/acc95/semi90,gsm8k/28,1,181,68
distilled/acc95/semi90,gsm8k/29,1,177,61
distilled/acc95/semi90,gsm8k/30,1,178,50
distilled/acc95/semi90,gsm8k/31,1,265,126
distilled/acc95/semi90,gsm8k/32,1,100,42
distilled/acc95/semi90,gsm8k/33,1,372,141
distilled/acc95/semi90,gsm8k/34,1,324,106
distilled/acc95/semi90,gsm8k/35,1,164,41
distilled/acc95/semi90,gsm8k/36,1,198,56
distilled/acc95/semi90,gsm8k/37,0,204,98
distilled/acc95/semi90,gsm8k/38,1,344,133
distilled/acc95/semi90,gsm8k/39,1,284,106
distilled/acc95/semi90,gsm8k/40,1,205,52
distilled/acc95/semi90,gsm8k/41,1,312,63
distilled/acc95/semi90,gsm8k/42,1,236,51
distilled/acc95/semi90,gsm8k/43,1,138,65
distilled/acc95/semi90,gsm8k/44,1,320,121
distilled/acc95/semi90,gsm8k/45,1,259,74
distilled/acc95/semi90,gsm8k/46,1,284,77
distilled/acc95/semi90,gsm8k/47,1,128,33
distilled/acc95/semi90,gsm8k/48,1,234,86
distilled/acc95/semi90,gsm8k/49,0,336,88
distilled/acc95/semi90,gsm8k/50,0,469,209
distilled/acc95/semi90,gsm8k/51,1,125,56
distilled/acc95/semi90,gsm8k/52,1,162,40
distilled/acc95/semi90,gsm8k/53,1,110,39
distilled/acc95/semi90,gsm8k/54,1,307,78
distilled/acc95/semi90,gsm8k/55,1,170,54
distilled/acc95/semi90,gsm8k/56,1,332,63
distilled/acc95/semi90,gsm8k/57,1,142,38
distilled/acc95/semi90,gsm8k/58,1,161,44
distilled/acc95/semi90,gsm8k/59,1,162,91
distilled/acc95/semi90,gsm8k/60,1,156,41
distilled/acc95/semi90,gsm8k/61,1,185,31
distilled/acc95/semi90,gsm8k/62,1,255,77
distilled/acc95/semi90,gsm8k/63,1,151,75
distilled/acc95/semi90,gsm8k/64,1,449,189
distilled/acc95/semi90,gsm8k/65,1,173,76
distilled/acc95/semi90,gsm8k/66,1,244,75
distilled/acc95/semi90,gsm8k/67,1,257,67
distilled/acc95/semi90,gsm8k/68,1,403,204
distilled/acc95/semi90,gsm8k/69,1,128,37
distilled/acc95/semi90,gsm8k/70,1,334,92
distilled/acc95/semi90,gsm8k/71,1,228,49
distilled/acc95/semi90,gsm8k/72,1,205,79
distilled/acc95/semi90,gsm8k/73,1,182,62
distilled/acc95/semi90,gsm8k/74,1,145,53
distilled/acc95/semi90,gsm8k/75,1,226,80
distilled/acc95/semi90,gsm8k/76,1,202,92
distilled/acc95/semi90,gsm8k/77,1,375,214
distilled/acc95/semi90,gsm8k/78,1,201,73
distilled/acc95/semi90,gsm8k/79,1,301,69
distilled/acc95/semi90,gsm8k/80,1,245,87
distilled/acc95/semi90,gsm8k/81,1,242,102
distilled/acc95/semi90,gsm8k/82,1,189,59
distilled/acc95/semi90,gsm8k/83,1,291,110
distilled/acc95/semi90,gsm8k/84,1,163,64
distilled/acc95/semi90,gsm8k/85,1,124,38
distilled/acc95/semi90,gsm8k/86,1,259,108
distilled/acc95/semi90,gsm8k/87,1,205,68
distilled/acc95/semi90,gsm8k/88,1,169,41
distilled/acc95/semi90,gsm8k/89,1,182,37
distilled/acc95/semi90,gsm8k/90,1,240,34
distilled/acc95/semi90,gsm8k/91,1,406,110
distilled/acc95/semi90,gsm8k/92,1,181,66
distilled/acc95/semi90,gsm8k/93,1,116,32
distilled/acc95/semi90,gsm8k/94,0,240,101
distilled/acc95/semi90,gsm8k/95,1,170,49
distilled/acc95/semi90,gsm8k/96,0,241,125
distilled/acc95/semi90,gsm8k/97,1,244,123
distilled/acc95/semi90,gsm8k/98,1,158,44
distilled/acc95/semi90,gsm8k/99,1,242,46
distilled/acc95/semi90,gsm8k/100,1,280,113
distilled/acc95/semi90,gsm8k/101,1,254,90
distilled/acc95/semi90,gsm8k/102,1,247,84
distilled/acc95/semi90,gsm8k/103,1,188,45
distilled/acc95/semi90,gsm8k/104,1,143,83
distilled/acc95/semi90,gsm8k/105,1,226,61
distilled/acc95/semi90,gsm8k/106,1,401,198
distilled/acc95/semi90,gsm8k/107,1,244,54
distilled/acc95/semi90,gsm8k/108,1,198,52
distilled/acc95/semi90,gsm8k/109,1,316,85
distilled/acc95/semi90,gsm8k/110,1,163,42
distilled/acc95/semi90,gsm8k/111,1,152,42
distilled/acc95/semi90,gsm8k/112,1,156,58
distilled/acc95/semi90,gsm8k/113,1,179,55
distilled/acc95/semi90,gsm8k/114,1,192,85
distilled/acc95/semi90,gsm8k/115,1,132,36
distilled/acc95/semi90,gsm8k/116,1,261,95
distilled/acc95/semi90,gsm8k/117,1,334,136
distilled/acc95/semi90,gsm8k/118,1,244,88
distilled/acc95/semi90,gsm8k/119,1,240,99
distilled/acc95/semi90,gsm8k/120,1,108,41
distilled/acc95/semi90,gsm8k/121,1,323,116
distilled/acc95/semi90,gsm8k/122,1,116,28
distilled/acc95/semi90,gsm8k/123,1,432,141
distilled/acc95/semi90,gsm8k/124,1,181,49
distilled/acc95/semi90,gsm8k/125,1,136,35
distilled/acc95/semi90,gsm8k/126,1,272,110
distilled/acc95/semi90,gsm8k/127,1,168,61
distilled/acc95/semi90,gsm8k/128,1,575,180
distilled/acc95/semi90,gsm8k/129,1,250,102
distilled/acc95/semi90,gsm8k/130,1,214,65
distilled/acc95/semi90,gsm8k/131,1,431,149
distilled/acc95/semi90,gsm8k/132,1,196,38
distilled/acc95/semi90,gsm8k/133,1,257,86
distilled/acc95/semi90,gsm8k/134,1,157,67
distilled/acc95/semi90,gsm8k/135,1,370,105
distilled/acc95/semi90,gsm8k/136,1,286,87
distilled/acc95/semi90,gsm8k/137,0,254,61
distilled/acc95/semi90,gsm8k/138,1,279,119
distilled/acc95/semi90,gsm8k/139,1,213,63
distilled/acc95/semi90,gsm8k/140,1,286,73
distilled/acc95/semi90,gsm8k/141,1,254,97
distilled/acc95/semi90,gsm8k/142,1,170,64
distilled/acc95/semi90,gsm8k/143,1,244,61
distilled/acc95/semi90,gsm8k/144,1,451,100
distilled/acc95/semi90,gsm8k/145,1,200,80
distilled/acc95/semi90,gsm8k/146,1,314,77
distilled/acc95/semi90,gsm8k/147,1,164,54
distilled/acc95/semi90,gsm8k/148,1,334,109
distilled/acc95/semi90,gsm8k/149,1,183,69
distilled/acc95/semi90,gsm8k/150,1,276,76
distilled/acc95/semi90,gsm8k/151,1,363,152
distilled/acc95/semi90,gsm8k/152,1,262,80
distilled/acc95/semi90,gsm8k/153,1,219,92
distilled/acc95/semi90,gsm8k/154,1,146,37
distilled/acc95/semi90,gsm8k/155,0,141,45
distilled/acc95/semi90,gsm8k/156,1,198,42
distilled/acc95/semi90,gsm8k/157,1,215,74
distilled/acc95/semi90,gsm8k/158,1,233,64
distilled/acc95/semi90,gsm8k/159,1,342,77
distilled/acc95/semi90,gsm8k/160,1,153,37
distilled/acc95/semi90,gsm8k/161,1,217,67
distilled/acc95/semi90,gsm8k/162,1,204,85
distilled/acc95/semi90,gsm8k/163,1,215,97
distilled/acc95/semi90,gsm8k/164,1,238,70
distilled/acc95/semi90,gsm8k/165,1,261,80
distilled/acc95/semi90,gsm8k/166,1,164,50
distilled/acc95/semi90,gsm8k/167,0,167,43
distilled/acc95/semi90,gsm8k/168,1,420,213
distilled/acc95/semi90,gsm8k/169,1,193,51
distilled/acc95/semi90,gsm8k/170,1,450,158
distilled/acc95/semi90,gsm8k/171,0,4004,364
distilled/acc95/semi90,gsm8k/172,1,214,72
distilled/acc95/semi90,gsm8k/173,1,194,48
distilled/acc95/semi90,gsm8k/174,1,188,75
distilled/acc95/semi90,gsm8k/175,1,246,82
distilled/acc95/semi90,gsm8k/176,1,289,56
distilled/acc95/semi90,gsm8k/177,1,165,46
distilled/acc95/semi90,gsm8k/178,1,213,102
distilled/acc95/semi90,gsm8k/179,1,261,72
distilled/acc95/semi90,gsm8k/180,1,136,34
distilled/acc95/semi90,gsm8k/181,1,217,71
distilled/acc95/semi90,gsm8k/182,1,220,88
distilled/acc95/semi90,gsm8k/183,1,259,85
distilled/acc95/semi90,gsm8k/184,1,317,109
distilled/acc95/semi90,gsm8k/185,1,158,63
distilled/acc95/semi90,gsm8k/186,1,232,103
distilled/acc95/semi90,gsm8k/187,1,223,60
distilled/acc95/semi90,gsm8k/188,1,241,63
distilled/acc95/semi90,gsm8k/189,1,308,100
distilled/acc95/semi90,gsm8k/190,1,307,71
distilled/acc95/semi90,gsm8k/191,1,283,113
distilled/acc95/semi90,gsm8k/192,1,207,58
distilled/acc95/semi90,gsm8k/193,1,143,40
distilled/acc95/semi90,gsm8k/194,1,123,35
distilled/acc95/semi90,gsm8k/195,1,343,94
distilled/acc95/semi90,gsm8k/196,1,219,60
distilled/acc95/semi90,gsm8k/197,1,382,78
distilled/acc95/semi90,gsm8k/198,1,287,92
distilled/acc95/semi90,gsm8k/199,1,99,34
distilled/acc95/semi90,gsm8k/200,1,228,55
distilled/acc95/semi90,gsm8k/201,1,209,52
distilled/acc95/semi90,gsm8k/202,1,128,35
distilled/acc95/semi90,gsm8k/203,1,243,69
distilled/acc95/semi90,gsm8k/204,1,256,91
distilled/acc95/semi90,gsm8k/205,1,352,125
distilled/acc95/semi90,gsm8k/206,1,213,64
distilled/acc95/semi90,gsm8k/207,1,216,59
distilled/acc95/semi90,gsm8k/208,1,154,28
distilled/acc95/semi90,gsm8k/209,1,253,70
distilled/acc95/semi90,gsm8k/210,1,318,134
distilled/acc95/semi90,gsm8k/211,1,189,71
distilled/acc95/semi90,gsm8k/212,1,187,64
distilled/acc95/semi90,gsm8k/213,1,236,66
distilled/acc95/semi90,gsm8k/214,1,106,36
distilled/acc95/semi90,gsm8k/215,1,347,89
distilled/acc95/semi90,gsm8k/216,0,283,64
distilled/acc95/semi90,gsm8k/217,1,191,62
distilled/acc95/semi90,gsm8k/218,1,362,152
distilled/acc95/semi90,gsm8k/219,1,206,62
distilled/acc95/semi90,gsm8k/220,1,139,29
distilled/acc95/semi90,gsm8k/221,1,219,37
distilled/acc95/semi90,gsm8k/222,1,178,52
distilled/acc95/semi90,gsm8k/223,1,225,96
distilled/acc95/semi90,gsm8k/224,1,183,63
distilled/acc95/semi90,gsm8k/225,0,3996,761
distilled/acc95/semi90,gsm8k/226,1,97,27
distilled/acc95/semi90,gsm8k/227,1,293,78
distilled/acc95/semi90,gsm8k/228,0,259,105
distilled/acc95/semi90,gsm8k/229,0,246,121
distilled/acc95/semi90,gsm8k/230,0,536,235
distilled/acc95/semi90,gsm8k/231,1,185,32
distilled/acc95/semi90,gsm8k/232,1,212,69
distilled/acc95/semi90,gsm8k/233,1,223,56
distilled/acc95/semi90,gsm8k/234,1,223,57
distilled/acc95/semi90,gsm8k/235,0,203,79
distilled/acc95/semi90,gsm8k/236,1,200,45
distilled/acc95/semi90,gsm8k/237,1,199,70
distilled/acc95/semi90,gsm8k/238,1,256,114
distilled/acc95/semi90,gsm8k/239,1,161,63
distilled/acc95/semi90,gsm8k/240,1,147,61
distilled/acc95/semi90,gsm8k/241,1,196,69
distilled/acc95/semi90,gsm8k/242,1,256,115
distilled/acc95/semi90,gsm8k/243,1,287,97
distilled/acc95/semi90,gsm8k/244,1,124,58
distilled/acc95/semi90,gsm8k/245,1,160,41
distilled/acc95/semi90,gsm8k/246,1,163,55
distilled/acc95/semi90,gsm8k/247,1,211,59
distilled/acc95/semi90,gsm8k/248,1,201,54
distilled/acc95/semi90,gsm8k/249,1,162,46
distilled/acc95/semi90,gsm8k/250,1,329,87
distilled/acc95/semi90,gsm8k/251,1,269,71
distilled/acc95/semi90,gsm8k/252,1,219,105
distilled/acc95/semi90,gsm8k/253,1,176,48
distilled/acc95/semi90,gsm8k/254,1,172,50
distilled/acc95/semi90,gsm8k/255,1,370,112
distilled/acc95/semi90,gsm8k/256,1,294,71
distilled/acc95/semi90,gsm8k/257,1,285,101
distilled/acc95/semi90,gsm8k/258,1,167,71
distilled/acc95/semi90,gsm8k/259,0,483,255
distilled/acc95/semi90,gsm8k/260,1,167,43
distilled/acc95/semi90,gsm8k/261,1,355,156
distilled/acc95/semi90,gsm8k/262,1,257,56
distilled/acc95/semi90,gsm8k/263,1,235,65
distilled/acc95/semi90,gsm8k/264,1,264,74
distilled/acc95/semi90,gsm8k/265,0,283,91
distilled/acc95/semi90,gsm8k/266,1,249,93
distilled/acc95/semi90,gsm8k/267,1,145,52
distilled/acc95/semi90,gsm8k/268,1,193,33
distilled/acc95/semi90,gsm8k/269,1,169,37
distilled/acc95/semi90,gsm8k/270,0,449,162
distilled/acc95/semi90,gsm8k/271,1,327,115
distilled/acc95/semi90,gsm8k/272,1,153,23
distilled/acc95/semi90,gsm8k/273,1,259,98
distilled/acc95/semi90,gsm8k/274,1,330,79
distilled/acc95/semi90,gsm8k/275,1,227,65
distilled/acc95/semi90,gsm8k/276,1,372,193
distilled/acc95/semi90,gsm8k/277,1,179,61
distilled/acc95/semi90,gsm8k/278,1,153,32
distilled/acc95/semi90,gsm8k/279,1,162,41
distilled/acc95/semi90,gsm8k/280,1,247,100
distilled/acc95/semi90,gsm8k/281,1,163,60
distilled/acc95/semi90,gsm8k/282,1,202,52
distilled/acc95/semi90,gsm8k/283,1,234,106
distilled/acc95/semi90,gsm8k/284,1,172,47
distilled/acc95/semi90,gsm8k/285,1,240,57
distilled/acc95/semi90,gsm8k/286,1,160,61
distilled/acc95/semi90,gsm8k/287,1,399,174
distilled/acc95/semi90,gsm8k/288,1,340,137
distilled/acc95/semi90,gsm8k/289,0,232,111
distilled/acc95/semi90,gsm8k/290,1,131,43
distilled/acc95/semi90,gsm8k/291,1,242,59
distilled/acc95/semi90,gsm8k/292,1,137,37
distilled/acc95/semi90,gsm8k/293,1,280,105
distilled/acc95/semi90,gsm8k/294,0,361,106
distilled/acc95/semi90,gsm8k/295,1,138,40
distilled/acc95/semi90,gsm8k/296,0,369,122
distilled/acc95/semi90,gsm8k/297,1,260,93
distilled/acc95/semi90,gsm8k/298,1,275,87
distilled/acc95/semi90,gsm8k/299,1,276,65
distilled/acc95/semi90,gsm8k/300,0,295,84
distilled/acc95/semi90,gsm8k/301,1,123,34
distilled/acc95/semi90,gsm8k/302,1,220,50
distilled/acc95/semi90,gsm8k/303,0,273,76
distilled/acc95/semi90,gsm8k/304,1,130,38
distilled/acc95/semi90,gsm8k/305,1,151,40
distilled/acc95/semi90,gsm8k/306,1,142,37
distilled/acc95/semi90,gsm8k/307,1,256,102
distilled/acc95/semi90,gsm8k/308,0,279,90
distilled/acc95/semi90,gsm8k/309,1,194,56
distilled/acc95/semi90,gsm8k/310,1,281,90
distilled/acc95/semi90,gsm8k/311,1,171,55
distilled/acc95/semi90,gsm8k/312,1,210,58
distilled/acc95/semi90,gsm8k/313,1,258,66
distilled/acc95/semi90,gsm8k/314,1,258,75
distilled/acc95/semi90,gsm8k/315,1,283,82
distilled/acc95/semi90,gsm8k/316,1,196,82
distilled/acc95/semi90,gsm8k/317,1,174,78
distilled/acc95/semi90,gsm8k/318,1,237,35
distilled/acc95/semi90,gsm8k/319,1,119,44
distilled/acc95/semi90,gsm8k/320,0,382,218
distilled/acc95/semi90,gsm8k/321,1,210,51
distilled/acc95/semi90,gsm8k/322,1,329,105
distilled/acc95/semi90,gsm8k/323,1,211,54
distilled/acc95/semi90,gsm8k/324,1,354,86
distilled/acc95/semi90,gsm8k/325,1,226,42
distilled/acc95/semi90,gsm8k/326,1,247,67
distilled/acc95/semi90,gsm8k/327,1,266,62
distilled/acc95/semi90,gsm8k/328,1,147,20
distilled/acc95/semi90,gsm8k/329,1,194,78
distilled/acc95/semi90,gsm8k/330,1,166,58
distilled/acc95/semi90,gsm8k/331,1,151,57
distilled/acc95/semi90,gsm8k/332,1,195,65
distilled/acc95/semi90,gsm8k/333,1,161,39
distilled/acc95/semi90,gsm8k/334,1,331,186
distilled/acc95/semi90,gsm8k/335,1,153,59
distilled/acc95/semi90,gsm8k/336,1,262,95
distilled/acc95/semi90,gsm8k/337,0,407,122
distilled/acc95/semi90,gsm8k/338,1,242,68
distilled/acc95/semi90,gsm8k/339,0,1129,469
distilled/acc95/semi90,gsm8k/340,1,176,70
distilled/acc95/semi90,gsm8k/341,1,134,44
distilled/acc95/semi90,gsm8k/342,1,184,60
distilled/acc95/semi90,gsm8k/343,1,228,84
distilled/acc95/semi90,gsm8k/344,1,90,33
distilled/acc95/semi90,gsm8k/345,1,294,79
distilled/acc95/semi90,gsm8k/346,1,422,147
distilled/acc95/semi90,gsm8k/347,1,123,53
distilled/acc95/semi90,gsm8k/348,0,343,69
distilled/acc95/semi90,gsm8k/349,1,202,51
distilled/acc95/semi90,gsm8k/350,1,296,79
distilled/acc95/semi90,gsm8k/351,1,468,102
distilled/acc95/semi90,gsm8k/352,1,104,27
distilled/acc95/semi90,gsm8k/353,1,173,71
distilled/acc95/semi90,gsm8k/354,1,186,53
distilled/acc95/semi90,gsm8k/355,1,247,79
distilled/acc95/semi90,gsm8k/356,1,348,120
distilled/acc95/semi90,gsm8k/357,1,384,126
distilled/acc95/semi90,gsm8k/358,1,217,42
distilled/acc95/semi90,gsm8k/359,1,252,67
distilled/acc95/semi90,gsm8k/360,1,462,156
distilled/acc95/semi90,gsm8k/361,1,259,95
distilled/acc95/semi90,gsm8k/362,1,147,33
distilled/acc95/semi90,gsm8k/363,1,163,55
distilled/acc95/semi90,gsm8k/364,1,100,52
distilled/acc95/semi90,gsm8k/365,0,266,113
distilled/acc95/semi90,gsm8k/366,0,226,78
distilled/acc95/semi90,gsm8k/367,1,181,45
distilled/acc95/semi90,gsm8k/368,1,281,128
distilled/acc95/semi90,gsm8k/369,1,219,84
distilled/acc95/semi90,gsm8k/370,1,240,88
distilled/acc95/semi90,gsm8k/371,1,219,42
distilled/acc95/semi90,gsm8k/372,1,277,108
distilled/acc95/semi90,gsm8k/373,1,143,29
distilled/acc95/semi90,gsm8k/374,1,328,120
distilled/acc95/semi90,gsm8k/375,1,380,176
distilled/acc95/semi90,gsm8k/376,1,160,26
distilled/acc95/semi90,gsm8k/377,1,170,49
distilled/acc95/semi90,gsm8k/378,1,366,104
distilled/acc95/semi90,gsm8k/379,1,203,71
distilled/acc95/semi90,gsm8k/380,1,335,130
distilled/acc95/semi90,gsm8k/381,1,148,32
distilled/acc95/semi90,gsm8k/382,0,410,156
distilled/acc95/semi90,gsm8k/383,1,117,35
distilled/acc95/semi90,gsm8k/384,1,157,35
distilled/acc95/semi90,gsm8k/385,1,200,42
distilled/acc95/semi90,gsm8k/386,1,291,73
distilled/acc95/semi90,gsm8k/387,1,229,72
distilled/acc95/semi90,gsm8k/388,1,280,93
distilled/acc95/semi90,gsm8k/389,1,355,189
distilled/acc95/semi90,gsm8k/390,1,242,116
distilled/acc95/semi90,gsm8k/391,1,245,84
distilled/acc95/semi90,gsm8k/392,1,307,135
distilled/acc95/semi90,gsm8k/393,1,163,51
distilled/acc95/semi90,gsm8k/394,1,165,40
distilled/acc95/semi90,gsm8k/395,1,116,44
distilled/acc95/semi90,gsm8k/396,1,236,72
distilled/acc95/semi90,gsm8k/397,1,128,43
distilled/acc95/semi90,gsm8k/398,1,170,43
distilled/acc95/semi90,gsm8k/399,0,301,144
distilled/acc95/semi90,gsm8k/400,1,160,49
distilled/acc95/semi90,gsm8k/401,1,274,70
distilled/acc95/semi90,gsm8k/402,1,352,143
distilled/acc95/semi90,gsm8k/403,1,345,90
distilled/acc95/semi90,gsm8k/404,1,179,61
distilled/acc95/semi90,gsm8k/405,0,449,207
distilled/acc95/semi90,gsm8k/406,1,221,84
distilled/acc95/semi90,gsm8k/407,1,339,101
distilled/acc95/semi90,gsm8k/408,1,99,39
distilled/acc95/semi90,gsm8k/409,1,311,88
distilled/acc95/semi90,gsm8k/410,1,349,89
distilled/acc95/semi90,gsm8k/411,1,223,73
distilled/acc95/semi90,gsm8k/412,1,231,108
distilled/acc95/semi90,gsm8k/413,1,202,54
distilled/acc95/semi90,gsm8k/414,1,188,72
distilled/acc95/semi90,gsm8k/415,1,307,55
distilled/acc95/semi90,gsm8k/416,1,161,43
distilled/acc95/semi90,gsm8k/417,1,270,60
distilled/acc95/semi90,gsm8k/418,1,141,53
distilled/acc95/semi90,gsm8k/419,1,251,78
distilled/acc95/semi90,gsm8k/420,1,246,62
distilled/acc95/semi90,gsm8k/421,1,149,32
distilled/acc95/semi90,gsm8k/422,1,143,49
distilled/acc95/semi90,gsm8k/423,1,158,36
distilled/acc95/semi90,gsm8k/424,1,157,53
distilled/acc95/semi90,gsm8k/425,1,214,68
distilled/acc95/semi90,gsm8k/426,1,198,58
distilled/acc95/semi90,gsm8k/427,1,297,140
distilled/acc95/semi90,gsm8k/428,1,245,62
distilled/acc95/semi90,gsm8k/429,0,524,207
distilled/acc95/semi90,gsm8k/430,1,129,37
distilled/acc95/semi90,gsm8k/431,1,499,252
distilled/acc95/semi90,gsm8k/432,1,147,36
distilled/acc95/semi90,gsm8k/433,0,395,131
distilled/acc95/semi90,gsm8k/434,1,363,101
distilled/acc95/semi90,gsm8k/435,1,235,54
distilled/acc95/semi90,gsm8k/436,1,336,95
distilled/acc95/semi90,gsm8k/437,1,491,151
distilled/acc95/semi90,gsm8k/438,0,163,45
distilled/acc95/semi90,gsm8k/439,1,294,78
distilled/acc95/semi90,gsm8k/440,1,152,37
distilled/acc95/semi90,gsm8k/441,1,278,128
distilled/acc95/semi90,gsm8k/442,1,146,38
distilled/acc95/semi90,gsm8k/443,1,276,78
distilled/acc95/semi90,gsm8k/444,1,109,27
distilled/acc95/semi90,gsm8k/445,1,259,109
distilled/acc95/semi90,gsm8k/446,1,291,121
distilled/acc95/semi90,gsm8k/447,1,178,60
distilled/acc95/semi90,gsm8k/448,1,188,38
distilled/acc95/semi90,gsm8k/449,1,222,62
distilled/acc95/semi90,gsm8k/450,1,184,32
distilled/acc95/semi90,gsm8k/451,1,198,73
distilled/acc95/semi90,gsm8k/452,0,217,103
distilled/acc95/semi90,gsm8k/453,1,253,100
distilled/acc95/semi90,gsm8k/454,1,269,140
distilled/acc95/semi90,gsm8k/455,1,211,85
distilled/acc95/semi90,gsm8k/456,1,147,22
distilled/acc95/semi90,gsm8k/457,1,204,59
distilled/acc95/semi90,gsm8k/458,1,298,115
distilled/acc95/semi90,gsm8k/459,1,308,102
distilled/acc95/semi90,gsm8k/460,1,193,40
distilled/acc95/semi90,gsm8k/461,0,302,108
distilled/acc95/semi90,gsm8k/462,1,264,49
distilled/acc95/semi90,gsm8k/463,1,307,122
distilled/acc95/semi90,gsm8k/464,1,314,107
distilled/acc95/semi90,gsm8k/465,1,324,152
distilled/acc95/semi90,gsm8k/466,1,293,98
distilled/acc95/semi90,gsm8k/467,1,171,40
distilled/acc95/semi90,gsm8k/468,1,136,43
distilled/acc95/semi90,gsm8k/469,1,244,64
distilled/acc95/semi90,gsm8k/470,1,197,50
distilled/acc95/semi90,gsm8k/471,0,297,114
distilled/acc95/semi90,gsm8k/472,0,386,127
distilled/acc95/semi90,gsm8k/473,1,204,55
distilled/acc95/semi90,gsm8k/474,1,217,61
distilled/acc95/semi90,gsm8k/475,0,307,192
distilled/acc95/semi90,gsm8k/476,1,250,99
distilled/acc95/semi90,gsm8k/477,1,173,76
distilled/acc95/semi90,gsm8k/478,1,214,33
distilled/acc95/semi90,gsm8k/479,0,411,114
distilled/acc95/semi90,gsm8k/480,1,244,71
distilled/acc95/semi90,gsm8k/481,1,374,180
distilled/acc95/semi90,gsm8k/482,1,220,53
distilled/acc95/semi90,gsm8k/483,1,967,471
distilled/acc95/semi90,gsm8k/484,1,325,105
distilled/acc95/semi90,gsm8k/485,1,130,34
distilled/acc95/semi90,gsm8k/486,0,515,183
distilled/acc95/semi90,gsm8k/487,1,148,51
distilled/acc95/semi90,gsm8k/488,1,283,83
distilled/acc95/semi90,gsm8k/489,1,291,95
distilled/acc95/semi90,gsm8k/490,1,477,240
distilled/acc95/semi90,gsm8k/491,0,408,133
distilled/acc95/semi90,gsm8k/492,0,301,110
distilled/acc95/semi90,gsm8k/493,1,170,48
distilled/acc95/semi90,gsm8k/494,1,153,44
distilled/acc95/semi90,gsm8k/495,1,178,65
distilled/acc95/semi90,gsm8k/496,0,289,130
distilled/acc95/semi90,gsm8k/497,1,171,43
distilled/acc95/semi90,gsm8k/498,1,129,47
distilled/acc95/semi90,gsm8k/499,1,270,107
distilled/acc95/semi90,gsm8k/500,1,109,24
distilled/acc95/semi90,gsm8k/501,1,177,50
distilled/acc95/semi90,gsm8k/502,0,371,99
distilled/acc95/semi90,gsm8k/503,1,214,68
distilled/acc95/semi90,gsm8k/504,1,249,131
distilled/acc95/semi90,gsm8k/505,1,235,58
distilled/acc95/semi90,gsm8k/506,1,95,46
distilled/acc95/semi90,gsm8k/507,1,246,75
distilled/acc95/semi90,gsm8k/508,1,162,26
distilled/acc95/semi90,gsm8k/509,1,351,104
distilled/acc95/semi90,gsm8k/510,1,206,39
distilled/acc95/semi90,gsm8k/511,1,160,71
distilled/acc95/semi90,math500/0,1,257,67
distilled/acc95/semi90,math500/1,1,660,149
distilled/acc95/semi90,math500/2,1,386,36
distilled/acc95/semi90,math500/3,1,296,69
distilled/acc95/semi90,math500/4,1,509,164
distilled/acc95/semi90,math500/5,1,236,88
distilled/acc95/semi90,math500/6,1,348,124
distilled/acc95/semi90,math500/7,1,718,158
distilled/acc95/semi90,math500/8,0,239,48
distilled/acc95/semi90,math500/9,0,3924,566
distilled/acc95/semi90,math500/10,0,1943,301
distilled/acc95/semi90,math500/11,0,4014,967
distilled/acc95/semi90,math500/12,0,439,98
distilled/acc95/semi90,math500/13,1,194,56
distilled/acc95/semi90,math500/14,0,257,75
distilled/acc95/semi90,math500/15,0,818,239
distilled/acc95/semi90,math500/16,1,186,44
distilled/acc95/semi90,math500/17,0,641,274
distilled/acc95/semi90,math500/18,0,3923,726
distilled/acc95/semi90,math500/19,0,2777,1024
distilled/acc95/semi90,math500/20,1,139,26
distilled/acc95/semi90,math500/21,0,2018,392
distilled/acc95/semi90,math500/22,1,713,184
distilled/acc95/semi90,math500/23,1,411,60
distilled/acc95/semi90,math500/24,1,774,258
distilled/acc95/semi90,math500/25,0,1486,301
distilled/acc95/semi90,math500/26,0,1051,651
distilled/acc95/semi90,math500/27,1,322,88
distilled/acc95/semi90,math500/28,1,134,47
distilled/acc95/semi90,math500/29,1,244,68
distilled/acc95/semi90,math500/30,1,241,73
distilled/acc95/semi90,math500/31,1,153,42
distilled/acc95/semi90,math500/32,1,302,159
distilled/acc95/semi90,math500/33,0,1196,340
distilled/acc95/semi90,math500/34,1,561,120
distilled/acc95/semi90,math500/35,1,276,70
distilled/acc95/semi90,math500/36,1,457,70
distilled/acc95/semi90,math500/37,1,224,114
distilled/acc95/semi90,math500/38,1,166,46
distilled/acc95/semi90,math500/39,1,314,89
distilled/acc95/semi90,math500/40,1,234,61
distilled/acc95/semi90,math500/41,1,1135,400
distilled/acc95/semi90,math500/42,1,183,41
distilled/acc95/semi90,math500/43,0,3988,565
distilled/acc95/semi90,math500/44,1,357,121
distilled/acc95/semi90,math500/45,1,367,91
distilled/acc95/semi90,math500/46,1,781,261
distilled/acc95/semi90,math500/47,1,363,85
distilled/acc95/semi90,math500/48,1,188,47
distilled/acc95/semi90,math500/49,1,132,18
distilled/acc95/semi90,math500/50,0,852,295
distilled/acc95/semi90,math500/51,1,348,115
distilled/acc95/semi90,math500/52,1,298,45
distilled/acc95/semi90,math500/53,1,293,67
distilled/acc95/semi90,math500/54,1,63,12
distilled/acc95/semi90,math500/55,1,279,115
distilled/acc95/semi90,math500/56,1,224,72
distilled/acc95/semi90,math500/57,1,381,96
distilled/acc95/semi90,math500/58,1,167,29
distilled/acc95/semi90,math500/59,1,280,82
distilled/acc95/semi90,math500/60,0,4023,922
distilled/acc95/semi90,math500/61,1,528,94
distilled/acc95/semi90,math500/62,0,1812,420
distilled/acc95/semi90,math500/63,0,903,244
distilled/acc95/semi90,math500/64,0,902,323
distilled/acc95/semi90,math500/65,1,185,94
distilled/acc95/semi90,math500/66,0,328,81
distilled/acc95/semi90,math500/67,1,273,73
distilled/acc95/semi90,math500/68,0,4006,461
distilled/acc95/semi90,math500/69,1,419,115
distilled/acc95/semi90,math500/70,1,140,63
distilled/acc95/semi90,math500/71,0,249,111
distilled/acc95/semi90,math500/72,1,262,63
distilled/acc95/semi90,math500/73,1,253,34
distilled/acc95/semi90,math500/74,0,211,66
distilled/acc95/semi90,math500/75,1,391,158
distilled/acc95/semi90,math500/76,1,295,100
distilled/acc95/semi90,math500/77,1,175,27
distilled/acc95/semi90,math500/78,1,976,172
distilled/acc95/semi90,math500/79,1,179,28
distilled/acc95/semi90,math500/80,0,4027,665
distilled/acc95/semi90,math500/81,1,347,113
distilled/acc95/semi90,math500/82,1,546,193
distilled/acc95/semi90,math500/83,0,1692,308
distilled/acc95/semi90,math500/84,1,711,113
distilled/acc95/semi90,math500/85,1,342,116
distilled/acc95/semi90,math500/86,1,109,45
distilled/acc95/semi90,math500/87,1,469,92
distilled/acc95/semi90,math500/88,1,1909,626
distilled/acc95/semi90,math500/89,0,388,90
distilled/acc95/semi90,math500/90,1,132,36
distilled/acc95/semi90,math500/91,1,331,105
distilled/acc95/semi90,math500/92,0,478,113
distilled/acc95/semi90,math500/93,1,438,98
distilled/acc95/semi90,math500/94,0,3725,836
distilled/acc95/semi90,math500/95,1,510,82
distilled/acc95/semi90,math500/96,0,3965,419
distilled/acc95/semi90,math500/97,0,345,195
distilled/acc95/semi90,math500/98,1,111,26
distilled/acc95/semi90,math500/99,0,3976,529
distilled/acc95/semi90,math500/100,0,1483,551
distilled/acc95/semi90,math500/101,0,3882,896
distilled/acc95/semi90,math500/102,1,197,55
distilled/acc95/semi90,math500/103,0,1804,677
distilled/acc95/semi90,math500/104,0,3993,474
distilled/acc95/semi90,math500/105,1,305,94
distilled/acc95/semi90,math500/106,1,262,77
distilled/acc95/semi90,math500/107,1,400,125
distilled/acc95/semi90,math500/108,0,2803,1024
distilled/acc95/semi90,math500/109,1,1134,156
distilled/acc95/semi90,math500/110,0,3955,611
distilled/acc95/semi90,math500/111,1,246,53
distilled/acc95/semi90,math500/112,1,685,127
distilled/acc95/semi90,math500/113,1,282,43
distilled/acc95/semi90,math500/114,1,493,94
distilled/acc95/semi90,math500/115,1,318,120
distilled/acc95/semi90,math500/116,1,212,38
distilled/acc95/semi90,math500/117,1,199,44
distilled/acc95/semi90,math500/118,0,818,249
distilled/acc95/semi90,math500/119,1,685,332
distilled/acc95/semi90,math500/120,1,689,315
distilled/acc95/semi90,math500/121,1,187,38
distilled/acc95/semi90,math500/122,1,242,87
distilled/acc95/semi90,math500/123,1,1163,234
distilled/acc95/semi90,math500/124,1,305,84
distilled/acc95/semi90,math500/125,1,232,34
distilled/acc95/semi90,math500/126,0,501,186
distilled/acc95/semi90,math500/127,0,177,51
distilled/acc95/semi90,math500/128,1,202,89
distilled/acc95/semi90,math500/129,0,1201,249
distilled/acc95/semi90,math500/130,0,357,114
distilled/acc95/semi90,math500/131,1,479,138
distilled/acc95/semi90,math500/132,1,326,91
distilled/acc95/semi90,math500/133,1,287,103
distilled/acc95/semi90,math500/134,1,504,161
distilled/acc95/semi90,math500/135,1,348,89
distilled/acc95/semi90,math500/136,0,3142,644
distilled/acc95/semi90,math500/137,1,342,64
distilled/acc95/semi90,math500/138,0,939,535
distilled/acc95/semi90,math500/139,1,613,201
distilled/acc95/semi90,math500/140,1,393,110
distilled/acc95/semi90,math500/141,1,254,157
distilled/acc95/semi90,math500/142,1,413,189
distilled/acc95/semi90,math500/143,0,629,107
distilled/acc95/semi90,math500/144,1,203,35
distilled/acc95/semi90,math500/145,0,4015,626
distilled/acc95/semi90,math500/146,1,266,48
distilled/acc95/semi90,math500/147,0,1074,319
distilled/acc95/semi90,math500/148,1,176,24
distilled/acc95/semi90,math500/149,1,884,278
distilled/acc95/semi90,math500/150,0,1225,228
distilled/acc95/semi90,math500/151,1,916,162
distilled/acc95/semi90,math500/152,1,1488,333
distilled/acc95/semi90,math500/153,1,613,308
distilled/acc95/semi90,math500/154,0,895,472
distilled/acc95/semi90,math500/155,1,378,114
distilled/acc95/semi90,math500/156,0,3175,1024
distilled/acc95/semi90,math500/157,1,423,111
distilled/acc95/semi90,math500/158,1,367,85
distilled/acc95/semi90,math500/159,1,440,117
distilled/acc95/semi90,math500/160,1,370,80
distilled/acc95/semi90,math500/161,1,88,23
distilled/acc95/semi90,math500/162,1,472,137
distilled/acc95/semi90,math500/163,1,568,145
distilled/acc95/semi90,math500/164,1,743,194
distilled/acc95/semi90,math500/165,0,246,80
distilled/acc95/semi90,math500/166,0,776,371
distilled/acc95/semi90,math500/167,1,146,37
distilled/acc95/semi90,math500/168,0,1464,520
distilled/acc95/semi90,math500/169,1,259,50
distilled/acc95/semi90,math500/170,0,1755,330
distilled/acc95/semi90,math500/171,1,224,51
distilled/acc95/semi90,math500/172,1,353,82
distilled/acc95/semi90,math500/173,0,4018,477
distilled/acc95/semi90,math500/174,1,300,99
distilled/acc95/semi90,math500/175,1,651,143
distilled/acc95/semi90,math500/176,1,197,40
distilled/acc95/semi90,math500/177,1,1459,406
distilled/acc95/semi90,math500/178,1,127,22
distilled/acc95/semi90,math500/179,0,893,180
distilled/acc95/semi90,math500/180,1,303,122
distilled/acc95/semi90,math500/181,1,296,69
distilled/acc95/semi90,math500/182,1,145,41
distilled/acc95/semi90,math500/183,0,3980,459
distilled/acc95/semi90,math500/184,0,899,299
distilled/acc95/semi90,math500/185,1,153,25
distilled/acc95/semi90,math500/186,1,381,148
distilled/acc95/semi90,math500/187,1,282,67
distilled/acc95/semi90,math500/188,1,1064,230
distilled/acc95/semi90,math500/189,0,2781,1024
distilled/acc95/semi90,math500/190,1,411,190
distilled/acc95/semi90,math500/191,1,171,39
distilled/acc95/semi90,math500/192,1,709,176
distilled/acc95/semi90,math500/193,1,495,151
distilled/acc95/semi90,math500/194,0,1621,435
distilled/acc95/semi90,math500/195,1,365,76
distilled/acc95/semi90,math500/196,1,168,34
distilled/acc95/semi90,math500/197,1,884,192
distilled/acc95/semi90,math500/198,1,253,110
distilled/acc95/semi90,math500/199,1,198,42
distilled/acc95/semi90,math500/200,1,280,36
distilled/acc95/semi90,math500/201,1,582,181
distilled/acc95/semi90,math500/202,1,657,204
distilled/acc95/semi90,math500/203,1,443,108
distilled/acc95/semi90,math500/204,0,3986,651
distilled/acc95/semi90,math500/205,0,731,90
distilled/acc95/semi90,math500/206,1,349,71
distilled/acc95/semi90,math500/207,1,148,49
distilled/acc95/semi90,math500/208,1,276,87
distilled/acc95/semi90,math500/209,0,901,338
distilled/acc95/semi90,math500/210,0,452,199
distilled/acc95/semi90,math500/211,1,190,28
distilled/acc95/semi90,math500/212,1,266,89
distilled/acc95/semi90,math500/213,0,1922,512
distilled/acc95/semi90,math500/214,0,540,190
distilled/acc95/semi90,math500/215,1,601,132
distilled/acc95/semi90,math500/216,1,274,47
distilled/acc95/semi90,math500/217,0,4054,377
distilled/acc95/semi90,math500/218,1,183,29
distilled/acc95/semi90,math500/219,0,846,439
distilled/acc95/semi90,math500/220,1,230,82
distilled/acc95/semi90,math500/221,1,476,137
distilled/acc95/semi90,math500/222,0,1798,758
distilled/acc95/semi90,math500/223,0,297,84
distilled/acc95/semi90,math500/224,0,1182,295
distilled/acc95/semi90,math500/225,0,216,84
distilled/acc95/semi90,math500/226,1,273,143
distilled/acc95/semi90,math500/227,0,347,189
distilled/acc95/semi90,math500/228,0,1258,286
distilled/acc95/semi90,math500/229,1,173,83
distilled/acc95/semi90,math500/230,1,1440,390
distilled/acc95/semi90,math500/231,1,620,137
distilled/acc95/semi90,math500/232,0,368,121
distilled/acc95/semi90,math500/233,1,433,91
distilled/acc95/semi90,math500/234,1,405,138
distilled/acc95/semi90,math500/235,0,415,49
distilled/acc95/semi90,math500/236,1,717,169
distilled/acc95/semi90,math500/237,1,497,128
distilled/acc95/semi90,math500/238,1,459,141
distilled/acc95/semi90,math500/239,0,1837,555
distilled/acc95/semi90,math500/240,0,3847,345
distilled/acc95/semi90,math500/241,1,583,157
distilled/acc95/semi90,math500/242,1,465,203
distilled/acc95/semi90,math500/243,1,261,109
distilled/acc95/semi90,math500/244,1,493,181
distilled/acc95/semi90,math500/245,1,1099,257
distilled/acc95/semi90,math500/246,1,253,135
distilled/acc95/semi90,math500/247,0,482,117
distilled/acc95/semi90,math500/248,0,2326,427
distilled/acc95/semi90,math500/249,1,1295,279
distilled/acc95/semi90,math500/250,1,416,83
distilled/acc95/semi90,math500/251,1,502,275
distilled/acc95/semi90,math500/252,0,485,114
distilled/acc95/semi90,math500/253,1,170,41
distilled/acc95/semi90,math500/254,1,396,166
distilled/acc95/semi90,math500/255,0,336,114
distilled/acc95/semi90,math500/256,1,239,33
distilled/acc95/semi90,math500/257,1,277,99
distilled/acc95/semi90,math500/258,1,329,94
distilled/acc95/semi90,math500/259,1,165,44
distilled/acc95/semi90,math500/260,1,504,67
distilled/acc95/semi90,math500/261,1,300,89
distilled/acc95/semi90,math500/262,1,138,24
distilled/acc95/semi90,math500/263,1,292,85
distilled/acc95/semi90,math500/264,0,3828,564
distilled/acc95/semi90,math500/265,1,233,47
distilled/acc95/semi90,math500/266,1,215,67
distilled/acc95/semi90,math500/267,1,939,433
distilled/acc95/semi90,math500/268,1,173,45
distilled/acc95/semi90,math500/269,1,258,98
distilled/acc95/semi90,math500/270,1,334,74
distilled/acc95/semi90,math500/271,0,485,127
distilled/acc95/semi90,math500/272,0,553,167
distilled/acc95/semi90,math500/273,1,250,88
distilled/acc95/semi90,math500/274,1,833,416
distilled/acc95/semi90,math500/275,1,178,18
distilled/acc95/semi90,math500/276,0,486,205
distilled/acc95/semi90,math500/277,1,242,144
distilled/acc95/semi90,math500/278,1,241,89
distilled/acc95/semi90,math500/279,0,487,156
distilled/acc95/semi90,math500/280,1,464,132
distilled/acc95/semi90,math500/281,0,432,248
distilled/acc95/semi90,math500/282,0,444,113
distilled/acc95/semi90,math500/283,1,290,43
distilled/acc95/semi90,math500/284,0,1474,355
distilled/acc95/semi90,math500/285,0,3916,532
distilled/acc95/semi90,math500/286,0,1067,331
distilled/acc95/semi90,math500/287,0,926,376
distilled/acc95/semi90,math500/288,0,1354,329
distilled/acc95/semi90,math500/289,1,562,150
distilled/acc95/semi90,math500/290,0,687,117
distilled/acc95/semi90,math500/291,1,427,157
distilled/acc95/semi90,math500/292,0,3948,280
distilled/acc95/semi90,math500/293,1,377,64
distilled/acc95/semi90,math500/294,1,699,258
distilled/acc95/semi90,math500/295,0,3973,649
distilled/acc95/semi90,math500/296,0,1697,568
distilled/acc95/semi90,math500/297,1,633,208
distilled/acc95/semi90,math500/298,0,818,92
distilled/acc95/semi90,math500/299,1,361,134
distilled/acc95/semi90,math500/300,1,249,130
distilled/acc95/semi90,math500/301,1,393,118
distilled/acc95/semi90,math500/302,0,662,327
distilled/acc95/semi90,math500/303,0,2308,819
distilled/acc95/semi90,math500/304,1,663,154
distilled/acc95/semi90,math500/305,1,436,82
distilled/acc95/semi90,math500/306,0,1670,764
distilled/acc95/semi90,math500/307,1,389,127
distilled/acc95/semi90,math500/308,0,3219,1024
distilled/acc95/semi90,math500/309,0,891,248
distilled/acc95/semi90,math500/310,1,296,53
distilled/acc95/semi90,math500/311,1,542,122
distilled/acc95/semi90,math500/312,1,256,98
distilled/acc95/semi90,math500/313,1,235,64
distilled/acc95/semi90,math500/314,1,333,89
distilled/acc95/semi90,math500/315,1,1259,467
distilled/acc95/semi90,math500/316,0,629,118
distilled/acc95/semi90,math500/317,0,949,360
distilled/acc95/semi90,math500/318,0,314,66
distilled/acc95/semi90,math500/319,1,221,50
distilled/acc95/semi90,math500/320,1,892,308
distilled/acc95/semi90,math500/321,1,255,75
distilled/acc95/semi90,math500/322,1,201,36
distilled/acc95/semi90,math500/323,1,696,411
distilled/acc95/semi90,math500/324,0,683,237
distilled/acc95/semi90,math500/325,1,393,73
distilled/acc95/semi90,math500/326,0,527,111
distilled/acc95/semi90,math500/327,0,2012,472
distilled/acc95/semi90,math500/328,1,1433,394
distilled/acc95/semi90,math500/329,1,162,35
distilled/acc95/semi90,math500/330,1,253,102
distilled/acc95/semi90,math500/331,1,627,95
distilled/acc95/semi90,math500/332,1,1218,393
distilled/acc95/semi90,math500/333,1,1485,346
distilled/acc95/semi90,math500/334,1,312,98
distilled/acc95/semi90,math500/335,1,729,140
distilled/acc95/semi90,math500/336,1,203,28
distilled/acc95/semi90,math500/337,1,362,123
distilled/acc95/semi90,math500/338,0,144,45
distilled/acc95/semi90,math500/339,0,695,197
distilled/acc95/semi90,math500/340,0,2197,472
distilled/acc95/semi90,math500/341,1,233,66
distilled/acc95/semi90,math500/342,1,223,58
distilled/acc95/semi90,math500/343,0,284,114
distilled/acc95/semi90,math500/344,1,322,78
distilled/acc95/semi90,math500/345,1,178,29
distilled/acc95/semi90,math500/346,1,394,54
distilled/acc95/semi90,math500/347,1,267,56
distilled/acc95/semi90,math500/348,1,240,53
distilled/acc95/semi90,math500/349,0,638,339
distilled/acc95/semi90,math500/350,1,314,103
distilled/acc95/semi90,math500/351,0,813,101
distilled/acc95/semi90,math500/352,0,3172,676
distilled/acc95/semi90,math500/353,1,366,175
distilled/acc95/semi90,math500/354,1,411,160
distilled/acc95/semi90,math500/355,0,2506,624
distilled/acc95/semi90,math500/356,1,512,145
distilled/acc95/semi90,math500/357,0,459,156
distilled/acc95/semi90,math500/358,1,377,158
distilled/acc95/semi90,math500/359,0,3976,407
distilled/acc95/semi90,math500/360,1,393,104
distilled/acc95/semi90,math500/361,1,958,325
distilled/acc95/semi90,math500/362,1,232,77
distilled/acc95/semi90,math500/363,1,106,38
distilled/acc95/semi90,math500/364,0,713,227
distilled/acc95/semi90,math500/365,1,1332,478
distilled/acc95/semi90,math500/366,1,380,96
distilled/acc95/semi90,math500/367,1,207,33
distilled/acc95/semi90,math500/368,1,342,117
distilled/acc95/semi90,math500/369,1,277,99
distilled/acc95/semi90,math500/370,1,188,38
distilled/acc95/semi90,math500/371,0,4008,351
distilled/acc95/semi90,math500/372,0,722,331
distilled/acc95/semi90,math500/373,1,335,58
distilled/acc95/semi90,math500/374,1,125,19
distilled/acc95/semi90,math500/375,0,370,95
distilled/acc95/semi90,math500/376,0,605,149
distilled/acc95/semi90,math500/377,1,707,264
distilled/acc95/semi90,math500/378,1,401,125
distilled/acc95/semi90,math500/379,0,738,170
distilled/acc95/semi90,math500/380,0,1160,294
distilled/acc95/semi90,math500/381,0,4026,727
distilled/acc95/semi90,math500/382,1,642,218
distilled/acc95/semi90,math500/383,0,496,101
distilled/acc95/semi90,math500/384,1,120,21
distilled/acc95/semi90,math500/385,1,290,81
distilled/acc95/semi90,math500/386,1,287,75
distilled/acc95/semi90,math500/387,1,167,40
distilled/acc95/semi90,math500/388,1,447,102
distilled/acc95/semi90,math500/389,1,430,131
distilled/acc95/semi90,math500/390,1,837,234
distilled/acc95/semi90,math500/391,0,1361,430
distilled/acc95/semi90,math500/392,0,3795,816
distilled/acc95/semi90,math500/393,1,220,83
distilled/acc95/semi90,math500/394,0,1346,406
distilled/acc95/semi90,math500/395,1,270,47
distilled/acc95/semi90,math500/396,1,535,250
distilled/acc95/semi90,math500/397,1,171,26
distilled/acc95/semi90,math500/398,1,437,122
distilled/acc95/semi90,math500/399,1,85,27
distilled/acc95/semi90,math500/400,0,1369,554
distilled/acc95/semi90,math500/401,0,1494,345
distilled/acc95/semi90,math500/402,0,355,126
distilled/acc95/semi90,math500/403,1,440,120
distilled/acc95/semi90,math500/404,1,245,80
distilled/acc95/semi90,math500/405,1,270,133
distilled/acc95/semi90,math500/406,1,124,37
distilled/acc95/semi90,math500/407,1,187,31
distilled/acc95/semi90,math500/408,0,1049,241
distilled/acc95/semi90,math500/409,0,928,319
distilled/acc95/semi90,math500/410,1,505,224
distilled/acc95/semi90,math500/411,1,150,72
distilled/acc95/semi90,math500/412,1,1256,277
distilled/acc95/semi90,math500/413,1,210,58
distilled/acc95/semi90,math500/414,1,296,62
distilled/acc95/semi90,math500/415,1,554,103
distilled/acc95/semi90,math500/416,1,637,91
distilled/acc95/semi90,math500/417,1,303,107
distilled/acc95/semi90,math500/418,1,395,93
distilled/acc95/semi90,math500/419,0,1198,185
distilled/acc95/semi90,math500/420,0,479,76
distilled/acc95/semi90,math500/421,0,3967,481
distilled/acc95/semi90,math500/422,0,3963,444
distilled/acc95/semi90,math500/423,1,952,234
distilled/acc95/semi90,math500/424,1,301,54
distilled/acc95/semi90,math500/425,0,560,186
distilled/acc95/semi90,math500/426,1,400,110
distilled/acc95/semi90,math500/427,1,196,56
distilled/acc95/semi90,math500/428,0,847,141
distilled/acc95/semi90,math500/429,1,466,124
distilled/acc95/semi90,math500/430,1,56,14
distilled/acc95/semi90,math500/431,0,1022,240
distilled/acc95/semi90,math500/432,0,3867,1024
distilled/acc95/semi90,math500/433,1,76,20
distilled/acc95/semi90,math500/434,0,616,233
distilled/acc95/semi90,math500/435,1,388,144
distilled/acc95/semi90,math500/436,1,693,177
distilled/acc95/semi90,math500/437,0,3976,390
distilled/acc95/semi90,math500/438,1,184,79
distilled/acc95/semi90,math500/439,1,448,137
distilled/acc95/semi90,math500/440,1,293,38
distilled/acc95/semi90,math500/441,1,255,72
distilled/acc95/semi90,math500/442,1,254,35
distilled/acc95/semi90,math500/443,1,202,40
distilled/acc95/semi90,math500/444,0,3893,873
distilled/acc95/semi90,math500/445,0,2135,546
distilled/acc95/semi90,math500/446,1,616,124
distilled/acc95/semi90,math500/447,1,303,109
distilled/acc95/semi90,math500/448,1,618,151
distilled/acc95/semi90,math500/449,1,216,49
distilled/acc95/semi90,math500/450,1,670,186
distilled/acc95/semi90,math500/451,1,409,95
distilled/acc95/semi90,math500/452,0,495,120
distilled/acc95/semi90,math500/453,0,234,85
distilled/acc95/semi90,math500/454,0,1537,339
distilled/acc95/semi90,math500/455,1,170,43
distilled/acc95/semi90,math500/456,0,719,194
distilled/acc95/semi90,math500/457,1,65,25
distilled/acc95/semi90,math500/458,1,424,198
distilled/acc95/semi90,math500/459,1,649,164
distilled/acc95/semi90,math500/460,0,370,151
distilled/acc95/semi90,math500/461,1,485,78
distilled/acc95/semi90,math500/462,1,347,131
distilled/acc95/semi90,math500/463,1,145,50
distilled/acc95/semi90,math500/464,1,585,177
distilled/acc95/semi90,math500/465,1,604,218
distilled/acc95/semi90,math500/466,1,1233,455
distilled/acc95/semi90,math500/467,1,378,93
distilled/acc95/semi90,math500/468,1,186,70
distilled/acc95/semi90,math500/469,1,170,37
distilled/acc95/semi90,math500/470,0,959,224
distilled/acc95/semi90,math500/471,1,190,34
distilled/acc95/semi90,math500/472,1,181,44
distilled/acc95/semi90,math500/473,0,1735,429
distilled/acc95/semi90,math500/474,1,487,82
distilled/acc95/semi90,math500/475,0,3913,801
distilled/acc95/semi90,math500/476,1,299,98
distilled/acc95/semi90,math500/477,1,2330,366
distilled/acc95/semi90,math500/478,0,679,237
distilled/acc95/semi90,math500/479,1,287,129
distilled/acc95/semi90,math500/480,1,610,203
distilled/acc95/semi90,math500/481,0,1525,327
distilled/acc95/semi90,math500/482,1,686,266
distilled/acc95/semi90,math500/483,0,4022,722
distilled/acc95/semi90,math500/484,1,726,112
distilled/acc95/semi90,math500/485,0,1548,332
distilled/acc95/semi90,math500/486,1,336,193
distilled/acc95/semi90,math500/487,1,217,46
distilled/acc95/semi90,math500/488,1,135,45
distilled/acc95/semi90,math500/489,1,725,289
distilled/acc95/semi90,math500/490,0,3980,601
distilled/acc95/semi90,math500/491,0,335,173
distilled/acc95/semi90,math500/492,1,474,93
distilled/acc95/semi90,math500/493,1,587,97
distilled/acc95/semi90,math500/494,0,4000,366
distilled/acc95/semi90,math500/495,1,466,154
distilled/acc95/semi90,math500/496,1,362,43
distilled/acc95/semi90,math500/497,0,2595,551
distilled/acc95/semi90,math500/498,0,1076,354
distilled/acc95/semi90,math500/499,1,396,137
distilled/acc99/semi70,gsm8k/0,1,126,67
distilled/acc99/semi70,gsm8k/1,1,260,123
distilled/acc99/semi70,gsm8k/2,0,273,102
distilled/acc99/semi70,gsm8k/3,1,187,66
distilled/acc99/semi70,gsm8k/4,1,213,133
distilled/acc99/semi70,gsm8k/5,1,161,63
distilled/acc99/semi70,gsm8k/6,1,159,61
distilled/acc99/semi70,gsm8k/7,1,160,76
distilled/acc99/semi70,gsm8k/8,1,379,159
distilled/acc99/semi70,gsm8k/9,1,239,105
distilled/acc99/semi70,gsm8k/10,1,283,168
distilled/acc99/semi70,gsm8k/11,1,436,181
distilled/acc99/semi70,gsm8k/12,1,117,42
distilled/acc99/semi70,gsm8k/13,1,222,81
distilled/acc99/semi70,gsm8k/14,1,286,126
distilled/acc99/semi70,gsm8k/15,1,215,83
distilled/acc99/semi70,gsm8k/16,1,189,51
distilled/acc99/semi70,gsm8k/17,1,190,79
distilled/acc99/semi70,gsm8k/18,1,193,91
distilled/acc99/semi70,gsm8k/19,1,166,56
distilled/acc99/semi70,gsm8k/20,1,206,76
distilled/acc99/semi70,gsm8k/21,1,219,94
distilled/acc99/semi70,gsm8k/22,1,233,72
distilled/acc99/semi70,gsm8k/23,1,331,134
distilled/acc99/semi70,gsm8k/24,1,186,69
distilled/acc99/semi70,gsm8k/25,1,261,78
distilled/acc99/semi70,gsm8k/26,1,206,94
distilled/acc99/semi70,gsm8k/27,1,103,40
distilled/acc99/semi70,gsm8k/28,1,183,81
distilled/acc99/semi70,gsm8k/29,1,171,77
distilled/acc99/semi70,gsm8k/30,1,188,73
distilled/acc99/semi70,gsm8k/31,1,298,126
distilled/acc99/semi70,gsm8k/32,1,98,68
distilled/acc99/semi70,gsm8k/33,1,390,174
distilled/acc99/semi70,gsm8k/34,0,335,124
distilled/acc99/semi70,gsm8k/35,1,158,58
distilled/acc99/semi70,gsm8k/36,1,195,86
distilled/acc99/semi70,gsm8k/37,1,217,115
distilled/acc99/semi70,gsm8k/38,1,331,159
distilled/acc99/semi70,gsm8k/39,1,315,123
distilled/acc99/semi70,gsm8k/40,1,182,76
distilled/acc99/semi70,gsm8k/41,1,303,81
distilled/acc99/semi70,gsm8k/42,1,259,89
distilled/acc99/semi70,gsm8k/43,1,147,85
distilled/acc99/semi70,gsm8k/44,1,308,133
distilled/acc99/semi70,gsm8k/45,1,254,94
distilled/acc99/semi70,gsm8k/46,1,250,100
distilled/acc99/semi70,gsm8k/47,1,128,45
distilled/acc99/semi70,gsm8k/48,1,224,87
distilled/acc99/semi70,gsm8k/49,0,333,126
distilled/acc99/semi70,gsm8k/50,0,457,209
distilled/acc99/semi70,gsm8k/51,1,130,55
distilled/acc99/semi70,gsm8k/52,1,149,51
distilled/acc99/semi70,gsm8k/53,1,125,53
distilled/acc99/semi70,gsm8k/54,1,304,123
distilled/acc99/semi70,gsm8k/55,1,143,67
distilled/acc99/semi70,gsm8k/56,0,311,89
distilled/acc99/semi70,gsm8k/57,0,167,59
distilled/acc99/semi70,gsm8k/58,1,161,62
distilled/acc99/semi70,gsm8k/59,1,208,85
distilled/acc99/semi70,gsm8k/60,1,154,45
distilled/acc99/semi70,gsm8k/61,1,182,48
distilled/acc99/semi70,gsm8k/62,1,248,83
distilled/acc99/semi70,gsm8k/63,1,161,78
distilled/acc99/semi70,gsm8k/64,1,361,149
distilled/acc99/semi70,gsm8k/65,1,140,64
distilled/acc99/semi70,gsm8k/66,1,185,70
distilled/acc99/semi70,gsm8k/67,1,256,90
distilled/acc99/semi70,gsm8k/68,0,389,204
distilled/acc99/semi70,gsm8k/69,1,158,40
distilled/acc99/semi70,gsm8k/70,1,333,120
distilled/acc99/semi70,gsm8k/71,1,210,58
distilled/acc99/semi70,gsm8k/72,1,228,106
distilled/acc99/semi70,gsm8k/73,1,302,124
distilled/acc99/semi70,gsm8k/74,1,95,57
distilled/acc99/semi70,gsm8k/75,1,175,82
distilled/acc99/semi70,gsm8k/76,1,194,99
distilled/acc99/semi70,gsm8k/77,0,302,172
distilled/acc99/semi70,gsm8k/78,1,229,91
distilled/acc99/semi70,gsm8k/79,1,266,92
distilled/acc99/semi70,gsm8k/80,1,229,87
distilled/acc99/semi70,gsm8k/81,1,267,122
distilled/acc99/semi70,gsm8k/82,1,173,64
distilled/acc99/semi70,gsm8k/83,1,268,114
distilled/acc99/semi70,gsm8k/84,1,149,65
distilled/acc99/semi70,gsm8k/85,1,144,64
distilled/acc99/semi70,gsm8k/86,1,255,117
distilled/acc99/semi70,gsm8k/87,1,205,67
distilled/acc99/semi70,gsm8k/88,1,171,59
distilled/acc99/semi70,gsm8k/89,1,172,59
distilled/acc99/semi70,gsm8k/90,1,218,39
distilled/acc99/semi70,gsm8k/91,1,402,132
distilled/acc99/semi70,gsm8k/92,1,183,73
distilled/acc99/semi70,gsm8k/93,1,116,44
distilled/acc99/semi70,gsm8k/94,1,239,122
distilled/acc99/semi70,gsm8k/95,1,173,62
distilled/acc99/semi70,gsm8k/96,0,228,126
distilled/acc99/semi70,gsm8k/97,1,214,112
distilled/acc99/semi70,gsm8k/98,1,163,62
distilled/acc99/semi70,gsm8k/99,1,242,58
distilled/acc99/semi70,gsm8k/100,1,210,96
distilled/acc99/semi70,gsm8k/101,1,247,125
distilled/acc99/semi70,gsm8k/102,1,240,83
distilled/acc99/semi70,gsm8k/103,1,188,61
distilled/acc99/semi70,gsm8k/104,1,119,63
distilled/acc99/semi70,gsm8k/105,1,287,101
distilled/acc99/semi70,gsm8k/106,1,418,206
distilled/acc99/semi70,gsm8k/107,1,243,65
distilled/acc99/semi70,gsm8k/108,1,197,75
distilled/acc99/semi70,gsm8k/109,1,344,141
distilled/acc99/semi70,gsm8k/110,1,164,70
distilled/acc99/semi70,gsm8k/111,1,153,56
distilled/acc99/semi70,gsm8k/112,1,164,63
distilled/acc99/semi70,gsm8k/113,0,260,122
distilled/acc99/semi70,gsm8k/114,1,181,92
distilled/acc99/semi70,gsm8k/115,1,135,44
distilled/acc99/semi70,gsm8k/116,1,310,148
distilled/acc99/semi70,gsm8k/117,1,298,149
distilled/acc99/semi70,gsm8k/118,1,226,91
distilled/acc99/semi70,gsm8k/119,1,270,127
distilled/acc99/semi70,gsm8k/120,1,108,51
distilled/acc99/semi70,gsm8k/121,1,332,139
distilled/acc99/semi70,gsm8k/122,1,114,58
distilled/acc99/semi70,gsm8k/123,1,345,148
distilled/acc99/semi70,gsm8k/124,0,165,72
distilled/acc99/semi70,gsm8k/125,1,158,71
distilled/acc99/semi70,gsm8k/126,1,265,122
distilled/acc99/semi70,gsm8k/127,1,180,61
distilled/acc99/semi70,gsm8k/128,0,471,171
distilled/acc99/semi70,gsm8k/129,1,145,102
distilled/acc99/semi70,gsm8k/130,1,193,66
distilled/acc99/semi70,gsm8k/131,1,460,152
distilled/acc99/semi70,gsm8k/132,1,199,55
distilled/acc99/semi70,gsm8k/133,1,263,133
distilled/acc99/semi70,gsm8k/134,1,144,65
distilled/acc99/semi70,gsm8k/135,1,385,146
distilled/acc99/semi70,gsm8k/136,1,357,169
distilled/acc99/semi70,gsm8k/137,0,235,82
distilled/acc99/semi70,gsm8k/138,0,238,141
distilled/acc99/semi70,gsm8k/139,1,209,95
distilled/acc99/semi70,gsm8k/140,0,257,81
distilled/acc99/semi70,gsm8k/141,1,246,114
distilled/acc99/semi70,gsm8k/142,1,165,72
distilled/acc99/semi70,gsm8k/143,1,227,99
distilled/acc99/semi70,gsm8k/144,1,445,152
distilled/acc99/semi70,gsm8k/145,1,196,88
distilled/acc99/semi70,gsm8k/146,1,295,99
distilled/acc99/semi70,gsm8k/147,1,164,63
distilled/acc99/semi70,gsm8k/148,1,339,138
distilled/acc99/semi70,gsm8k/149,0,177,92
distilled/acc99/semi70,gsm8k/150,1,244,94
distilled/acc99/semi70,gsm8k/151,1,302,114
distilled/acc99/semi70,gsm8k/152,1,353,118
distilled/acc99/semi70,gsm8k/153,1,284,105
distilled/acc99/semi70,gsm8k/154,1,152,48
distilled/acc99/semi70,gsm8k/155,0,127,54
distilled/acc99/semi70,gsm8k/156,1,199,65
distilled/acc99/semi70,gsm8k/157,1,160,76
distilled/acc99/semi70,gsm8k/158,1,221,76
distilled/acc99/semi70,gsm8k/159,1,336,101
distilled/acc99/semi70,gsm8k/160,1,161,64
distilled/acc99/semi70,gsm8k/161,1,234,99
distilled/acc99/semi70,gsm8k/162,1,218,104
distilled/acc99/semi70,gsm8k/163,1,220,116
distilled/acc99/semi70,gsm8k/164,1,253,91
distilled/acc99/semi70,gsm8k/165,1,235,123
distilled/acc99/semi70,gsm8k/166,1,133,60
distilled/acc99/semi70,gsm8k/167,1,164,52
distilled/acc99/semi70,gsm8k/168,1,451,236
distilled/acc99/semi70,gsm8k/169,1,211,74
distilled/acc99/semi70,gsm8k/170,0,405,143
distilled/acc99/semi70,gsm8k/171,1,147,96
distilled/acc99/semi70,gsm8k/172,1,229,88
distilled/acc99/semi70,gsm8k/173,1,190,74
distilled/acc99/semi70,gsm8k/174,1,187,86
distilled/acc99/semi70,gsm8k/175,1,247,101
distilled/acc99/semi70,gsm8k/176,1,288,71
distilled/acc99/semi70,gsm8k/177,0,144,63
distilled/acc99/semi70,gsm8k/178,1,175,99
distilled/acc99/semi70,gsm8k/179,1,256,99
distilled/acc99/semi70,gsm8k/180,1,135,38
distilled/acc99/semi70,gsm8k/181,1,230,105
distilled/acc99/semi70,gsm8k/182,0,223,118
distilled/acc99/semi70,gsm8k/183,1,261,103
distilled/acc99/semi70,gsm8k/184,1,324,142
distilled/acc99/semi70,gsm8k/185,1,232,84
distilled/acc99/semi70,gsm8k/186,1,225,106
distilled/acc99/semi70,gsm8k/187,1,220,75
distilled/acc99/semi70,gsm8k/188,1,239,69
distilled/acc99/semi70,gsm8k/189,1,269,96
distilled/acc99/semi70,gsm8k/190,1,309,92
distilled/acc99/semi70,gsm8k/191,1,237,124
distilled/acc99/semi70,gsm8k/192,1,197,72
distilled/acc99/semi70,gsm8k/193,1,149,57
distilled/acc99/semi70,gsm8k/194,1,124,46
distilled/acc99/semi70,gsm8k/195,1,270,107
distilled/acc99/semi70,gsm8k/196,1,237,100
distilled/acc99/semi70,gsm8k/197,1,308,89
distilled/acc99/semi70,gsm8k/198,1,273,108
distilled/acc99/semi70,gsm8k/199,1,99,40
distilled/acc99/semi70,gsm8k/200,1,242,89
distilled/acc99/semi70,gsm8k/201,1,223,62
distilled/acc99/semi70,gsm8k/202,1,122,47
distilled/acc99/semi70,gsm8k/203,1,238,69
distilled/acc99/semi70,gsm8k/204,1,257,119
distilled/acc99/semi70,gsm8k/205,1,365,121
distilled/acc99/semi70,gsm8k/206,1,232,87
distilled/acc99/semi70,gsm8k/207,1,218,82
distilled/acc99/semi70,gsm8k/208,1,154,38
distilled/acc99/semi70,gsm8k/209,1,258,114
distilled/acc99/semi70,gsm8k/210,1,376,162
distilled/acc99/semi70,gsm8k/211,1,179,81
distilled/acc99/semi70,gsm8k/212,1,159,64
distilled/acc99/semi70,gsm8k/213,1,254,84
distilled/acc99/semi70,gsm8k/214,1,106,44
distilled/acc99/semi70,gsm8k/215,1,346,126
distilled/acc99/semi70,gsm8k/216,1,245,74
distilled/acc99/semi70,gsm8k/217,1,202,81
distilled/acc99/semi70,gsm8k/218,1,332,149
distilled/acc99/semi70,gsm8k/219,1,228,85
distilled/acc99/semi70,gsm8k/220,1,125,53
distilled/acc99/semi70,gsm8k/221,1,219,52
distilled/acc99/semi70,gsm8k/222,1,179,63
distilled/acc99/semi70,gsm8k/223,1,250,104
distilled/acc99/semi70,gsm8k/224,1,180,72
distilled/acc99/semi70,gsm8k/225,0,709,450
distilled/acc99/semi70,gsm8k/226,1,101,39
distilled/acc99/semi70,gsm8k/227,1,293,86
distilled/acc99/semi70,gsm8k/228,1,211,96
distilled/acc99/semi70,gsm8k/229,1,303,171
distilled/acc99/semi70,gsm8k/230,0,496,241
distilled/acc99/semi70,gsm8k/231,1,188,59
distilled/acc99/semi70,gsm8k/232,1,214,104
distilled/acc99/semi70,gsm8k/233,0,196,64
distilled/acc99/semi70,gsm8k/234,1,260,115
distilled/acc99/semi70,gsm8k/235,0,245,100
distilled/acc99/semi70,gsm8k/236,1,199,61
distilled/acc99/semi70,gsm8k/237,1,220,74
distilled/acc99/semi70,gsm8k/238,1,205,102
distilled/acc99/semi70,gsm8k/239,1,161,69
distilled/acc99/semi70,gsm8k/240,1,140,70
distilled/acc99/semi70,gsm8k/241,1,132,67
distilled/acc99/semi70,gsm8k/242,1,257,126
distilled/acc99/semi70,gsm8k/243,1,283,97
distilled/acc99/semi70,gsm8k/244,1,115,51
distilled/acc99/semi70,gsm8k/245,1,159,49
distilled/acc99/semi70,gsm8k/246,1,189,76
distilled/acc99/semi70,gsm8k/247,1,228,94
distilled/acc99/semi70,gsm8k/248,1,200,82
distilled/acc99/semi70,gsm8k/249,1,173,59
distilled/acc99/semi70,gsm8k/250,1,279,85
distilled/acc99/semi70,gsm8k/251,1,269,73
distilled/acc99/semi70,gsm8k/252,1,208,104
distilled/acc99/semi70,gsm8k/253,1,177,69
distilled/acc99/semi70,gsm8k/254,0,249,76
distilled/acc99/semi70,gsm8k/255,1,365,125
distilled/acc99/semi70,gsm8k/256,1,254,74
distilled/acc99/semi70,gsm8k/257,0,310,154
distilled/acc99/semi70,gsm8k/258,1,184,68
distilled/acc99/semi70,gsm8k/259,0,598,307
distilled/acc99/semi70,gsm8k/260,1,144,43
distilled/acc99/semi70,gsm8k/261,1,354,159
distilled/acc99/semi70,gsm8k/262,1,264,77
distilled/acc99/semi70,gsm8k/263,1,162,71
distilled/acc99/semi70,gsm8k/264,1,265,94
distilled/acc99/semi70,gsm8k/265,0,309,128
distilled/acc99/semi70,gsm8k/266,0,276,115
distilled/acc99/semi70,gsm8k/267,1,148,58
distilled/acc99/semi70,gsm8k/268,1,193,71
distilled/acc99/semi70,gsm8k/269,1,174,46
distilled/acc99/semi70,gsm8k/270,0,388,185
distilled/acc99/semi70,gsm8k/271,0,297,127
distilled/acc99/semi70,gsm8k/272,1,146,33
distilled/acc99/semi70,gsm8k/273,1,222,83
distilled/acc99/semi70,gsm8k/274,1,333,106
distilled/acc99/semi70,gsm8k/275,1,185,79
distilled/acc99/semi70,gsm8k/276,0,279,158
distilled/acc99/semi70,gsm8k/277,1,179,75
distilled/acc99/semi70,gsm8k/278,1,154,54
distilled/acc99/semi70,gsm8k/279,1,161,57
distilled/acc99/semi70,gsm8k/280,1,276,112
distilled/acc99/semi70,gsm8k/281,1,146,74
distilled/acc99/semi70,gsm8k/282,1,228,82
distilled/acc99/semi70,gsm8k/283,0,4030,684
distilled/acc99/semi70,gsm8k/284,1,171,61
distilled/acc99/semi70,gsm8k/285,1,225,73
distilled/acc99/semi70,gsm8k/286,0,169,79
distilled/acc99/semi70,gsm8k/287,1,351,170
distilled/acc99/semi70,gsm8k/288,0,305,179
distilled/acc99/semi70,gsm8k/289,0,222,97
distilled/acc99/semi70,gsm8k/290,1,136,51
distilled/acc99/semi70,gsm8k/291,1,262,80
distilled/acc99/semi70,gsm8k/292,1,154,50
distilled/acc99/semi70,gsm8k/293,1,303,113
distilled/acc99/semi70,gsm8k/294,1,400,165
distilled/acc99/semi70,gsm8k/295,1,132,55
distilled/acc99/semi70,gsm8k/296,0,325,142
distilled/acc99/semi70,gsm8k/297,1,244,95
distilled/acc99/semi70,gsm8k/298,1,192,98
distilled/acc99/semi70,gsm8k/299,1,338,82
distilled/acc99/semi70,gsm8k/300,1,246,113
distilled/acc99/semi70,gsm8k/301,1,120,39
distilled/acc99/semi70,gsm8k/302,1,218,53
distilled/acc99/semi70,gsm8k/303,0,279,93
distilled/acc99/semi70,gsm8k/304,1,130,50
distilled/acc99/semi70,gsm8k/305,1,147,40
distilled/acc99/semi70,gsm8k/306,1,142,42
distilled/acc99/semi70,gsm8k/307,1,250,111
distilled/acc99/semi70,gsm8k/308,1,264,102
distilled/acc99/semi70,gsm8k/309,1,192,78
distilled/acc99/semi70,gsm8k/310,0,292,108
distilled/acc99/semi70,gsm8k/311,1,193,65
distilled/acc99/semi70,gsm8k/312,1,196,79
distilled/acc99/semi70,gsm8k/313,0,302,144
distilled/acc99/semi70,gsm8k/314,1,263,101
distilled/acc99/semi70,gsm8k/315,1,257,110
distilled/acc99/semi70,gsm8k/316,1,196,102
distilled/acc99/semi70,gsm8k/317,1,214,115
distilled/acc99/semi70,gsm8k/318,1,223,64
distilled/acc99/semi70,gsm8k/319,1,119,54
distilled/acc99/semi70,gsm8k/320,0,335,191
distilled/acc99/semi70,gsm8k/321,1,217,77
distilled/acc99/semi70,gsm8k/322,1,338,134
distilled/acc99/semi70,gsm8k/323,1,208,74
distilled/acc99/semi70,gsm8k/324,1,328,103
distilled/acc99/semi70,gsm8k/325,1,147,43
distilled/acc99/semi70,gsm8k/326,1,252,94
distilled/acc99/semi70,gsm8k/327,1,228,74
distilled/acc99/semi70,gsm8k/328,1,148,28
distilled/acc99/semi70,gsm8k/329,1,168,85
distilled/acc99/semi70,gsm8k/330,1,160,61
distilled/acc99/semi70,gsm8k/331,1,176,82
distilled/acc99/semi70,gsm8k/332,1,251,88
distilled/acc99/semi70,gsm8k/333,1,180,59
distilled/acc99/semi70,gsm8k/334,1,413,215
distilled/acc99/semi70,gsm8k/335,1,152,80
distilled/acc99/semi70,gsm8k/336,1,221,107
distilled/acc99/semi70,gsm8k/337,1,240,69
distilled/acc99/semi70,gsm8k/338,1,221,68
distilled/acc99/semi70,gsm8k/339,1,465,216
distilled/acc99/semi70,gsm8k/340,1,178,81
distilled/acc99/semi70,gsm8k/341,1,137,69
distilled/acc99/semi70,gsm8k/342,1,233,93
distilled/acc99/semi70,gsm8k/343,1,249,97
distilled/acc99/semi70,gsm8k/344,1,103,52
distilled/acc99/semi70,gsm8k/345,1,240,84
distilled/acc99/semi70,gsm8k/346,1,364,162
distilled/acc99/semi70,gsm8k/347,1,123,62
distilled/acc99/semi70,gsm8k/348,1,269,92
distilled/acc99/semi70,gsm8k/349,1,235,68
distilled/acc99/semi70,gsm8k/350,1,243,86
distilled/acc99/semi70,gsm8k/351,1,461,148
distilled/acc99/semi70,gsm8k/352,1,103,29
distilled/acc99/semi70,gsm8k/353,1,164,78
distilled/acc99/semi70,gsm8k/354,1,184,82
distilled/acc99/semi70,gsm8k/355,1,230,90
distilled/acc99/semi70,gsm8k/356,1,321,134
distilled/acc99/semi70,gsm8k/357,0,381,170
distilled/acc99/semi70,gsm8k/358,1,220,95
distilled/acc99/semi70,gsm8k/359,1,260,99
distilled/acc99/semi70,gsm8k/360,1,409,221
distilled/acc99/semi70,gsm8k/361,1,264,126
distilled/acc99/semi70,gsm8k/362,1,143,64
distilled/acc99/semi70,gsm8k/363,1,172,70
distilled/acc99/semi70,gsm8k/364,1,105,55
distilled/acc99/semi70,gsm8k/365,0,241,111
distilled/acc99/semi70,gsm8k/366,0,224,90
distilled/acc99/semi70,gsm8k/367,1,195,68
distilled/acc99/semi70,gsm8k/368,1,253,118
distilled/acc99/semi70,gsm8k/369,1,212,92
distilled/acc99/semi70,gsm8k/370,1,234,92
distilled/acc99/semi70,gsm8k/371,1,219,52
distilled/acc99/semi70,gsm8k/372,1,295,140
distilled/acc99/semi70,gsm8k/373,1,143,31
distilled/acc99/semi70,gsm8k/374,1,333,135
distilled/acc99/semi70,gsm8k/375,1,347,181
distilled/acc99/semi70,gsm8k/376,1,156,43
distilled/acc99/semi70,gsm8k/377,1,171,59
distilled/acc99/semi70,gsm8k/378,1,369,146
distilled/acc99/semi70,gsm8k/379,1,174,77
distilled/acc99/semi70,gsm8k/380,1,295,112
distilled/acc99/semi70,gsm8k/381,1,146,41
distilled/acc99/semi70,gsm8k/382,0,403,175
distilled/acc99/semi70,gsm8k/383,1,151,75
distilled/acc99/semi70,gsm8k/384,1,145,46
distilled/acc99/semi70,gsm8k/385,1,188,54
distilled/acc99/semi70,gsm8k/386,1,317,105
distilled/acc99/semi70,gsm8k/387,1,241,82
distilled/acc99/semi70,gsm8k/388,1,266,121
distilled/acc99/semi70,gsm8k/389,1,366,225
distilled/acc99/semi70,gsm8k/390,1,252,126
distilled/acc99/semi70,gsm8k/391,1,248,104
distilled/acc99/semi70,gsm8k/392,1,296,146
distilled/acc99/semi70,gsm8k/393,0,178,70
distilled/acc99/semi70,gsm8k/394,1,164,54
distilled/acc99/semi70,gsm8k/395,1,165,60
distilled/acc99/semi70,gsm8k/396,1,256,99
distilled/acc99/semi70,gsm8k/397,1,128,51
distilled/acc99/semi70,gsm8k/398,1,177,55
distilled/acc99/semi70,gsm8k/399,0,172,104
distilled/acc99/semi70,gsm8k/400,0,179,66
distilled/acc99/semi70,gsm8k/401,1,257,101
distilled/acc99/semi70,gsm8k/402,1,325,151
distilled/acc99/semi70,gsm8k/403,1,328,93
distilled/acc99/semi70,gsm8k/404,1,158,61
distilled/acc99/semi70,gsm8k/405,0,499,220
distilled/acc99/semi70,gsm8k/406,0,267,153
distilled/acc99/semi70,gsm8k/407,1,300,83
distilled/acc99/semi70,gsm8k/408,1,98,43
distilled/acc99/semi70,gsm8k/409,1,271,101
distilled/acc99/semi70,gsm8k/410,1,304,96
distilled/acc99/semi70,gsm8k/411,1,223,83
distilled/acc99/semi70,gsm8k/412,1,248,109
distilled/acc99/semi70,gsm8k/413,1,202,56
distilled/acc99/semi70,gsm8k/414,1,182,61
distilled/acc99/semi70,gsm8k/415,1,351,138
distilled/acc99/semi70,gsm8k/416,1,155,41
distilled/acc99/semi70,gsm8k/417,1,255,73
distilled/acc99/semi70,gsm8k/418,1,115,63
distilled/acc99/semi70,gsm8k/419,1,258,80
distilled/acc99/semi70,gsm8k/420,1,254,73
distilled/acc99/semi70,gsm8k/421,1,152,43
distilled/acc99/semi70,gsm8k/422,1,173,55
distilled/acc99/semi70,gsm8k/423,1,164,47
distilled/acc99/semi70,gsm8k/424,1,148,53
distilled/acc99/semi70,gsm8k/425,1,177,89
distilled/acc99/semi70,gsm8k/426,1,211,75
distilled/acc99/semi70,gsm8k/427,0,342,167
distilled/acc99/semi70,gsm8k/428,1,214,99
distilled/acc99/semi70,gsm8k/429,1,378,168
distilled/acc99/semi70,gsm8k/430,1,128,42
distilled/acc99/semi70,gsm8k/431,1,483,273
distilled/acc99/semi70,gsm8k/432,1,151,53
distilled/acc99/semi70,gsm8k/433,1,412,201
distilled/acc99/semi70,gsm8k/434,1,329,110
distilled/acc99/semi70,gsm8k/435,1,235,71
distilled/acc99/semi70,gsm8k/436,1,327,104
distilled/acc99/semi70,gsm8k/437,1,410,164
distilled/acc99/semi70,gsm8k/438,0,185,66
distilled/acc99/semi70,gsm8k/439,1,404,169
distilled/acc99/semi70,gsm8k/440,1,153,49
distilled/acc99/semi70,gsm8k/441,1,409,217
distilled/acc99/semi70,gsm8k/442,1,148,64
distilled/acc99/semi70,gsm8k/443,1,277,100
distilled/acc99/semi70,gsm8k/444,1,110,40
distilled/acc99/semi70,gsm8k/445,1,262,128
distilled/acc99/semi70,gsm8k/446,1,295,137
distilled/acc99/semi70,gsm8k/447,1,179,68
distilled/acc99/semi70,gsm8k/448,1,157,61
distilled/acc99/semi70,gsm8k/449,1,220,61
distilled/acc99/semi70,gsm8k/450,1,182,41
distilled/acc99/semi70,gsm8k/451,1,263,120
distilled/acc99/semi70,gsm8k/452,0,233,144
distilled/acc99/semi70,gsm8k/453,1,256,118
distilled/acc99/semi70,gsm8k/454,0,615,289
distilled/acc99/semi70,gsm8k/455,1,231,101
distilled/acc99/semi70,gsm8k/456,1,148,29
distilled/acc99/semi70,gsm8k/457,1,206,85
distilled/acc99/semi70,gsm8k/458,1,261,127
distilled/acc99/semi70,gsm8k/459,1,270,98
distilled/acc99/semi70,gsm8k/460,1,215,57
distilled/acc99/semi70,gsm8k/461,1,226,88
distilled/acc99/semi70,gsm8k/462,1,263,69
distilled/acc99/semi70,gsm8k/463,1,300,126
distilled/acc99/semi70,gsm8k/464,1,251,78
distilled/acc99/semi70,gsm8k/465,1,1339,637
distilled/acc99/semi70,gsm8k/466,1,307,149
distilled/acc99/semi70,gsm8k/467,1,143,50
distilled/acc99/semi70,gsm8k/468,1,168,65
distilled/acc99/semi70,gsm8k/469,1,229,85
distilled/acc99/semi70,gsm8k/470,1,194,56
distilled/acc99/semi70,gsm8k/471,1,246,85
distilled/acc99/semi70,gsm8k/472,1,307,148
distilled/acc99/semi70,gsm8k/473,1,240,93
distilled/acc99/semi70,gsm8k/474,1,192,56
distilled/acc99/semi70,gsm8k/475,0,292,182
distilled/acc99/semi70,gsm8k/476,1,171,80
distilled/acc99/semi70,gsm8k/477,1,175,77
distilled/acc99/semi70,gsm8k/478,1,214,45
distilled/acc99/semi70,gsm8k/479,0,418,156
distilled/acc99/semi70,gsm8k/480,1,441,204
distilled/acc99/semi70,gsm8k/481,1,332,181
distilled/acc99/semi70,gsm8k/482,1,216,72
distilled/acc99/semi70,gsm8k/483,1,438,267
distilled/acc99/semi70,gsm8k/484,1,331,124
distilled/acc99/semi70,gsm8k/485,1,181,62
distilled/acc99/semi70,gsm8k/486,0,427,175
distilled/acc99/semi70,gsm8k/487,1,149,72
distilled/acc99/semi70,gsm8k/488,1,255,91
distilled/acc99/semi70,gsm8k/489,1,302,104
distilled/acc99/semi70,gsm8k/490,1,397,242
distilled/acc99/semi70,gsm8k/491,1,398,141
distilled/acc99/semi70,gsm8k/492,1,303,103
distilled/acc99/semi70,gsm8k/493,1,164,61
distilled/acc99/semi70,gsm8k/494,1,154,56
distilled/acc99/semi70,gsm8k/495,1,165,87
distilled/acc99/semi70,gsm8k/496,0,279,112
distilled/acc99/semi70,gsm8k/497,1,147,74
distilled/acc99/semi70,gsm8k/498,1,129,45
distilled/acc99/semi70,gsm8k/499,1,254,119
distilled/acc99/semi70,gsm8k/500,1,108,31
distilled/acc99/semi70,gsm8k/501,1,184,69
distilled/acc99/semi70,gsm8k/502,0,355,131
distilled/acc99/semi70,gsm8k/503,1,216,68
distilled/acc99/semi70,gsm8k/504,1,292,132
distilled/acc99/semi70,gsm8k/505,1,237,78
distilled/acc99/semi70,gsm8k/506,1,99,60
distilled/acc99/semi70,gsm8k/507,1,251,84
distilled/acc99/semi70,gsm8k/508,1,158,39
distilled/acc99/semi70,gsm8k/509,1,345,139
distilled/acc99/semi70,gsm8k/510,1,184,64
distilled/acc99/semi70,gsm8k/511,0,252,141
distilled/acc99/semi70,math500/0,1,245,80
distilled/acc99/semi70,math500/1,1,690,202
distilled/acc99/semi70,math500/2,1,365,41
distilled/acc99/semi70,math500/3,1,305,118
distilled/acc99/semi70,math500/4,1,462,105
distilled/acc99/semi70,math500/5,1,239,92
distilled/acc99/semi70,math500/6,1,355,151
distilled/acc99/semi70,math500/7,1,737,226
distilled/acc99/semi70,math500/8,1,227,65
distilled/acc99/semi70,math500/9,0,3924,893
distilled/acc99/semi70,math500/10,0,4048,299
distilled/acc99/semi70,math500/11,0,1298,444
distilled/acc99/semi70,math500/12,1,556,209
distilled/acc99/semi70,math500/13,1,189,57
distilled/acc99/semi70,math500/14,0,294,141
distilled/acc99/semi70,math500/15,0,964,315
distilled/acc99/semi70,math500/16,1,231,80
distilled/acc99/semi70,math500/17,1,383,162
distilled/acc99/semi70,math500/18,0,1265,589
distilled/acc99/semi70,math500/19,0,2841,1024
distilled/acc99/semi70,math500/20,1,128,32
distilled/acc99/semi70,math500/21,0,972,251
distilled/acc99/semi70,math500/22,1,618,203
distilled/acc99/semi70,math500/23,1,393,73
distilled/acc99/semi70,math500/24,0,704,286
distilled/acc99/semi70,math500/25,0,1565,503
distilled/acc99/semi70,math500/26,0,4021,696
distilled/acc99/semi70,math500/27,1,254,105
distilled/acc99/semi70,math500/28,1,137,60
distilled/acc99/semi70,math500/29,1,209,99
distilled/acc99/semi70,math500/30,0,235,92
distilled/acc99/semi70,math500/31,1,154,55
distilled/acc99/semi70,math500/32,1,470,258
distilled/acc99/semi70,math500/33,1,750,242
distilled/acc99/semi70,math500/34,0,549,157
distilled/acc99/semi70,math500/35,1,274,75
distilled/acc99/semi70,math500/36,0,669,179
distilled/acc99/semi70,math500/37,1,136,81
distilled/acc99/semi70,math500/38,1,171,68
distilled/acc99/semi70,math500/39,1,308,88
distilled/acc99/semi70,math500/40,1,229,70
distilled/acc99/semi70,math500/41,1,649,257
distilled/acc99/semi70,math500/42,1,183,44
distilled/acc99/semi70,math500/43,0,2621,725
distilled/acc99/semi70,math500/44,1,476,168
distilled/acc99/semi70,math500/45,1,170,51
distilled/acc99/semi70,math500/46,1,900,356
distilled/acc99/semi70,math500/47,1,344,126
distilled/acc99/semi70,math500/48,1,186,55
distilled/acc99/semi70,math500/49,1,160,40
distilled/acc99/semi70,math500/50,1,687,264
distilled/acc99/semi70,math500/51,1,601,135
distilled/acc99/semi70,math500/52,1,386,91
distilled/acc99/semi70,math500/53,1,295,78
distilled/acc99/semi70,math500/54,1,54,19
distilled/acc99/semi70,math500/55,1,210,97
distilled/acc99/semi70,math500/56,1,190,69
distilled/acc99/semi70,math500/57,1,449,138
distilled/acc99/semi70,math500/58,1,167,45
distilled/acc99/semi70,math500/59,1,248,97
distilled/acc99/semi70,math500/60,0,4023,925
distilled/acc99/semi70,math500/61,1,468,114
distilled/acc99/semi70,math500/62,0,728,298
distilled/acc99/semi70,math500/63,0,821,294
distilled/acc99/semi70,math500/64,0,954,381
distilled/acc99/semi70,math500/65,1,133,83
distilled/acc99/semi70,math500/66,1,266,74
distilled/acc99/semi70,math500/67,1,334,104
distilled/acc99/semi70,math500/68,1,600,206
distilled/acc99/semi70,math500/69,1,433,154
distilled/acc99/semi70,math500/70,1,170,82
distilled/acc99/semi70,math500/71,0,285,127
distilled/acc99/semi70,math500/72,1,287,76
distilled/acc99/semi70,math500/73,1,253,50
distilled/acc99/semi70,math500/74,1,345,103
distilled/acc99/semi70,math500/75,1,400,153
distilled/acc99/semi70,math500/76,1,332,122
distilled/acc99/semi70,math500/77,1,174,33
distilled/acc99/semi70,math500/78,0,846,295
distilled/acc99/semi70,math500/79,1,175,40
distilled/acc99/semi70,math500/80,0,4027,713
distilled/acc99/semi70,math500/81,1,344,144
distilled/acc99/semi70,math500/82,0,655,296
distilled/acc99/semi70,math500/83,1,371,127
distilled/acc99/semi70,math500/84,1,952,257
distilled/acc99/semi70,math500/85,1,353,118
distilled/acc99/semi70,math500/86,1,105,49
distilled/acc99/semi70,math500/87,1,393,130
distilled/acc99/semi70,math500/88,1,1449,572
distilled/acc99/semi70,math500/89,1,551,131
distilled/acc99/semi70,math500/90,1,81,38
distilled/acc99/semi70,math500/91,1,273,103
distilled/acc99/semi70,math500/92,0,454,129
distilled/acc99/semi70,math500/93,1,469,119
distilled/acc99/semi70,math500/94,0,659,279
distilled/acc99/semi70,math500/95,1,564,101
distilled/acc99/semi70,math500/96,0,3965,838
distilled/acc99/semi70,math500/97,0,276,167
distilled/acc99/semi70,math500/98,1,111,40
distilled/acc99/semi70,math500/99,0,758,181
distilled/acc99/semi70,math500/100,0,2528,1024
distilled/acc99/semi70,math500/101,0,2254,860
distilled/acc99/semi70,math500/102,1,202,69
distilled/acc99/semi70,math500/103,0,2558,1024
distilled/acc99/semi70,math500/104,0,2786,846
distilled/acc99/semi70,math500/105,1,314,97
distilled/acc99/semi70,math500/106,1,264,113
distilled/acc99/semi70,math500/107,1,378,165
distilled/acc99/semi70,math500/108,0,3987,949
distilled/acc99/semi70,math500/109,0,1264,279
distilled/acc99/semi70,math500/110,0,3955,834
distilled/acc99/semi70,math500/111,1,247,60
distilled/acc99/semi70,math500/112,1,610,122
distilled/acc99/semi70,math500/113,1,278,73
distilled/acc99/semi70,math500/114,1,490,132
distilled/acc99/semi70,math500/115,1,224,105
distilled/acc99/semi70,math500/116,1,212,47
distilled/acc99/semi70,math500/117,1,197,52
distilled/acc99/semi70,math500/118,0,688,236
distilled/acc99/semi70,math500/119,0,3920,409
distilled/acc99/semi70,math500/120,1,461,239
distilled/acc99/semi70,math500/121,1,206,49
distilled/acc99/semi70,math500/122,1,255,108
distilled/acc99/semi70,math500/123,1,1836,663
distilled/acc99/semi70,math500/124,1,288,95
distilled/acc99/semi70,math500/125,1,232,42
distilled/acc99/semi70,math500/126,1,1293,474
distilled/acc99/semi70,math500/127,0,183,75
distilled/acc99/semi70,math500/128,1,230,103
distilled/acc99/semi70,math500/129,0,1203,379
distilled/acc99/semi70,math500/130,0,501,211
distilled/acc99/semi70,math500/131,1,357,80
distilled/acc99/semi70,math500/132,1,324,112
distilled/acc99/semi70,math500/133,1,262,114
distilled/acc99/semi70,math500/134,1,562,227
distilled/acc99/semi70,math500/135,1,304,116
distilled/acc99/semi70,math500/136,1,2560,749
distilled/acc99/semi70,math500/137,1,376,101
distilled/acc99/semi70,math500/138,0,731,437
distilled/acc99/semi70,math500/139,1,678,254
distilled/acc99/semi70,math500/140,1,452,161
distilled/acc99/semi70,math500/141,1,251,153
distilled/acc99/semi70,math500/142,1,379,186
distilled/acc99/semi70,math500/143,1,670,136
distilled/acc99/semi70,math500/144,1,197,41
distilled/acc99/semi70,math500/145,0,4015,749
distilled/acc99/semi70,math500/146,1,262,57
distilled/acc99/semi70,math500/147,0,2587,1012
distilled/acc99/semi70,math500/148,1,134,43
distilled/acc99/semi70,math500/149,0,631,254
distilled/acc99/semi70,math500/150,0,1445,393
distilled/acc99/semi70,math500/151,1,871,229
distilled/acc99/semi70,math500/152,1,1518,414
distilled/acc99/semi70,math500/153,0,3986,487
distilled/acc99/semi70,math500/154,0,980,510
distilled/acc99/semi70,math500/155,1,389,145
distilled/acc99/semi70,math500/156,0,2503,1024
distilled/acc99/semi70,math500/157,1,427,136
distilled/acc99/semi70,math500/158,1,397,133
distilled/acc99/semi70,math500/159,1,438,154
distilled/acc99/semi70,math500/160,1,365,113
distilled/acc99/semi70,math500/161,1,123,46
distilled/acc99/semi70,math500/162,1,440,173
distilled/acc99/semi70,math500/163,1,915,268
distilled/acc99/semi70,math500/164,1,632,204
distilled/acc99/semi70,math500/165,1,189,76
distilled/acc99/semi70,math500/166,0,1058,539
distilled/acc99/semi70,math500/167,1,146,51
distilled/acc99/semi70,math500/168,0,3406,962
distilled/acc99/semi70,math500/169,1,255,64
distilled/acc99/semi70,math500/170,0,1335,325
distilled/acc99/semi70,math500/171,1,241,66
distilled/acc99/semi70,math500/172,1,353,96
distilled/acc99/semi70,math500/173,0,4018,455
distilled/acc99/semi70,math500/174,1,288,113
distilled/acc99/semi70,math500/175,1,667,201
distilled/acc99/semi70,math500/176,1,197,48
distilled/acc99/semi70,math500/177,1,1058,409
distilled/acc99/semi70,math500/178,1,127,29
distilled/acc99/semi70,math500/179,1,854,197
distilled/acc99/semi70,math500/180,1,315,122
distilled/acc99/semi70,math500/181,1,302,78
distilled/acc99/semi70,math500/182,1,155,67
distilled/acc99/semi70,math500/183,0,848,207
distilled/acc99/semi70,math500/184,0,1191,465
distilled/acc99/semi70,math500/185,1,153,34
distilled/acc99/semi70,math500/186,1,383,173
distilled/acc99/semi70,math500/187,1,252,82
distilled/acc99/semi70,math500/188,1,1025,268
distilled/acc99/semi70,math500/189,0,2079,744
distilled/acc99/semi70,math500/190,1,393,207
distilled/acc99/semi70,math500/191,1,162,45
distilled/acc99/semi70,math500/192,1,663,217
distilled/acc99/semi70,math500/193,1,475,187
distilled/acc99/semi70,math500/194,0,2294,790
distilled/acc99/semi70,math500/195,1,366,85
distilled/acc99/semi70,math500/196,1,168,40
distilled/acc99/semi70,math500/197,1,887,259
distilled/acc99/semi70,math500/198,1,268,118
distilled/acc99/semi70,math500/199,1,196,54
distilled/acc99/semi70,math500/200,0,281,66
distilled/acc99/semi70,math500/201,1,480,165
distilled/acc99/semi70,math500/202,1,928,326
distilled/acc99/semi70,math500/203,1,509,153
distilled/acc99/semi70,math500/204,0,3986,603
distilled/acc99/semi70,math500/205,0,776,125
distilled/acc99/semi70,math500/206,1,371,121
distilled/acc99/semi70,math500/207,1,162,63
distilled/acc99/semi70,math500/208,1,263,109
distilled/acc99/semi70,math500/209,0,454,221
distilled/acc99/semi70,math500/210,1,429,180
distilled/acc99/semi70,math500/211,1,190,39
distilled/acc99/semi70,math500/212,1,238,99
distilled/acc99/semi70,math500/213,0,4004,367
distilled/acc99/semi70,math500/214,0,2766,1024
distilled/acc99/semi70,math500/215,1,428,129
distilled/acc99/semi70,math500/216,1,248,70
distilled/acc99/semi70,math500/217,0,4054,398
distilled/acc99/semi70,math500/218,1,183,40
distilled/acc99/semi70,math500/219,0,3373,402
distilled/acc99/semi70,math500/220,1,273,92
distilled/acc99/semi70,math500/221,0,444,182
distilled/acc99/semi70,math500/222,0,1952,1024
distilled/acc99/semi70,math500/223,0,260,108
distilled/acc99/semi70,math500/224,0,1635,529
distilled/acc99/semi70,math500/225,0,244,69
distilled/acc99/semi70,math500/226,1,309,165
distilled/acc99/semi70,math500/227,0,253,152
distilled/acc99/semi70,math500/228,0,2505,777
distilled/acc99/semi70,math500/229,1,160,78
distilled/acc99/semi70,math500/230,0,1204,393
distilled/acc99/semi70,math500/231,1,584,173
distilled/acc99/semi70,math500/232,0,4003,332
distilled/acc99/semi70,math500/233,1,427,121
distilled/acc99/semi70,math500/234,1,408,136
distilled/acc99/semi70,math500/235,1,520,69
distilled/acc99/semi70,math500/236,1,757,210
distilled/acc99/semi70,math500/237,0,4027,557
distilled/acc99/semi70,math500/238,1,470,172
distilled/acc99/semi70,math500/239,0,3966,697
distilled/acc99/semi70,math500/240,0,429,180
distilled/acc99/semi70,math500/241,1,636,183
distilled/acc99/semi70,math500/242,1,403,167
distilled/acc99/semi70,math500/243,1,271,124
distilled/acc99/semi70,math500/244,1,443,175
distilled/acc99/semi70,math500/245,1,1287,322
distilled/acc99/semi70,math500/246,0,234,128
distilled/acc99/semi70,math500/247,0,600,190
distilled/acc99/semi70,math500/248,0,4003,712
distilled/acc99/semi70,math500/249,0,4032,464
distilled/acc99/semi70,math500/250,0,455,121
distilled/acc99/semi70,math500/251,1,1056,487
distilled/acc99/semi70,math500/252,1,539,162
distilled/acc99/semi70,math500/253,1,170,53
distilled/acc99/semi70,math500/254,1,388,160
distilled/acc99/semi70,math500/255,0,927,420
distilled/acc99/semi70,math500/256,1,260,55
distilled/acc99/semi70,math500/257,1,276,92
distilled/acc99/semi70,math500/258,1,303,100
distilled/acc99/semi70,math500/259,1,199,64
distilled/acc99/semi70,math500/260,1,534,98
distilled/acc99/semi70,math500/261,1,285,87
distilled/acc99/semi70,math500/262,1,129,39
distilled/acc99/semi70,math500/263,1,282,99
distilled/acc99/semi70,math500/264,0,1972,802
distilled/acc99/semi70,math500/265,1,220,75
distilled/acc99/semi70,math500/266,1,229,93
distilled/acc99/semi70,math500/267,1,937,445
distilled/acc99/semi70,math500/268,1,173,62
distilled/acc99/semi70,math500/269,1,268,126
distilled/acc99/semi70,math500/270,1,303,95
distilled/acc99/semi70,math500/271,1,587,192
distilled/acc99/semi70,math500/272,1,498,166
distilled/acc99/semi70,math500/273,0,274,125
distilled/acc99/semi70,math500/274,0,735,417
distilled/acc99/semi70,math500/275,1,178,28
distilled/acc99/semi70,math500/276,0,442,225
distilled/acc99/semi70,math500/277,1,152,84
distilled/acc99/semi70,math500/278,1,261,124
distilled/acc99/semi70,math500/279,1,538,217
distilled/acc99/semi70,math500/280,1,513,205
distilled/acc99/semi70,math500/281,1,381,205
distilled/acc99/semi70,math500/282,0,456,120
distilled/acc99/semi70,math500/283,1,281,68
distilled/acc99/semi70,math500/284,0,1271,448
distilled/acc99/semi70,math500/285,0,3916,773
distilled/acc99/semi70,math500/286,0,1087,358
distilled/acc99/semi70,math500/287,0,925,424
distilled/acc99/semi70,math500/288,1,1112,243
distilled/acc99/semi70,math500/289,1,561,156
distilled/acc99/semi70,math500/290,0,671,166
distilled/acc99/semi70,math500/291,0,320,156
distilled/acc99/semi70,math500/292,0,1335,204
distilled/acc99/semi70,math500/293,1,360,88
distilled/acc99/semi70,math500/294,1,479,219
distilled/acc99/semi70,math500/295,0,3973,700
distilled/acc99/semi70,math500/296,1,752,351
distilled/acc99/semi70,math500/297,1,470,185
distilled/acc99/semi70,math500/298,0,853,128
distilled/acc99/semi70,math500/299,0,354,151
distilled/acc99/semi70,math500/300,1,290,161
distilled/acc99/semi70,math500/301,0,363,132
distilled/acc99/semi70,math500/302,0,3983,279
distilled/acc99/semi70,math500/303,0,1417,670
distilled/acc99/semi70,math500/304,1,755,279
distilled/acc99/semi70,math500/305,1,352,87
distilled/acc99/semi70,math500/306,0,1036,385
distilled/acc99/semi70,math500/307,1,484,168
distilled/acc99/semi70,math500/308,0,2323,1024
distilled/acc99/semi70,math500/309,1,703,242
distilled/acc99/semi70,math500/310,1,254,70
distilled/acc99/semi70,math500/311,1,521,128
distilled/acc99/semi70,math500/312,1,204,102
distilled/acc99/semi70,math500/313,1,239,86
distilled/acc99/semi70,math500/314,0,292,81
distilled/acc99/semi70,math500/315,1,589,239
distilled/acc99/semi70,math500/316,1,463,162
distilled/acc99/semi70,math500/317,0,1410,472
distilled/acc99/semi70,math500/318,0,308,96
distilled/acc99/semi70,math500/319,1,221,74
distilled/acc99/semi70,math500/320,1,1153,453
distilled/acc99/semi70,math500/321,0,282,111
distilled/acc99/semi70,math500/322,1,202,47
distilled/acc99/semi70,math500/323,1,908,513
distilled/acc99/semi70,math500/324,0,676,275
distilled/acc99/semi70,math500/325,1,384,100
distilled/acc99/semi70,math500/326,0,457,110
distilled/acc99/semi70,math500/327,0,1338,450
distilled/acc99/semi70,math500/328,1,1035,501
distilled/acc99/semi70,math500/329,1,164,48
distilled/acc99/semi70,math500/330,0,277,123
distilled/acc99/semi70,math500/331,1,596,134
distilled/acc99/semi70,math500/332,0,1717,652
distilled/acc99/semi70,math500/333,1,501,215
distilled/acc99/semi70,math500/334,1,470,171
distilled/acc99/semi70,math500/335,1,854,192
distilled/acc99/semi70,math500/336,1,200,42
distilled/acc99/semi70,math500/337,1,357,150
distilled/acc99/semi70,math500/338,1,168,56
distilled/acc99/semi70,math500/339,0,767,294
distilled/acc99/semi70,math500/340,0,1705,645
distilled/acc99/semi70,math500/341,0,406,131
distilled/acc99/semi70,math500/342,1,214,58
distilled/acc99/semi70,math500/343,1,258,119
distilled/acc99/semi70,math500/344,1,308,96
distilled/acc99/semi70,math500/345,1,200,46
distilled/acc99/semi70,math500/346,1,426,80
distilled/acc99/semi70,math500/347,1,302,68
distilled/acc99/semi70,math500/348,0,274,76
distilled/acc99/semi70,math500/349,0,885,472
distilled/acc99/semi70,math500/350,1,327,116
distilled/acc99/semi70,math500/351,1,387,84
distilled/acc99/semi70,math500/352,0,3874,978
distilled/acc99/semi70,math500/353,1,354,175
distilled/acc99/semi70,math500/354,1,394,164
distilled/acc99/semi70,math500/355,0,2023,681
distilled/acc99/semi70,math500/356,0,620,230
distilled/acc99/semi70,math500/357,0,644,297
distilled/acc99/semi70,math500/358,0,263,121
distilled/acc99/semi70,math500/359,0,3976,538
distilled/acc99/semi70,math500/360,1,422,129
distilled/acc99/semi70,math500/361,0,4021,825
distilled/acc99/semi70,math500/362,1,231,96
distilled/acc99/semi70,math500/363,1,157,48
distilled/acc99/semi70,math500/364,1,587,217
distilled/acc99/semi70,math500/365,1,1030,519
distilled/acc99/semi70,math500/366,1,402,157
distilled/acc99/semi70,math500/367,1,202,59
distilled/acc99/semi70,math500/368,1,306,155
distilled/acc99/semi70,math500/369,1,221,98
distilled/acc99/semi70,math500/370,1,198,52
distilled/acc99/semi70,math500/371,0,4008,529
distilled/acc99/semi70,math500/372,0,1025,536
distilled/acc99/semi70,math500/373,1,346,78
distilled/acc99/semi70,math500/374,1,148,33
distilled/acc99/semi70,math500/375,1,493,181
distilled/acc99/semi70,math500/376,1,556,168
distilled/acc99/semi70,math500/377,1,753,359
distilled/acc99/semi70,math500/378,1,467,141
distilled/acc99/semi70,math500/379,1,851,247
distilled/acc99/semi70,math500/380,0,1062,342
distilled/acc99/semi70,math500/381,0,4026,529
distilled/acc99/semi70,math500/382,0,1957,814
distilled/acc99/semi70,math500/383,0,480,119
distilled/acc99/semi70,math500/384,1,123,33
distilled/acc99/semi70,math500/385,1,303,98
distilled/acc99/semi70,math500/386,0,259,103
distilled/acc99/semi70,math500/387,1,159,38
distilled/acc99/semi70,math500/388,0,415,131
distilled/acc99/semi70,math500/389,0,473,194
distilled/acc99/semi70,math500/390,0,753,241
distilled/acc99/semi70,math500/391,1,1922,677
distilled/acc99/semi70,math500/392,0,2643,1024
distilled/acc99/semi70,math500/393,1,261,98
distilled/acc99/semi70,math500/394,0,1615,494
distilled/acc99/semi70,math500/395,1,281,76
distilled/acc99/semi70,math500/396,1,386,205
distilled/acc99/semi70,math500/397,1,201,50
distilled/acc99/semi70,math500/398,1,463,135
distilled/acc99/semi70,math500/399,1,85,35
distilled/acc99/semi70,math500/400,0,1148,548
distilled/acc99/semi70,math500/401,0,4030,766
distilled/acc99/semi70,math500/402,0,400,152
distilled/acc99/semi70,math500/403,1,407,124
distilled/acc99/semi70,math500/404,1,229,93
distilled/acc99/semi70,math500/405,1,258,136
distilled/acc99/semi70,math500/406,0,107,50
distilled/acc99/semi70,math500/407,1,187,38
distilled/acc99/semi70,math500/408,0,1132,375
distilled/acc99/semi70,math500/409,1,742,305
distilled/acc99/semi70,math500/410,1,457,214
distilled/acc99/semi70,math500/411,1,140,73
distilled/acc99/semi70,math500/412,1,1392,426
distilled/acc99/semi70,math500/413,1,202,69
distilled/acc99/semi70,math500/414,1,301,79
distilled/acc99/semi70,math500/415,0,670,215
distilled/acc99/semi70,math500/416,1,541,95
distilled/acc99/semi70,math500/417,1,333,137
distilled/acc99/semi70,math500/418,1,364,113
distilled/acc99/semi70,math500/419,0,1035,320
distilled/acc99/semi70,math500/420,0,429,70
distilled/acc99/semi70,math500/421,0,3967,774
distilled/acc99/semi70,math500/422,0,3963,789
distilled/acc99/semi70,math500/423,0,1146,306
distilled/acc99/semi70,math500/424,1,319,84
distilled/acc99/semi70,math500/425,0,915,416
distilled/acc99/semi70,math500/426,1,373,116
distilled/acc99/semi70,math500/427,1,199,73
distilled/acc99/semi70,math500/428,1,756,144
distilled/acc99/semi70,math500/429,0,4035,739
distilled/acc99/semi70,math500/430,1,55,21
distilled/acc99/semi70,math500/431,0,1081,379
distilled/acc99/semi70,math500/432,0,3995,766
distilled/acc99/semi70,math500/433,0,82,36
distilled/acc99/semi70,math500/434,1,634,251
distilled/acc99/semi70,math500/435,1,521,190
distilled/acc99/semi70,math500/436,0,4031,434
distilled/acc99/semi70,math500/437,0,3976,729
distilled/acc99/semi70,math500/438,1,184,88
distilled/acc99/semi70,math500/439,0,472,194
distilled/acc99/semi70,math500/440,1,311,60
distilled/acc99/semi70,math500/441,1,261,84
distilled/acc99/semi70,math500/442,1,254,41
distilled/acc99/semi70,math500/443,1,202,48
distilled/acc99/semi70,math500/444,0,1558,666
distilled/acc99/semi70,math500/445,0,3015,895
distilled/acc99/semi70,math500/446,1,1066,344
distilled/acc99/semi70,math500/447,1,310,149
distilled/acc99/semi70,math500/448,0,543,147
distilled/acc99/semi70,math500/449,1,177,52
distilled/acc99/semi70,math500/450,1,614,234
distilled/acc99/semi70,math500/451,0,423,172
distilled/acc99/semi70,math500/452,1,406,130
distilled/acc99/semi70,math500/453,0,276,126
distilled/acc99/semi70,math500/454,1,1201,297
distilled/acc99/semi70,math500/455,1,170,55
distilled/acc99/semi70,math500/456,0,4029,433
distilled/acc99/semi70,math500/457,1,66,35
distilled/acc99/semi70,math500/458,1,396,162
distilled/acc99/semi70,math500/459,1,693,252
distilled/acc99/semi70,math500/460,0,412,161
distilled/acc99/semi70,math500/461,1,503,96
distilled/acc99/semi70,math500/462,1,316,134
distilled/acc99/semi70,math500/463,1,161,72
distilled/acc99/semi70,math500/464,1,530,194
distilled/acc99/semi70,math500/465,1,439,202
distilled/acc99/semi70,math500/466,0,3477,1024
distilled/acc99/semi70,math500/467,1,291,134
distilled/acc99/semi70,math500/468,1,171,60
distilled/acc99/semi70,math500/469,1,183,55
distilled/acc99/semi70,math500/470,1,1251,419
distilled/acc99/semi70,math500/471,1,201,45
distilled/acc99/semi70,math500/472,0,204,68
distilled/acc99/semi70,math500/473,0,3841,313
distilled/acc99/semi70,math500/474,1,500,100
distilled/acc99/semi70,math500/475,0,3465,1024
distilled/acc99/semi70,math500/476,1,285,129
distilled/acc99/semi70,math500/477,0,2093,456
distilled/acc99/semi70,math500/478,0,3998,430
distilled/acc99/semi70,math500/479,1,330,164
distilled/acc99/semi70,math500/480,0,4012,527
distilled/acc99/semi70,math500/481,0,1743,434
distilled/acc99/semi70,math500/482,1,658,302
distilled/acc99/semi70,math500/483,1,1102,314
distilled/acc99/semi70,math500/484,0,4037,671
distilled/acc99/semi70,math500/485,0,1927,407
distilled/acc99/semi70,math500/486,1,305,160
distilled/acc99/semi70,math500/487,1,220,61
distilled/acc99/semi70,math500/488,1,141,61
distilled/acc99/semi70,math500/489,0,608,207
distilled/acc99/semi70,math500/490,0,3980,588
distilled/acc99/semi70,math500/491,1,539,323
distilled/acc99/semi70,math500/492,1,430,121
distilled/acc99/semi70,math500/493,1,606,142
distilled/acc99/semi70,math500/494,0,1325,682
distilled/acc99/semi70,math500/495,1,429,169
distilled/acc99/semi70,math500/496,1,398,61
distilled/acc99/semi70,math500/497,0,4022,800
distilled/acc99/semi70,math500/498,1,1513,401
distilled/acc99/semi70,math500/499,1,387,139
distilled/acc99/semi90,gsm8k/0,1,130,74
distilled/acc99/semi90,gsm8k/1,0,255,120
distilled/acc99/semi90,gsm8k/2,0,195,66
distilled/acc99/semi90,gsm8k/3,1,183,62
distilled/acc99/semi90,gsm8k/4,1,258,156
distilled/acc99/semi90,gsm8k/5,1,174,66
distilled/acc99/semi90,gsm8k/6,1,165,66
distilled/acc99/semi90,gsm8k/7,1,194,83
distilled/acc99/semi90,gsm8k/8,1,287,147
distilled/acc99/semi90,gsm8k/9,1,282,151
distilled/acc99/semi90,gsm8k/10,1,297,184
distilled/acc99/semi90,gsm8k/11,0,510,194
distilled/acc99/semi90,gsm8k/12,1,114,46
distilled/acc99/semi90,gsm8k/13,1,216,76
distilled/acc99/semi90,gsm8k/14,1,274,159
distilled/acc99/semi90,gsm8k/15,1,208,97
distilled/acc99/semi90,gsm8k/16,1,186,60
distilled/acc99/semi90,gsm8k/17,1,191,89
distilled/acc99/semi90,gsm8k/18,1,200,105
distilled/acc99/semi90,gsm8k/19,1,252,61
distilled/acc99/semi90,gsm8k/20,1,198,66
distilled/acc99/semi90,gsm8k/21,1,192,104
distilled/acc99/semi90,gsm8k/22,1,232,78
distilled/acc99/semi90,gsm8k/23,1,328,157
distilled/acc99/semi90,gsm8k/24,1,183,78
distilled/acc99/semi90,gsm8k/25,1,265,105
distilled/acc99/semi90,gsm8k/26,1,217,102
distilled/acc99/semi90,gsm8k/27,1,100,44
distilled/acc99/semi90,gsm8k/28,1,181,84
distilled/acc99/semi90,gsm8k/29,1,177,84
distilled/acc99/semi90,gsm8k/30,1,186,87
distilled/acc99/semi90,gsm8k/31,1,282,153
distilled/acc99/semi90,gsm8k/32,1,100,59
distilled/acc99/semi90,gsm8k/33,1,394,198
distilled/acc99/semi90,gsm8k/34,1,344,122
distilled/acc99/semi90,gsm8k/35,1,164,63
distilled/acc99/semi90,gsm8k/36,1,198,74
distilled/acc99/semi90,gsm8k/37,0,205,128
distilled/acc99/semi90,gsm8k/38,1,343,167
distilled/acc99/semi90,gsm8k/39,1,298,117
distilled/acc99/semi90,gsm8k/40,0,177,69
distilled/acc99/semi90,gsm8k/41,1,312,85
distilled/acc99/semi90,gsm8k/42,1,236,72
distilled/acc99/semi90,gsm8k/43,1,138,75
distilled/acc99/semi90,gsm8k/44,1,342,152
distilled/acc99/semi90,gsm8k/45,1,257,97
distilled/acc99/semi90,gsm8k/46,1,317,128
distilled/acc99/semi90,gsm8k/47,1,128,51
distilled/acc99/semi90,gsm8k/48,1,234,106
distilled/acc99/semi90,gsm8k/49,1,369,205
distilled/acc99/semi90,gsm8k/50,0,469,274
distilled/acc99/semi90,gsm8k/51,1,125,69
distilled/acc99/semi90,gsm8k/52,1,162,53
distilled/acc99/semi90,gsm8k/53,1,110,52
distilled/acc99/semi90,gsm8k/54,1,291,115
distilled/acc99/semi90,gsm8k/55,1,170,68
distilled/acc99/semi90,gsm8k/56,1,328,84
distilled/acc99/semi90,gsm8k/57,0,137,61
distilled/acc99/semi90,gsm8k/58,1,161,65
distilled/acc99/semi90,gsm8k/59,1,162,105
distilled/acc99/semi90,gsm8k/60,1,156,60
distilled/acc99/semi90,gsm8k/61,1,185,46
distilled/acc99/semi90,gsm8k/62,1,255,113
distilled/acc99/semi90,gsm8k/63,1,151,96
distilled/acc99/semi90,gsm8k/64,1,449,240
distilled/acc99/semi90,gsm8k/65,1,174,93
distilled/acc99/semi90,gsm8k/66,1,244,97
distilled/acc99/semi90,gsm8k/67,1,259,96
distilled/acc99/semi90,gsm8k/68,0,440,290
distilled/acc99/semi90,gsm8k/69,1,98,53
distilled/acc99/semi90,gsm8k/70,1,305,123
distilled/acc99/semi90,gsm8k/71,1,213,64
distilled/acc99/semi90,gsm8k/72,1,205,99
distilled/acc99/semi90,gsm8k/73,1,182,94
distilled/acc99/semi90,gsm8k/74,1,145,71
distilled/acc99/semi90,gsm8k/75,1,224,101
distilled/acc99/semi90,gsm8k/76,1,225,107
distilled/acc99/semi90,gsm8k/77,1,375,246
distilled/acc99/semi90,gsm8k/78,1,235,105
distilled/acc99/semi90,gsm8k/79,1,271,91
distilled/acc99/semi90,gsm8k/80,1,245,112
distilled/acc99/semi90,gsm8k/81,1,242,123
distilled/acc99/semi90,gsm8k/82,1,190,77
distilled/acc99/semi90,gsm8k/83,1,291,142
distilled/acc99/semi90,gsm8k/84,1,163,81
distilled/acc99/semi90,gsm8k/85,1,141,48
distilled/acc99/semi90,gsm8k/86,0,281,138
distilled/acc99/semi90,gsm8k/87,1,159,64
distilled/acc99/semi90,gsm8k/88,1,169,61
distilled/acc99/semi90,gsm8k/89,1,182,56
distilled/acc99/semi90,gsm8k/90,1,240,47
distilled/acc99/semi90,gsm8k/91,1,405,159
distilled/acc99/semi90,gsm8k/92,1,166,74
distilled/acc99/semi90,gsm8k/93,1,116,46
distilled/acc99/semi90,gsm8k/94,0,267,170
distilled/acc99/semi90,gsm8k/95,1,170,73
distilled/acc99/semi90,gsm8k/96,0,241,146
distilled/acc99/semi90,gsm8k/97,1,240,152
distilled/acc99/semi90,gsm8k/98,1,145,56
distilled/acc99/semi90,gsm8k/99,1,242,65
distilled/acc99/semi90,gsm8k/100,1,283,144
distilled/acc99/semi90,gsm8k/101,1,248,135
distilled/acc99/semi90,gsm8k/102,1,245,102
distilled/acc99/semi90,gsm8k/103,1,188,68
distilled/acc99/semi90,gsm8k/104,1,143,95
distilled/acc99/semi90,gsm8k/105,1,225,74
distilled/acc99/semi90,gsm8k/106,1,330,182
distilled/acc99/semi90,gsm8k/107,1,244,74
distilled/acc99/semi90,gsm8k/108,1,200,74
distilled/acc99/semi90,gsm8k/109,1,316,116
distilled/acc99/semi90,gsm8k/110,1,162,58
distilled/acc99/semi90,gsm8k/111,1,152,61
distilled/acc99/semi90,gsm8k/112,1,156,80
distilled/acc99/semi90,gsm8k/113,1,184,78
distilled/acc99/semi90,gsm8k/114,1,193,110
distilled/acc99/semi90,gsm8k/115,1,132,54
distilled/acc99/semi90,gsm8k/116,1,278,121
distilled/acc99/semi90,gsm8k/117,1,320,159
distilled/acc99/semi90,gsm8k/118,1,233,113
distilled/acc99/semi90,gsm8k/119,1,239,126
distilled/acc99/semi90,gsm8k/120,1,108,55
distilled/acc99/semi90,gsm8k/121,1,327,176
distilled/acc99/semi90,gsm8k/122,1,116,68
distilled/acc99/semi90,gsm8k/123,1,432,184
distilled/acc99/semi90,gsm8k/124,1,169,61
distilled/acc99/semi90,gsm8k/125,1,145,56
distilled/acc99/semi90,gsm8k/126,1,272,140
distilled/acc99/semi90,gsm8k/127,1,180,68
distilled/acc99/semi90,gsm8k/128,1,431,142
distilled/acc99/semi90,gsm8k/129,1,263,128
distilled/acc99/semi90,gsm8k/130,1,218,93
distilled/acc99/semi90,gsm8k/131,1,432,189
distilled/acc99/semi90,gsm8k/132,1,196,53
distilled/acc99/semi90,gsm8k/133,1,257,119
distilled/acc99/semi90,gsm8k/134,1,171,87
distilled/acc99/semi90,gsm8k/135,1,370,160
distilled/acc99/semi90,gsm8k/136,1,277,121
distilled/acc99/semi90,gsm8k/137,0,254,86
distilled/acc99/semi90,gsm8k/138,1,279,145
distilled/acc99/semi90,gsm8k/139,1,213,82
distilled/acc99/semi90,gsm8k/140,1,286,91
distilled/acc99/semi90,gsm8k/141,1,259,130
distilled/acc99/semi90,gsm8k/142,1,170,86
distilled/acc99/semi90,gsm8k/143,1,244,85
distilled/acc99/semi90,gsm8k/144,0,490,174
distilled/acc99/semi90,gsm8k/145,1,200,91
distilled/acc99/semi90,gsm8k/146,1,303,106
distilled/acc99/semi90,gsm8k/147,1,164,70
distilled/acc99/semi90,gsm8k/148,1,315,147
distilled/acc99/semi90,gsm8k/149,1,183,85
distilled/acc99/semi90,gsm8k/150,1,273,103
distilled/acc99/semi90,gsm8k/151,1,363,186
distilled/acc99/semi90,gsm8k/152,1,263,106
distilled/acc99/semi90,gsm8k/153,1,228,112
distilled/acc99/semi90,gsm8k/154,1,146,54
distilled/acc99/semi90,gsm8k/155,0,141,62
distilled/acc99/semi90,gsm8k/156,1,198,69
distilled/acc99/semi90,gsm8k/157,1,215,95
distilled/acc99/semi90,gsm8k/158,1,234,83
distilled/acc99/semi90,gsm8k/159,1,342,101
distilled/acc99/semi90,gsm8k/160,1,161,62
distilled/acc99/semi90,gsm8k/161,1,217,91
distilled/acc99/semi90,gsm8k/162,1,204,104
distilled/acc99/semi90,gsm8k/163,1,215,126
distilled/acc99/semi90,gsm8k/164,1,238,97
distilled/acc99/semi90,gsm8k/165,0,249,121
distilled/acc99/semi90,gsm8k/166,1,164,60
distilled/acc99/semi90,gsm8k/167,1,167,75
distilled/acc99/semi90,gsm8k/168,1,426,259
distilled/acc99/semi90,gsm8k/169,1,184,68
distilled/acc99/semi90,gsm8k/170,1,422,212
distilled/acc99/semi90,gsm8k/171,0,4004,564
distilled/acc99/semi90,gsm8k/172,1,214,111
distilled/acc99/semi90,gsm8k/173,1,191,73
distilled/acc99/semi90,gsm8k/174,1,189,97
distilled/acc99/semi90,gsm8k/175,1,250,124
distilled/acc99/semi90,gsm8k/176,1,289,79
distilled/acc99/semi90,gsm8k/177,1,165,72
distilled/acc99/semi90,gsm8k/178,1,213,132
distilled/acc99/semi90,gsm8k/179,1,264,101
distilled/acc99/semi90,gsm8k/180,1,136,49
distilled/acc99/semi90,gsm8k/181,1,217,102
distilled/acc99/semi90,gsm8k/182,1,222,125
distilled/acc99/semi90,gsm8k/183,1,253,110
distilled/acc99/semi90,gsm8k/184,1,329,156
distilled/acc99/semi90,gsm8k/185,1,158,73
distilled/acc99/semi90,gsm8k/186,1,197,106
distilled/acc99/semi90,gsm8k/187,1,231,95
distilled/acc99/semi90,gsm8k/188,1,237,85
distilled/acc99/semi90,gsm8k/189,1,317,145
distilled/acc99/semi90,gsm8k/190,1,307,101
distilled/acc99/semi90,gsm8k/191,1,255,152
distilled/acc99/semi90,gsm8k/192,1,206,76
distilled/acc99/semi90,gsm8k/193,1,144,66
distilled/acc99/semi90,gsm8k/194,1,123,50
distilled/acc99/semi90,gsm8k/195,1,353,113
distilled/acc99/semi90,gsm8k/196,1,219,80
distilled/acc99/semi90,gsm8k/197,0,386,160
distilled/acc99/semi90,gsm8k/198,1,285,113
distilled/acc99/semi90,gsm8k/199,1,99,43
distilled/acc99/semi90,gsm8k/200,1,247,76
distilled/acc99/semi90,gsm8k/201,1,209,72
distilled/acc99/semi90,gsm8k/202,1,128,59
distilled/acc99/semi90,gsm8k/203,1,243,80
distilled/acc99/semi90,gsm8k/204,1,256,115
distilled/acc99/semi90,gsm8k/205,1,352,154
distilled/acc99/semi90,gsm8k/206,1,213,90
distilled/acc99/semi90,gsm8k/207,1,216,90
distilled/acc99/semi90,gsm8k/208,1,154,42
distilled/acc99/semi90,gsm8k/209,1,253,95
distilled/acc99/semi90,gsm8k/210,1,319,161
distilled/acc99/semi90,gsm8k/211,1,200,88
distilled/acc99/semi90,gsm8k/212,1,187,90
distilled/acc99/semi90,gsm8k/213,1,236,86
distilled/acc99/semi90,gsm8k/214,1,106,49
distilled/acc99/semi90,gsm8k/215,1,347,112
distilled/acc99/semi90,gsm8k/216,1,236,88
distilled/acc99/semi90,gsm8k/217,1,196,80
distilled/acc99/semi90,gsm8k/218,1,362,193
distilled/acc99/semi90,gsm8k/219,1,206,92
distilled/acc99/semi90,gsm8k/220,1,139,44
distilled/acc99/semi90,gsm8k/221,1,219,63
distilled/acc99/semi90,gsm8k/222,1,180,68
distilled/acc99/semi90,gsm8k/223,1,225,124
distilled/acc99/semi90,gsm8k/224,1,183,77
distilled/acc99/semi90,gsm8k/225,0,1222,875
distilled/acc99/semi90,gsm8k/226,1,97,39
distilled/acc99/semi90,gsm8k/227,1,293,101
distilled/acc99/semi90,gsm8k/228,0,259,132
distilled/acc99/semi90,gsm8k/229,0,246,151
distilled/acc99/semi90,gsm8k/230,0,543,298
distilled/acc99/semi90,gsm8k/231,1,185,53
distilled/acc99/semi90,gsm8k/232,1,191,88
distilled/acc99/semi90,gsm8k/233,1,223,79
distilled/acc99/semi90,gsm8k/234,1,226,92
distilled/acc99/semi90,gsm8k/235,0,196,100
distilled/acc99/semi90,gsm8k/236,1,198,63
distilled/acc99/semi90,gsm8k/237,1,236,93
distilled/acc99/semi90,gsm8k/238,1,254,140
distilled/acc99/semi90,gsm8k/239,1,160,91
distilled/acc99/semi90,gsm8k/240,1,147,83
distilled/acc99/semi90,gsm8k/241,1,126,65
distilled/acc99/semi90,gsm8k/242,1,299,166
distilled/acc99/semi90,gsm8k/243,1,269,127
distilled/acc99/semi90,gsm8k/244,1,124,65
distilled/acc99/semi90,gsm8k/245,1,159,61
distilled/acc99/semi90,gsm8k/246,1,163,68
distilled/acc99/semi90,gsm8k/247,1,211,87
distilled/acc99/semi90,gsm8k/248,1,189,77
distilled/acc99/semi90,gsm8k/249,1,177,67
distilled/acc99/semi90,gsm8k/250,1,275,99
distilled/acc99/semi90,gsm8k/251,1,269,96
distilled/acc99/semi90,gsm8k/252,1,220,119
distilled/acc99/semi90,gsm8k/253,1,177,65
distilled/acc99/semi90,gsm8k/254,1,211,70
distilled/acc99/semi90,gsm8k/255,1,371,144
distilled/acc99/semi90,gsm8k/256,1,296,101
distilled/acc99/semi90,gsm8k/257,1,282,138
distilled/acc99/semi90,gsm8k/258,1,167,91
distilled/acc99/semi90,gsm8k/259,0,483,298
distilled/acc99/semi90,gsm8k/260,1,167,62
distilled/acc99/semi90,gsm8k/261,1,325,182
distilled/acc99/semi90,gsm8k/262,1,257,74
distilled/acc99/semi90,gsm8k/263,1,235,85
distilled/acc99/semi90,gsm8k/264,1,253,82
distilled/acc99/semi90,gsm8k/265,0,254,122
distilled/acc99/semi90,gsm8k/266,1,249,125
distilled/acc99/semi90,gsm8k/267,1,145,67
distilled/acc99/semi90,gsm8k/268,1,193,62
distilled/acc99/semi90,gsm8k/269,1,169,49
distilled/acc99/semi90,gsm8k/270,0,469,229
distilled/acc99/semi90,gsm8k/271,1,316,141
distilled/acc99/semi90,gsm8k/272,1,153,34
distilled/acc99/semi90,gsm8k/273,1,256,114
distilled/acc99/semi90,gsm8k/274,1,314,102
distilled/acc99/semi90,gsm8k/275,1,227,86
distilled/acc99/semi90,gsm8k/276,1,372,229
distilled/acc99/semi90,gsm8k/277,1,180,83
distilled/acc99/semi90,gsm8k/278,1,153,57
distilled/acc99/semi90,gsm8k/279,1,162,63
distilled/acc99/semi90,gsm8k/280,1,316,159
distilled/acc99/semi90,gsm8k/281,1,163,80
distilled/acc99/semi90,gsm8k/282,1,210,91
distilled/acc99/semi90,gsm8k/283,1,234,126
distilled/acc99/semi90,gsm8k/284,0,186,71
distilled/acc99/semi90,gsm8k/285,1,221,73
distilled/acc99/semi90,gsm8k/286,1,160,73
distilled/acc99/semi90,gsm8k/287,1,399,213
distilled/acc99/semi90,gsm8k/288,1,385,182
distilled/acc99/semi90,gsm8k/289,1,226,131
distilled/acc99/semi90,gsm8k/290,1,153,60
distilled/acc99/semi90,gsm8k/291,1,241,71
distilled/acc99/semi90,gsm8k/292,1,154,59
distilled/acc99/semi90,gsm8k/293,1,278,116
distilled/acc99/semi90,gsm8k/294,0,358,146
distilled/acc99/semi90,gsm8k/295,1,132,62
distilled/acc99/semi90,gsm8k/296,0,382,155
distilled/acc99/semi90,gsm8k/297,1,260,116
distilled/acc99/semi90,gsm8k/298,1,274,120
distilled/acc99/semi90,gsm8k/299,1,339,100
distilled/acc99/semi90,gsm8k/300,1,290,111
distilled/acc99/semi90,gsm8k/301,1,123,54
distilled/acc99/semi90,gsm8k/302,1,220,70
distilled/acc99/semi90,gsm8k/303,0,267,113
distilled/acc99/semi90,gsm8k/304,1,130,54
distilled/acc99/semi90,gsm8k/305,1,151,50
distilled/acc99/semi90,gsm8k/306,1,142,43
distilled/acc99/semi90,gsm8k/307,1,249,122
distilled/acc99/semi90,gsm8k/308,1,281,117
distilled/acc99/semi90,gsm8k/309,1,194,73
distilled/acc99/semi90,gsm8k/310,1,281,124
distilled/acc99/semi90,gsm8k/311,1,168,78
distilled/acc99/semi90,gsm8k/312,1,186,88
distilled/acc99/semi90,gsm8k/313,1,314,113
distilled/acc99/semi90,gsm8k/314,1,255,112
distilled/acc99/semi90,gsm8k/315,1,284,114
distilled/acc99/semi90,gsm8k/316,1,197,107
distilled/acc99/semi90,gsm8k/317,1,174,102
distilled/acc99/semi90,gsm8k/318,1,236,58
distilled/acc99/semi90,gsm8k/319,1,119,58
distilled/acc99/semi90,gsm8k/320,0,385,250
distilled/acc99/semi90,gsm8k/321,1,210,76
distilled/acc99/semi90,gsm8k/322,1,342,120
distilled/acc99/semi90,gsm8k/323,1,213,83
distilled/acc99/semi90,gsm8k/324,1,352,131
distilled/acc99/semi90,gsm8k/325,1,226,58
distilled/acc99/semi90,gsm8k/326,1,247,94
distilled/acc99/semi90,gsm8k/327,1,266,85
distilled/acc99/semi90,gsm8k/328,1,148,29
distilled/acc99/semi90,gsm8k/329,1,191,98
distilled/acc99/semi90,gsm8k/330,1,158,68
distilled/acc99/semi90,gsm8k/331,1,163,78
distilled/acc99/semi90,gsm8k/332,1,263,113
distilled/acc99/semi90,gsm8k/333,1,161,62
distilled/acc99/semi90,gsm8k/334,1,356,182
distilled/acc99/semi90,gsm8k/335,1,153,76
distilled/acc99/semi90,gsm8k/336,1,248,127
distilled/acc99/semi90,gsm8k/337,0,302,135
distilled/acc99/semi90,gsm8k/338,1,259,100
distilled/acc99/semi90,gsm8k/339,1,722,404
distilled/acc99/semi90,gsm8k/340,1,176,88
distilled/acc99/semi90,gsm8k/341,1,134,62
distilled/acc99/semi90,gsm8k/342,1,184,81
distilled/acc99/semi90,gsm8k/343,1,228,111
distilled/acc99/semi90,gsm8k/344,1,90,47
distilled/acc99/semi90,gsm8k/345,1,260,97
distilled/acc99/semi90,gsm8k/346,1,418,179
distilled/acc99/semi90,gsm8k/347,1,123,70
distilled/acc99/semi90,gsm8k/348,0,344,116
distilled/acc99/semi90,gsm8k/349,1,204,87
distilled/acc99/semi90,gsm8k/350,1,296,110
distilled/acc99/semi90,gsm8k/351,1,468,126
distilled/acc99/semi90,gsm8k/352,1,104,38
distilled/acc99/semi90,gsm8k/353,1,173,89
distilled/acc99/semi90,gsm8k/354,1,189,73
distilled/acc99/semi90,gsm8k/355,1,234,109
distilled/acc99/semi90,gsm8k/356,1,347,164
distilled/acc99/semi90,gsm8k/357,1,385,165
distilled/acc99/semi90,gsm8k/358,1,216,51
distilled/acc99/semi90,gsm8k/359,1,252,86
distilled/acc99/semi90,gsm8k/360,1,426,194
distilled/acc99/semi90,gsm8k/361,1,259,126
distilled/acc99/semi90,gsm8k/362,1,147,51
distilled/acc99/semi90,gsm8k/363,1,163,76
distilled/acc99/semi90,gsm8k/364,1,102,68
distilled/acc99/semi90,gsm8k/365,0,229,126
distilled/acc99/semi90,gsm8k/366,0,217,104
distilled/acc99/semi90,gsm8k/367,1,202,58
distilled/acc99/semi90,gsm8k/368,1,281,162
distilled/acc99/semi90,gsm8k/369,1,219,101
distilled/acc99/semi90,gsm8k/370,0,244,112
distilled/acc99/semi90,gsm8k/371,1,218,60
distilled/acc99/semi90,gsm8k/372,1,266,131
distilled/acc99/semi90,gsm8k/373,1,143,38
distilled/acc99/semi90,gsm8k/374,1,341,156
distilled/acc99/semi90,gsm8k/375,1,379,217
distilled/acc99/semi90,gsm8k/376,1,156,46
distilled/acc99/semi90,gsm8k/377,1,173,60
distilled/acc99/semi90,gsm8k/378,1,389,152
distilled/acc99/semi90,gsm8k/379,1,212,83
distilled/acc99/semi90,gsm8k/380,1,289,139
distilled/acc99/semi90,gsm8k/381,1,153,46
distilled/acc99/semi90,gsm8k/382,0,490,252
distilled/acc99/semi90,gsm8k/383,1,117,52
distilled/acc99/semi90,gsm8k/384,1,158,56
distilled/acc99/semi90,gsm8k/385,1,196,64
distilled/acc99/semi90,gsm8k/386,1,294,90
distilled/acc99/semi90,gsm8k/387,1,262,92
distilled/acc99/semi90,gsm8k/388,1,280,122
distilled/acc99/semi90,gsm8k/389,1,355,224
distilled/acc99/semi90,gsm8k/390,1,242,153
distilled/acc99/semi90,gsm8k/391,1,195,102
distilled/acc99/semi90,gsm8k/392,1,307,167
distilled/acc99/semi90,gsm8k/393,0,164,70
distilled/acc99/semi90,gsm8k/394,1,165,56
distilled/acc99/semi90,gsm8k/395,1,151,56
distilled/acc99/semi90,gsm8k/396,1,266,104
distilled/acc99/semi90,gsm8k/397,1,128,51
distilled/acc99/semi90,gsm8k/398,1,170,63
distilled/acc99/semi90,gsm8k/399,0,310,182
distilled/acc99/semi90,gsm8k/400,1,160,64
distilled/acc99/semi90,gsm8k/401,1,270,102
distilled/acc99/semi90,gsm8k/402,0,332,174
distilled/acc99/semi90,gsm8k/403,1,351,126
distilled/acc99/semi90,gsm8k/404,1,179,75
distilled/acc99/semi90,gsm8k/405,0,448,250
distilled/acc99/semi90,gsm8k/406,0,221,146
distilled/acc99/semi90,gsm8k/407,1,338,116
distilled/acc99/semi90,gsm8k/408,1,99,55
distilled/acc99/semi90,gsm8k/409,1,318,112
distilled/acc99/semi90,gsm8k/410,1,352,117
distilled/acc99/semi90,gsm8k/411,1,223,98
distilled/acc99/semi90,gsm8k/412,1,233,130
distilled/acc99/semi90,gsm8k/413,1,202,68
distilled/acc99/semi90,gsm8k/414,1,188,87
distilled/acc99/semi90,gsm8k/415,1,290,74
distilled/acc99/semi90,gsm8k/416,1,161,55
distilled/acc99/semi90,gsm8k/417,1,253,78
distilled/acc99/semi90,gsm8k/418,1,141,74
distilled/acc99/semi90,gsm8k/419,1,276,101
distilled/acc99/semi90,gsm8k/420,1,242,84
distilled/acc99/semi90,gsm8k/421,1,149,47
distilled/acc99/semi90,gsm8k/422,1,144,68
distilled/acc99/semi90,gsm8k/423,1,149,47
distilled/acc99/semi90,gsm8k/424,1,157,70
distilled/acc99/semi90,gsm8k/425,1,209,98
distilled/acc99/semi90,gsm8k/426,1,209,85
distilled/acc99/semi90,gsm8k/427,1,319,141
distilled/acc99/semi90,gsm8k/428,1,249,100
distilled/acc99/semi90,gsm8k/429,1,481,250
distilled/acc99/semi90,gsm8k/430,1,129,48
distilled/acc99/semi90,gsm8k/431,1,499,305
distilled/acc99/semi90,gsm8k/432,1,143,73
distilled/acc99/semi90,gsm8k/433,0,467,261
distilled/acc99/semi90,gsm8k/434,1,365,145
distilled/acc99/semi90,gsm8k/435,1,235,77
distilled/acc99/semi90,gsm8k/436,1,335,120
distilled/acc99/semi90,gsm8k/437,1,491,174
distilled/acc99/semi90,gsm8k/438,0,146,48
distilled/acc99/semi90,gsm8k/439,0,343,148
distilled/acc99/semi90,gsm8k/440,1,152,53
distilled/acc99/semi90,gsm8k/441,1,278,150
distilled/acc99/semi90,gsm8k/442,1,146,54
distilled/acc99/semi90,gsm8k/443,1,276,109
distilled/acc99/semi90,gsm8k/444,1,110,44
distilled/acc99/semi90,gsm8k/445,1,259,132
distilled/acc99/semi90,gsm8k/446,1,217,139
distilled/acc99/semi90,gsm8k/447,1,178,80
distilled/acc99/semi90,gsm8k/448,1,161,47
distilled/acc99/semi90,gsm8k/449,1,253,79
distilled/acc99/semi90,gsm8k/450,1,184,42
distilled/acc99/semi90,gsm8k/451,1,239,90
distilled/acc99/semi90,gsm8k/452,0,217,128
distilled/acc99/semi90,gsm8k/453,1,253,129
distilled/acc99/semi90,gsm8k/454,1,269,171
distilled/acc99/semi90,gsm8k/455,1,198,104
distilled/acc99/semi90,gsm8k/456,1,148,32
distilled/acc99/semi90,gsm8k/457,1,204,85
distilled/acc99/semi90,gsm8k/458,1,250,124
distilled/acc99/semi90,gsm8k/459,1,324,151
distilled/acc99/semi90,gsm8k/460,0,195,57
distilled/acc99/semi90,gsm8k/461,1,295,128
distilled/acc99/semi90,gsm8k/462,1,263,73
distilled/acc99/semi90,gsm8k/463,1,292,135
distilled/acc99/semi90,gsm8k/464,1,314,135
distilled/acc99/semi90,gsm8k/465,1,324,193
distilled/acc99/semi90,gsm8k/466,1,280,123
distilled/acc99/semi90,gsm8k/467,1,141,56
distilled/acc99/semi90,gsm8k/468,1,167,71
distilled/acc99/semi90,gsm8k/469,1,244,91
distilled/acc99/semi90,gsm8k/470,0,199,71
distilled/acc99/semi90,gsm8k/471,0,302,145
distilled/acc99/semi90,gsm8k/472,1,383,158
distilled/acc99/semi90,gsm8k/473,1,207,75
distilled/acc99/semi90,gsm8k/474,1,215,80
distilled/acc99/semi90,gsm8k/475,0,307,225
distilled/acc99/semi90,gsm8k/476,1,252,128
distilled/acc99/semi90,gsm8k/477,1,173,87
distilled/acc99/semi90,gsm8k/478,1,215,47
distilled/acc99/semi90,gsm8k/479,0,405,149
distilled/acc99/semi90,gsm8k/480,1,244,88
distilled/acc99/semi90,gsm8k/481,1,369,209
distilled/acc99/semi90,gsm8k/482,1,221,85
distilled/acc99/semi90,gsm8k/483,0,743,405
distilled/acc99/semi90,gsm8k/484,1,328,136
distilled/acc99/semi90,gsm8k/485,1,181,63
distilled/acc99/semi90,gsm8k/486,0,445,213
distilled/acc99/semi90,gsm8k/487,1,145,63
distilled/acc99/semi90,gsm8k/488,1,284,107
distilled/acc99/semi90,gsm8k/489,1,299,110
distilled/acc99/semi90,gsm8k/490,1,477,279
distilled/acc99/semi90,gsm8k/491,1,350,139
distilled/acc99/semi90,gsm8k/492,1,300,129
distilled/acc99/semi90,gsm8k/493,1,170,58
distilled/acc99/semi90,gsm8k/494,1,153,63
distilled/acc99/semi90,gsm8k/495,1,241,107
distilled/acc99/semi90,gsm8k/496,0,298,150
distilled/acc99/semi90,gsm8k/497,1,171,61
distilled/acc99/semi90,gsm8k/498,1,129,61
distilled/acc99/semi90,gsm8k/499,1,271,141
distilled/acc99/semi90,gsm8k/500,1,109,37
distilled/acc99/semi90,gsm8k/501,1,178,57
distilled/acc99/semi90,gsm8k/502,1,350,127
distilled/acc99/semi90,gsm8k/503,1,215,74
distilled/acc99/semi90,gsm8k/504,1,277,173
distilled/acc99/semi90,gsm8k/505,1,250,89
distilled/acc99/semi90,gsm8k/506,1,95,56
distilled/acc99/semi90,gsm8k/507,1,246,90
distilled/acc99/semi90,gsm8k/508,1,159,41
distilled/acc99/semi90,gsm8k/509,1,344,150
distilled/acc99/semi90,gsm8k/510,1,208,54
distilled/acc99/semi90,gsm8k/511,1,160,86
distilled/acc99/semi90,math500/0,1,252,91
distilled/acc99/semi90,math500/1,0,628,189
distilled/acc99/semi90,math500/2,1,368,41
distilled/acc99/semi90,math500/3,1,296,100
distilled/acc99/semi90,math500/4,1,410,130
distilled/acc99/semi90,math500/5,1,211,96
distilled/acc99/semi90,math500/6,1,348,159
distilled/acc99/semi90,math500/7,1,715,218
distilled/acc99/semi90,math500/8,1,264,66
distilled/acc99/semi90,math500/9,0,3924,729
distilled/acc99/semi90,math500/10,0,4048,469
distilled/acc99/semi90,math500/11,0,2272,672
distilled/acc99/semi90,math500/12,0,437,134
distilled/acc99/semi90,math500/13,1,192,75
distilled/acc99/semi90,math500/14,0,260,113
distilled/acc99/semi90,math500/15,1,854,354
distilled/acc99/semi90,math500/16,1,195,74
distilled/acc99/semi90,math500/17,0,224,111
distilled/acc99/semi90,math500/18,0,3923,941
distilled/acc99/semi90,math500/19,1,2277,918
distilled/acc99/semi90,math500/20,1,126,36
distilled/acc99/semi90,math500/21,0,1087,331
distilled/acc99/semi90,math500/22,1,714,248
distilled/acc99/semi90,math500/23,1,396,88
distilled/acc99/semi90,math500/24,1,794,313
distilled/acc99/semi90,math500/25,0,1430,402
distilled/acc99/semi90,math500/26,1,1126,556
distilled/acc99/semi90,math500/27,1,329,110
distilled/acc99/semi90,math500/28,1,195,91
distilled/acc99/semi90,math500/29,0,228,88
distilled/acc99/semi90,math500/30,1,241,92
distilled/acc99/semi90,math500/31,1,189,66
distilled/acc99/semi90,math500/32,1,302,184
distilled/acc99/semi90,math500/33,1,688,177
distilled/acc99/semi90,math500/34,1,569,168
distilled/acc99/semi90,math500/35,1,327,110
distilled/acc99/semi90,math500/36,1,457,97
distilled/acc99/semi90,math500/37,1,224,137
distilled/acc99/semi90,math500/38,1,166,63
distilled/acc99/semi90,math500/39,1,314,106
distilled/acc99/semi90,math500/40,1,234,86
distilled/acc99/semi90,math500/41,0,3735,1024
distilled/acc99/semi90,math500/42,1,183,48
distilled/acc99/semi90,math500/43,1,3385,850
distilled/acc99/semi90,math500/44,1,352,145
distilled/acc99/semi90,math500/45,1,390,124
distilled/acc99/semi90,math500/46,1,1159,476
distilled/acc99/semi90,math500/47,1,367,150
distilled/acc99/semi90,math500/48,1,188,62
distilled/acc99/semi90,math500/49,1,132,32
distilled/acc99/semi90,math500/50,0,825,411
distilled/acc99/semi90,math500/51,1,376,177
distilled/acc99/semi90,math500/52,1,274,50
distilled/acc99/semi90,math500/53,1,293,86
distilled/acc99/semi90,math500/54,1,71,20
distilled/acc99/semi90,math500/55,1,279,135
distilled/acc99/semi90,math500/56,1,224,97
distilled/acc99/semi90,math500/57,1,359,134
distilled/acc99/semi90,math500/58,1,167,46
distilled/acc99/semi90,math500/59,1,297,124
distilled/acc99/semi90,math500/60,0,1569,523
distilled/acc99/semi90,math500/61,1,528,128
distilled/acc99/semi90,math500/62,0,1544,578
distilled/acc99/semi90,math500/63,1,799,271
distilled/acc99/semi90,math500/64,0,902,424
distilled/acc99/semi90,math500/65,1,185,111
distilled/acc99/semi90,math500/66,1,258,81
distilled/acc99/semi90,math500/67,1,267,98
distilled/acc99/semi90,math500/68,0,4006,536
distilled/acc99/semi90,math500/69,1,419,148
distilled/acc99/semi90,math500/70,1,140,76
distilled/acc99/semi90,math500/71,0,277,134
distilled/acc99/semi90,math500/72,1,287,87
distilled/acc99/semi90,math500/73,1,253,52
distilled/acc99/semi90,math500/74,0,254,89
distilled/acc99/semi90,math500/75,1,400,199
distilled/acc99/semi90,math500/76,1,359,142
distilled/acc99/semi90,math500/77,1,174,42
distilled/acc99/semi90,math500/78,1,1012,270
distilled/acc99/semi90,math500/79,1,179,42
distilled/acc99/semi90,math500/80,0,2715,1024
distilled/acc99/semi90,math500/81,0,388,189
distilled/acc99/semi90,math500/82,1,546,231
distilled/acc99/semi90,math500/83,1,383,168
distilled/acc99/semi90,math500/84,1,742,207
distilled/acc99/semi90,math500/85,1,342,152
distilled/acc99/semi90,math500/86,1,109,59
distilled/acc99/semi90,math500/87,1,449,125
distilled/acc99/semi90,math500/88,1,1824,803
distilled/acc99/semi90,math500/89,0,356,106
distilled/acc99/semi90,math500/90,1,132,44
distilled/acc99/semi90,math500/91,1,312,159
distilled/acc99/semi90,math500/92,0,478,152
distilled/acc99/semi90,math500/93,1,429,124
distilled/acc99/semi90,math500/94,0,3725,928
distilled/acc99/semi90,math500/95,1,510,115
distilled/acc99/semi90,math500/96,0,3965,578
distilled/acc99/semi90,math500/97,0,345,225
distilled/acc99/semi90,math500/98,1,111,45
distilled/acc99/semi90,math500/99,0,3976,835
distilled/acc99/semi90,math500/100,0,3872,806
distilled/acc99/semi90,math500/101,0,2576,803
distilled/acc99/semi90,math500/102,1,204,67
distilled/acc99/semi90,math500/103,0,3966,656
distilled/acc99/semi90,math500/104,0,2098,790
distilled/acc99/semi90,math500/105,1,301,118
distilled/acc99/semi90,math500/106,1,274,109
distilled/acc99/semi90,math500/107,1,401,152
distilled/acc99/semi90,math500/108,0,2547,1024
distilled/acc99/semi90,math500/109,0,1142,202
distilled/acc99/semi90,math500/110,0,3955,764
distilled/acc99/semi90,math500/111,1,244,63
distilled/acc99/semi90,math500/112,1,757,201
distilled/acc99/semi90,math500/113,1,281,60
distilled/acc99/semi90,math500/114,1,488,145
distilled/acc99/semi90,math500/115,1,333,157
distilled/acc99/semi90,math500/116,1,212,58
distilled/acc99/semi90,math500/117,1,199,61
distilled/acc99/semi90,math500/118,0,4047,404
distilled/acc99/semi90,math500/119,1,642,435
distilled/acc99/semi90,math500/120,1,788,311
distilled/acc99/semi90,math500/121,1,214,71
distilled/acc99/semi90,math500/122,1,242,132
distilled/acc99/semi90,math500/123,1,1248,325
distilled/acc99/semi90,math500/124,1,305,107
distilled/acc99/semi90,math500/125,1,232,50
distilled/acc99/semi90,math500/126,0,505,257
distilled/acc99/semi90,math500/127,0,178,76
distilled/acc99/semi90,math500/128,1,200,117
distilled/acc99/semi90,math500/129,0,1213,390
distilled/acc99/semi90,math500/130,0,357,147
distilled/acc99/semi90,math500/131,1,479,170
distilled/acc99/semi90,math500/132,1,328,120
distilled/acc99/semi90,math500/133,1,312,142
distilled/acc99/semi90,math500/134,1,504,199
distilled/acc99/semi90,math500/135,1,348,110
distilled/acc99/semi90,math500/136,0,3971,791
distilled/acc99/semi90,math500/137,1,333,81
distilled/acc99/semi90,math500/138,0,677,461
distilled/acc99/semi90,math500/139,1,453,214
distilled/acc99/semi90,math500/140,1,426,150
distilled/acc99/semi90,math500/141,1,254,181
distilled/acc99/semi90,math500/142,1,439,268
distilled/acc99/semi90,math500/143,1,658,133
distilled/acc99/semi90,math500/144,1,222,59
distilled/acc99/semi90,math500/145,0,2076,629
distilled/acc99/semi90,math500/146,1,265,60
distilled/acc99/semi90,math500/147,0,4025,548
distilled/acc99/semi90,math500/148,1,156,40
distilled/acc99/semi90,math500/149,1,651,298
distilled/acc99/semi90,math500/150,1,1210,345
distilled/acc99/semi90,math500/151,1,910,224
distilled/acc99/semi90,math500/152,1,1781,471
distilled/acc99/semi90,math500/153,0,645,352
distilled/acc99/semi90,math500/154,0,947,579
distilled/acc99/semi90,math500/155,1,445,182
distilled/acc99/semi90,math500/156,1,1846,687
distilled/acc99/semi90,math500/157,1,424,148
distilled/acc99/semi90,math500/158,1,481,134
distilled/acc99/semi90,math500/159,1,398,141
distilled/acc99/semi90,math500/160,1,384,125
distilled/acc99/semi90,math500/161,1,88,32
distilled/acc99/semi90,math500/162,1,471,193
distilled/acc99/semi90,math500/163,1,785,303
distilled/acc99/semi90,math500/164,0,464,164
distilled/acc99/semi90,math500/165,1,226,89
distilled/acc99/semi90,math500/166,0,1039,632
distilled/acc99/semi90,math500/167,1,146,52
distilled/acc99/semi90,math500/168,0,2094,1024
distilled/acc99/semi90,math500/169,1,250,65
distilled/acc99/semi90,math500/170,0,4029,547
distilled/acc99/semi90,math500/171,1,224,69
distilled/acc99/semi90,math500/172,1,376,118
distilled/acc99/semi90,math500/173,0,4018,447
distilled/acc99/semi90,math500/174,1,300,117
distilled/acc99/semi90,math500/175,1,699,232
distilled/acc99/semi90,math500/176,1,197,50
distilled/acc99/semi90,math500/177,1,1155,494
distilled/acc99/semi90,math500/178,1,128,31
distilled/acc99/semi90,math500/179,1,870,211
distilled/acc99/semi90,math500/180,1,359,162
distilled/acc99/semi90,math500/181,1,316,100
distilled/acc99/semi90,math500/182,1,145,62
distilled/acc99/semi90,math500/183,1,788,197
distilled/acc99/semi90,math500/184,0,805,362
distilled/acc99/semi90,math500/185,1,153,37
distilled/acc99/semi90,math500/186,1,432,208
distilled/acc99/semi90,math500/187,1,299,105
distilled/acc99/semi90,math500/188,1,1116,300
distilled/acc99/semi90,math500/189,0,1799,752
distilled/acc99/semi90,math500/190,0,409,218
distilled/acc99/semi90,math500/191,1,162,49
distilled/acc99/semi90,math500/192,1,702,229
distilled/acc99/semi90,math500/193,1,386,182
distilled/acc99/semi90,math500/194,1,2442,916
distilled/acc99/semi90,math500/195,1,361,100
distilled/acc99/semi90,math500/196,1,166,60
distilled/acc99/semi90,math500/197,1,949,258
distilled/acc99/semi90,math500/198,1,271,145
distilled/acc99/semi90,math500/199,1,216,77
distilled/acc99/semi90,math500/200,1,280,53
distilled/acc99/semi90,math500/201,1,582,234
distilled/acc99/semi90,math500/202,0,1321,471
distilled/acc99/semi90,math500/203,1,443,143
distilled/acc99/semi90,math500/204,0,1368,608
distilled/acc99/semi90,math500/205,1,736,115
distilled/acc99/semi90,math500/206,1,377,132
distilled/acc99/semi90,math500/207,1,148,59
distilled/acc99/semi90,math500/208,1,291,140
distilled/acc99/semi90,math500/209,0,4035,506
distilled/acc99/semi90,math500/210,0,452,248
distilled/acc99/semi90,math500/211,1,190,42
distilled/acc99/semi90,math500/212,1,248,122
distilled/acc99/semi90,math500/213,0,1749,568
distilled/acc99/semi90,math500/214,1,527,259
distilled/acc99/semi90,math500/215,1,599,177
distilled/acc99/semi90,math500/216,1,274,57
distilled/acc99/semi90,math500/217,0,4054,494
distilled/acc99/semi90,math500/218,1,180,39
distilled/acc99/semi90,math500/219,0,1518,719
distilled/acc99/semi90,math500/220,1,230,99
distilled/acc99/semi90,math500/221,1,478,191
distilled/acc99/semi90,math500/222,0,527,282
distilled/acc99/semi90,math500/223,0,268,98
distilled/acc99/semi90,math500/224,0,1724,472
distilled/acc99/semi90,math500/225,1,288,88
distilled/acc99/semi90,math500/226,1,258,177
distilled/acc99/semi90,math500/227,0,361,227
distilled/acc99/semi90,math500/228,0,1313,400
distilled/acc99/semi90,math500/229,1,155,99
distilled/acc99/semi90,math500/230,1,756,220
distilled/acc99/semi90,math500/231,1,615,176
distilled/acc99/semi90,math500/232,0,368,154
distilled/acc99/semi90,math500/233,1,400,120
distilled/acc99/semi90,math500/234,1,405,163
distilled/acc99/semi90,math500/235,1,414,74
distilled/acc99/semi90,math500/236,1,713,212
distilled/acc99/semi90,math500/237,1,558,209
distilled/acc99/semi90,math500/238,1,465,177
distilled/acc99/semi90,math500/239,0,3966,721
distilled/acc99/semi90,math500/240,0,3847,400
distilled/acc99/semi90,math500/241,1,588,192
distilled/acc99/semi90,math500/242,1,464,268
distilled/acc99/semi90,math500/243,1,261,138
distilled/acc99/semi90,math500/244,1,535,266
distilled/acc99/semi90,math500/245,0,1094,388
distilled/acc99/semi90,math500/246,1,254,152
distilled/acc99/semi90,math500/247,1,513,165
distilled/acc99/semi90,math500/248,0,2975,859
distilled/acc99/semi90,math500/249,0,4032,674
distilled/acc99/semi90,math500/250,1,439,114
distilled/acc99/semi90,math500/251,1,502,318
distilled/acc99/semi90,math500/252,1,494,126
distilled/acc99/semi90,math500/253,1,170,59
distilled/acc99/semi90,math500/254,1,382,188
distilled/acc99/semi90,math500/255,0,326,147
distilled/acc99/semi90,math500/256,1,240,45
distilled/acc99/semi90,math500/257,1,281,135
distilled/acc99/semi90,math500/258,1,329,125
distilled/acc99/semi90,math500/259,1,165,64
distilled/acc99/semi90,math500/260,1,504,95
distilled/acc99/semi90,math500/261,1,304,113
distilled/acc99/semi90,math500/262,1,129,40
distilled/acc99/semi90,math500/263,1,290,111
distilled/acc99/semi90,math500/264,0,1810,884
distilled/acc99/semi90,math500/265,1,220,81
distilled/acc99/semi90,math500/266,1,269,114
distilled/acc99/semi90,math500/267,1,727,410
distilled/acc99/semi90,math500/268,1,178,62
distilled/acc99/semi90,math500/269,1,267,126
distilled/acc99/semi90,math500/270,1,326,93
distilled/acc99/semi90,math500/271,0,555,263
distilled/acc99/semi90,math500/272,0,642,223
distilled/acc99/semi90,math500/273,1,271,111
distilled/acc99/semi90,math500/274,0,528,366
distilled/acc99/semi90,math500/275,1,178,29
distilled/acc99/semi90,math500/276,0,482,246
distilled/acc99/semi90,math500/277,1,242,164
distilled/acc99/semi90,math500/278,1,279,115
distilled/acc99/semi90,math500/279,0,489,199
distilled/acc99/semi90,math500/280,1,464,175
distilled/acc99/semi90,math500/281,0,490,318
distilled/acc99/semi90,math500/282,0,446,133
distilled/acc99/semi90,math500/283,1,281,76
distilled/acc99/semi90,math500/284,0,1497,547
distilled/acc99/semi90,math500/285,0,3916,709
distilled/acc99/semi90,math500/286,0,1123,510
distilled/acc99/semi90,math500/287,0,926,470
distilled/acc99/semi90,math500/288,1,1155,281
distilled/acc99/semi90,math500/289,1,624,179
distilled/acc99/semi90,math500/290,1,624,133
distilled/acc99/semi90,math500/291,1,427,193
distilled/acc99/semi90,math500/292,0,1804,411
distilled/acc99/semi90,math500/293,1,384,85
distilled/acc99/semi90,math500/294,1,700,295
distilled/acc99/semi90,math500/295,0,2373,1024
distilled/acc99/semi90,math500/296,0,1035,395
distilled/acc99/semi90,math500/297,1,625,276
distilled/acc99/semi90,math500/298,1,990,142
distilled/acc99/semi90,math500/299,1,351,159
distilled/acc99/semi90,math500/300,1,249,151
distilled/acc99/semi90,math500/301,0,354,146
distilled/acc99/semi90,math500/302,0,470,277
distilled/acc99/semi90,math500/303,0,962,505
distilled/acc99/semi90,math500/304,1,721,226
distilled/acc99/semi90,math500/305,1,449,119
distilled/acc99/semi90,math500/306,0,2071,1024
distilled/acc99/semi90,math500/307,1,376,152
distilled/acc99/semi90,math500/308,0,2163,1024
distilled/acc99/semi90,math500/309,0,4049,364
distilled/acc99/semi90,math500/310,1,254,75
distilled/acc99/semi90,math500/311,1,542,157
distilled/acc99/semi90,math500/312,1,243,117
distilled/acc99/semi90,math500/313,1,235,79
distilled/acc99/semi90,math500/314,1,333,119
distilled/acc99/semi90,math500/315,0,765,410
distilled/acc99/semi90,math500/316,1,441,144
distilled/acc99/semi90,math500/317,1,1243,615
distilled/acc99/semi90,math500/318,1,328,84
distilled/acc99/semi90,math500/319,1,224,63
distilled/acc99/semi90,math500/320,1,908,417
distilled/acc99/semi90,math500/321,1,262,110
distilled/acc99/semi90,math500/322,1,202,60
distilled/acc99/semi90,math500/323,0,538,369
distilled/acc99/semi90,math500/324,0,773,326
distilled/acc99/semi90,math500/325,1,393,99
distilled/acc99/semi90,math500/326,0,536,142
distilled/acc99/semi90,math500/327,0,3986,702
distilled/acc99/semi90,math500/328,0,1175,366
distilled/acc99/semi90,math500/329,1,162,50
distilled/acc99/semi90,math500/330,1,253,120
distilled/acc99/semi90,math500/331,1,595,141
distilled/acc99/semi90,math500/332,1,976,454
distilled/acc99/semi90,math500/333,1,937,352
distilled/acc99/semi90,math500/334,1,330,122
distilled/acc99/semi90,math500/335,1,728,176
distilled/acc99/semi90,math500/336,1,201,59
distilled/acc99/semi90,math500/337,1,338,156
distilled/acc99/semi90,math500/338,1,166,58
distilled/acc99/semi90,math500/339,0,690,245
distilled/acc99/semi90,math500/340,0,1300,396
distilled/acc99/semi90,math500/341,1,233,95
distilled/acc99/semi90,math500/342,1,220,68
distilled/acc99/semi90,math500/343,0,284,141
distilled/acc99/semi90,math500/344,1,322,105
distilled/acc99/semi90,math500/345,1,207,46
distilled/acc99/semi90,math500/346,1,438,101
distilled/acc99/semi90,math500/347,1,258,64
distilled/acc99/semi90,math500/348,1,261,71
distilled/acc99/semi90,math500/349,1,359,238
distilled/acc99/semi90,math500/350,1,314,126
distilled/acc99/semi90,math500/351,1,454,132
distilled/acc99/semi90,math500/352,0,2626,1024
distilled/acc99/semi90,math500/353,1,363,211
distilled/acc99/semi90,math500/354,1,428,197
distilled/acc99/semi90,math500/355,0,4017,776
distilled/acc99/semi90,math500/356,1,494,195
distilled/acc99/semi90,math500/357,0,459,195
distilled/acc99/semi90,math500/358,1,377,186
distilled/acc99/semi90,math500/359,1,860,360
distilled/acc99/semi90,math500/360,1,383,135
distilled/acc99/semi90,math500/361,0,854,366
distilled/acc99/semi90,math500/362,1,214,103
distilled/acc99/semi90,math500/363,1,106,49
distilled/acc99/semi90,math500/364,1,712,298
distilled/acc99/semi90,math500/365,0,2193,1024
distilled/acc99/semi90,math500/366,1,381,144
distilled/acc99/semi90,math500/367,1,175,45
distilled/acc99/semi90,math500/368,1,385,165
distilled/acc99/semi90,math500/369,1,277,122
distilled/acc99/semi90,math500/370,1,188,45
distilled/acc99/semi90,math500/371,0,1195,509
distilled/acc99/semi90,math500/372,0,773,413
distilled/acc99/semi90,math500/373,1,347,90
distilled/acc99/semi90,math500/374,1,125,25
distilled/acc99/semi90,math500/375,0,372,143
distilled/acc99/semi90,math500/376,1,685,214
distilled/acc99/semi90,math500/377,1,702,375
distilled/acc99/semi90,math500/378,1,491,165
distilled/acc99/semi90,math500/379,1,758,218
distilled/acc99/semi90,math500/380,1,1064,351
distilled/acc99/semi90,math500/381,0,1286,694
distilled/acc99/semi90,math500/382,1,730,301
distilled/acc99/semi90,math500/383,0,495,135
distilled/acc99/semi90,math500/384,1,120,35
distilled/acc99/semi90,math500/385,1,291,110
distilled/acc99/semi90,math500/386,1,287,91
distilled/acc99/semi90,math500/387,1,166,53
distilled/acc99/semi90,math500/388,1,431,134
distilled/acc99/semi90,math500/389,1,430,204
distilled/acc99/semi90,math500/390,1,826,296
distilled/acc99/semi90,math500/391,0,2483,1024
distilled/acc99/semi90,math500/392,0,2547,1024
distilled/acc99/semi90,math500/393,1,220,97
distilled/acc99/semi90,math500/394,0,1145,386
distilled/acc99/semi90,math500/395,1,270,74
distilled/acc99/semi90,math500/396,1,395,230
distilled/acc99/semi90,math500/397,1,171,37
distilled/acc99/semi90,math500/398,1,436,152
distilled/acc99/semi90,math500/399,1,85,38
distilled/acc99/semi90,math500/400,0,1318,725
distilled/acc99/semi90,math500/401,0,1547,477
distilled/acc99/semi90,math500/402,0,398,166
distilled/acc99/semi90,math500/403,1,436,140
distilled/acc99/semi90,math500/404,1,246,98
distilled/acc99/semi90,math500/405,1,265,155
distilled/acc99/semi90,math500/406,1,122,55
distilled/acc99/semi90,math500/407,1,187,46
distilled/acc99/semi90,math500/408,0,1011,291
distilled/acc99/semi90,math500/409,0,4011,962
distilled/acc99/semi90,math500/410,1,505,272
distilled/acc99/semi90,math500/411,1,150,83
distilled/acc99/semi90,math500/412,1,1358,424
distilled/acc99/semi90,math500/413,1,210,78
distilled/acc99/semi90,math500/414,1,289,78
distilled/acc99/semi90,math500/415,1,554,143
distilled/acc99/semi90,math500/416,1,627,115
distilled/acc99/semi90,math500/417,1,313,133
distilled/acc99/semi90,math500/418,1,412,142
distilled/acc99/semi90,math500/419,0,1113,372
distilled/acc99/semi90,math500/420,0,436,80
distilled/acc99/semi90,math500/421,0,3967,643
distilled/acc99/semi90,math500/422,0,3963,1002
distilled/acc99/semi90,math500/423,1,928,323
distilled/acc99/semi90,math500/424,1,317,90
distilled/acc99/semi90,math500/425,0,979,309
distilled/acc99/semi90,math500/426,1,404,141
distilled/acc99/semi90,math500/427,1,195,77
distilled/acc99/semi90,math500/428,1,858,150
distilled/acc99/semi90,math500/429,0,439,151
distilled/acc99/semi90,math500/430,1,56,21
distilled/acc99/semi90,math500/431,1,1267,415
distilled/acc99/semi90,math500/432,1,956,318
distilled/acc99/semi90,math500/433,1,70,24
distilled/acc99/semi90,math500/434,1,580,271
distilled/acc99/semi90,math500/435,1,483,170
distilled/acc99/semi90,math500/436,0,4031,522
distilled/acc99/semi90,math500/437,1,542,251
distilled/acc99/semi90,math500/438,1,184,94
distilled/acc99/semi90,math500/439,1,458,176
distilled/acc99/semi90,math500/440,1,309,59
distilled/acc99/semi90,math500/441,0,260,104
distilled/acc99/semi90,math500/442,1,256,49
distilled/acc99/semi90,math500/443,1,202,56
distilled/acc99/semi90,math500/444,0,1794,944
distilled/acc99/semi90,math500/445,0,3839,1003
distilled/acc99/semi90,math500/446,1,1620,410
distilled/acc99/semi90,math500/447,1,303,154
distilled/acc99/semi90,math500/448,1,607,187
distilled/acc99/semi90,math500/449,1,216,58
distilled/acc99/semi90,math500/450,1,663,234
distilled/acc99/semi90,math500/451,1,451,148
distilled/acc99/semi90,math500/452,1,517,212
distilled/acc99/semi90,math500/453,1,434,220
distilled/acc99/semi90,math500/454,1,1316,353
distilled/acc99/semi90,math500/455,1,182,56
distilled/acc99/semi90,math500/456,0,754,282
distilled/acc99/semi90,math500/457,1,65,30
distilled/acc99/semi90,math500/458,1,424,241
distilled/acc99/semi90,math500/459,1,654,218
distilled/acc99/semi90,math500/460,0,423,213
distilled/acc99/semi90,math500/461,1,485,112
distilled/acc99/semi90,math500/462,0,590,246
distilled/acc99/semi90,math500/463,1,145,69
distilled/acc99/semi90,math500/464,1,659,288
distilled/acc99/semi90,math500/465,1,549,260
distilled/acc99/semi90,math500/466,1,1357,623
distilled/acc99/semi90,math500/467,1,382,116
distilled/acc99/semi90,math500/468,1,170,73
distilled/acc99/semi90,math500/469,1,223,73
distilled/acc99/semi90,math500/470,1,1518,572
distilled/acc99/semi90,math500/471,1,201,55
distilled/acc99/semi90,math500/472,1,181,60
distilled/acc99/semi90,math500/473,0,3841,826
distilled/acc99/semi90,math500/474,1,498,113
distilled/acc99/semi90,math500/475,0,1718,722
distilled/acc99/semi90,math500/476,1,306,129
distilled/acc99/semi90,math500/477,1,648,382
distilled/acc99/semi90,math500/478,0,3998,307
distilled/acc99/semi90,math500/479,1,276,154
distilled/acc99/semi90,math500/480,1,606,238
distilled/acc99/semi90,math500/481,0,3970,653
distilled/acc99/semi90,math500/482,1,740,346
distilled/acc99/semi90,math500/483,0,4022,839
distilled/acc99/semi90,math500/484,1,696,172
distilled/acc99/semi90,math500/485,0,1496,366
distilled/acc99/semi90,math500/486,1,336,218
distilled/acc99/semi90,math500/487,1,217,60
distilled/acc99/semi90,math500/488,1,135,59
distilled/acc99/semi90,math500/489,1,665,323
distilled/acc99/semi90,math500/490,0,2122,1021
distilled/acc99/semi90,math500/491,0,336,202
distilled/acc99/semi90,math500/492,1,519,133
distilled/acc99/semi90,math500/493,1,552,134
distilled/acc99/semi90,math500/494,0,4000,782
distilled/acc99/semi90,math500/495,1,466,202
distilled/acc99/semi90,math500/496,1,395,72
distilled/acc99/semi90,math500/497,0,2870,1024
distilled/acc99/semi90,math500/498,0,2306,715
distilled/acc99/semi90,math500/499,1,372,154
